cap_mw,mw_bought,mw_bought_per_pbat,feasible,revenue_eur,loss_frac,loss_eur_mw_y,peak_grid_mw,zone,duration_h,profile,peak_per_pbat,ceiling_eur,hours
6.0,-1.0,-1.0,True,89377.066018749,0.0,0.0,6.0,DE-LU,2.0,flat,5.0,89377.066018749,8760
5.75,-0.75,-0.75,True,88059.29288266313,0.0147439739833196,1317.7731360858745,5.75,DE-LU,2.0,flat,5.0,89377.066018749,8760
5.5,-0.5,-0.5,True,84444.94014350213,0.0551833495430722,4932.125875246871,5.5,DE-LU,2.0,flat,5.0,89377.066018749,8760
5.25,-0.25,-0.25,True,70622.04662008597,0.2098415201359229,18755.019398663033,5.25,DE-LU,2.0,flat,5.0,89377.066018749,8760
5.0,0.0,0.0,True,0.0,1.0,89377.066018749,5.0,DE-LU,2.0,flat,5.0,89377.066018749,8760
4.9,0.0999999999999996,0.0999999999999996,False,,,,,DE-LU,2.0,flat,5.0,89377.066018749,8760
4.8,0.2000000000000001,0.2000000000000001,False,,,,,DE-LU,2.0,flat,5.0,89377.066018749,8760
4.7,0.2999999999999998,0.2999999999999998,False,,,,,DE-LU,2.0,flat,5.0,89377.066018749,8760
4.6,0.4000000000000003,0.4000000000000003,False,,,,,DE-LU,2.0,flat,5.0,89377.066018749,8760
4.5,0.5,0.5,False,,,,,DE-LU,2.0,flat,5.0,89377.066018749,8760
4.4,0.5999999999999996,0.5999999999999996,False,,,,,DE-LU,2.0,flat,5.0,89377.066018749,8760
4.3,0.7000000000000002,0.7000000000000002,False,,,,,DE-LU,2.0,flat,5.0,89377.066018749,8760
4.2,0.7999999999999998,0.7999999999999998,False,,,,,DE-LU,2.0,flat,5.0,89377.066018749,8760
4.1,0.9000000000000004,0.9000000000000004,False,,,,,DE-LU,2.0,flat,5.0,89377.066018749,8760
4.0,1.0,1.0,False,,,,,DE-LU,2.0,flat,5.0,89377.066018749,8760
3.0,-1.0,-1.0,True,89377.066018749,0.0,0.0,3.0,DE-LU,2.0,flat,2.0,89377.066018749,8760
2.75,-0.75,-0.75,True,88059.29288266313,0.0147439739833196,1317.7731360858745,2.75,DE-LU,2.0,flat,2.0,89377.066018749,8760
2.5,-0.5,-0.5,True,84444.94014350213,0.0551833495430722,4932.125875246871,2.5,DE-LU,2.0,flat,2.0,89377.066018749,8760
2.25,-0.25,-0.25,True,70622.04662008597,0.2098415201359229,18755.019398663033,2.25,DE-LU,2.0,flat,2.0,89377.066018749,8760
2.0,0.0,0.0,True,0.0,1.0,89377.066018749,2.0,DE-LU,2.0,flat,2.0,89377.066018749,8760
1.9,0.1,0.1,False,,,,,DE-LU,2.0,flat,2.0,89377.066018749,8760
1.8,0.1999999999999999,0.1999999999999999,False,,,,,DE-LU,2.0,flat,2.0,89377.066018749,8760
1.7,0.3,0.3,False,,,,,DE-LU,2.0,flat,2.0,89377.066018749,8760
1.6,0.3999999999999999,0.3999999999999999,False,,,,,DE-LU,2.0,flat,2.0,89377.066018749,8760
1.5,0.5,0.5,False,,,,,DE-LU,2.0,flat,2.0,89377.066018749,8760
1.4,0.6000000000000001,0.6000000000000001,False,,,,,DE-LU,2.0,flat,2.0,89377.066018749,8760
1.3,0.7,0.7,False,,,,,DE-LU,2.0,flat,2.0,89377.066018749,8760
1.2,0.8,0.8,False,,,,,DE-LU,2.0,flat,2.0,89377.066018749,8760
1.1,0.8999999999999999,0.8999999999999999,False,,,,,DE-LU,2.0,flat,2.0,89377.066018749,8760
1.0,1.0,1.0,False,,,,,DE-LU,2.0,flat,2.0,89377.066018749,8760
11.0,-1.0,-1.0,True,89377.066018749,0.0,0.0,11.0,DE-LU,2.0,flat,10.0,89377.066018749,8760
10.75,-0.75,-0.75,True,88059.29288266313,0.0147439739833196,1317.7731360858745,10.75,DE-LU,2.0,flat,10.0,89377.066018749,8760
10.5,-0.5,-0.5,True,84444.94014350213,0.0551833495430722,4932.125875246871,10.5,DE-LU,2.0,flat,10.0,89377.066018749,8760
10.25,-0.25,-0.25,True,70622.04662008597,0.2098415201359229,18755.019398663033,10.25,DE-LU,2.0,flat,10.0,89377.066018749,8760
10.0,0.0,0.0,True,0.0,1.0,89377.066018749,10.0,DE-LU,2.0,flat,10.0,89377.066018749,8760
9.9,0.0999999999999996,0.0999999999999996,False,,,,,DE-LU,2.0,flat,10.0,89377.066018749,8760
9.8,0.1999999999999993,0.1999999999999993,False,,,,,DE-LU,2.0,flat,10.0,89377.066018749,8760
9.7,0.3000000000000007,0.3000000000000007,False,,,,,DE-LU,2.0,flat,10.0,89377.066018749,8760
9.6,0.4000000000000003,0.4000000000000003,False,,,,,DE-LU,2.0,flat,10.0,89377.066018749,8760
9.5,0.5,0.5,False,,,,,DE-LU,2.0,flat,10.0,89377.066018749,8760
9.4,0.5999999999999996,0.5999999999999996,False,,,,,DE-LU,2.0,flat,10.0,89377.066018749,8760
9.3,0.6999999999999993,0.6999999999999993,False,,,,,DE-LU,2.0,flat,10.0,89377.066018749,8760
9.2,0.8000000000000007,0.8000000000000007,False,,,,,DE-LU,2.0,flat,10.0,89377.066018749,8760
9.1,0.9000000000000004,0.9000000000000004,False,,,,,DE-LU,2.0,flat,10.0,89377.066018749,8760
9.0,1.0,1.0,False,,,,,DE-LU,2.0,flat,10.0,89377.066018749,8760
5.9999881075537305,-1.0,-1.0,True,89377.066018749,0.0,0.0,5.987724022002031,DE-LU,2.0,cooling,5.0,89377.066018749,8760
5.7499881075537305,-0.75,-0.75,True,89273.2678569435,0.0011613511880522,103.79816180550552,5.7499881075537305,DE-LU,2.0,cooling,5.0,89377.066018749,8760
5.4999881075537305,-0.5,-0.5,True,88727.17665905925,0.0072713212531884,649.8893596897542,5.4999881075537305,DE-LU,2.0,cooling,5.0,89377.066018749,8760
5.2499881075537305,-0.25,-0.25,True,86795.08313413248,0.0288886511901709,2581.9828846165183,5.2499881075537305,DE-LU,2.0,cooling,5.0,89377.066018749,8760
4.9999881075537305,0.0,0.0,True,79412.05234102445,0.1114940792041008,9965.01367772455,4.9999881075537305,DE-LU,2.0,cooling,5.0,89377.066018749,8760
4.899988107553731,0.0999999999999996,0.0999999999999996,True,71282.89109165277,0.2024476270377967,18094.174927096232,4.899988107553732,DE-LU,2.0,cooling,5.0,89377.066018749,8760
4.79998810755373,0.2000000000000001,0.2000000000000001,True,58681.00107984222,0.3434445356761603,30696.064938906777,4.79998810755373,DE-LU,2.0,cooling,5.0,89377.066018749,8760
4.699988107553731,0.2999999999999998,0.2999999999999998,True,41745.46648728424,0.532928654443332,47631.59953146476,4.699988107553731,DE-LU,2.0,cooling,5.0,89377.066018749,8760
4.59998810755373,0.4000000000000003,0.4000000000000003,False,,,,,DE-LU,2.0,cooling,5.0,89377.066018749,8760
4.4999881075537305,0.5,0.5,False,,,,,DE-LU,2.0,cooling,5.0,89377.066018749,8760
4.399988107553731,0.5999999999999996,0.5999999999999996,False,,,,,DE-LU,2.0,cooling,5.0,89377.066018749,8760
4.29998810755373,0.7000000000000002,0.7000000000000002,False,,,,,DE-LU,2.0,cooling,5.0,89377.066018749,8760
4.199988107553731,0.7999999999999998,0.7999999999999998,False,,,,,DE-LU,2.0,cooling,5.0,89377.066018749,8760
4.09998810755373,0.9000000000000004,0.9000000000000004,False,,,,,DE-LU,2.0,cooling,5.0,89377.066018749,8760
3.9999881075537305,1.0,1.0,False,,,,,DE-LU,2.0,cooling,5.0,89377.066018749,8760
2.9999952430214925,-1.0,-1.0,True,89377.066018749,0.0,0.0,2.9950896088008125,DE-LU,2.0,cooling,2.0,89377.066018749,8760
2.7499952430214925,-0.75,-0.75,True,89024.61852999213,0.0039433772494045,352.4474887568649,2.749995243021493,DE-LU,2.0,cooling,2.0,89377.066018749,8760
2.4999952430214925,-0.5,-0.5,True,87383.56051073206,0.0223044411370446,1993.5055080169404,2.499995243021493,DE-LU,2.0,cooling,2.0,89377.066018749,8760
2.2499952430214925,-0.25,-0.25,True,82398.02189457069,0.0780854019387288,6979.044124178312,2.249995243021493,DE-LU,2.0,cooling,2.0,89377.066018749,8760
1.9999952430214925,0.0,0.0,True,60642.95439597148,0.3214931178961485,28734.11162277752,1.999995243021493,DE-LU,2.0,cooling,2.0,89377.066018749,8760
1.8999952430214924,0.1,0.1,True,42094.4960838685,0.5290235184601142,47282.5699348805,1.8999952430214928,DE-LU,2.0,cooling,2.0,89377.066018749,8760
1.7999952430214925,0.1999999999999999,0.1999999999999999,False,,,,,DE-LU,2.0,cooling,2.0,89377.066018749,8760
1.6999952430214924,0.3,0.3,False,,,,,DE-LU,2.0,cooling,2.0,89377.066018749,8760
1.5999952430214923,0.3999999999999999,0.3999999999999999,False,,,,,DE-LU,2.0,cooling,2.0,89377.066018749,8760
1.4999952430214925,0.5,0.5,False,,,,,DE-LU,2.0,cooling,2.0,89377.066018749,8760
1.3999952430214924,0.6000000000000001,0.6000000000000001,False,,,,,DE-LU,2.0,cooling,2.0,89377.066018749,8760
1.2999952430214925,0.7,0.7,False,,,,,DE-LU,2.0,cooling,2.0,89377.066018749,8760
1.1999952430214924,0.8,0.8,False,,,,,DE-LU,2.0,cooling,2.0,89377.066018749,8760
1.0999952430214923,0.8999999999999999,0.8999999999999999,False,,,,,DE-LU,2.0,cooling,2.0,89377.066018749,8760
0.9999952430214925,1.0,1.0,False,,,,,DE-LU,2.0,cooling,2.0,89377.066018749,8760
10.99997621510746,-1.0,-1.0,True,89377.066018749,0.0,0.0,10.975448044004064,DE-LU,2.0,cooling,10.0,89377.066018749,8760
10.74997621510746,-0.75,-0.75,True,89342.17671907827,0.0003903607628316,34.88929967072909,10.74997621510746,DE-LU,2.0,cooling,10.0,89377.066018749,8760
10.49997621510746,-0.5,-0.5,True,89144.19010779643,0.0026055443675419,232.87591095257085,10.49997621510746,DE-LU,2.0,cooling,10.0,89377.066018749,8760
10.24997621510746,-0.25,-0.25,True,88468.60821573372,0.0101643278693519,908.457803015277,10.24997621510746,DE-LU,2.0,cooling,10.0,89377.066018749,8760
9.99997621510746,0.0,0.0,True,86238.94957975118,0.0351109806887096,3138.116438997822,9.99997621510746,DE-LU,2.0,cooling,10.0,89377.066018749,8760
9.89997621510746,0.0999999999999996,0.0999999999999996,True,83695.22959604755,0.0635715254012651,5681.836422701454,9.89997621510746,DE-LU,2.0,cooling,10.0,89377.066018749,8760
9.799976215107462,0.1999999999999993,0.1999999999999993,True,78250.43876334094,0.1244908537619033,11126.627255408064,9.799976215107462,DE-LU,2.0,cooling,10.0,89377.066018749,8760
9.69997621510746,0.3000000000000007,0.3000000000000007,True,70692.38360108781,0.209054551127709,18684.682417661184,9.69997621510746,DE-LU,2.0,cooling,10.0,89377.066018749,8760
9.59997621510746,0.4000000000000003,0.4000000000000003,False,,,,,DE-LU,2.0,cooling,10.0,89377.066018749,8760
9.49997621510746,0.5,0.5,False,,,,,DE-LU,2.0,cooling,10.0,89377.066018749,8760
9.39997621510746,0.5999999999999996,0.5999999999999996,False,,,,,DE-LU,2.0,cooling,10.0,89377.066018749,8760
9.299976215107462,0.6999999999999993,0.6999999999999993,False,,,,,DE-LU,2.0,cooling,10.0,89377.066018749,8760
9.19997621510746,0.8000000000000007,0.8000000000000007,False,,,,,DE-LU,2.0,cooling,10.0,89377.066018749,8760
9.09997621510746,0.9000000000000004,0.9000000000000004,False,,,,,DE-LU,2.0,cooling,10.0,89377.066018749,8760
8.999976215107461,1.0,1.0,False,,,,,DE-LU,2.0,cooling,10.0,89377.066018749,8760
6.0,-1.0,-1.0,True,146826.14035311254,0.0,0.0,6.0,DE-LU,4.0,flat,5.0,146826.14035311254,8760
5.75,-0.75,-0.75,True,139606.9316985497,0.0491684153598319,7219.208654562826,5.75,DE-LU,4.0,flat,5.0,146826.14035311254,8760
5.5,-0.5,-0.5,True,122480.45227373549,0.165813035886024,24345.688079377054,5.5,DE-LU,4.0,flat,5.0,146826.14035311254,8760
5.25,-0.25,-0.25,True,85807.13813373008,0.4155867754381717,61019.002219382455,5.25,DE-LU,4.0,flat,5.0,146826.14035311254,8760
5.0,0.0,0.0,True,0.0,1.0,146826.14035311254,5.0,DE-LU,4.0,flat,5.0,146826.14035311254,8760
4.9,0.0999999999999996,0.0999999999999996,False,,,,,DE-LU,4.0,flat,5.0,146826.14035311254,8760
4.8,0.2000000000000001,0.2000000000000001,False,,,,,DE-LU,4.0,flat,5.0,146826.14035311254,8760
4.7,0.2999999999999998,0.2999999999999998,False,,,,,DE-LU,4.0,flat,5.0,146826.14035311254,8760
4.6,0.4000000000000003,0.4000000000000003,False,,,,,DE-LU,4.0,flat,5.0,146826.14035311254,8760
4.5,0.5,0.5,False,,,,,DE-LU,4.0,flat,5.0,146826.14035311254,8760
4.4,0.5999999999999996,0.5999999999999996,False,,,,,DE-LU,4.0,flat,5.0,146826.14035311254,8760
4.3,0.7000000000000002,0.7000000000000002,False,,,,,DE-LU,4.0,flat,5.0,146826.14035311254,8760
4.2,0.7999999999999998,0.7999999999999998,False,,,,,DE-LU,4.0,flat,5.0,146826.14035311254,8760
4.1,0.9000000000000004,0.9000000000000004,False,,,,,DE-LU,4.0,flat,5.0,146826.14035311254,8760
4.0,1.0,1.0,False,,,,,DE-LU,4.0,flat,5.0,146826.14035311254,8760
3.0,-1.0,-1.0,True,146826.14035311254,0.0,0.0,3.0,DE-LU,4.0,flat,2.0,146826.14035311254,8760
2.75,-0.75,-0.75,True,139606.9316985497,0.0491684153598319,7219.208654562826,2.75,DE-LU,4.0,flat,2.0,146826.14035311254,8760
2.5,-0.5,-0.5,True,122480.45227373549,0.165813035886024,24345.688079377054,2.5,DE-LU,4.0,flat,2.0,146826.14035311254,8760
2.25,-0.25,-0.25,True,85807.13813373008,0.4155867754381717,61019.002219382455,2.25,DE-LU,4.0,flat,2.0,146826.14035311254,8760
2.0,0.0,0.0,True,0.0,1.0,146826.14035311254,2.0,DE-LU,4.0,flat,2.0,146826.14035311254,8760
1.9,0.1,0.1,False,,,,,DE-LU,4.0,flat,2.0,146826.14035311254,8760
1.8,0.1999999999999999,0.1999999999999999,False,,,,,DE-LU,4.0,flat,2.0,146826.14035311254,8760
1.7,0.3,0.3,False,,,,,DE-LU,4.0,flat,2.0,146826.14035311254,8760
1.6,0.3999999999999999,0.3999999999999999,False,,,,,DE-LU,4.0,flat,2.0,146826.14035311254,8760
1.5,0.5,0.5,False,,,,,DE-LU,4.0,flat,2.0,146826.14035311254,8760
1.4,0.6000000000000001,0.6000000000000001,False,,,,,DE-LU,4.0,flat,2.0,146826.14035311254,8760
1.3,0.7,0.7,False,,,,,DE-LU,4.0,flat,2.0,146826.14035311254,8760
1.2,0.8,0.8,False,,,,,DE-LU,4.0,flat,2.0,146826.14035311254,8760
1.1,0.8999999999999999,0.8999999999999999,False,,,,,DE-LU,4.0,flat,2.0,146826.14035311254,8760
1.0,1.0,1.0,False,,,,,DE-LU,4.0,flat,2.0,146826.14035311254,8760
11.0,-1.0,-1.0,True,146826.14035311254,0.0,0.0,11.0,DE-LU,4.0,flat,10.0,146826.14035311254,8760
10.75,-0.75,-0.75,True,139606.9316985497,0.0491684153598319,7219.208654562826,10.75,DE-LU,4.0,flat,10.0,146826.14035311254,8760
10.5,-0.5,-0.5,True,122480.45227373549,0.165813035886024,24345.688079377054,10.5,DE-LU,4.0,flat,10.0,146826.14035311254,8760
10.25,-0.25,-0.25,True,85807.13813373008,0.4155867754381717,61019.002219382455,10.25,DE-LU,4.0,flat,10.0,146826.14035311254,8760
10.0,0.0,0.0,True,0.0,1.0,146826.14035311254,10.0,DE-LU,4.0,flat,10.0,146826.14035311254,8760
9.9,0.0999999999999996,0.0999999999999996,False,,,,,DE-LU,4.0,flat,10.0,146826.14035311254,8760
9.8,0.1999999999999993,0.1999999999999993,False,,,,,DE-LU,4.0,flat,10.0,146826.14035311254,8760
9.7,0.3000000000000007,0.3000000000000007,False,,,,,DE-LU,4.0,flat,10.0,146826.14035311254,8760
9.6,0.4000000000000003,0.4000000000000003,False,,,,,DE-LU,4.0,flat,10.0,146826.14035311254,8760
9.5,0.5,0.5,False,,,,,DE-LU,4.0,flat,10.0,146826.14035311254,8760
9.4,0.5999999999999996,0.5999999999999996,False,,,,,DE-LU,4.0,flat,10.0,146826.14035311254,8760
9.3,0.6999999999999993,0.6999999999999993,False,,,,,DE-LU,4.0,flat,10.0,146826.14035311254,8760
9.2,0.8000000000000007,0.8000000000000007,False,,,,,DE-LU,4.0,flat,10.0,146826.14035311254,8760
9.1,0.9000000000000004,0.9000000000000004,False,,,,,DE-LU,4.0,flat,10.0,146826.14035311254,8760
9.0,1.0,1.0,False,,,,,DE-LU,4.0,flat,10.0,146826.14035311254,8760
5.9999881075537305,-1.0,-1.0,True,146826.14035311254,0.0,0.0,5.999120709384022,DE-LU,4.0,cooling,5.0,146826.14035311254,8760
5.7499881075537305,-0.75,-0.75,True,146260.86535703027,0.0038499615580903,565.2749960822694,5.7499881075537305,DE-LU,4.0,cooling,5.0,146826.14035311254,8760
5.4999881075537305,-0.5,-0.5,True,143091.49730807927,0.0254358184179708,3734.64304503327,5.4999881075537305,DE-LU,4.0,cooling,5.0,146826.14035311254,8760
5.2499881075537305,-0.25,-0.25,True,133511.53036843913,0.0906828304050775,13314.609984673414,5.2499881075537305,DE-LU,4.0,cooling,5.0,146826.14035311254,8760
4.9999881075537305,0.0,0.0,True,111852.95157279514,0.2381945660098938,34973.1887803174,4.9999881075537305,DE-LU,4.0,cooling,5.0,146826.14035311254,8760
4.899988107553731,0.0999999999999996,0.0999999999999996,True,99241.10211972494,0.3240910516270944,47585.0382333876,4.899988107553731,DE-LU,4.0,cooling,5.0,146826.14035311254,8760
4.79998810755373,0.2000000000000001,0.2000000000000001,True,84095.82759908897,0.4272421287051408,62730.31275402357,4.79998810755373,DE-LU,4.0,cooling,5.0,146826.14035311254,8760
4.699988107553731,0.2999999999999998,0.2999999999999998,True,66339.04963350264,0.548179571607895,80487.0907196099,4.699988107553731,DE-LU,4.0,cooling,5.0,146826.14035311254,8760
4.59998810755373,0.4000000000000003,0.4000000000000003,True,44599.8304803462,0.6962405306501627,102226.30987276636,4.59998810755373,DE-LU,4.0,cooling,5.0,146826.14035311254,8760
4.4999881075537305,0.5,0.5,False,,,,,DE-LU,4.0,cooling,5.0,146826.14035311254,8760
4.399988107553731,0.5999999999999996,0.5999999999999996,False,,,,,DE-LU,4.0,cooling,5.0,146826.14035311254,8760
4.29998810755373,0.7000000000000002,0.7000000000000002,False,,,,,DE-LU,4.0,cooling,5.0,146826.14035311254,8760
4.199988107553731,0.7999999999999998,0.7999999999999998,False,,,,,DE-LU,4.0,cooling,5.0,146826.14035311254,8760
4.09998810755373,0.9000000000000004,0.9000000000000004,False,,,,,DE-LU,4.0,cooling,5.0,146826.14035311254,8760
3.9999881075537305,1.0,1.0,False,,,,,DE-LU,4.0,cooling,5.0,146826.14035311254,8760
2.9999952430214925,-1.0,-1.0,True,146826.14035311254,0.0,0.0,2.9996482837536087,DE-LU,4.0,cooling,2.0,146826.14035311254,8760
2.7499952430214925,-0.75,-0.75,True,144932.9778837575,0.0128939061178209,1893.16246935504,2.749995243021493,DE-LU,4.0,cooling,2.0,146826.14035311254,8760
2.4999952430214925,-0.5,-0.5,True,136194.5822430469,0.0724091642298643,10631.558110065642,2.499995243021493,DE-LU,4.0,cooling,2.0,146826.14035311254,8760
2.2499952430214925,-0.25,-0.25,True,113818.08204779628,0.224810501903359,33008.05830531627,2.249995243021493,DE-LU,4.0,cooling,2.0,146826.14035311254,8760
1.9999952430214925,0.0,0.0,True,75831.13427553274,0.4835311062923735,70995.0060775798,1.999995243021493,DE-LU,4.0,cooling,2.0,146826.14035311254,8760
1.8999952430214924,0.1,0.1,True,53989.66855339009,0.6322884438455814,92836.47179972244,1.8999952430214924,DE-LU,4.0,cooling,2.0,146826.14035311254,8760
1.7999952430214925,0.1999999999999999,0.1999999999999999,False,,,,,DE-LU,4.0,cooling,2.0,146826.14035311254,8760
1.6999952430214924,0.3,0.3,False,,,,,DE-LU,4.0,cooling,2.0,146826.14035311254,8760
1.5999952430214923,0.3999999999999999,0.3999999999999999,False,,,,,DE-LU,4.0,cooling,2.0,146826.14035311254,8760
1.4999952430214925,0.5,0.5,False,,,,,DE-LU,4.0,cooling,2.0,146826.14035311254,8760
1.3999952430214924,0.6000000000000001,0.6000000000000001,False,,,,,DE-LU,4.0,cooling,2.0,146826.14035311254,8760
1.2999952430214925,0.7,0.7,False,,,,,DE-LU,4.0,cooling,2.0,146826.14035311254,8760
1.1999952430214924,0.8,0.8,False,,,,,DE-LU,4.0,cooling,2.0,146826.14035311254,8760
1.0999952430214923,0.8999999999999999,0.8999999999999999,False,,,,,DE-LU,4.0,cooling,2.0,146826.14035311254,8760
0.9999952430214925,1.0,1.0,False,,,,,DE-LU,4.0,cooling,2.0,146826.14035311254,8760
10.99997621510746,-1.0,-1.0,True,146826.14035311254,0.0,0.0,10.998241418768044,DE-LU,4.0,cooling,10.0,146826.14035311254,8760
10.74997621510746,-0.75,-0.75,True,146604.6176515055,0.0015087415706377,221.52270160702756,10.74997621510746,DE-LU,4.0,cooling,10.0,146826.14035311254,8760
10.49997621510746,-0.5,-0.5,True,145422.26123306417,0.0095615066681729,1403.8791200483683,10.49997621510746,DE-LU,4.0,cooling,10.0,146826.14035311254,8760
10.24997621510746,-0.25,-0.25,True,142147.2867814453,0.0318666251146747,4678.853571667249,10.24997621510746,DE-LU,4.0,cooling,10.0,146826.14035311254,8760
9.99997621510746,0.0,0.0,True,133538.27806628053,0.0905006578179817,13287.862286832007,9.99997621510746,DE-LU,4.0,cooling,10.0,146826.14035311254,8760
9.89997621510746,0.0999999999999996,0.0999999999999996,True,127557.75172325555,0.1312326850213256,19268.38862985697,9.89997621510746,DE-LU,4.0,cooling,10.0,146826.14035311254,8760
9.799976215107462,0.1999999999999993,0.1999999999999993,True,119635.41926159196,0.1851899193571913,27190.721091520565,9.799976215107462,DE-LU,4.0,cooling,10.0,146826.14035311254,8760
9.69997621510746,0.3000000000000007,0.3000000000000007,True,109976.65426757644,0.2509736072671676,36849.486085536104,9.69997621510746,DE-LU,4.0,cooling,10.0,146826.14035311254,8760
9.59997621510746,0.4000000000000003,0.4000000000000003,True,98444.03033241985,0.3295197292820961,48382.11002069269,9.59997621510746,DE-LU,4.0,cooling,10.0,146826.14035311254,8760
9.49997621510746,0.5,0.5,True,84819.90381084401,0.4223106075876227,62006.236542268525,9.49997621510746,DE-LU,4.0,cooling,10.0,146826.14035311254,8760
9.39997621510746,0.5999999999999996,0.5999999999999996,True,68895.25617360877,0.530769820633317,77930.88417950377,9.39997621510746,DE-LU,4.0,cooling,10.0,146826.14035311254,8760
9.299976215107462,0.6999999999999993,0.6999999999999993,False,,,,,DE-LU,4.0,cooling,10.0,146826.14035311254,8760
9.19997621510746,0.8000000000000007,0.8000000000000007,False,,,,,DE-LU,4.0,cooling,10.0,146826.14035311254,8760
9.09997621510746,0.9000000000000004,0.9000000000000004,False,,,,,DE-LU,4.0,cooling,10.0,146826.14035311254,8760
8.999976215107461,1.0,1.0,False,,,,,DE-LU,4.0,cooling,10.0,146826.14035311254,8760
6.0,-1.0,-1.0,True,75217.86719389354,0.0,0.0,6.0,FR,2.0,flat,5.0,75217.86719389354,8736
5.75,-0.75,-0.75,True,73592.27136344633,0.0216118309531008,1630.0617530583338,5.75,FR,2.0,flat,5.0,75217.86719389354,8736
5.5,-0.5,-0.5,True,70152.56135550307,0.0673417902867856,5079.221513770665,5.5,FR,2.0,flat,5.0,75217.86719389354,8736
5.25,-0.25,-0.25,True,58699.964897620215,0.2196007798744699,16563.28114873562,5.25,FR,2.0,flat,5.0,75217.86719389354,8736
5.0,0.0,0.0,True,0.0,1.0,75424.50968618446,5.0,FR,2.0,flat,5.0,75217.86719389354,8736
4.9,0.0999999999999996,0.0999999999999996,False,,,,,FR,2.0,flat,5.0,75217.86719389354,8736
4.8,0.2000000000000001,0.2000000000000001,False,,,,,FR,2.0,flat,5.0,75217.86719389354,8736
4.7,0.2999999999999998,0.2999999999999998,False,,,,,FR,2.0,flat,5.0,75217.86719389354,8736
4.6,0.4000000000000003,0.4000000000000003,False,,,,,FR,2.0,flat,5.0,75217.86719389354,8736
4.5,0.5,0.5,False,,,,,FR,2.0,flat,5.0,75217.86719389354,8736
4.4,0.5999999999999996,0.5999999999999996,False,,,,,FR,2.0,flat,5.0,75217.86719389354,8736
4.3,0.7000000000000002,0.7000000000000002,False,,,,,FR,2.0,flat,5.0,75217.86719389354,8736
4.2,0.7999999999999998,0.7999999999999998,False,,,,,FR,2.0,flat,5.0,75217.86719389354,8736
4.1,0.9000000000000004,0.9000000000000004,False,,,,,FR,2.0,flat,5.0,75217.86719389354,8736
4.0,1.0,1.0,False,,,,,FR,2.0,flat,5.0,75217.86719389354,8736
5.9999881075537305,-1.0,-1.0,True,75217.86719389354,0.0,0.0,5.997034328697059,FR,2.0,cooling,5.0,75217.86719389354,8736
5.7499881075537305,-0.75,-0.75,True,75129.3699687837,0.0011765452599408,88.74034935464427,5.7499881075537305,FR,2.0,cooling,5.0,75217.86719389354,8736
5.4999881075537305,-0.5,-0.5,True,74721.18707426701,0.0066032199284008,498.0446254496794,5.4999881075537305,FR,2.0,cooling,5.0,75217.86719389354,8736
5.2499881075537305,-0.25,-0.25,True,73448.10512137043,0.0235284798485589,1774.6240562388327,5.2499881075537305,FR,2.0,cooling,5.0,75217.86719389354,8736
4.9999881075537305,0.0,0.0,True,67816.15743801103,0.0984036111633249,7422.044123343735,4.9999881075537305,FR,2.0,cooling,5.0,75217.86719389354,8736
4.899988107553731,0.0999999999999996,0.0999999999999996,True,61485.64411562833,0.1825659725616368,13769.948965842865,4.899988107553731,FR,2.0,cooling,5.0,75217.86719389354,8736
4.79998810755373,0.2000000000000001,0.2000000000000001,True,51609.54220679665,0.3138659186685035,23673.18302277573,4.79998810755373,FR,2.0,cooling,5.0,75217.86719389354,8736
4.699988107553731,0.2999999999999998,0.2999999999999998,True,38449.93395185112,0.4888191411658024,36868.94404765243,4.699988107553731,FR,2.0,cooling,5.0,75217.86719389354,8736
4.59998810755373,0.4000000000000003,0.4000000000000003,False,,,,,FR,2.0,cooling,5.0,75217.86719389354,8736
4.4999881075537305,0.5,0.5,False,,,,,FR,2.0,cooling,5.0,75217.86719389354,8736
4.399988107553731,0.5999999999999996,0.5999999999999996,False,,,,,FR,2.0,cooling,5.0,75217.86719389354,8736
4.29998810755373,0.7000000000000002,0.7000000000000002,False,,,,,FR,2.0,cooling,5.0,75217.86719389354,8736
4.199988107553731,0.7999999999999998,0.7999999999999998,False,,,,,FR,2.0,cooling,5.0,75217.86719389354,8736
4.09998810755373,0.9000000000000004,0.9000000000000004,False,,,,,FR,2.0,cooling,5.0,75217.86719389354,8736
3.9999881075537305,1.0,1.0,False,,,,,FR,2.0,cooling,5.0,75217.86719389354,8736
6.0,-1.0,-1.0,True,123976.99855747222,0.0,0.0,6.0,FR,4.0,flat,5.0,123976.99855747222,8736
5.75,-0.75,-0.75,True,117823.0948336896,0.0496374633632531,6170.810052694103,5.75,FR,4.0,flat,5.0,123976.99855747222,8736
5.5,-0.5,-0.5,True,104297.55393122123,0.1587346431614743,19733.50903456485,5.5,FR,4.0,flat,5.0,123976.99855747222,8736
5.25,-0.25,-0.25,True,72448.70939462086,0.4156278161465919,51669.85039681523,5.25,FR,4.0,flat,5.0,123976.99855747222,8736
5.0,0.0,0.0,True,0.0,1.0,124317.59470735538,5.0,FR,4.0,flat,5.0,123976.99855747222,8736
4.9,0.0999999999999996,0.0999999999999996,False,,,,,FR,4.0,flat,5.0,123976.99855747222,8736
4.8,0.2000000000000001,0.2000000000000001,False,,,,,FR,4.0,flat,5.0,123976.99855747222,8736
4.7,0.2999999999999998,0.2999999999999998,False,,,,,FR,4.0,flat,5.0,123976.99855747222,8736
4.6,0.4000000000000003,0.4000000000000003,False,,,,,FR,4.0,flat,5.0,123976.99855747222,8736
4.5,0.5,0.5,False,,,,,FR,4.0,flat,5.0,123976.99855747222,8736
4.4,0.5999999999999996,0.5999999999999996,False,,,,,FR,4.0,flat,5.0,123976.99855747222,8736
4.3,0.7000000000000002,0.7000000000000002,False,,,,,FR,4.0,flat,5.0,123976.99855747222,8736
4.2,0.7999999999999998,0.7999999999999998,False,,,,,FR,4.0,flat,5.0,123976.99855747222,8736
4.1,0.9000000000000004,0.9000000000000004,False,,,,,FR,4.0,flat,5.0,123976.99855747222,8736
4.0,1.0,1.0,False,,,,,FR,4.0,flat,5.0,123976.99855747222,8736
5.9999881075537305,-1.0,-1.0,True,123976.99855747222,0.0,0.0,5.997866224302645,FR,4.0,cooling,5.0,123976.99855747222,8736
5.7499881075537305,-0.75,-0.75,True,123622.58422009514,0.0028587104180682,355.38800313910343,5.7499881075537305,FR,4.0,cooling,5.0,123976.99855747222,8736
5.4999881075537305,-0.5,-0.5,True,121543.38192486911,0.0196295817846803,2440.3023925827733,5.4999881075537305,FR,4.0,cooling,5.0,123976.99855747222,8736
5.2499881075537305,-0.25,-0.25,True,114652.0709922096,0.0752149807929076,9350.54549813421,5.249988107553731,FR,4.0,cooling,5.0,123976.99855747222,8736
4.9999881075537305,0.0,0.0,True,98054.39751923442,0.2090920198089875,25993.81697515604,4.9999881075537305,FR,4.0,cooling,5.0,123976.99855747222,8736
4.899988107553731,0.0999999999999996,0.0999999999999996,True,87574.92279832184,0.2936195922042378,36502.081461785405,4.899988107553731,FR,4.0,cooling,5.0,123976.99855747222,8736
4.79998810755373,0.2000000000000001,0.2000000000000001,True,74493.53918652191,0.399134193815889,49619.402940650725,4.79998810755373,FR,4.0,cooling,5.0,123976.99855747222,8736
4.699988107553731,0.2999999999999998,0.2999999999999998,True,58705.69903859398,0.526479107240367,65450.61627579824,4.699988107553731,FR,4.0,cooling,5.0,123976.99855747222,8736
4.59998810755373,0.4000000000000003,0.4000000000000003,True,39409.82462256051,0.6821198683537153,84799.5013358318,4.59998810755373,FR,4.0,cooling,5.0,123976.99855747222,8736
4.4999881075537305,0.5,0.5,False,,,,,FR,4.0,cooling,5.0,123976.99855747222,8736
4.399988107553731,0.5999999999999996,0.5999999999999996,False,,,,,FR,4.0,cooling,5.0,123976.99855747222,8736
4.29998810755373,0.7000000000000002,0.7000000000000002,False,,,,,FR,4.0,cooling,5.0,123976.99855747222,8736
4.199988107553731,0.7999999999999998,0.7999999999999998,False,,,,,FR,4.0,cooling,5.0,123976.99855747222,8736
4.09998810755373,0.9000000000000004,0.9000000000000004,False,,,,,FR,4.0,cooling,5.0,123976.99855747222,8736
3.9999881075537305,1.0,1.0,False,,,,,FR,4.0,cooling,5.0,123976.99855747222,8736
6.0,-1.0,-1.0,True,79173.31872956673,0.0,0.0,6.0,BE,2.0,flat,5.0,79173.31872956673,8736
5.75,-0.75,-0.75,True,77697.94284589733,0.0186347611460985,1479.4291141190445,5.75,BE,2.0,flat,5.0,79173.31872956673,8736
5.5,-0.5,-0.5,True,74187.94361132715,0.062967868446543,4999.071203729248,5.5,BE,2.0,flat,5.0,79173.31872956673,8736
5.25,-0.25,-0.25,True,61371.43521378412,0.2248470040341332,17850.78978917762,5.25,BE,2.0,flat,5.0,79173.31872956673,8736
5.0,0.0,0.0,True,0.0,1.0,79390.82784695565,5.0,BE,2.0,flat,5.0,79173.31872956673,8736
4.9,0.0999999999999996,0.0999999999999996,False,,,,,BE,2.0,flat,5.0,79173.31872956673,8736
4.8,0.2000000000000001,0.2000000000000001,False,,,,,BE,2.0,flat,5.0,79173.31872956673,8736
4.7,0.2999999999999998,0.2999999999999998,False,,,,,BE,2.0,flat,5.0,79173.31872956673,8736
4.6,0.4000000000000003,0.4000000000000003,False,,,,,BE,2.0,flat,5.0,79173.31872956673,8736
4.5,0.5,0.5,False,,,,,BE,2.0,flat,5.0,79173.31872956673,8736
4.4,0.5999999999999996,0.5999999999999996,False,,,,,BE,2.0,flat,5.0,79173.31872956673,8736
4.3,0.7000000000000002,0.7000000000000002,False,,,,,BE,2.0,flat,5.0,79173.31872956673,8736
4.2,0.7999999999999998,0.7999999999999998,False,,,,,BE,2.0,flat,5.0,79173.31872956673,8736
4.1,0.9000000000000004,0.9000000000000004,False,,,,,BE,2.0,flat,5.0,79173.31872956673,8736
4.0,1.0,1.0,False,,,,,BE,2.0,flat,5.0,79173.31872956673,8736
5.9999881075537305,-1.0,-1.0,True,79173.31872956673,0.0,0.0,5.9999881075537305,BE,2.0,cooling,5.0,79173.31872956673,8736
5.7499881075537305,-0.75,-0.75,True,79036.10682906304,0.0017330573317555,137.58885627430934,5.7499881075537305,BE,2.0,cooling,5.0,79173.31872956673,8736
5.4999881075537305,-0.5,-0.5,True,78419.72821693742,0.0095182382742265,755.6608162354318,5.4999881075537305,BE,2.0,cooling,5.0,79173.31872956673,8736
5.2499881075537305,-0.25,-0.25,True,76573.85013569896,0.0328326339678498,2606.6099911036727,5.2499881075537305,BE,2.0,cooling,5.0,79173.31872956673,8736
4.9999881075537305,0.0,0.0,True,69696.9347063673,0.1196916357083378,9502.418045241182,4.9999881075537305,BE,2.0,cooling,5.0,79173.31872956673,8736
4.899988107553731,0.0999999999999996,0.0999999999999996,True,62215.58090439151,0.2141850069857243,17004.32501700263,4.899988107553731,BE,2.0,cooling,5.0,79173.31872956673,8736
4.79998810755373,0.2000000000000001,0.2000000000000001,True,50529.55504428414,0.3617855629258316,28722.45534375864,4.79998810755373,BE,2.0,cooling,5.0,79173.31872956673,8736
4.699988107553731,0.2999999999999998,0.2999999999999998,True,34827.416971610226,0.5601116950702716,44467.73115839045,4.699988107553731,BE,2.0,cooling,5.0,79173.31872956673,8736
4.59998810755373,0.4000000000000003,0.4000000000000003,False,,,,,BE,2.0,cooling,5.0,79173.31872956673,8736
4.4999881075537305,0.5,0.5,False,,,,,BE,2.0,cooling,5.0,79173.31872956673,8736
4.399988107553731,0.5999999999999996,0.5999999999999996,False,,,,,BE,2.0,cooling,5.0,79173.31872956673,8736
4.29998810755373,0.7000000000000002,0.7000000000000002,False,,,,,BE,2.0,cooling,5.0,79173.31872956673,8736
4.199988107553731,0.7999999999999998,0.7999999999999998,False,,,,,BE,2.0,cooling,5.0,79173.31872956673,8736
4.09998810755373,0.9000000000000004,0.9000000000000004,False,,,,,BE,2.0,cooling,5.0,79173.31872956673,8736
3.9999881075537305,1.0,1.0,False,,,,,BE,2.0,cooling,5.0,79173.31872956673,8736
6.0,-1.0,-1.0,True,130459.56032407354,0.0,0.0,6.0,BE,4.0,flat,5.0,130459.56032407354,8736
5.75,-0.75,-0.75,True,123780.28491255733,0.0511980524457102,6697.62506924017,5.75,BE,4.0,flat,5.0,130459.56032407354,8736
5.5,-0.5,-0.5,True,107908.00792284864,0.1728623977055018,22613.507215513982,5.5,BE,4.0,flat,5.0,130459.56032407354,8736
5.25,-0.25,-0.25,True,74554.89344436277,0.4285210431557368,56058.2511293803,5.25,BE,4.0,flat,5.0,130459.56032407354,8736
5.0,0.0,0.0,True,0.0,1.0,130817.96570957924,5.0,BE,4.0,flat,5.0,130459.56032407354,8736
4.9,0.0999999999999996,0.0999999999999996,False,,,,,BE,4.0,flat,5.0,130459.56032407354,8736
4.8,0.2000000000000001,0.2000000000000001,False,,,,,BE,4.0,flat,5.0,130459.56032407354,8736
4.7,0.2999999999999998,0.2999999999999998,False,,,,,BE,4.0,flat,5.0,130459.56032407354,8736
4.6,0.4000000000000003,0.4000000000000003,False,,,,,BE,4.0,flat,5.0,130459.56032407354,8736
4.5,0.5,0.5,False,,,,,BE,4.0,flat,5.0,130459.56032407354,8736
4.4,0.5999999999999996,0.5999999999999996,False,,,,,BE,4.0,flat,5.0,130459.56032407354,8736
4.3,0.7000000000000002,0.7000000000000002,False,,,,,BE,4.0,flat,5.0,130459.56032407354,8736
4.2,0.7999999999999998,0.7999999999999998,False,,,,,BE,4.0,flat,5.0,130459.56032407354,8736
4.1,0.9000000000000004,0.9000000000000004,False,,,,,BE,4.0,flat,5.0,130459.56032407354,8736
4.0,1.0,1.0,False,,,,,BE,4.0,flat,5.0,130459.56032407354,8736
5.9999881075537305,-1.0,-1.0,True,130459.56032407354,0.0,0.0,5.9999881075537305,BE,4.0,cooling,5.0,130459.56032407354,8736
5.7499881075537305,-0.75,-0.75,True,129907.54393797452,0.0042313218343505,553.5329146322679,5.7499881075537305,BE,4.0,cooling,5.0,130459.56032407354,8736
5.4999881075537305,-0.5,-0.5,True,126918.10583385132,0.0271459943711669,3551.183760799745,5.4999881075537305,BE,4.0,cooling,5.0,130459.56032407354,8736
5.2499881075537305,-0.25,-0.25,True,118263.33059129603,0.093486668991379,12229.735858417,5.249988107553731,BE,4.0,cooling,5.0,130459.56032407354,8736
4.9999881075537305,0.0,0.0,True,99012.04033066765,0.2410518624720745,31533.91427910206,4.9999881075537305,BE,4.0,cooling,5.0,130459.56032407354,8736
4.899988107553731,0.0999999999999996,0.0999999999999996,True,87539.63803131218,0.3289902417741124,43037.83416719202,4.899988107553731,BE,4.0,cooling,5.0,130459.56032407354,8736
4.79998810755373,0.2000000000000001,0.2000000000000001,True,73546.86457826244,0.436247796669211,57069.04930555234,4.79998810755373,BE,4.0,cooling,5.0,130459.56032407354,8736
4.699988107553731,0.2999999999999998,0.2999999999999998,True,56859.909475436565,0.5641568212081098,73801.84769162773,4.699988107553731,BE,4.0,cooling,5.0,130459.56032407354,8736
4.59998810755373,0.4000000000000003,0.4000000000000003,True,36384.47515016446,0.7211053367052436,94333.53321010114,4.59998810755373,BE,4.0,cooling,5.0,130459.56032407354,8736
4.4999881075537305,0.5,0.5,False,,,,,BE,4.0,cooling,5.0,130459.56032407354,8736
4.399988107553731,0.5999999999999996,0.5999999999999996,False,,,,,BE,4.0,cooling,5.0,130459.56032407354,8736
4.29998810755373,0.7000000000000002,0.7000000000000002,False,,,,,BE,4.0,cooling,5.0,130459.56032407354,8736
4.199988107553731,0.7999999999999998,0.7999999999999998,False,,,,,BE,4.0,cooling,5.0,130459.56032407354,8736
4.09998810755373,0.9000000000000004,0.9000000000000004,False,,,,,BE,4.0,cooling,5.0,130459.56032407354,8736
3.9999881075537305,1.0,1.0,False,,,,,BE,4.0,cooling,5.0,130459.56032407354,8736
6.0,-1.0,-1.0,True,87325.00068349452,0.0,0.0,6.0,NL,2.0,flat,5.0,87325.00068349452,8760
5.75,-0.75,-0.75,True,85895.32042349839,0.016371946736971,1429.6802599961377,5.75,NL,2.0,flat,5.0,87325.00068349452,8760
5.5,-0.5,-0.5,True,82243.7183348325,0.0581881741642223,5081.282348662018,5.5,NL,2.0,flat,5.0,87325.00068349452,8760
5.25,-0.25,-0.25,True,68404.20857580744,0.2166709643240042,18920.792107687084,5.25,NL,2.0,flat,5.0,87325.00068349452,8760
5.0,0.0,0.0,True,0.0,1.0,87325.00068349452,5.0,NL,2.0,flat,5.0,87325.00068349452,8760
4.9,0.0999999999999996,0.0999999999999996,False,,,,,NL,2.0,flat,5.0,87325.00068349452,8760
4.8,0.2000000000000001,0.2000000000000001,False,,,,,NL,2.0,flat,5.0,87325.00068349452,8760
4.7,0.2999999999999998,0.2999999999999998,False,,,,,NL,2.0,flat,5.0,87325.00068349452,8760
4.6,0.4000000000000003,0.4000000000000003,False,,,,,NL,2.0,flat,5.0,87325.00068349452,8760
4.5,0.5,0.5,False,,,,,NL,2.0,flat,5.0,87325.00068349452,8760
4.4,0.5999999999999996,0.5999999999999996,False,,,,,NL,2.0,flat,5.0,87325.00068349452,8760
4.3,0.7000000000000002,0.7000000000000002,False,,,,,NL,2.0,flat,5.0,87325.00068349452,8760
4.2,0.7999999999999998,0.7999999999999998,False,,,,,NL,2.0,flat,5.0,87325.00068349452,8760
4.1,0.9000000000000004,0.9000000000000004,False,,,,,NL,2.0,flat,5.0,87325.00068349452,8760
4.0,1.0,1.0,False,,,,,NL,2.0,flat,5.0,87325.00068349452,8760
5.9999881075537305,-1.0,-1.0,True,87325.00068349452,0.0,0.0,5.9894790783866405,NL,2.0,cooling,5.0,87325.00068349452,8760
5.7499881075537305,-0.75,-0.75,True,87189.45809073577,0.0015521625158643,135.54259275874938,5.7499881075537305,NL,2.0,cooling,5.0,87325.00068349452,8760
5.4999881075537305,-0.5,-0.5,True,86558.4849920563,0.0087777347316196,766.5156914382242,5.4999881075537305,NL,2.0,cooling,5.0,87325.00068349452,8760
5.2499881075537305,-0.25,-0.25,True,84563.21809620017,0.0316264822866054,2761.7825872943504,5.2499881075537305,NL,2.0,cooling,5.0,87325.00068349452,8760
4.9999881075537305,0.0,0.0,True,76998.13705781064,0.1182578132820534,10326.86362568388,4.9999881075537305,NL,2.0,cooling,5.0,87325.00068349452,8760
4.899988107553731,0.0999999999999996,0.0999999999999996,True,68894.17664713749,0.2110601075533765,18430.824036357037,4.899988107553732,NL,2.0,cooling,5.0,87325.00068349452,8760
4.79998810755373,0.2000000000000001,0.2000000000000001,True,56368.66174310072,0.3544957194170961,30956.338940393805,4.79998810755373,NL,2.0,cooling,5.0,87325.00068349452,8760
4.699988107553731,0.2999999999999998,0.2999999999999998,True,39570.2279133906,0.5468625524915702,47754.772770103926,4.699988107553731,NL,2.0,cooling,5.0,87325.00068349452,8760
4.59998810755373,0.4000000000000003,0.4000000000000003,False,,,,,NL,2.0,cooling,5.0,87325.00068349452,8760
4.4999881075537305,0.5,0.5,False,,,,,NL,2.0,cooling,5.0,87325.00068349452,8760
4.399988107553731,0.5999999999999996,0.5999999999999996,False,,,,,NL,2.0,cooling,5.0,87325.00068349452,8760
4.29998810755373,0.7000000000000002,0.7000000000000002,False,,,,,NL,2.0,cooling,5.0,87325.00068349452,8760
4.199988107553731,0.7999999999999998,0.7999999999999998,False,,,,,NL,2.0,cooling,5.0,87325.00068349452,8760
4.09998810755373,0.9000000000000004,0.9000000000000004,False,,,,,NL,2.0,cooling,5.0,87325.00068349452,8760
3.9999881075537305,1.0,1.0,False,,,,,NL,2.0,cooling,5.0,87325.00068349452,8760
6.0,-1.0,-1.0,True,143420.95972104583,0.0,0.0,6.0,NL,4.0,flat,5.0,143420.95972104583,8760
5.75,-0.75,-0.75,True,136143.28210909307,0.0507434731025916,7277.677611952764,5.750000000000001,NL,4.0,flat,5.0,143420.95972104583,8760
5.5,-0.5,-0.5,True,118891.28814804032,0.1710326832334394,24529.671573005515,5.5,NL,4.0,flat,5.0,143420.95972104583,8760
5.25,-0.25,-0.25,True,82234.22037733713,0.42662341308214,61186.7393437087,5.25,NL,4.0,flat,5.0,143420.95972104583,8760
5.0,0.0,0.0,True,0.0,1.0,143420.95972104583,5.0,NL,4.0,flat,5.0,143420.95972104583,8760
4.9,0.0999999999999996,0.0999999999999996,False,,,,,NL,4.0,flat,5.0,143420.95972104583,8760
4.8,0.2000000000000001,0.2000000000000001,False,,,,,NL,4.0,flat,5.0,143420.95972104583,8760
4.7,0.2999999999999998,0.2999999999999998,False,,,,,NL,4.0,flat,5.0,143420.95972104583,8760
4.6,0.4000000000000003,0.4000000000000003,False,,,,,NL,4.0,flat,5.0,143420.95972104583,8760
4.5,0.5,0.5,False,,,,,NL,4.0,flat,5.0,143420.95972104583,8760
4.4,0.5999999999999996,0.5999999999999996,False,,,,,NL,4.0,flat,5.0,143420.95972104583,8760
4.3,0.7000000000000002,0.7000000000000002,False,,,,,NL,4.0,flat,5.0,143420.95972104583,8760
4.2,0.7999999999999998,0.7999999999999998,False,,,,,NL,4.0,flat,5.0,143420.95972104583,8760
4.1,0.9000000000000004,0.9000000000000004,False,,,,,NL,4.0,flat,5.0,143420.95972104583,8760
4.0,1.0,1.0,False,,,,,NL,4.0,flat,5.0,143420.95972104583,8760
5.9999881075537305,-1.0,-1.0,True,143420.95972104583,0.0,0.0,5.999120709384022,NL,4.0,cooling,5.0,143420.95972104583,8760
5.7499881075537305,-0.75,-0.75,True,142798.19861818844,0.0043421903191044,622.7611028573883,5.7499881075537305,NL,4.0,cooling,5.0,143420.95972104583,8760
5.4999881075537305,-0.5,-0.5,True,139447.50327823075,0.0277048518608679,3973.456442815077,5.4999881075537305,NL,4.0,cooling,5.0,143420.95972104583,8760
5.2499881075537305,-0.25,-0.25,True,129789.10261346425,0.0950478725989255,13631.8571075816,5.2499881075537305,NL,4.0,cooling,5.0,143420.95972104583,8760
4.9999881075537305,0.0,0.0,True,108462.867370112,0.2437446550276013,34958.09235093382,4.9999881075537305,NL,4.0,cooling,5.0,143420.95972104583,8760
4.899988107553731,0.0999999999999996,0.0999999999999996,True,95935.84585385762,0.3310890818158439,47485.11386718821,4.899988107553731,NL,4.0,cooling,5.0,143420.95972104583,8760
4.79998810755373,0.2000000000000001,0.2000000000000001,True,80841.49679850767,0.4363341525831049,62579.462922538165,4.79998810755373,NL,4.0,cooling,5.0,143420.95972104583,8760
4.699988107553731,0.2999999999999998,0.2999999999999998,True,63124.57205778871,0.5598650840116661,80296.38766325712,4.699988107553731,NL,4.0,cooling,5.0,143420.95972104583,8760
4.59998810755373,0.4000000000000003,0.4000000000000003,True,41402.97948929678,0.7113184881078352,102017.98023174904,4.599988107553731,NL,4.0,cooling,5.0,143420.95972104583,8760
4.4999881075537305,0.5,0.5,False,,,,,NL,4.0,cooling,5.0,143420.95972104583,8760
4.399988107553731,0.5999999999999996,0.5999999999999996,False,,,,,NL,4.0,cooling,5.0,143420.95972104583,8760
4.29998810755373,0.7000000000000002,0.7000000000000002,False,,,,,NL,4.0,cooling,5.0,143420.95972104583,8760
4.199988107553731,0.7999999999999998,0.7999999999999998,False,,,,,NL,4.0,cooling,5.0,143420.95972104583,8760
4.09998810755373,0.9000000000000004,0.9000000000000004,False,,,,,NL,4.0,cooling,5.0,143420.95972104583,8760
3.9999881075537305,1.0,1.0,False,,,,,NL,4.0,cooling,5.0,143420.95972104583,8760
6.0,-1.0,-1.0,True,83922.97792891337,0.0,0.0,6.0,AT,2.0,flat,5.0,83922.97792891337,8760
5.75,-0.75,-0.75,True,82348.94229421174,0.0187557171295198,1574.035634701635,5.75,AT,2.0,flat,5.0,83922.97792891337,8760
5.5,-0.5,-0.5,True,78344.61497449443,0.0664700311176288,5578.362954418946,5.5,AT,2.0,flat,5.0,83922.97792891337,8760
5.25,-0.25,-0.25,True,64096.32595756166,0.2362481940064829,19826.651971351712,5.25,AT,2.0,flat,5.0,83922.97792891337,8760
5.0,0.0,0.0,True,0.0,1.0,83922.97792891337,5.0,AT,2.0,flat,5.0,83922.97792891337,8760
4.9,0.0999999999999996,0.0999999999999996,False,,,,,AT,2.0,flat,5.0,83922.97792891337,8760
4.8,0.2000000000000001,0.2000000000000001,False,,,,,AT,2.0,flat,5.0,83922.97792891337,8760
4.7,0.2999999999999998,0.2999999999999998,False,,,,,AT,2.0,flat,5.0,83922.97792891337,8760
4.6,0.4000000000000003,0.4000000000000003,False,,,,,AT,2.0,flat,5.0,83922.97792891337,8760
4.5,0.5,0.5,False,,,,,AT,2.0,flat,5.0,83922.97792891337,8760
4.4,0.5999999999999996,0.5999999999999996,False,,,,,AT,2.0,flat,5.0,83922.97792891337,8760
4.3,0.7000000000000002,0.7000000000000002,False,,,,,AT,2.0,flat,5.0,83922.97792891337,8760
4.2,0.7999999999999998,0.7999999999999998,False,,,,,AT,2.0,flat,5.0,83922.97792891337,8760
4.1,0.9000000000000004,0.9000000000000004,False,,,,,AT,2.0,flat,5.0,83922.97792891337,8760
4.0,1.0,1.0,False,,,,,AT,2.0,flat,5.0,83922.97792891337,8760
5.9999881075537305,-1.0,-1.0,True,83922.97792891337,0.0,0.0,5.991100249892122,AT,2.0,cooling,5.0,83922.97792891337,8760
5.7499881075537305,-0.75,-0.75,True,83824.73227512151,0.0011706645333185,98.24565379186242,5.7499881075537305,AT,2.0,cooling,5.0,83922.97792891337,8760
5.4999881075537305,-0.5,-0.5,True,83270.8207618353,0.0077709011664299,652.1571670780686,5.4999881075537305,AT,2.0,cooling,5.0,83922.97792891337,8760
5.2499881075537305,-0.25,-0.25,True,81483.46221292546,0.029068507531445,2439.5157159879163,5.2499881075537305,AT,2.0,cooling,5.0,83922.97792891337,8760
4.9999881075537305,0.0,0.0,True,75073.9717279645,0.1054419947829352,8849.006200948876,4.999988107553731,AT,2.0,cooling,5.0,83922.97792891337,8760
4.899988107553731,0.0999999999999996,0.0999999999999996,True,67713.36480346868,0.1931486885412358,16209.613125444695,4.899988107553732,AT,2.0,cooling,5.0,83922.97792891337,8760
4.79998810755373,0.2000000000000001,0.2000000000000001,True,56302.66443131241,0.3291150311777143,27620.31349760096,4.79998810755373,AT,2.0,cooling,5.0,83922.97792891337,8760
4.699988107553731,0.2999999999999998,0.2999999999999998,True,40837.79387579751,0.5133895998019874,43085.18405311586,4.699988107553731,AT,2.0,cooling,5.0,83922.97792891337,8760
4.59998810755373,0.4000000000000003,0.4000000000000003,False,,,,,AT,2.0,cooling,5.0,83922.97792891337,8760
4.4999881075537305,0.5,0.5,False,,,,,AT,2.0,cooling,5.0,83922.97792891337,8760
4.399988107553731,0.5999999999999996,0.5999999999999996,False,,,,,AT,2.0,cooling,5.0,83922.97792891337,8760
4.29998810755373,0.7000000000000002,0.7000000000000002,False,,,,,AT,2.0,cooling,5.0,83922.97792891337,8760
4.199988107553731,0.7999999999999998,0.7999999999999998,False,,,,,AT,2.0,cooling,5.0,83922.97792891337,8760
4.09998810755373,0.9000000000000004,0.9000000000000004,False,,,,,AT,2.0,cooling,5.0,83922.97792891337,8760
3.9999881075537305,1.0,1.0,False,,,,,AT,2.0,cooling,5.0,83922.97792891337,8760
6.0,-1.0,-1.0,True,137965.08040923628,0.0,0.0,6.0,AT,4.0,flat,5.0,137965.08040923628,8760
5.75,-0.75,-0.75,True,130348.68967093447,0.0552052063878035,7616.390738301809,5.75,AT,4.0,flat,5.0,137965.08040923628,8760
5.5,-0.5,-0.5,True,112434.12394225804,0.1850537570176997,25530.956466978227,5.5,AT,4.0,flat,5.0,137965.08040923628,8760
5.25,-0.25,-0.25,True,75472.92585394799,0.4529563159744635,62492.15455528829,5.25,AT,4.0,flat,5.0,137965.08040923628,8760
5.0,0.0,0.0,True,0.0,1.0,137965.08040923628,5.0,AT,4.0,flat,5.0,137965.08040923628,8760
4.9,0.0999999999999996,0.0999999999999996,False,,,,,AT,4.0,flat,5.0,137965.08040923628,8760
4.8,0.2000000000000001,0.2000000000000001,False,,,,,AT,4.0,flat,5.0,137965.08040923628,8760
4.7,0.2999999999999998,0.2999999999999998,False,,,,,AT,4.0,flat,5.0,137965.08040923628,8760
4.6,0.4000000000000003,0.4000000000000003,False,,,,,AT,4.0,flat,5.0,137965.08040923628,8760
4.5,0.5,0.5,False,,,,,AT,4.0,flat,5.0,137965.08040923628,8760
4.4,0.5999999999999996,0.5999999999999996,False,,,,,AT,4.0,flat,5.0,137965.08040923628,8760
4.3,0.7000000000000002,0.7000000000000002,False,,,,,AT,4.0,flat,5.0,137965.08040923628,8760
4.2,0.7999999999999998,0.7999999999999998,False,,,,,AT,4.0,flat,5.0,137965.08040923628,8760
4.1,0.9000000000000004,0.9000000000000004,False,,,,,AT,4.0,flat,5.0,137965.08040923628,8760
4.0,1.0,1.0,False,,,,,AT,4.0,flat,5.0,137965.08040923628,8760
5.9999881075537305,-1.0,-1.0,True,137965.08040923628,0.0,0.0,5.997182437931197,AT,4.0,cooling,5.0,137965.08040923628,8760
5.7499881075537305,-0.75,-0.75,True,137572.91357956463,0.0028425078904632,392.1668296716525,5.7499881075537305,AT,4.0,cooling,5.0,137965.08040923628,8760
5.4999881075537305,-0.5,-0.5,True,134928.6491384645,0.0220086942417967,3036.4312707717763,5.4999881075537305,AT,4.0,cooling,5.0,137965.08040923628,8760
5.2499881075537305,-0.25,-0.25,True,126033.1142216624,0.0864854074102005,11931.966187573868,5.2499881075537305,AT,4.0,cooling,5.0,137965.08040923628,8760
4.9999881075537305,0.0,0.0,True,105467.15798659284,0.2355517956155796,32497.92242264343,4.9999881075537305,AT,4.0,cooling,5.0,137965.08040923628,8760
4.899988107553731,0.0999999999999996,0.0999999999999996,True,93424.5029477604,0.3228394991642686,44540.577461475885,4.899988107553731,AT,4.0,cooling,5.0,137965.08040923628,8760
4.79998810755373,0.2000000000000001,0.2000000000000001,True,78862.95602501291,0.4283846623284154,59102.12438422337,4.79998810755373,AT,4.0,cooling,5.0,137965.08040923628,8760
4.699988107553731,0.2999999999999998,0.2999999999999998,True,61759.485155760194,0.5523542263551958,76205.59525347609,4.699988107553731,AT,4.0,cooling,5.0,137965.08040923628,8760
4.59998810755373,0.4000000000000003,0.4000000000000003,True,41045.621869875846,0.7024926760588617,96919.45853936044,4.59998810755373,AT,4.0,cooling,5.0,137965.08040923628,8760
4.4999881075537305,0.5,0.5,False,,,,,AT,4.0,cooling,5.0,137965.08040923628,8760
4.399988107553731,0.5999999999999996,0.5999999999999996,False,,,,,AT,4.0,cooling,5.0,137965.08040923628,8760
4.29998810755373,0.7000000000000002,0.7000000000000002,False,,,,,AT,4.0,cooling,5.0,137965.08040923628,8760
4.199988107553731,0.7999999999999998,0.7999999999999998,False,,,,,AT,4.0,cooling,5.0,137965.08040923628,8760
4.09998810755373,0.9000000000000004,0.9000000000000004,False,,,,,AT,4.0,cooling,5.0,137965.08040923628,8760
3.9999881075537305,1.0,1.0,False,,,,,AT,4.0,cooling,5.0,137965.08040923628,8760
6.0,-1.0,-1.0,True,52052.80014739986,0.0,0.0,6.0,CH,2.0,flat,5.0,52052.80014739986,8760
5.75,-0.75,-0.75,True,50913.35452322364,0.02189018882653,1139.4456241762164,5.75,CH,2.0,flat,5.0,52052.80014739986,8760
5.5,-0.5,-0.5,True,47757.78585382236,0.0825126464170064,4295.0142935775,5.5,CH,2.0,flat,5.0,52052.80014739986,8760
5.25,-0.25,-0.25,True,37283.35178519581,0.2837397473407934,14769.44836220405,5.25,CH,2.0,flat,5.0,52052.80014739986,8760
5.0,0.0,0.0,True,0.0,1.0,52052.80014739986,5.0,CH,2.0,flat,5.0,52052.80014739986,8760
4.9,0.0999999999999996,0.0999999999999996,False,,,,,CH,2.0,flat,5.0,52052.80014739986,8760
4.8,0.2000000000000001,0.2000000000000001,False,,,,,CH,2.0,flat,5.0,52052.80014739986,8760
4.7,0.2999999999999998,0.2999999999999998,False,,,,,CH,2.0,flat,5.0,52052.80014739986,8760
4.6,0.4000000000000003,0.4000000000000003,False,,,,,CH,2.0,flat,5.0,52052.80014739986,8760
4.5,0.5,0.5,False,,,,,CH,2.0,flat,5.0,52052.80014739986,8760
4.4,0.5999999999999996,0.5999999999999996,False,,,,,CH,2.0,flat,5.0,52052.80014739986,8760
4.3,0.7000000000000002,0.7000000000000002,False,,,,,CH,2.0,flat,5.0,52052.80014739986,8760
4.2,0.7999999999999998,0.7999999999999998,False,,,,,CH,2.0,flat,5.0,52052.80014739986,8760
4.1,0.9000000000000004,0.9000000000000004,False,,,,,CH,2.0,flat,5.0,52052.80014739986,8760
4.0,1.0,1.0,False,,,,,CH,2.0,flat,5.0,52052.80014739986,8760
3.0,-1.0,-1.0,True,52052.80014739986,0.0,0.0,3.0,CH,2.0,flat,2.0,52052.80014739986,8760
2.75,-0.75,-0.75,True,50913.35452322364,0.02189018882653,1139.4456241762164,2.75,CH,2.0,flat,2.0,52052.80014739986,8760
2.5,-0.5,-0.5,True,47757.78585382236,0.0825126464170064,4295.0142935775,2.5,CH,2.0,flat,2.0,52052.80014739986,8760
2.25,-0.25,-0.25,True,37283.35178519581,0.2837397473407934,14769.44836220405,2.25,CH,2.0,flat,2.0,52052.80014739986,8760
2.0,0.0,0.0,True,0.0,1.0,52052.80014739986,2.0,CH,2.0,flat,2.0,52052.80014739986,8760
1.9,0.1,0.1,False,,,,,CH,2.0,flat,2.0,52052.80014739986,8760
1.8,0.1999999999999999,0.1999999999999999,False,,,,,CH,2.0,flat,2.0,52052.80014739986,8760
1.7,0.3,0.3,False,,,,,CH,2.0,flat,2.0,52052.80014739986,8760
1.6,0.3999999999999999,0.3999999999999999,False,,,,,CH,2.0,flat,2.0,52052.80014739986,8760
1.5,0.5,0.5,False,,,,,CH,2.0,flat,2.0,52052.80014739986,8760
1.4,0.6000000000000001,0.6000000000000001,False,,,,,CH,2.0,flat,2.0,52052.80014739986,8760
1.3,0.7,0.7,False,,,,,CH,2.0,flat,2.0,52052.80014739986,8760
1.2,0.8,0.8,False,,,,,CH,2.0,flat,2.0,52052.80014739986,8760
1.1,0.8999999999999999,0.8999999999999999,False,,,,,CH,2.0,flat,2.0,52052.80014739986,8760
1.0,1.0,1.0,False,,,,,CH,2.0,flat,2.0,52052.80014739986,8760
11.0,-1.0,-1.0,True,52052.80014739986,0.0,0.0,11.0,CH,2.0,flat,10.0,52052.80014739986,8760
10.75,-0.75,-0.75,True,50913.35452322364,0.02189018882653,1139.4456241762164,10.75,CH,2.0,flat,10.0,52052.80014739986,8760
10.5,-0.5,-0.5,True,47757.78585382236,0.0825126464170064,4295.0142935775,10.5,CH,2.0,flat,10.0,52052.80014739986,8760
10.25,-0.25,-0.25,True,37283.35178519581,0.2837397473407934,14769.44836220405,10.25,CH,2.0,flat,10.0,52052.80014739986,8760
10.0,0.0,0.0,True,0.0,1.0,52052.80014739986,10.0,CH,2.0,flat,10.0,52052.80014739986,8760
9.9,0.0999999999999996,0.0999999999999996,False,,,,,CH,2.0,flat,10.0,52052.80014739986,8760
9.8,0.1999999999999993,0.1999999999999993,False,,,,,CH,2.0,flat,10.0,52052.80014739986,8760
9.7,0.3000000000000007,0.3000000000000007,False,,,,,CH,2.0,flat,10.0,52052.80014739986,8760
9.6,0.4000000000000003,0.4000000000000003,False,,,,,CH,2.0,flat,10.0,52052.80014739986,8760
9.5,0.5,0.5,False,,,,,CH,2.0,flat,10.0,52052.80014739986,8760
9.4,0.5999999999999996,0.5999999999999996,False,,,,,CH,2.0,flat,10.0,52052.80014739986,8760
9.3,0.6999999999999993,0.6999999999999993,False,,,,,CH,2.0,flat,10.0,52052.80014739986,8760
9.2,0.8000000000000007,0.8000000000000007,False,,,,,CH,2.0,flat,10.0,52052.80014739986,8760
9.1,0.9000000000000004,0.9000000000000004,False,,,,,CH,2.0,flat,10.0,52052.80014739986,8760
9.0,1.0,1.0,False,,,,,CH,2.0,flat,10.0,52052.80014739986,8760
5.9999881075537305,-1.0,-1.0,True,52052.80014739986,0.0,0.0,5.989195853014214,CH,2.0,cooling,5.0,52052.80014739986,8760
5.7499881075537305,-0.75,-0.75,True,51932.4287242674,0.0023124869899716,120.37142313245567,5.7499881075537305,CH,2.0,cooling,5.0,52052.80014739986,8760
5.4999881075537305,-0.5,-0.5,True,51312.14902570528,0.0142288430131952,740.6511216945801,5.4999881075537305,CH,2.0,cooling,5.0,52052.80014739986,8760
5.2499881075537305,-0.25,-0.25,True,49238.439519495216,0.0540674203872819,2814.3606279046435,5.2499881075537305,CH,2.0,cooling,5.0,52052.80014739986,8760
4.9999881075537305,0.0,0.0,True,42796.62706943234,0.1778227694140655,9256.17307796752,4.999988107553731,CH,2.0,cooling,5.0,52052.80014739986,8760
4.899988107553731,0.0999999999999996,0.0999999999999996,True,36886.57189600755,0.2913623898896031,15166.228251392313,4.899988107553732,CH,2.0,cooling,5.0,52052.80014739986,8760
4.79998810755373,0.2000000000000001,0.2000000000000001,True,28289.82068128274,0.4565168328855815,23762.97946611712,4.79998810755373,CH,2.0,cooling,5.0,52052.80014739986,8760
4.699988107553731,0.2999999999999998,0.2999999999999998,True,17150.523855193034,0.6705167866737763,34902.27629220682,4.699988107553731,CH,2.0,cooling,5.0,52052.80014739986,8760
4.59998810755373,0.4000000000000003,0.4000000000000003,False,,,,,CH,2.0,cooling,5.0,52052.80014739986,8760
4.4999881075537305,0.5,0.5,False,,,,,CH,2.0,cooling,5.0,52052.80014739986,8760
4.399988107553731,0.5999999999999996,0.5999999999999996,False,,,,,CH,2.0,cooling,5.0,52052.80014739986,8760
4.29998810755373,0.7000000000000002,0.7000000000000002,False,,,,,CH,2.0,cooling,5.0,52052.80014739986,8760
4.199988107553731,0.7999999999999998,0.7999999999999998,False,,,,,CH,2.0,cooling,5.0,52052.80014739986,8760
4.09998810755373,0.9000000000000004,0.9000000000000004,False,,,,,CH,2.0,cooling,5.0,52052.80014739986,8760
3.9999881075537305,1.0,1.0,False,,,,,CH,2.0,cooling,5.0,52052.80014739986,8760
2.9999952430214925,-1.0,-1.0,True,52052.80014739986,0.0,0.0,2.9956783412056858,CH,2.0,cooling,2.0,52052.80014739986,8760
2.7499952430214925,-0.75,-0.75,True,51656.70916770777,0.0076094077277392,396.0909796920896,2.749995243021493,CH,2.0,cooling,2.0,52052.80014739986,8760
2.4999952430214925,-0.5,-0.5,True,50064.258517226226,0.0382023949632412,1988.5416301736332,2.499995243021493,CH,2.0,cooling,2.0,52052.80014739986,8760
2.2499952430214925,-0.25,-0.25,True,45385.24153853557,0.1280922177093933,6667.5586088642885,2.249995243021493,CH,2.0,cooling,2.0,52052.80014739986,8760
1.9999952430214925,0.0,0.0,True,29307.13595413987,0.4369729222798819,22745.664193259985,1.9999952430214925,CH,2.0,cooling,2.0,52052.80014739986,8760
1.8999952430214924,0.1,0.1,True,16924.317943122147,0.6748624877970653,35128.48220427771,1.8999952430214924,CH,2.0,cooling,2.0,52052.80014739986,8760
1.7999952430214925,0.1999999999999999,0.1999999999999999,False,,,,,CH,2.0,cooling,2.0,52052.80014739986,8760
1.6999952430214924,0.3,0.3,False,,,,,CH,2.0,cooling,2.0,52052.80014739986,8760
1.5999952430214923,0.3999999999999999,0.3999999999999999,False,,,,,CH,2.0,cooling,2.0,52052.80014739986,8760
1.4999952430214925,0.5,0.5,False,,,,,CH,2.0,cooling,2.0,52052.80014739986,8760
1.3999952430214924,0.6000000000000001,0.6000000000000001,False,,,,,CH,2.0,cooling,2.0,52052.80014739986,8760
1.2999952430214925,0.7,0.7,False,,,,,CH,2.0,cooling,2.0,52052.80014739986,8760
1.1999952430214924,0.8,0.8,False,,,,,CH,2.0,cooling,2.0,52052.80014739986,8760
1.0999952430214923,0.8999999999999999,0.8999999999999999,False,,,,,CH,2.0,cooling,2.0,52052.80014739986,8760
0.9999952430214925,1.0,1.0,False,,,,,CH,2.0,cooling,2.0,52052.80014739986,8760
10.99997621510746,-1.0,-1.0,True,52052.80014739986,0.0,0.0,10.978391706028429,CH,2.0,cooling,10.0,52052.80014739986,8760
10.74997621510746,-0.75,-0.75,True,52015.00463632341,0.0007260994791716,37.795511076452385,10.74997621510746,CH,2.0,cooling,10.0,52052.80014739986,8760
10.49997621510746,-0.5,-0.5,True,51785.084807186904,0.0051431496375767,267.7153402129552,10.49997621510746,CH,2.0,cooling,10.0,52052.80014739986,8760
10.24997621510746,-0.25,-0.25,True,51052.113634628346,0.0192244511330386,1000.6865127715135,10.24997621510746,CH,2.0,cooling,10.0,52052.80014739986,8760
9.99997621510746,0.0,0.0,True,48804.379640104366,0.0624062586085055,3248.4205072954937,9.99997621510746,CH,2.0,cooling,10.0,52052.80014739986,8760
9.89997621510746,0.0999999999999996,0.0999999999999996,True,46693.26821181896,0.1029633741202031,5359.531935580897,9.89997621510746,CH,2.0,cooling,10.0,52052.80014739986,8760
9.799976215107462,0.1999999999999993,0.1999999999999993,True,42813.09853091112,0.1775063318462086,9239.70161648874,9.799976215107463,CH,2.0,cooling,10.0,52052.80014739986,8760
9.69997621510746,0.3000000000000007,0.3000000000000007,True,37617.99604621484,0.2773108086464022,14434.804101185022,9.69997621510746,CH,2.0,cooling,10.0,52052.80014739986,8760
9.59997621510746,0.4000000000000003,0.4000000000000003,False,,,,,CH,2.0,cooling,10.0,52052.80014739986,8760
9.49997621510746,0.5,0.5,False,,,,,CH,2.0,cooling,10.0,52052.80014739986,8760
9.39997621510746,0.5999999999999996,0.5999999999999996,False,,,,,CH,2.0,cooling,10.0,52052.80014739986,8760
9.299976215107462,0.6999999999999993,0.6999999999999993,False,,,,,CH,2.0,cooling,10.0,52052.80014739986,8760
9.19997621510746,0.8000000000000007,0.8000000000000007,False,,,,,CH,2.0,cooling,10.0,52052.80014739986,8760
9.09997621510746,0.9000000000000004,0.9000000000000004,False,,,,,CH,2.0,cooling,10.0,52052.80014739986,8760
8.999976215107461,1.0,1.0,False,,,,,CH,2.0,cooling,10.0,52052.80014739986,8760
6.0,-1.0,-1.0,True,87661.89574649413,0.0,0.0,6.0,CH,4.0,flat,5.0,87661.89574649413,8760
5.75,-0.75,-0.75,True,81565.54712489904,0.0695438830027687,6096.348621595098,5.75,CH,4.0,flat,5.0,87661.89574649413,8760
5.5,-0.5,-0.5,True,68658.29940174895,0.2167828585375441,19003.59634474518,5.5,CH,4.0,flat,5.0,87661.89574649413,8760
5.25,-0.25,-0.25,True,43860.3655318053,0.4996644190921526,43801.530214688835,5.25,CH,4.0,flat,5.0,87661.89574649413,8760
5.0,0.0,0.0,True,0.0,1.0,87661.89574649413,5.0,CH,4.0,flat,5.0,87661.89574649413,8760
4.9,0.0999999999999996,0.0999999999999996,False,,,,,CH,4.0,flat,5.0,87661.89574649413,8760
4.8,0.2000000000000001,0.2000000000000001,False,,,,,CH,4.0,flat,5.0,87661.89574649413,8760
4.7,0.2999999999999998,0.2999999999999998,False,,,,,CH,4.0,flat,5.0,87661.89574649413,8760
4.6,0.4000000000000003,0.4000000000000003,False,,,,,CH,4.0,flat,5.0,87661.89574649413,8760
4.5,0.5,0.5,False,,,,,CH,4.0,flat,5.0,87661.89574649413,8760
4.4,0.5999999999999996,0.5999999999999996,False,,,,,CH,4.0,flat,5.0,87661.89574649413,8760
4.3,0.7000000000000002,0.7000000000000002,False,,,,,CH,4.0,flat,5.0,87661.89574649413,8760
4.2,0.7999999999999998,0.7999999999999998,False,,,,,CH,4.0,flat,5.0,87661.89574649413,8760
4.1,0.9000000000000004,0.9000000000000004,False,,,,,CH,4.0,flat,5.0,87661.89574649413,8760
4.0,1.0,1.0,False,,,,,CH,4.0,flat,5.0,87661.89574649413,8760
3.0,-1.0,-1.0,True,87661.89574649413,0.0,0.0,3.0,CH,4.0,flat,2.0,87661.89574649413,8760
2.75,-0.75,-0.75,True,81565.54712489904,0.0695438830027687,6096.348621595098,2.75,CH,4.0,flat,2.0,87661.89574649413,8760
2.5,-0.5,-0.5,True,68658.29940174895,0.2167828585375441,19003.59634474518,2.5,CH,4.0,flat,2.0,87661.89574649413,8760
2.25,-0.25,-0.25,True,43860.3655318053,0.4996644190921526,43801.530214688835,2.25,CH,4.0,flat,2.0,87661.89574649413,8760
2.0,0.0,0.0,True,0.0,1.0,87661.89574649413,2.0,CH,4.0,flat,2.0,87661.89574649413,8760
1.9,0.1,0.1,False,,,,,CH,4.0,flat,2.0,87661.89574649413,8760
1.8,0.1999999999999999,0.1999999999999999,False,,,,,CH,4.0,flat,2.0,87661.89574649413,8760
1.7,0.3,0.3,False,,,,,CH,4.0,flat,2.0,87661.89574649413,8760
1.6,0.3999999999999999,0.3999999999999999,False,,,,,CH,4.0,flat,2.0,87661.89574649413,8760
1.5,0.5,0.5,False,,,,,CH,4.0,flat,2.0,87661.89574649413,8760
1.4,0.6000000000000001,0.6000000000000001,False,,,,,CH,4.0,flat,2.0,87661.89574649413,8760
1.3,0.7,0.7,False,,,,,CH,4.0,flat,2.0,87661.89574649413,8760
1.2,0.8,0.8,False,,,,,CH,4.0,flat,2.0,87661.89574649413,8760
1.1,0.8999999999999999,0.8999999999999999,False,,,,,CH,4.0,flat,2.0,87661.89574649413,8760
1.0,1.0,1.0,False,,,,,CH,4.0,flat,2.0,87661.89574649413,8760
11.0,-1.0,-1.0,True,87661.89574649413,0.0,0.0,11.0,CH,4.0,flat,10.0,87661.89574649413,8760
10.75,-0.75,-0.75,True,81565.54712489904,0.0695438830027687,6096.348621595098,10.75,CH,4.0,flat,10.0,87661.89574649413,8760
10.5,-0.5,-0.5,True,68658.29940174895,0.2167828585375441,19003.59634474518,10.5,CH,4.0,flat,10.0,87661.89574649413,8760
10.25,-0.25,-0.25,True,43860.3655318053,0.4996644190921526,43801.530214688835,10.25,CH,4.0,flat,10.0,87661.89574649413,8760
10.0,0.0,0.0,True,0.0,1.0,87661.89574649413,10.0,CH,4.0,flat,10.0,87661.89574649413,8760
9.9,0.0999999999999996,0.0999999999999996,False,,,,,CH,4.0,flat,10.0,87661.89574649413,8760
9.8,0.1999999999999993,0.1999999999999993,False,,,,,CH,4.0,flat,10.0,87661.89574649413,8760
9.7,0.3000000000000007,0.3000000000000007,False,,,,,CH,4.0,flat,10.0,87661.89574649413,8760
9.6,0.4000000000000003,0.4000000000000003,False,,,,,CH,4.0,flat,10.0,87661.89574649413,8760
9.5,0.5,0.5,False,,,,,CH,4.0,flat,10.0,87661.89574649413,8760
9.4,0.5999999999999996,0.5999999999999996,False,,,,,CH,4.0,flat,10.0,87661.89574649413,8760
9.3,0.6999999999999993,0.6999999999999993,False,,,,,CH,4.0,flat,10.0,87661.89574649413,8760
9.2,0.8000000000000007,0.8000000000000007,False,,,,,CH,4.0,flat,10.0,87661.89574649413,8760
9.1,0.9000000000000004,0.9000000000000004,False,,,,,CH,4.0,flat,10.0,87661.89574649413,8760
9.0,1.0,1.0,False,,,,,CH,4.0,flat,10.0,87661.89574649413,8760
5.9999881075537305,-1.0,-1.0,True,87661.89574649413,0.0,0.0,5.990839373052622,CH,4.0,cooling,5.0,87661.89574649413,8760
5.7499881075537305,-0.75,-0.75,True,87056.12258622095,0.0069103360715012,605.7731602731801,5.7499881075537305,CH,4.0,cooling,5.0,87661.89574649413,8760
5.4999881075537305,-0.5,-0.5,True,83872.34094381824,0.0432292134502173,3789.554802675891,5.4999881075537305,CH,4.0,cooling,5.0,87661.89574649413,8760
5.2499881075537305,-0.25,-0.25,True,75721.27750975256,0.1362121835839845,11940.618236741577,5.2499881075537305,CH,4.0,cooling,5.0,87661.89574649413,8760
4.9999881075537305,0.0,0.0,True,59337.532488075245,0.3231091800744187,28324.36325841889,4.9999881075537305,CH,4.0,cooling,5.0,87661.89574649413,8760
4.899988107553731,0.0999999999999996,0.0999999999999996,True,50017.36723457692,0.4294286381939525,37644.52851191721,4.899988107553731,CH,4.0,cooling,5.0,87661.89574649413,8760
4.79998810755373,0.2000000000000001,0.2000000000000001,True,38944.18468571081,0.5557455796035724,48717.71106078333,4.79998810755373,CH,4.0,cooling,5.0,87661.89574649413,8760
4.699988107553731,0.2999999999999998,0.2999999999999998,True,26196.523462174395,0.7011640777432985,61465.37228431974,4.699988107553731,CH,4.0,cooling,5.0,87661.89574649413,8760
4.59998810755373,0.4000000000000003,0.4000000000000003,True,11419.96550611544,0.8697271441728756,76241.93024037869,4.59998810755373,CH,4.0,cooling,5.0,87661.89574649413,8760
4.4999881075537305,0.5,0.5,False,,,,,CH,4.0,cooling,5.0,87661.89574649413,8760
4.399988107553731,0.5999999999999996,0.5999999999999996,False,,,,,CH,4.0,cooling,5.0,87661.89574649413,8760
4.29998810755373,0.7000000000000002,0.7000000000000002,False,,,,,CH,4.0,cooling,5.0,87661.89574649413,8760
4.199988107553731,0.7999999999999998,0.7999999999999998,False,,,,,CH,4.0,cooling,5.0,87661.89574649413,8760
4.09998810755373,0.9000000000000004,0.9000000000000004,False,,,,,CH,4.0,cooling,5.0,87661.89574649413,8760
3.9999881075537305,1.0,1.0,False,,,,,CH,4.0,cooling,5.0,87661.89574649413,8760
2.9999952430214925,-1.0,-1.0,True,87661.89574649413,0.0,0.0,2.996335749221049,CH,4.0,cooling,2.0,87661.89574649413,8760
2.7499952430214925,-0.75,-0.75,True,85684.22237529716,0.0225602395927658,1977.673371196972,2.749995243021493,CH,4.0,cooling,2.0,87661.89574649413,8760
2.4999952430214925,-0.5,-0.5,True,78124.62638543115,0.1087960656092063,9537.26936106298,2.499995243021493,CH,4.0,cooling,2.0,87661.89574649413,8760
2.2499952430214925,-0.25,-0.25,True,61462.62266359637,0.2988672884586294,26199.27308289777,2.2499952430214925,CH,4.0,cooling,2.0,87661.89574649413,8760
1.9999952430214925,0.0,0.0,True,35155.05478405125,0.5989699460103541,52506.84096244288,1.9999952430214925,CH,4.0,cooling,2.0,87661.89574649413,8760
1.8999952430214924,0.1,0.1,True,21285.35769879806,0.7571880288745715,66376.53804769607,1.8999952430214924,CH,4.0,cooling,2.0,87661.89574649413,8760
1.7999952430214925,0.1999999999999999,0.1999999999999999,False,,,,,CH,4.0,cooling,2.0,87661.89574649413,8760
1.6999952430214924,0.3,0.3,False,,,,,CH,4.0,cooling,2.0,87661.89574649413,8760
1.5999952430214923,0.3999999999999999,0.3999999999999999,False,,,,,CH,4.0,cooling,2.0,87661.89574649413,8760
1.4999952430214925,0.5,0.5,False,,,,,CH,4.0,cooling,2.0,87661.89574649413,8760
1.3999952430214924,0.6000000000000001,0.6000000000000001,False,,,,,CH,4.0,cooling,2.0,87661.89574649413,8760
1.2999952430214925,0.7,0.7,False,,,,,CH,4.0,cooling,2.0,87661.89574649413,8760
1.1999952430214924,0.8,0.8,False,,,,,CH,4.0,cooling,2.0,87661.89574649413,8760
1.0999952430214923,0.8999999999999999,0.8999999999999999,False,,,,,CH,4.0,cooling,2.0,87661.89574649413,8760
0.9999952430214925,1.0,1.0,False,,,,,CH,4.0,cooling,2.0,87661.89574649413,8760
10.99997621510746,-1.0,-1.0,True,87661.89574649413,0.0,0.0,10.981678746105244,CH,4.0,cooling,10.0,87661.89574649413,8760
10.74997621510746,-0.75,-0.75,True,87426.84105262789,0.0026813781730888,235.05469386624463,10.74997621510746,CH,4.0,cooling,10.0,87661.89574649413,8760
10.49997621510746,-0.5,-0.5,True,86194.3068946558,0.0167414683351405,1467.588851838329,10.49997621510746,CH,4.0,cooling,10.0,87661.89574649413,8760
10.24997621510746,-0.25,-0.25,True,83119.62099567664,0.0518158398485142,4542.274750817494,10.24997621510746,CH,4.0,cooling,10.0,87661.89574649413,8760
9.99997621510746,0.0,0.0,True,76119.61743794283,0.1316681348294126,11542.278308551307,9.99997621510746,CH,4.0,cooling,10.0,87661.89574649413,8760
9.89997621510746,0.0999999999999996,0.0999999999999996,True,71535.9596826057,0.1839560498500098,16125.93606388844,9.89997621510746,CH,4.0,cooling,10.0,87661.89574649413,8760
9.799976215107462,0.1999999999999993,0.1999999999999993,True,65623.37685316204,0.2514036310264654,22038.51889333209,9.799976215107462,CH,4.0,cooling,10.0,87661.89574649413,8760
9.69997621510746,0.3000000000000007,0.3000000000000007,True,58353.76868311808,0.3343314311628742,29308.127063376058,9.69997621510746,CH,4.0,cooling,10.0,87661.89574649413,8760
9.59997621510746,0.4000000000000003,0.4000000000000003,True,49761.54874334982,0.4323468786569113,37900.347003144314,9.59997621510746,CH,4.0,cooling,10.0,87661.89574649413,8760
9.49997621510746,0.5,0.5,True,39947.27383032114,0.5443028753810775,47714.621916173,9.49997621510746,CH,4.0,cooling,10.0,87661.89574649413,8760
9.39997621510746,0.5999999999999996,0.5999999999999996,True,28833.860197144215,0.6710787514734147,58828.03554934992,9.39997621510746,CH,4.0,cooling,10.0,87661.89574649413,8760
9.299976215107462,0.6999999999999993,0.6999999999999993,False,,,,,CH,4.0,cooling,10.0,87661.89574649413,8760
9.19997621510746,0.8000000000000007,0.8000000000000007,False,,,,,CH,4.0,cooling,10.0,87661.89574649413,8760
9.09997621510746,0.9000000000000004,0.9000000000000004,False,,,,,CH,4.0,cooling,10.0,87661.89574649413,8760
8.999976215107461,1.0,1.0,False,,,,,CH,4.0,cooling,10.0,87661.89574649413,8760
6.0,-1.0,-1.0,True,70388.46958085551,0.0,0.0,6.0,ES,2.0,flat,5.0,70388.46958085551,8760
5.75,-0.75,-0.75,True,69762.19933280589,0.0088973414506509,626.2702480496228,5.75,ES,2.0,flat,5.0,70388.46958085551,8760
5.5,-0.5,-0.5,True,68299.68108234447,0.0296751514978123,2088.788498511043,5.5,ES,2.0,flat,5.0,70388.46958085551,8760
5.25,-0.25,-0.25,True,61095.788282623325,0.1320199366965586,9292.681298232186,5.25,ES,2.0,flat,5.0,70388.46958085551,8760
5.0,0.0,0.0,True,0.0,1.0,70388.46958085551,5.0,ES,2.0,flat,5.0,70388.46958085551,8760
4.9,0.0999999999999996,0.0999999999999996,False,,,,,ES,2.0,flat,5.0,70388.46958085551,8760
4.8,0.2000000000000001,0.2000000000000001,False,,,,,ES,2.0,flat,5.0,70388.46958085551,8760
4.7,0.2999999999999998,0.2999999999999998,False,,,,,ES,2.0,flat,5.0,70388.46958085551,8760
4.6,0.4000000000000003,0.4000000000000003,False,,,,,ES,2.0,flat,5.0,70388.46958085551,8760
4.5,0.5,0.5,False,,,,,ES,2.0,flat,5.0,70388.46958085551,8760
4.4,0.5999999999999996,0.5999999999999996,False,,,,,ES,2.0,flat,5.0,70388.46958085551,8760
4.3,0.7000000000000002,0.7000000000000002,False,,,,,ES,2.0,flat,5.0,70388.46958085551,8760
4.2,0.7999999999999998,0.7999999999999998,False,,,,,ES,2.0,flat,5.0,70388.46958085551,8760
4.1,0.9000000000000004,0.9000000000000004,False,,,,,ES,2.0,flat,5.0,70388.46958085551,8760
4.0,1.0,1.0,False,,,,,ES,2.0,flat,5.0,70388.46958085551,8760
3.0,-1.0,-1.0,True,70388.46958085551,0.0,0.0,3.0,ES,2.0,flat,2.0,70388.46958085551,8760
2.75,-0.75,-0.75,True,69762.19933280589,0.0088973414506509,626.2702480496228,2.75,ES,2.0,flat,2.0,70388.46958085551,8760
2.5,-0.5,-0.5,True,68299.68108234447,0.0296751514978123,2088.788498511043,2.5,ES,2.0,flat,2.0,70388.46958085551,8760
2.25,-0.25,-0.25,True,61095.788282623325,0.1320199366965586,9292.681298232186,2.25,ES,2.0,flat,2.0,70388.46958085551,8760
2.0,0.0,0.0,True,0.0,1.0,70388.46958085551,2.0,ES,2.0,flat,2.0,70388.46958085551,8760
1.9,0.1,0.1,False,,,,,ES,2.0,flat,2.0,70388.46958085551,8760
1.8,0.1999999999999999,0.1999999999999999,False,,,,,ES,2.0,flat,2.0,70388.46958085551,8760
1.7,0.3,0.3,False,,,,,ES,2.0,flat,2.0,70388.46958085551,8760
1.6,0.3999999999999999,0.3999999999999999,False,,,,,ES,2.0,flat,2.0,70388.46958085551,8760
1.5,0.5,0.5,False,,,,,ES,2.0,flat,2.0,70388.46958085551,8760
1.4,0.6000000000000001,0.6000000000000001,False,,,,,ES,2.0,flat,2.0,70388.46958085551,8760
1.3,0.7,0.7,False,,,,,ES,2.0,flat,2.0,70388.46958085551,8760
1.2,0.8,0.8,False,,,,,ES,2.0,flat,2.0,70388.46958085551,8760
1.1,0.8999999999999999,0.8999999999999999,False,,,,,ES,2.0,flat,2.0,70388.46958085551,8760
1.0,1.0,1.0,False,,,,,ES,2.0,flat,2.0,70388.46958085551,8760
11.0,-1.0,-1.0,True,70388.46958085551,0.0,0.0,11.0,ES,2.0,flat,10.0,70388.46958085551,8760
10.75,-0.75,-0.75,True,69762.19933280589,0.0088973414506509,626.2702480496228,10.75,ES,2.0,flat,10.0,70388.46958085551,8760
10.5,-0.5,-0.5,True,68299.68108234447,0.0296751514978123,2088.788498511043,10.5,ES,2.0,flat,10.0,70388.46958085551,8760
10.25,-0.25,-0.25,True,61095.788282623325,0.1320199366965586,9292.681298232186,10.25,ES,2.0,flat,10.0,70388.46958085551,8760
10.0,0.0,0.0,True,0.0,1.0,70388.46958085551,10.0,ES,2.0,flat,10.0,70388.46958085551,8760
9.9,0.0999999999999996,0.0999999999999996,False,,,,,ES,2.0,flat,10.0,70388.46958085551,8760
9.8,0.1999999999999993,0.1999999999999993,False,,,,,ES,2.0,flat,10.0,70388.46958085551,8760
9.7,0.3000000000000007,0.3000000000000007,False,,,,,ES,2.0,flat,10.0,70388.46958085551,8760
9.6,0.4000000000000003,0.4000000000000003,False,,,,,ES,2.0,flat,10.0,70388.46958085551,8760
9.5,0.5,0.5,False,,,,,ES,2.0,flat,10.0,70388.46958085551,8760
9.4,0.5999999999999996,0.5999999999999996,False,,,,,ES,2.0,flat,10.0,70388.46958085551,8760
9.3,0.6999999999999993,0.6999999999999993,False,,,,,ES,2.0,flat,10.0,70388.46958085551,8760
9.2,0.8000000000000007,0.8000000000000007,False,,,,,ES,2.0,flat,10.0,70388.46958085551,8760
9.1,0.9000000000000004,0.9000000000000004,False,,,,,ES,2.0,flat,10.0,70388.46958085551,8760
9.0,1.0,1.0,False,,,,,ES,2.0,flat,10.0,70388.46958085551,8760
5.9999881075537305,-1.0,-1.0,True,70388.46958085551,0.0,0.0,5.999828282956937,ES,2.0,cooling,5.0,70388.46958085551,8760
5.7499881075537305,-0.75,-0.75,True,70337.79802334041,0.0007198843477751,50.671557515102904,5.7499881075537305,ES,2.0,cooling,5.0,70388.46958085551,8760
5.4999881075537305,-0.5,-0.5,True,70161.80513333999,0.0032201928649002,226.664447515519,5.4999881075537305,ES,2.0,cooling,5.0,70388.46958085551,8760
5.2499881075537305,-0.25,-0.25,True,69589.34488061049,0.0113530625826019,799.1247002450255,5.2499881075537305,ES,2.0,cooling,5.0,70388.46958085551,8760
4.9999881075537305,0.0,0.0,True,65612.23855812158,0.0678553043016151,4776.231022733933,4.9999881075537305,ES,2.0,cooling,5.0,70388.46958085551,8760
4.899988107553731,0.0999999999999996,0.0999999999999996,True,58808.544983846026,0.1645145102026629,11579.924597009483,4.899988107553731,ES,2.0,cooling,5.0,70388.46958085551,8760
4.79998810755373,0.2000000000000001,0.2000000000000001,True,46867.031741539686,0.3341660641207244,23521.437839315822,4.79998810755373,ES,2.0,cooling,5.0,70388.46958085551,8760
4.699988107553731,0.2999999999999998,0.2999999999999998,True,30746.310689506925,0.5631910897822758,39642.15889134859,4.699988107553731,ES,2.0,cooling,5.0,70388.46958085551,8760
4.59998810755373,0.4000000000000003,0.4000000000000003,False,,,,,ES,2.0,cooling,5.0,70388.46958085551,8760
4.4999881075537305,0.5,0.5,False,,,,,ES,2.0,cooling,5.0,70388.46958085551,8760
4.399988107553731,0.5999999999999996,0.5999999999999996,False,,,,,ES,2.0,cooling,5.0,70388.46958085551,8760
4.29998810755373,0.7000000000000002,0.7000000000000002,False,,,,,ES,2.0,cooling,5.0,70388.46958085551,8760
4.199988107553731,0.7999999999999998,0.7999999999999998,False,,,,,ES,2.0,cooling,5.0,70388.46958085551,8760
4.09998810755373,0.9000000000000004,0.9000000000000004,False,,,,,ES,2.0,cooling,5.0,70388.46958085551,8760
3.9999881075537305,1.0,1.0,False,,,,,ES,2.0,cooling,5.0,70388.46958085551,8760
2.9999952430214925,-1.0,-1.0,True,70388.46958085551,0.0,0.0,2.999931313182775,ES,2.0,cooling,2.0,70388.46958085551,8760
2.7499952430214925,-0.75,-0.75,True,70277.9685318239,0.0015698742946055,110.50104903160536,2.749995243021493,ES,2.0,cooling,2.0,70388.46958085551,8760
2.4999952430214925,-0.5,-0.5,True,69719.78099893607,0.0094999733038849,668.6885819194431,2.499995243021493,ES,2.0,cooling,2.0,70388.46958085551,8760
2.2499952430214925,-0.25,-0.25,True,67890.7678263686,0.0354845299146303,2497.701754486916,2.249995243021493,ES,2.0,cooling,2.0,70388.46958085551,8760
1.9999952430214925,0.0,0.0,True,49939.611956043525,0.2905143093262214,20448.857624811983,1.999995243021493,ES,2.0,cooling,2.0,70388.46958085551,8760
1.8999952430214924,0.1,0.1,True,31098.76678699968,0.5581837910074688,39289.70279385583,1.8999952430214928,ES,2.0,cooling,2.0,70388.46958085551,8760
1.7999952430214925,0.1999999999999999,0.1999999999999999,False,,,,,ES,2.0,cooling,2.0,70388.46958085551,8760
1.6999952430214924,0.3,0.3,False,,,,,ES,2.0,cooling,2.0,70388.46958085551,8760
1.5999952430214923,0.3999999999999999,0.3999999999999999,False,,,,,ES,2.0,cooling,2.0,70388.46958085551,8760
1.4999952430214925,0.5,0.5,False,,,,,ES,2.0,cooling,2.0,70388.46958085551,8760
1.3999952430214924,0.6000000000000001,0.6000000000000001,False,,,,,ES,2.0,cooling,2.0,70388.46958085551,8760
1.2999952430214925,0.7,0.7,False,,,,,ES,2.0,cooling,2.0,70388.46958085551,8760
1.1999952430214924,0.8,0.8,False,,,,,ES,2.0,cooling,2.0,70388.46958085551,8760
1.0999952430214923,0.8999999999999999,0.8999999999999999,False,,,,,ES,2.0,cooling,2.0,70388.46958085551,8760
0.9999952430214925,1.0,1.0,False,,,,,ES,2.0,cooling,2.0,70388.46958085551,8760
10.99997621510746,-1.0,-1.0,True,70388.46958085551,0.0,0.0,10.999656565913874,ES,2.0,cooling,10.0,70388.46958085551,8760
10.74997621510746,-0.75,-0.75,True,70365.32697251166,0.0003287840818484,23.14260834385641,10.74997621510746,ES,2.0,cooling,10.0,70388.46958085551,8760
10.49997621510746,-0.5,-0.5,True,70273.0792767274,0.0016393353174921,115.39030412811552,10.49997621510746,ES,2.0,cooling,10.0,70388.46958085551,8760
10.24997621510746,-0.25,-0.25,True,70024.85188180488,0.0051658702230049,363.6176990506356,10.24997621510746,ES,2.0,cooling,10.0,70388.46958085551,8760
9.99997621510746,0.0,0.0,True,68977.64910021686,0.0200433464321601,1410.820480638649,9.99997621510746,ES,2.0,cooling,10.0,70388.46958085551,8760
9.89997621510746,0.0999999999999996,0.0999999999999996,True,67423.44035503898,0.0421237916305395,2965.029225816528,9.89997621510746,ES,2.0,cooling,10.0,70388.46958085551,8760
9.799976215107462,0.1999999999999993,0.1999999999999993,True,63253.007891934656,0.1013725931450224,7135.4616889208555,9.799976215107462,ES,2.0,cooling,10.0,70388.46958085551,8760
9.69997621510746,0.3000000000000007,0.3000000000000007,True,57163.66777945149,0.1878830706244101,13224.80180140402,9.69997621510746,ES,2.0,cooling,10.0,70388.46958085551,8760
9.59997621510746,0.4000000000000003,0.4000000000000003,False,,,,,ES,2.0,cooling,10.0,70388.46958085551,8760
9.49997621510746,0.5,0.5,False,,,,,ES,2.0,cooling,10.0,70388.46958085551,8760
9.39997621510746,0.5999999999999996,0.5999999999999996,False,,,,,ES,2.0,cooling,10.0,70388.46958085551,8760
9.299976215107462,0.6999999999999993,0.6999999999999993,False,,,,,ES,2.0,cooling,10.0,70388.46958085551,8760
9.19997621510746,0.8000000000000007,0.8000000000000007,False,,,,,ES,2.0,cooling,10.0,70388.46958085551,8760
9.09997621510746,0.9000000000000004,0.9000000000000004,False,,,,,ES,2.0,cooling,10.0,70388.46958085551,8760
8.999976215107461,1.0,1.0,False,,,,,ES,2.0,cooling,10.0,70388.46958085551,8760
6.0,-1.0,-1.0,True,122755.76422481547,0.0,0.0,6.0,ES,4.0,flat,5.0,122755.76422481547,8760
5.75,-0.75,-0.75,True,119843.88297169052,0.0237209329558824,2911.881253124957,5.75,ES,4.0,flat,5.0,122755.76422481547,8760
5.5,-0.5,-0.5,True,110420.7707968504,0.1004840261950934,12334.993427965075,5.5,ES,4.0,flat,5.0,122755.76422481547,8760
5.25,-0.25,-0.25,True,74438.44861175967,0.3936052691144283,48317.315613055805,5.25,ES,4.0,flat,5.0,122755.76422481547,8760
5.0,0.0,0.0,True,0.0,1.0,122755.76422481547,5.0,ES,4.0,flat,5.0,122755.76422481547,8760
4.9,0.0999999999999996,0.0999999999999996,False,,,,,ES,4.0,flat,5.0,122755.76422481547,8760
4.8,0.2000000000000001,0.2000000000000001,False,,,,,ES,4.0,flat,5.0,122755.76422481547,8760
4.7,0.2999999999999998,0.2999999999999998,False,,,,,ES,4.0,flat,5.0,122755.76422481547,8760
4.6,0.4000000000000003,0.4000000000000003,False,,,,,ES,4.0,flat,5.0,122755.76422481547,8760
4.5,0.5,0.5,False,,,,,ES,4.0,flat,5.0,122755.76422481547,8760
4.4,0.5999999999999996,0.5999999999999996,False,,,,,ES,4.0,flat,5.0,122755.76422481547,8760
4.3,0.7000000000000002,0.7000000000000002,False,,,,,ES,4.0,flat,5.0,122755.76422481547,8760
4.2,0.7999999999999998,0.7999999999999998,False,,,,,ES,4.0,flat,5.0,122755.76422481547,8760
4.1,0.9000000000000004,0.9000000000000004,False,,,,,ES,4.0,flat,5.0,122755.76422481547,8760
4.0,1.0,1.0,False,,,,,ES,4.0,flat,5.0,122755.76422481547,8760
3.0,-1.0,-1.0,True,122755.76422481547,0.0,0.0,3.0,ES,4.0,flat,2.0,122755.76422481547,8760
2.75,-0.75,-0.75,True,119843.88297169052,0.0237209329558824,2911.881253124957,2.75,ES,4.0,flat,2.0,122755.76422481547,8760
2.5,-0.5,-0.5,True,110420.7707968504,0.1004840261950934,12334.993427965075,2.5,ES,4.0,flat,2.0,122755.76422481547,8760
2.25,-0.25,-0.25,True,74438.44861175967,0.3936052691144283,48317.315613055805,2.25,ES,4.0,flat,2.0,122755.76422481547,8760
2.0,0.0,0.0,True,0.0,1.0,122755.76422481547,2.0,ES,4.0,flat,2.0,122755.76422481547,8760
1.9,0.1,0.1,False,,,,,ES,4.0,flat,2.0,122755.76422481547,8760
1.8,0.1999999999999999,0.1999999999999999,False,,,,,ES,4.0,flat,2.0,122755.76422481547,8760
1.7,0.3,0.3,False,,,,,ES,4.0,flat,2.0,122755.76422481547,8760
1.6,0.3999999999999999,0.3999999999999999,False,,,,,ES,4.0,flat,2.0,122755.76422481547,8760
1.5,0.5,0.5,False,,,,,ES,4.0,flat,2.0,122755.76422481547,8760
1.4,0.6000000000000001,0.6000000000000001,False,,,,,ES,4.0,flat,2.0,122755.76422481547,8760
1.3,0.7,0.7,False,,,,,ES,4.0,flat,2.0,122755.76422481547,8760
1.2,0.8,0.8,False,,,,,ES,4.0,flat,2.0,122755.76422481547,8760
1.1,0.8999999999999999,0.8999999999999999,False,,,,,ES,4.0,flat,2.0,122755.76422481547,8760
1.0,1.0,1.0,False,,,,,ES,4.0,flat,2.0,122755.76422481547,8760
11.0,-1.0,-1.0,True,122755.76422481547,0.0,0.0,11.0,ES,4.0,flat,10.0,122755.76422481547,8760
10.75,-0.75,-0.75,True,119843.88297169052,0.0237209329558824,2911.881253124957,10.75,ES,4.0,flat,10.0,122755.76422481547,8760
10.5,-0.5,-0.5,True,110420.7707968504,0.1004840261950934,12334.993427965075,10.5,ES,4.0,flat,10.0,122755.76422481547,8760
10.25,-0.25,-0.25,True,74438.44861175967,0.3936052691144283,48317.315613055805,10.25,ES,4.0,flat,10.0,122755.76422481547,8760
10.0,0.0,0.0,True,0.0,1.0,122755.76422481547,10.0,ES,4.0,flat,10.0,122755.76422481547,8760
9.9,0.0999999999999996,0.0999999999999996,False,,,,,ES,4.0,flat,10.0,122755.76422481547,8760
9.8,0.1999999999999993,0.1999999999999993,False,,,,,ES,4.0,flat,10.0,122755.76422481547,8760
9.7,0.3000000000000007,0.3000000000000007,False,,,,,ES,4.0,flat,10.0,122755.76422481547,8760
9.6,0.4000000000000003,0.4000000000000003,False,,,,,ES,4.0,flat,10.0,122755.76422481547,8760
9.5,0.5,0.5,False,,,,,ES,4.0,flat,10.0,122755.76422481547,8760
9.4,0.5999999999999996,0.5999999999999996,False,,,,,ES,4.0,flat,10.0,122755.76422481547,8760
9.3,0.6999999999999993,0.6999999999999993,False,,,,,ES,4.0,flat,10.0,122755.76422481547,8760
9.2,0.8000000000000007,0.8000000000000007,False,,,,,ES,4.0,flat,10.0,122755.76422481547,8760
9.1,0.9000000000000004,0.9000000000000004,False,,,,,ES,4.0,flat,10.0,122755.76422481547,8760
9.0,1.0,1.0,False,,,,,ES,4.0,flat,10.0,122755.76422481547,8760
5.9999881075537305,-1.0,-1.0,True,122755.76422481547,0.0,0.0,5.9999881075537305,ES,4.0,cooling,5.0,122755.76422481547,8760
5.7499881075537305,-0.75,-0.75,True,122526.83510171926,0.0018649154648,228.9291230962117,5.7499881075537305,ES,4.0,cooling,5.0,122755.76422481547,8760
5.4999881075537305,-0.5,-0.5,True,121336.5834039439,0.011561011654593,1419.1808208715663,5.4999881075537305,ES,4.0,cooling,5.0,122755.76422481547,8760
5.2499881075537305,-0.25,-0.25,True,116677.01570888504,0.0495190474705348,6078.74851593042,5.2499881075537305,ES,4.0,cooling,5.0,122755.76422481547,8760
4.9999881075537305,0.0,0.0,True,97008.52034971092,0.2097436648917841,25747.243875104556,4.9999881075537305,ES,4.0,cooling,5.0,122755.76422481547,8760
4.899988107553731,0.0999999999999996,0.0999999999999996,True,83503.02855501298,0.3197628715659727,39252.735669802496,4.899988107553731,ES,4.0,cooling,5.0,122755.76422481547,8760
4.79998810755373,0.2000000000000001,0.2000000000000001,True,67281.19729276776,0.4519100775622343,55474.56693204772,4.79998810755373,ES,4.0,cooling,5.0,122755.76422481547,8760
4.699988107553731,0.2999999999999998,0.2999999999999998,True,48288.23944362842,0.6066315928334484,74467.52478118705,4.699988107553731,ES,4.0,cooling,5.0,122755.76422481547,8760
4.59998810755373,0.4000000000000003,0.4000000000000003,True,26079.095583950784,0.7875529858118157,96676.6686408647,4.59998810755373,ES,4.0,cooling,5.0,122755.76422481547,8760
4.4999881075537305,0.5,0.5,False,,,,,ES,4.0,cooling,5.0,122755.76422481547,8760
4.399988107553731,0.5999999999999996,0.5999999999999996,False,,,,,ES,4.0,cooling,5.0,122755.76422481547,8760
4.29998810755373,0.7000000000000002,0.7000000000000002,False,,,,,ES,4.0,cooling,5.0,122755.76422481547,8760
4.199988107553731,0.7999999999999998,0.7999999999999998,False,,,,,ES,4.0,cooling,5.0,122755.76422481547,8760
4.09998810755373,0.9000000000000004,0.9000000000000004,False,,,,,ES,4.0,cooling,5.0,122755.76422481547,8760
3.9999881075537305,1.0,1.0,False,,,,,ES,4.0,cooling,5.0,122755.76422481547,8760
2.9999952430214925,-1.0,-1.0,True,122755.76422481547,0.0,0.0,2.9999952430214925,ES,4.0,cooling,2.0,122755.76422481547,8760
2.7499952430214925,-0.75,-0.75,True,122179.21773360248,0.0046966958729294,576.5464912129828,2.749995243021493,ES,4.0,cooling,2.0,122755.76422481547,8760
2.4999952430214925,-0.5,-0.5,True,118827.9533130322,0.0319969570193856,3927.8109117832646,2.499995243021493,ES,4.0,cooling,2.0,122755.76422481547,8760
2.2499952430214925,-0.25,-0.25,True,102365.24884944316,0.1661063780111298,20390.515375372328,2.249995243021493,ES,4.0,cooling,2.0,122755.76422481547,8760
1.9999952430214925,0.0,0.0,True,61155.26719478949,0.5018134783244113,61600.49703002598,1.999995243021493,ES,4.0,cooling,2.0,122755.76422481547,8760
1.8999952430214924,0.1,0.1,True,39034.419214146146,0.6820155903827185,83721.34501066932,1.8999952430214924,ES,4.0,cooling,2.0,122755.76422481547,8760
1.7999952430214925,0.1999999999999999,0.1999999999999999,False,,,,,ES,4.0,cooling,2.0,122755.76422481547,8760
1.6999952430214924,0.3,0.3,False,,,,,ES,4.0,cooling,2.0,122755.76422481547,8760
1.5999952430214923,0.3999999999999999,0.3999999999999999,False,,,,,ES,4.0,cooling,2.0,122755.76422481547,8760
1.4999952430214925,0.5,0.5,False,,,,,ES,4.0,cooling,2.0,122755.76422481547,8760
1.3999952430214924,0.6000000000000001,0.6000000000000001,False,,,,,ES,4.0,cooling,2.0,122755.76422481547,8760
1.2999952430214925,0.7,0.7,False,,,,,ES,4.0,cooling,2.0,122755.76422481547,8760
1.1999952430214924,0.8,0.8,False,,,,,ES,4.0,cooling,2.0,122755.76422481547,8760
1.0999952430214923,0.8999999999999999,0.8999999999999999,False,,,,,ES,4.0,cooling,2.0,122755.76422481547,8760
0.9999952430214925,1.0,1.0,False,,,,,ES,4.0,cooling,2.0,122755.76422481547,8760
10.99997621510746,-1.0,-1.0,True,122755.76422481547,0.0,0.0,10.99997621510746,ES,4.0,cooling,10.0,122755.76422481547,8760
10.74997621510746,-0.75,-0.75,True,122650.09286713052,0.0008608260341357,105.67135768494336,10.74997621510746,ES,4.0,cooling,10.0,122755.76422481547,8760
10.49997621510746,-0.5,-0.5,True,122147.94998865773,0.0049514109581413,607.8142361577629,10.49997621510746,ES,4.0,cooling,10.0,122755.76422481547,8760
10.24997621510746,-0.25,-0.25,True,120470.12761987488,0.0186193831252979,2285.6366049405915,10.249976215107464,ES,4.0,cooling,10.0,122755.76422481547,8760
9.99997621510746,0.0,0.0,True,114709.4356524458,0.065547460220553,8046.328572369675,9.99997621510746,ES,4.0,cooling,10.0,122755.76422481547,8760
9.89997621510746,0.0999999999999996,0.0999999999999996,True,109542.8640258201,0.1076356803481521,13212.900198995369,9.89997621510746,ES,4.0,cooling,10.0,122755.76422481547,8760
9.799976215107462,0.1999999999999993,0.1999999999999993,True,102181.00172473503,0.1676073024350997,20574.76250008044,9.799976215107462,ES,4.0,cooling,10.0,122755.76422481547,8760
9.69997621510746,0.3000000000000007,0.3000000000000007,True,92278.16745968684,0.2482783350956278,30477.59676512862,9.69997621510746,ES,4.0,cooling,10.0,122755.76422481547,8760
9.59997621510746,0.4000000000000003,0.4000000000000003,True,80182.0726831531,0.3468162314862275,42573.69154166237,9.59997621510746,ES,4.0,cooling,10.0,122755.76422481547,8760
9.49997621510746,0.5,0.5,True,66183.90979438266,0.4608488634947264,56571.85443043281,9.49997621510746,ES,4.0,cooling,10.0,122755.76422481547,8760
9.39997621510746,0.5999999999999996,0.5999999999999996,True,50125.164199260485,0.591667531738379,72630.60002555499,9.39997621510746,ES,4.0,cooling,10.0,122755.76422481547,8760
9.299976215107462,0.6999999999999993,0.6999999999999993,False,,,,,ES,4.0,cooling,10.0,122755.76422481547,8760
9.19997621510746,0.8000000000000007,0.8000000000000007,False,,,,,ES,4.0,cooling,10.0,122755.76422481547,8760
9.09997621510746,0.9000000000000004,0.9000000000000004,False,,,,,ES,4.0,cooling,10.0,122755.76422481547,8760
8.999976215107461,1.0,1.0,False,,,,,ES,4.0,cooling,10.0,122755.76422481547,8760
6.0,-1.0,-1.0,True,66544.16069165544,0.0,0.0,6.0,PT,2.0,flat,5.0,66544.16069165544,8760
5.75,-0.75,-0.75,True,65890.6006365092,0.0098214486192805,653.5600551462412,5.75,PT,2.0,flat,5.0,66544.16069165544,8760
5.5,-0.5,-0.5,True,64383.53468073556,0.0324690549623361,2160.6260109198847,5.5,PT,2.0,flat,5.0,66544.16069165544,8760
5.25,-0.25,-0.25,True,57495.83728528561,0.1359747168244693,9048.323406369833,5.25,PT,2.0,flat,5.0,66544.16069165544,8760
5.0,0.0,0.0,True,0.0,1.0,66544.16069165544,5.0,PT,2.0,flat,5.0,66544.16069165544,8760
4.9,0.0999999999999996,0.0999999999999996,False,,,,,PT,2.0,flat,5.0,66544.16069165544,8760
4.8,0.2000000000000001,0.2000000000000001,False,,,,,PT,2.0,flat,5.0,66544.16069165544,8760
4.7,0.2999999999999998,0.2999999999999998,False,,,,,PT,2.0,flat,5.0,66544.16069165544,8760
4.6,0.4000000000000003,0.4000000000000003,False,,,,,PT,2.0,flat,5.0,66544.16069165544,8760
4.5,0.5,0.5,False,,,,,PT,2.0,flat,5.0,66544.16069165544,8760
4.4,0.5999999999999996,0.5999999999999996,False,,,,,PT,2.0,flat,5.0,66544.16069165544,8760
4.3,0.7000000000000002,0.7000000000000002,False,,,,,PT,2.0,flat,5.0,66544.16069165544,8760
4.2,0.7999999999999998,0.7999999999999998,False,,,,,PT,2.0,flat,5.0,66544.16069165544,8760
4.1,0.9000000000000004,0.9000000000000004,False,,,,,PT,2.0,flat,5.0,66544.16069165544,8760
4.0,1.0,1.0,False,,,,,PT,2.0,flat,5.0,66544.16069165544,8760
5.9999881075537305,-1.0,-1.0,True,66544.16069165544,0.0,0.0,5.999828282956937,PT,2.0,cooling,5.0,66544.16069165544,8760
5.7499881075537305,-0.75,-0.75,True,66464.3000879069,0.0012001143739507,79.86060374854424,5.7499881075537305,PT,2.0,cooling,5.0,66544.16069165544,8760
5.4999881075537305,-0.5,-0.5,True,66244.37985723287,0.0045049908407691,299.78083442257775,5.4999881075537305,PT,2.0,cooling,5.0,66544.16069165544,8760
5.2499881075537305,-0.25,-0.25,True,65607.52159248269,0.014075451391037,936.639099172753,5.2499881075537305,PT,2.0,cooling,5.0,66544.16069165544,8760
4.9999881075537305,0.0,0.0,True,61762.06916311459,0.0718634284186039,4782.0915285408555,4.9999881075537305,PT,2.0,cooling,5.0,66544.16069165544,8760
4.899988107553731,0.0999999999999996,0.0999999999999996,True,55186.58347422056,0.1706772930845472,11357.577217434882,4.899988107553731,PT,2.0,cooling,5.0,66544.16069165544,8760
4.79998810755373,0.2000000000000001,0.2000000000000001,True,43492.08621692077,0.34641769067538,23052.074474734676,4.79998810755373,PT,2.0,cooling,5.0,66544.16069165544,8760
4.699988107553731,0.2999999999999998,0.2999999999999998,True,27651.8088394131,0.5844592740820217,38892.35185224234,4.699988107553731,PT,2.0,cooling,5.0,66544.16069165544,8760
4.59998810755373,0.4000000000000003,0.4000000000000003,False,,,,,PT,2.0,cooling,5.0,66544.16069165544,8760
4.4999881075537305,0.5,0.5,False,,,,,PT,2.0,cooling,5.0,66544.16069165544,8760
4.399988107553731,0.5999999999999996,0.5999999999999996,False,,,,,PT,2.0,cooling,5.0,66544.16069165544,8760
4.29998810755373,0.7000000000000002,0.7000000000000002,False,,,,,PT,2.0,cooling,5.0,66544.16069165544,8760
4.199988107553731,0.7999999999999998,0.7999999999999998,False,,,,,PT,2.0,cooling,5.0,66544.16069165544,8760
4.09998810755373,0.9000000000000004,0.9000000000000004,False,,,,,PT,2.0,cooling,5.0,66544.16069165544,8760
3.9999881075537305,1.0,1.0,False,,,,,PT,2.0,cooling,5.0,66544.16069165544,8760
6.0,-1.0,-1.0,True,116220.6036746686,0.0,0.0,6.0,PT,4.0,flat,5.0,116220.6036746686,8760
5.75,-0.75,-0.75,True,113315.40289287295,0.0249972955735805,2905.2007817956473,5.75,PT,4.0,flat,5.0,116220.6036746686,8760
5.5,-0.5,-0.5,True,104334.20784431705,0.1022744285826002,11886.395830351585,5.5,PT,4.0,flat,5.0,116220.6036746686,8760
5.25,-0.25,-0.25,True,70190.63726701525,0.3960568518169385,46029.966407653366,5.25,PT,4.0,flat,5.0,116220.6036746686,8760
5.0,0.0,0.0,True,0.0,1.0,116220.6036746686,5.0,PT,4.0,flat,5.0,116220.6036746686,8760
4.9,0.0999999999999996,0.0999999999999996,False,,,,,PT,4.0,flat,5.0,116220.6036746686,8760
4.8,0.2000000000000001,0.2000000000000001,False,,,,,PT,4.0,flat,5.0,116220.6036746686,8760
4.7,0.2999999999999998,0.2999999999999998,False,,,,,PT,4.0,flat,5.0,116220.6036746686,8760
4.6,0.4000000000000003,0.4000000000000003,False,,,,,PT,4.0,flat,5.0,116220.6036746686,8760
4.5,0.5,0.5,False,,,,,PT,4.0,flat,5.0,116220.6036746686,8760
4.4,0.5999999999999996,0.5999999999999996,False,,,,,PT,4.0,flat,5.0,116220.6036746686,8760
4.3,0.7000000000000002,0.7000000000000002,False,,,,,PT,4.0,flat,5.0,116220.6036746686,8760
4.2,0.7999999999999998,0.7999999999999998,False,,,,,PT,4.0,flat,5.0,116220.6036746686,8760
4.1,0.9000000000000004,0.9000000000000004,False,,,,,PT,4.0,flat,5.0,116220.6036746686,8760
4.0,1.0,1.0,False,,,,,PT,4.0,flat,5.0,116220.6036746686,8760
5.9999881075537305,-1.0,-1.0,True,116220.6036746686,0.0,0.0,5.9999881075537305,PT,4.0,cooling,5.0,116220.6036746686,8760
5.7499881075537305,-0.75,-0.75,True,115944.5369356509,0.0023753683106869,276.06673901771137,5.7499881075537305,PT,4.0,cooling,5.0,116220.6036746686,8760
5.4999881075537305,-0.5,-0.5,True,114700.5250884868,0.0130792521990067,1520.0785861818003,5.4999881075537305,PT,4.0,cooling,5.0,116220.6036746686,8760
5.2499881075537305,-0.25,-0.25,True,110260.03763242284,0.0512866553243083,5960.566042245773,5.2499881075537305,PT,4.0,cooling,5.0,116220.6036746686,8760
4.9999881075537305,0.0,0.0,True,91216.86679295248,0.2151403115381162,25003.736881716133,4.9999881075537305,PT,4.0,cooling,5.0,116220.6036746686,8760
4.899988107553731,0.0999999999999996,0.0999999999999996,True,78024.18915282395,0.3286544150877607,38196.414521844665,4.899988107553731,PT,4.0,cooling,5.0,116220.6036746686,8760
4.79998810755373,0.2000000000000001,0.2000000000000001,True,62140.9456903967,0.4653190249781768,54079.657984271915,4.79998810755373,PT,4.0,cooling,5.0,116220.6036746686,8760
4.699988107553731,0.2999999999999998,0.2999999999999998,True,43595.087920724334,0.6248936372524944,72625.51575394429,4.699988107553731,PT,4.0,cooling,5.0,116220.6036746686,8760
4.59998810755373,0.4000000000000003,0.4000000000000003,True,21922.03616731103,0.811375647052424,94298.56750735758,4.59998810755373,PT,4.0,cooling,5.0,116220.6036746686,8760
4.4999881075537305,0.5,0.5,False,,,,,PT,4.0,cooling,5.0,116220.6036746686,8760
4.399988107553731,0.5999999999999996,0.5999999999999996,False,,,,,PT,4.0,cooling,5.0,116220.6036746686,8760
4.29998810755373,0.7000000000000002,0.7000000000000002,False,,,,,PT,4.0,cooling,5.0,116220.6036746686,8760
4.199988107553731,0.7999999999999998,0.7999999999999998,False,,,,,PT,4.0,cooling,5.0,116220.6036746686,8760
4.09998810755373,0.9000000000000004,0.9000000000000004,False,,,,,PT,4.0,cooling,5.0,116220.6036746686,8760
3.9999881075537305,1.0,1.0,False,,,,,PT,4.0,cooling,5.0,116220.6036746686,8760
6.0,-1.0,-1.0,True,97442.03203646991,0.0,0.0,6.0,PL,2.0,flat,5.0,97442.03203646991,8760
5.75,-0.75,-0.75,True,95836.54254340145,0.016476354808237,1605.4894930684825,5.75,PL,2.0,flat,5.0,97442.03203646991,8760
5.5,-0.5,-0.5,True,91985.99465622772,0.0559926477949491,5456.037380242211,5.5,PL,2.0,flat,5.0,97442.03203646991,8760
5.25,-0.25,-0.25,True,78152.2950806578,0.1979611524171879,19289.736955812128,5.25,PL,2.0,flat,5.0,97442.03203646991,8760
5.0,0.0,0.0,True,0.0,1.0,97442.03203646991,5.0,PL,2.0,flat,5.0,97442.03203646991,8760
4.9,0.0999999999999996,0.0999999999999996,False,,,,,PL,2.0,flat,5.0,97442.03203646991,8760
4.8,0.2000000000000001,0.2000000000000001,False,,,,,PL,2.0,flat,5.0,97442.03203646991,8760
4.7,0.2999999999999998,0.2999999999999998,False,,,,,PL,2.0,flat,5.0,97442.03203646991,8760
4.6,0.4000000000000003,0.4000000000000003,False,,,,,PL,2.0,flat,5.0,97442.03203646991,8760
4.5,0.5,0.5,False,,,,,PL,2.0,flat,5.0,97442.03203646991,8760
4.4,0.5999999999999996,0.5999999999999996,False,,,,,PL,2.0,flat,5.0,97442.03203646991,8760
4.3,0.7000000000000002,0.7000000000000002,False,,,,,PL,2.0,flat,5.0,97442.03203646991,8760
4.2,0.7999999999999998,0.7999999999999998,False,,,,,PL,2.0,flat,5.0,97442.03203646991,8760
4.1,0.9000000000000004,0.9000000000000004,False,,,,,PL,2.0,flat,5.0,97442.03203646991,8760
4.0,1.0,1.0,False,,,,,PL,2.0,flat,5.0,97442.03203646991,8760
5.9999881075537305,-1.0,-1.0,True,97442.03203646991,0.0,0.0,5.99393905910343,PL,2.0,cooling,5.0,97442.03203646991,8760
5.7499881075537305,-0.75,-0.75,True,97348.63998210923,0.0009584370564617,93.39205436068004,5.7499881075537305,PL,2.0,cooling,5.0,97442.03203646991,8760
5.4999881075537305,-0.5,-0.5,True,96855.07660569406,0.006023637012785,586.9554307758663,5.4999881075537305,PL,2.0,cooling,5.0,97442.03203646991,8760
5.2499881075537305,-0.25,-0.25,True,95210.73703598315,0.0228986911895644,2231.2950004867744,5.2499881075537305,PL,2.0,cooling,5.0,97442.03203646991,8760
4.9999881075537305,0.0,0.0,True,89216.09753041854,0.084418749631295,8225.934506051388,4.9999881075537305,PL,2.0,cooling,5.0,97442.03203646991,8760
4.899988107553731,0.0999999999999996,0.0999999999999996,True,82309.22013264382,0.1553006601726275,15132.811903826108,4.899988107553731,PL,2.0,cooling,5.0,97442.03203646991,8760
4.79998810755373,0.2000000000000001,0.2000000000000001,True,71039.11442167743,0.2709602526034207,26402.917614792503,4.79998810755373,PL,2.0,cooling,5.0,97442.03203646991,8760
4.699988107553731,0.2999999999999998,0.2999999999999998,True,55084.53945522568,0.4346942658727702,42357.49258124425,4.699988107553731,PL,2.0,cooling,5.0,97442.03203646991,8760
4.59998810755373,0.4000000000000003,0.4000000000000003,False,,,,,PL,2.0,cooling,5.0,97442.03203646991,8760
4.4999881075537305,0.5,0.5,False,,,,,PL,2.0,cooling,5.0,97442.03203646991,8760
4.399988107553731,0.5999999999999996,0.5999999999999996,False,,,,,PL,2.0,cooling,5.0,97442.03203646991,8760
4.29998810755373,0.7000000000000002,0.7000000000000002,False,,,,,PL,2.0,cooling,5.0,97442.03203646991,8760
4.199988107553731,0.7999999999999998,0.7999999999999998,False,,,,,PL,2.0,cooling,5.0,97442.03203646991,8760
4.09998810755373,0.9000000000000004,0.9000000000000004,False,,,,,PL,2.0,cooling,5.0,97442.03203646991,8760
3.9999881075537305,1.0,1.0,False,,,,,PL,2.0,cooling,5.0,97442.03203646991,8760
6.0,-1.0,-1.0,True,156636.35100872425,0.0,0.0,6.0,PL,4.0,flat,5.0,156636.35100872425,8760
5.75,-0.75,-0.75,True,149509.49564475208,0.0454993704722808,7126.855363972165,5.75,PL,4.0,flat,5.0,156636.35100872425,8760
5.5,-0.5,-0.5,True,132500.10717702637,0.1540909480862048,24136.24383169788,5.5,PL,4.0,flat,5.0,156636.35100872425,8760
5.25,-0.25,-0.25,True,95398.8627936456,0.3909532354444842,61237.48821507864,5.25,PL,4.0,flat,5.0,156636.35100872425,8760
5.0,0.0,0.0,True,0.0,1.0,156636.35100872425,5.0,PL,4.0,flat,5.0,156636.35100872425,8760
4.9,0.0999999999999996,0.0999999999999996,False,,,,,PL,4.0,flat,5.0,156636.35100872425,8760
4.8,0.2000000000000001,0.2000000000000001,False,,,,,PL,4.0,flat,5.0,156636.35100872425,8760
4.7,0.2999999999999998,0.2999999999999998,False,,,,,PL,4.0,flat,5.0,156636.35100872425,8760
4.6,0.4000000000000003,0.4000000000000003,False,,,,,PL,4.0,flat,5.0,156636.35100872425,8760
4.5,0.5,0.5,False,,,,,PL,4.0,flat,5.0,156636.35100872425,8760
4.4,0.5999999999999996,0.5999999999999996,False,,,,,PL,4.0,flat,5.0,156636.35100872425,8760
4.3,0.7000000000000002,0.7000000000000002,False,,,,,PL,4.0,flat,5.0,156636.35100872425,8760
4.2,0.7999999999999998,0.7999999999999998,False,,,,,PL,4.0,flat,5.0,156636.35100872425,8760
4.1,0.9000000000000004,0.9000000000000004,False,,,,,PL,4.0,flat,5.0,156636.35100872425,8760
4.0,1.0,1.0,False,,,,,PL,4.0,flat,5.0,156636.35100872425,8760
5.9999881075537305,-1.0,-1.0,True,156636.35100872425,0.0,0.0,5.99393905910343,PL,4.0,cooling,5.0,156636.35100872425,8760
5.7499881075537305,-0.75,-0.75,True,156267.63588276814,0.0023539563044058,368.715125956107,5.7499881075537305,PL,4.0,cooling,5.0,156636.35100872425,8760
5.4999881075537305,-0.5,-0.5,True,153860.55691430526,0.0177212637841925,2775.7940944189904,5.4999881075537305,PL,4.0,cooling,5.0,156636.35100872425,8760
5.2499881075537305,-0.25,-0.25,True,145808.45957645387,0.0691275771079938,10827.89143227038,5.2499881075537305,PL,4.0,cooling,5.0,156636.35100872425,8760
4.9999881075537305,0.0,0.0,True,127259.1994636594,0.1875500249838469,29377.15154506486,4.9999881075537305,PL,4.0,cooling,5.0,156636.35100872425,8760
4.899988107553731,0.0999999999999996,0.0999999999999996,True,116220.18958630624,0.2580254274447884,40416.161422417994,4.899988107553731,PL,4.0,cooling,5.0,156636.35100872425,8760
4.79998810755373,0.2000000000000001,0.2000000000000001,True,102650.22844662088,0.3446589646300971,53986.12256210337,4.79998810755373,PL,4.0,cooling,5.0,156636.35100872425,8760
4.699988107553731,0.2999999999999998,0.2999999999999998,True,86112.74267949966,0.4502378143710498,70523.60832922459,4.699988107553731,PL,4.0,cooling,5.0,156636.35100872425,8760
4.59998810755373,0.4000000000000003,0.4000000000000003,True,65189.46810165096,0.5838164788579627,91446.88290707328,4.59998810755373,PL,4.0,cooling,5.0,156636.35100872425,8760
4.4999881075537305,0.5,0.5,False,,,,,PL,4.0,cooling,5.0,156636.35100872425,8760
4.399988107553731,0.5999999999999996,0.5999999999999996,False,,,,,PL,4.0,cooling,5.0,156636.35100872425,8760
4.29998810755373,0.7000000000000002,0.7000000000000002,False,,,,,PL,4.0,cooling,5.0,156636.35100872425,8760
4.199988107553731,0.7999999999999998,0.7999999999999998,False,,,,,PL,4.0,cooling,5.0,156636.35100872425,8760
4.09998810755373,0.9000000000000004,0.9000000000000004,False,,,,,PL,4.0,cooling,5.0,156636.35100872425,8760
3.9999881075537305,1.0,1.0,False,,,,,PL,4.0,cooling,5.0,156636.35100872425,8760
6.0,-1.0,-1.0,True,90690.00367376112,0.0,0.0,6.0,CZ,2.0,flat,5.0,90690.00367376112,8760
5.75,-0.75,-0.75,True,89126.62290446213,0.017238733112449,1563.380769298994,5.75,CZ,2.0,flat,5.0,90690.00367376112,8760
5.5,-0.5,-0.5,True,85159.40479026794,0.0609835556230473,5530.598883493178,5.5,CZ,2.0,flat,5.0,90690.00367376112,8760
5.25,-0.25,-0.25,True,70889.93686906403,0.2183268938429401,19800.066804697097,5.25,CZ,2.0,flat,5.0,90690.00367376112,8760
5.0,0.0,0.0,True,0.0,1.0,90690.00367376112,5.0,CZ,2.0,flat,5.0,90690.00367376112,8760
4.9,0.0999999999999996,0.0999999999999996,False,,,,,CZ,2.0,flat,5.0,90690.00367376112,8760
4.8,0.2000000000000001,0.2000000000000001,False,,,,,CZ,2.0,flat,5.0,90690.00367376112,8760
4.7,0.2999999999999998,0.2999999999999998,False,,,,,CZ,2.0,flat,5.0,90690.00367376112,8760
4.6,0.4000000000000003,0.4000000000000003,False,,,,,CZ,2.0,flat,5.0,90690.00367376112,8760
4.5,0.5,0.5,False,,,,,CZ,2.0,flat,5.0,90690.00367376112,8760
4.4,0.5999999999999996,0.5999999999999996,False,,,,,CZ,2.0,flat,5.0,90690.00367376112,8760
4.3,0.7000000000000002,0.7000000000000002,False,,,,,CZ,2.0,flat,5.0,90690.00367376112,8760
4.2,0.7999999999999998,0.7999999999999998,False,,,,,CZ,2.0,flat,5.0,90690.00367376112,8760
4.1,0.9000000000000004,0.9000000000000004,False,,,,,CZ,2.0,flat,5.0,90690.00367376112,8760
4.0,1.0,1.0,False,,,,,CZ,2.0,flat,5.0,90690.00367376112,8760
5.9999881075537305,-1.0,-1.0,True,90690.00367376112,0.0,0.0,5.981419312603824,CZ,2.0,cooling,5.0,90690.00367376112,8760
5.7499881075537305,-0.75,-0.75,True,90564.93016394136,0.0013791322610338,125.07350981976197,5.7499881075537305,CZ,2.0,cooling,5.0,90690.00367376112,8760
5.4999881075537305,-0.5,-0.5,True,89993.39530380831,0.0076812034594101,696.6083699528099,5.4999881075537305,CZ,2.0,cooling,5.0,90690.00367376112,8760
5.2499881075537305,-0.25,-0.25,True,88124.67092575427,0.0282868303460999,2565.3327480068547,5.2499881075537305,CZ,2.0,cooling,5.0,90690.00367376112,8760
4.9999881075537305,0.0,0.0,True,81314.12850188687,0.1033837776167929,9375.875171874255,4.999988107553731,CZ,2.0,cooling,5.0,90690.00367376112,8760
4.899988107553731,0.0999999999999996,0.0999999999999996,True,73650.26882871627,0.1878898903383203,17039.734845044848,4.899988107553732,CZ,2.0,cooling,5.0,90690.00367376112,8760
4.79998810755373,0.2000000000000001,0.2000000000000001,True,61596.90780123166,0.3207971627963095,29093.095872529462,4.79998810755373,CZ,2.0,cooling,5.0,90690.00367376112,8760
4.699988107553731,0.2999999999999998,0.2999999999999998,True,45389.45542445214,0.4995098292450015,45300.54824930898,4.699988107553731,CZ,2.0,cooling,5.0,90690.00367376112,8760
4.59998810755373,0.4000000000000003,0.4000000000000003,False,,,,,CZ,2.0,cooling,5.0,90690.00367376112,8760
4.4999881075537305,0.5,0.5,False,,,,,CZ,2.0,cooling,5.0,90690.00367376112,8760
4.399988107553731,0.5999999999999996,0.5999999999999996,False,,,,,CZ,2.0,cooling,5.0,90690.00367376112,8760
4.29998810755373,0.7000000000000002,0.7000000000000002,False,,,,,CZ,2.0,cooling,5.0,90690.00367376112,8760
4.199988107553731,0.7999999999999998,0.7999999999999998,False,,,,,CZ,2.0,cooling,5.0,90690.00367376112,8760
4.09998810755373,0.9000000000000004,0.9000000000000004,False,,,,,CZ,2.0,cooling,5.0,90690.00367376112,8760
3.9999881075537305,1.0,1.0,False,,,,,CZ,2.0,cooling,5.0,90690.00367376112,8760
6.0,-1.0,-1.0,True,147937.79547491024,0.0,0.0,6.0,CZ,4.0,flat,5.0,147937.79547491024,8760
5.75,-0.75,-0.75,True,140466.43061601743,0.0505034216233127,7471.3648588928045,5.75,CZ,4.0,flat,5.0,147937.79547491024,8760
5.5,-0.5,-0.5,True,122682.57252581124,0.1707151500265676,25255.222949098985,5.5,CZ,4.0,flat,5.0,147937.79547491024,8760
5.25,-0.25,-0.25,True,84185.41726147378,0.4309404368828022,63752.37821343646,5.25,CZ,4.0,flat,5.0,147937.79547491024,8760
5.0,0.0,0.0,True,0.0,1.0,147937.79547491024,5.0,CZ,4.0,flat,5.0,147937.79547491024,8760
4.9,0.0999999999999996,0.0999999999999996,False,,,,,CZ,4.0,flat,5.0,147937.79547491024,8760
4.8,0.2000000000000001,0.2000000000000001,False,,,,,CZ,4.0,flat,5.0,147937.79547491024,8760
4.7,0.2999999999999998,0.2999999999999998,False,,,,,CZ,4.0,flat,5.0,147937.79547491024,8760
4.6,0.4000000000000003,0.4000000000000003,False,,,,,CZ,4.0,flat,5.0,147937.79547491024,8760
4.5,0.5,0.5,False,,,,,CZ,4.0,flat,5.0,147937.79547491024,8760
4.4,0.5999999999999996,0.5999999999999996,False,,,,,CZ,4.0,flat,5.0,147937.79547491024,8760
4.3,0.7000000000000002,0.7000000000000002,False,,,,,CZ,4.0,flat,5.0,147937.79547491024,8760
4.2,0.7999999999999998,0.7999999999999998,False,,,,,CZ,4.0,flat,5.0,147937.79547491024,8760
4.1,0.9000000000000004,0.9000000000000004,False,,,,,CZ,4.0,flat,5.0,147937.79547491024,8760
4.0,1.0,1.0,False,,,,,CZ,4.0,flat,5.0,147937.79547491024,8760
5.9999881075537305,-1.0,-1.0,True,147937.79547491024,0.0,0.0,5.997182437931197,CZ,4.0,cooling,5.0,147937.79547491024,8760
5.7499881075537305,-0.75,-0.75,True,147430.72349116296,0.0034276026766484,507.0719837472716,5.7499881075537305,CZ,4.0,cooling,5.0,147937.79547491024,8760
5.4999881075537305,-0.5,-0.5,True,144602.74197505662,0.0225436203719774,3335.053499853617,5.4999881075537305,CZ,4.0,cooling,5.0,147937.79547491024,8760
5.2499881075537305,-0.25,-0.25,True,135514.54576636862,0.0839761716649925,12423.24970854161,5.2499881075537305,CZ,4.0,cooling,5.0,147937.79547491024,8760
4.9999881075537305,0.0,0.0,True,114889.4910110128,0.2233932468562594,33048.30446389744,4.9999881075537305,CZ,4.0,cooling,5.0,147937.79547491024,8760
4.899988107553731,0.0999999999999996,0.0999999999999996,True,102640.08194395465,0.3061943256998036,45297.7135309556,4.899988107553731,CZ,4.0,cooling,5.0,147937.79547491024,8760
4.79998810755373,0.2000000000000001,0.2000000000000001,True,87815.06844471395,0.4064054546520054,60122.727030196285,4.79998810755373,CZ,4.0,cooling,5.0,147937.79547491024,8760
4.699988107553731,0.2999999999999998,0.2999999999999998,True,70318.43842329254,0.524675636827248,77619.3570516177,4.699988107553731,CZ,4.0,cooling,5.0,147937.79547491024,8760
4.59998810755373,0.4000000000000003,0.4000000000000003,True,48688.19030924796,0.6708874148560277,99249.60516566227,4.59998810755373,CZ,4.0,cooling,5.0,147937.79547491024,8760
4.4999881075537305,0.5,0.5,False,,,,,CZ,4.0,cooling,5.0,147937.79547491024,8760
4.399988107553731,0.5999999999999996,0.5999999999999996,False,,,,,CZ,4.0,cooling,5.0,147937.79547491024,8760
4.29998810755373,0.7000000000000002,0.7000000000000002,False,,,,,CZ,4.0,cooling,5.0,147937.79547491024,8760
4.199988107553731,0.7999999999999998,0.7999999999999998,False,,,,,CZ,4.0,cooling,5.0,147937.79547491024,8760
4.09998810755373,0.9000000000000004,0.9000000000000004,False,,,,,CZ,4.0,cooling,5.0,147937.79547491024,8760
3.9999881075537305,1.0,1.0,False,,,,,CZ,4.0,cooling,5.0,147937.79547491024,8760
6.0,-1.0,-1.0,True,97008.04444708854,0.0,0.0,6.0,SK,2.0,flat,5.0,97008.04444708854,8760
5.75,-0.75,-0.75,True,95420.53558659344,0.016364713561059,1587.508860495087,5.75,SK,2.0,flat,5.0,97008.04444708854,8760
5.5,-0.5,-0.5,True,91451.62165139357,0.0572779590328269,5556.422795694991,5.5,SK,2.0,flat,5.0,97008.04444708854,8760
5.25,-0.25,-0.25,True,76934.50693133884,0.2069265248069038,20073.537515749704,5.25,SK,2.0,flat,5.0,97008.04444708854,8760
5.0,0.0,0.0,True,0.0,1.0,97008.04444708854,5.0,SK,2.0,flat,5.0,97008.04444708854,8760
4.9,0.0999999999999996,0.0999999999999996,False,,,,,SK,2.0,flat,5.0,97008.04444708854,8760
4.8,0.2000000000000001,0.2000000000000001,False,,,,,SK,2.0,flat,5.0,97008.04444708854,8760
4.7,0.2999999999999998,0.2999999999999998,False,,,,,SK,2.0,flat,5.0,97008.04444708854,8760
4.6,0.4000000000000003,0.4000000000000003,False,,,,,SK,2.0,flat,5.0,97008.04444708854,8760
4.5,0.5,0.5,False,,,,,SK,2.0,flat,5.0,97008.04444708854,8760
4.4,0.5999999999999996,0.5999999999999996,False,,,,,SK,2.0,flat,5.0,97008.04444708854,8760
4.3,0.7000000000000002,0.7000000000000002,False,,,,,SK,2.0,flat,5.0,97008.04444708854,8760
4.2,0.7999999999999998,0.7999999999999998,False,,,,,SK,2.0,flat,5.0,97008.04444708854,8760
4.1,0.9000000000000004,0.9000000000000004,False,,,,,SK,2.0,flat,5.0,97008.04444708854,8760
4.0,1.0,1.0,False,,,,,SK,2.0,flat,5.0,97008.04444708854,8760
5.9999881075537305,-1.0,-1.0,True,97008.04444708854,0.0,0.0,5.981419312603824,SK,2.0,cooling,5.0,97008.04444708854,8760
5.7499881075537305,-0.75,-0.75,True,96912.93697451758,0.0009804081003079,95.10747257096229,5.7499881075537305,SK,2.0,cooling,5.0,97008.04444708854,8760
5.4999881075537305,-0.5,-0.5,True,96387.6983770106,0.006394789974519,620.3460700779397,5.4999881075537305,SK,2.0,cooling,5.0,97008.04444708854,8760
5.2499881075537305,-0.25,-0.25,True,94618.16465650086,0.0246358928706289,2389.8797905876854,5.2499881075537305,SK,2.0,cooling,5.0,97008.04444708854,8760
4.9999881075537305,0.0,0.0,True,88132.0838651057,0.0914971601847317,8875.960581982843,4.999988107553731,SK,2.0,cooling,5.0,97008.04444708854,8760
4.899988107553731,0.0999999999999996,0.0999999999999996,True,80363.24928270433,0.1715815967557499,16644.79516438421,4.899988107553731,SK,2.0,cooling,5.0,97008.04444708854,8760
4.79998810755373,0.2000000000000001,0.2000000000000001,True,67834.14542349368,0.3007369047574945,29173.89902359486,4.79998810755373,SK,2.0,cooling,5.0,97008.04444708854,8760
4.699988107553731,0.2999999999999998,0.2999999999999998,True,50650.66504323302,0.4778714968235484,46357.37940385552,4.699988107553731,SK,2.0,cooling,5.0,97008.04444708854,8760
4.59998810755373,0.4000000000000003,0.4000000000000003,False,,,,,SK,2.0,cooling,5.0,97008.04444708854,8760
4.4999881075537305,0.5,0.5,False,,,,,SK,2.0,cooling,5.0,97008.04444708854,8760
4.399988107553731,0.5999999999999996,0.5999999999999996,False,,,,,SK,2.0,cooling,5.0,97008.04444708854,8760
4.29998810755373,0.7000000000000002,0.7000000000000002,False,,,,,SK,2.0,cooling,5.0,97008.04444708854,8760
4.199988107553731,0.7999999999999998,0.7999999999999998,False,,,,,SK,2.0,cooling,5.0,97008.04444708854,8760
4.09998810755373,0.9000000000000004,0.9000000000000004,False,,,,,SK,2.0,cooling,5.0,97008.04444708854,8760
3.9999881075537305,1.0,1.0,False,,,,,SK,2.0,cooling,5.0,97008.04444708854,8760
6.0,-1.0,-1.0,True,158749.44961108826,0.0,0.0,6.0,SK,4.0,flat,5.0,158749.44961108826,8760
5.75,-0.75,-0.75,True,151347.11461546147,0.0466290435258917,7402.334995626792,5.75,SK,4.0,flat,5.0,158749.44961108826,8760
5.5,-0.5,-0.5,True,133116.42557392028,0.1614684277644108,25633.024037167983,5.5,SK,4.0,flat,5.0,158749.44961108826,8760
5.25,-0.25,-0.25,True,93010.59119273824,0.4141044808621391,65738.85841835002,5.25,SK,4.0,flat,5.0,158749.44961108826,8760
5.0,0.0,0.0,True,0.0,1.0,158749.44961108826,5.0,SK,4.0,flat,5.0,158749.44961108826,8760
4.9,0.0999999999999996,0.0999999999999996,False,,,,,SK,4.0,flat,5.0,158749.44961108826,8760
4.8,0.2000000000000001,0.2000000000000001,False,,,,,SK,4.0,flat,5.0,158749.44961108826,8760
4.7,0.2999999999999998,0.2999999999999998,False,,,,,SK,4.0,flat,5.0,158749.44961108826,8760
4.6,0.4000000000000003,0.4000000000000003,False,,,,,SK,4.0,flat,5.0,158749.44961108826,8760
4.5,0.5,0.5,False,,,,,SK,4.0,flat,5.0,158749.44961108826,8760
4.4,0.5999999999999996,0.5999999999999996,False,,,,,SK,4.0,flat,5.0,158749.44961108826,8760
4.3,0.7000000000000002,0.7000000000000002,False,,,,,SK,4.0,flat,5.0,158749.44961108826,8760
4.2,0.7999999999999998,0.7999999999999998,False,,,,,SK,4.0,flat,5.0,158749.44961108826,8760
4.1,0.9000000000000004,0.9000000000000004,False,,,,,SK,4.0,flat,5.0,158749.44961108826,8760
4.0,1.0,1.0,False,,,,,SK,4.0,flat,5.0,158749.44961108826,8760
5.9999881075537305,-1.0,-1.0,True,158749.44961108826,0.0,0.0,5.984210774892298,SK,4.0,cooling,5.0,158749.44961108826,8760
5.7499881075537305,-0.75,-0.75,True,158326.7572461771,0.0026626383017182,422.6923649111704,5.7499881075537305,SK,4.0,cooling,5.0,158749.44961108826,8760
5.4999881075537305,-0.5,-0.5,True,155697.03079367938,0.0192279017337498,3052.4188174088777,5.4999881075537305,SK,4.0,cooling,5.0,158749.44961108826,8760
5.2499881075537305,-0.25,-0.25,True,146853.18221326012,0.0749373772757774,11896.267397828138,5.2499881075537305,SK,4.0,cooling,5.0,158749.44961108826,8760
4.9999881075537305,0.0,0.0,True,126403.49361792256,0.2037547599214254,32345.955993165713,4.9999881075537305,SK,4.0,cooling,5.0,158749.44961108826,8760
4.899988107553731,0.0999999999999996,0.0999999999999996,True,113978.42860389812,0.2820231573518664,44771.02100719014,4.899988107553731,SK,4.0,cooling,5.0,158749.44961108826,8760
4.79998810755373,0.2000000000000001,0.2000000000000001,True,98810.900716561,0.3775669713587511,59938.54889452727,4.79998810755373,SK,4.0,cooling,5.0,158749.44961108826,8760
4.699988107553731,0.2999999999999998,0.2999999999999998,True,80523.12061633797,0.4927659855602193,78226.32899475029,4.699988107553731,SK,4.0,cooling,5.0,158749.44961108826,8760
4.59998810755373,0.4000000000000003,0.4000000000000003,True,57629.54033689193,0.6369780148650881,101119.90927419634,4.59998810755373,SK,4.0,cooling,5.0,158749.44961108826,8760
4.4999881075537305,0.5,0.5,False,,,,,SK,4.0,cooling,5.0,158749.44961108826,8760
4.399988107553731,0.5999999999999996,0.5999999999999996,False,,,,,SK,4.0,cooling,5.0,158749.44961108826,8760
4.29998810755373,0.7000000000000002,0.7000000000000002,False,,,,,SK,4.0,cooling,5.0,158749.44961108826,8760
4.199988107553731,0.7999999999999998,0.7999999999999998,False,,,,,SK,4.0,cooling,5.0,158749.44961108826,8760
4.09998810755373,0.9000000000000004,0.9000000000000004,False,,,,,SK,4.0,cooling,5.0,158749.44961108826,8760
3.9999881075537305,1.0,1.0,False,,,,,SK,4.0,cooling,5.0,158749.44961108826,8760
6.0,-1.0,-1.0,True,117069.7158222768,0.0,0.0,6.0,HU,2.0,flat,5.0,117069.7158222768,8760
5.75,-0.75,-0.75,True,115556.6586142402,0.0129244117268856,1513.0572080365964,5.75,HU,2.0,flat,5.0,117069.7158222768,8760
5.5,-0.5,-0.5,True,111471.90948982272,0.0478160068394809,5597.806332454085,5.5,HU,2.0,flat,5.0,117069.7158222768,8760
5.25,-0.25,-0.25,True,95123.216838604,0.1874652110456106,21946.49898367279,5.25,HU,2.0,flat,5.0,117069.7158222768,8760
5.0,0.0,0.0,True,0.0,1.0,117069.7158222768,5.0,HU,2.0,flat,5.0,117069.7158222768,8760
4.9,0.0999999999999996,0.0999999999999996,False,,,,,HU,2.0,flat,5.0,117069.7158222768,8760
4.8,0.2000000000000001,0.2000000000000001,False,,,,,HU,2.0,flat,5.0,117069.7158222768,8760
4.7,0.2999999999999998,0.2999999999999998,False,,,,,HU,2.0,flat,5.0,117069.7158222768,8760
4.6,0.4000000000000003,0.4000000000000003,False,,,,,HU,2.0,flat,5.0,117069.7158222768,8760
4.5,0.5,0.5,False,,,,,HU,2.0,flat,5.0,117069.7158222768,8760
4.4,0.5999999999999996,0.5999999999999996,False,,,,,HU,2.0,flat,5.0,117069.7158222768,8760
4.3,0.7000000000000002,0.7000000000000002,False,,,,,HU,2.0,flat,5.0,117069.7158222768,8760
4.2,0.7999999999999998,0.7999999999999998,False,,,,,HU,2.0,flat,5.0,117069.7158222768,8760
4.1,0.9000000000000004,0.9000000000000004,False,,,,,HU,2.0,flat,5.0,117069.7158222768,8760
4.0,1.0,1.0,False,,,,,HU,2.0,flat,5.0,117069.7158222768,8760
5.9999881075537305,-1.0,-1.0,True,117069.7158222768,0.0,0.0,5.980400565329424,HU,2.0,cooling,5.0,117069.7158222768,8760
5.7499881075537305,-0.75,-0.75,True,116976.24262595184,0.0007984404478001,93.47319632497964,5.7499881075537305,HU,2.0,cooling,5.0,117069.7158222768,8760
5.4999881075537305,-0.5,-0.5,True,116491.27755338611,0.0049409726915952,578.4382688906771,5.4999881075537305,HU,2.0,cooling,5.0,117069.7158222768,8760
5.2499881075537305,-0.25,-0.25,True,114830.85412473466,0.0191241747006626,2238.8616975421464,5.2499881075537305,HU,2.0,cooling,5.0,117069.7158222768,8760
4.9999881075537305,0.0,0.0,True,108424.18294011032,0.0738494393826942,8645.532882166473,4.999988107553731,HU,2.0,cooling,5.0,117069.7158222768,8760
4.899988107553731,0.0999999999999996,0.0999999999999996,True,100224.6549884954,0.143889140888954,16845.06083378139,4.899988107553732,HU,2.0,cooling,5.0,117069.7158222768,8760
4.79998810755373,0.2000000000000001,0.2000000000000001,True,86670.89755765056,0.2596642355464038,30398.818264626243,4.79998810755373,HU,2.0,cooling,5.0,117069.7158222768,8760
4.699988107553731,0.2999999999999998,0.2999999999999998,True,67587.47069686247,0.4226733171585826,49482.24512541434,4.699988107553731,HU,2.0,cooling,5.0,117069.7158222768,8760
4.59998810755373,0.4000000000000003,0.4000000000000003,False,,,,,HU,2.0,cooling,5.0,117069.7158222768,8760
4.4999881075537305,0.5,0.5,False,,,,,HU,2.0,cooling,5.0,117069.7158222768,8760
4.399988107553731,0.5999999999999996,0.5999999999999996,False,,,,,HU,2.0,cooling,5.0,117069.7158222768,8760
4.29998810755373,0.7000000000000002,0.7000000000000002,False,,,,,HU,2.0,cooling,5.0,117069.7158222768,8760
4.199988107553731,0.7999999999999998,0.7999999999999998,False,,,,,HU,2.0,cooling,5.0,117069.7158222768,8760
4.09998810755373,0.9000000000000004,0.9000000000000004,False,,,,,HU,2.0,cooling,5.0,117069.7158222768,8760
3.9999881075537305,1.0,1.0,False,,,,,HU,2.0,cooling,5.0,117069.7158222768,8760
6.0,-1.0,-1.0,True,194072.81712707583,0.0,0.0,6.0,HU,4.0,flat,5.0,194072.81712707583,8760
5.75,-0.75,-0.75,True,186060.39726010343,0.0412856369355735,8012.419866972399,5.75,HU,4.0,flat,5.0,194072.81712707583,8760
5.5,-0.5,-0.5,True,165444.51657055374,0.1475131910811433,28628.300556522125,5.5,HU,4.0,flat,5.0,194072.81712707583,8760
5.25,-0.25,-0.25,True,118917.44606098688,0.3872534658827486,75155.37106608899,5.25,HU,4.0,flat,5.0,194072.81712707583,8760
5.0,0.0,0.0,True,0.0,1.0,194072.81712707583,5.0,HU,4.0,flat,5.0,194072.81712707583,8760
4.9,0.0999999999999996,0.0999999999999996,False,,,,,HU,4.0,flat,5.0,194072.81712707583,8760
4.8,0.2000000000000001,0.2000000000000001,False,,,,,HU,4.0,flat,5.0,194072.81712707583,8760
4.7,0.2999999999999998,0.2999999999999998,False,,,,,HU,4.0,flat,5.0,194072.81712707583,8760
4.6,0.4000000000000003,0.4000000000000003,False,,,,,HU,4.0,flat,5.0,194072.81712707583,8760
4.5,0.5,0.5,False,,,,,HU,4.0,flat,5.0,194072.81712707583,8760
4.4,0.5999999999999996,0.5999999999999996,False,,,,,HU,4.0,flat,5.0,194072.81712707583,8760
4.3,0.7000000000000002,0.7000000000000002,False,,,,,HU,4.0,flat,5.0,194072.81712707583,8760
4.2,0.7999999999999998,0.7999999999999998,False,,,,,HU,4.0,flat,5.0,194072.81712707583,8760
4.1,0.9000000000000004,0.9000000000000004,False,,,,,HU,4.0,flat,5.0,194072.81712707583,8760
4.0,1.0,1.0,False,,,,,HU,4.0,flat,5.0,194072.81712707583,8760
5.9999881075537305,-1.0,-1.0,True,194072.81712707583,0.0,0.0,5.9842051638177995,HU,4.0,cooling,5.0,194072.81712707583,8760
5.7499881075537305,-0.75,-0.75,True,193671.5696882079,0.0020675097358183,401.24743886792567,5.7499881075537305,HU,4.0,cooling,5.0,194072.81712707583,8760
5.4999881075537305,-0.5,-0.5,True,191120.5948963925,0.0152119306267931,2952.222230683401,5.4999881075537305,HU,4.0,cooling,5.0,194072.81712707583,8760
5.2499881075537305,-0.25,-0.25,True,181935.44103624343,0.0625403200226905,12137.376090832404,5.2499881075537305,HU,4.0,cooling,5.0,194072.81712707583,8760
4.9999881075537305,0.0,0.0,True,160167.91892927184,0.1747019428053318,33904.898197804025,4.9999881075537305,HU,4.0,cooling,5.0,194072.81712707583,8760
4.899988107553731,0.0999999999999996,0.0999999999999996,True,146495.1852169654,0.2451535079173781,47577.631910110475,4.899988107553731,HU,4.0,cooling,5.0,194072.81712707583,8760
4.79998810755373,0.2000000000000001,0.2000000000000001,True,129455.0205197623,0.3329564519332083,64617.79660731356,4.79998810755373,HU,4.0,cooling,5.0,194072.81712707583,8760
4.699988107553731,0.2999999999999998,0.2999999999999998,True,108420.29951468656,0.4413421667203674,85652.51761238929,4.699988107553731,HU,4.0,cooling,5.0,194072.81712707583,8760
4.59998810755373,0.4000000000000003,0.4000000000000003,True,81738.36179686192,0.578826324021767,112334.45533021394,4.59998810755373,HU,4.0,cooling,5.0,194072.81712707583,8760
4.4999881075537305,0.5,0.5,False,,,,,HU,4.0,cooling,5.0,194072.81712707583,8760
4.399988107553731,0.5999999999999996,0.5999999999999996,False,,,,,HU,4.0,cooling,5.0,194072.81712707583,8760
4.29998810755373,0.7000000000000002,0.7000000000000002,False,,,,,HU,4.0,cooling,5.0,194072.81712707583,8760
4.199988107553731,0.7999999999999998,0.7999999999999998,False,,,,,HU,4.0,cooling,5.0,194072.81712707583,8760
4.09998810755373,0.9000000000000004,0.9000000000000004,False,,,,,HU,4.0,cooling,5.0,194072.81712707583,8760
3.9999881075537305,1.0,1.0,False,,,,,HU,4.0,cooling,5.0,194072.81712707583,8760
6.0,-1.0,-1.0,True,91949.85401159144,0.0,0.0,6.0,SI,2.0,flat,5.0,91949.85401159144,8760
5.75,-0.75,-0.75,True,90380.50887266496,0.0170674021812874,1569.3451389264956,5.75,SI,2.0,flat,5.0,91949.85401159144,8760
5.5,-0.5,-0.5,True,86431.19988417916,0.0600180847129631,5518.6541274122865,5.5,SI,2.0,flat,5.0,91949.85401159144,8760
5.25,-0.25,-0.25,True,71851.1691836681,0.2185831075423965,20098.684827923353,5.25,SI,2.0,flat,5.0,91949.85401159144,8760
5.0,0.0,0.0,True,0.0,1.0,91949.85401159144,5.0,SI,2.0,flat,5.0,91949.85401159144,8760
4.9,0.0999999999999996,0.0999999999999996,False,,,,,SI,2.0,flat,5.0,91949.85401159144,8760
4.8,0.2000000000000001,0.2000000000000001,False,,,,,SI,2.0,flat,5.0,91949.85401159144,8760
4.7,0.2999999999999998,0.2999999999999998,False,,,,,SI,2.0,flat,5.0,91949.85401159144,8760
4.6,0.4000000000000003,0.4000000000000003,False,,,,,SI,2.0,flat,5.0,91949.85401159144,8760
4.5,0.5,0.5,False,,,,,SI,2.0,flat,5.0,91949.85401159144,8760
4.4,0.5999999999999996,0.5999999999999996,False,,,,,SI,2.0,flat,5.0,91949.85401159144,8760
4.3,0.7000000000000002,0.7000000000000002,False,,,,,SI,2.0,flat,5.0,91949.85401159144,8760
4.2,0.7999999999999998,0.7999999999999998,False,,,,,SI,2.0,flat,5.0,91949.85401159144,8760
4.1,0.9000000000000004,0.9000000000000004,False,,,,,SI,2.0,flat,5.0,91949.85401159144,8760
4.0,1.0,1.0,False,,,,,SI,2.0,flat,5.0,91949.85401159144,8760
5.9999881075537305,-1.0,-1.0,True,91949.85401159144,0.0,0.0,5.997182437931197,SI,2.0,cooling,5.0,91949.85401159144,8760
5.7499881075537305,-0.75,-0.75,True,91840.156528548,0.0011930142165276,109.69748304346284,5.7499881075537305,SI,2.0,cooling,5.0,91949.85401159144,8760
5.4999881075537305,-0.5,-0.5,True,91308.18400455343,0.0069784777141367,641.6700070380175,5.4999881075537305,SI,2.0,cooling,5.0,91949.85401159144,8760
5.2499881075537305,-0.25,-0.25,True,89551.36740918468,0.0260847244206,2398.486602406774,5.2499881075537305,SI,2.0,cooling,5.0,91949.85401159144,8760
4.9999881075537305,0.0,0.0,True,83307.07254321403,0.0939945099563495,8642.78146837742,4.999988107553731,SI,2.0,cooling,5.0,91949.85401159144,8760
4.899988107553731,0.0999999999999996,0.0999999999999996,True,75779.43296030819,0.1758613020662847,16170.421051283263,4.899988107553732,SI,2.0,cooling,5.0,91949.85401159144,8760
4.79998810755373,0.2000000000000001,0.2000000000000001,True,63740.20404402619,0.306793852701594,28209.64996756526,4.79998810755373,SI,2.0,cooling,5.0,91949.85401159144,8760
4.699988107553731,0.2999999999999998,0.2999999999999998,True,47093.81127767046,0.4878315818561964,44856.04273392099,4.699988107553731,SI,2.0,cooling,5.0,91949.85401159144,8760
4.59998810755373,0.4000000000000003,0.4000000000000003,False,,,,,SI,2.0,cooling,5.0,91949.85401159144,8760
4.4999881075537305,0.5,0.5,False,,,,,SI,2.0,cooling,5.0,91949.85401159144,8760
4.399988107553731,0.5999999999999996,0.5999999999999996,False,,,,,SI,2.0,cooling,5.0,91949.85401159144,8760
4.29998810755373,0.7000000000000002,0.7000000000000002,False,,,,,SI,2.0,cooling,5.0,91949.85401159144,8760
4.199988107553731,0.7999999999999998,0.7999999999999998,False,,,,,SI,2.0,cooling,5.0,91949.85401159144,8760
4.09998810755373,0.9000000000000004,0.9000000000000004,False,,,,,SI,2.0,cooling,5.0,91949.85401159144,8760
3.9999881075537305,1.0,1.0,False,,,,,SI,2.0,cooling,5.0,91949.85401159144,8760
6.0,-1.0,-1.0,True,151572.8870590739,0.0,0.0,6.0,SI,4.0,flat,5.0,151572.8870590739,8760
5.75,-0.75,-0.75,True,143985.16598081813,0.0500598835680852,7587.721078255767,5.75,SI,4.0,flat,5.0,151572.8870590739,8760
5.5,-0.5,-0.5,True,125431.0480154237,0.1724704170440567,26141.83904365019,5.5,SI,4.0,flat,5.0,151572.8870590739,8760
5.25,-0.25,-0.25,True,86066.4601543719,0.4321777342617454,65506.42690470199,5.25,SI,4.0,flat,5.0,151572.8870590739,8760
5.0,0.0,0.0,True,0.0,1.0,151572.8870590739,5.0,SI,4.0,flat,5.0,151572.8870590739,8760
4.9,0.0999999999999996,0.0999999999999996,False,,,,,SI,4.0,flat,5.0,151572.8870590739,8760
4.8,0.2000000000000001,0.2000000000000001,False,,,,,SI,4.0,flat,5.0,151572.8870590739,8760
4.7,0.2999999999999998,0.2999999999999998,False,,,,,SI,4.0,flat,5.0,151572.8870590739,8760
4.6,0.4000000000000003,0.4000000000000003,False,,,,,SI,4.0,flat,5.0,151572.8870590739,8760
4.5,0.5,0.5,False,,,,,SI,4.0,flat,5.0,151572.8870590739,8760
4.4,0.5999999999999996,0.5999999999999996,False,,,,,SI,4.0,flat,5.0,151572.8870590739,8760
4.3,0.7000000000000002,0.7000000000000002,False,,,,,SI,4.0,flat,5.0,151572.8870590739,8760
4.2,0.7999999999999998,0.7999999999999998,False,,,,,SI,4.0,flat,5.0,151572.8870590739,8760
4.1,0.9000000000000004,0.9000000000000004,False,,,,,SI,4.0,flat,5.0,151572.8870590739,8760
4.0,1.0,1.0,False,,,,,SI,4.0,flat,5.0,151572.8870590739,8760
5.9999881075537305,-1.0,-1.0,True,151572.8870590739,0.0,0.0,5.997182437931197,SI,4.0,cooling,5.0,151572.8870590739,8760
5.7499881075537305,-0.75,-0.75,True,151149.5109931038,0.0027932176669901,423.37606597010745,5.7499881075537305,SI,4.0,cooling,5.0,151572.8870590739,8760
5.4999881075537305,-0.5,-0.5,True,148605.5256384626,0.0195771254225355,2967.361420611298,5.4999881075537305,SI,4.0,cooling,5.0,151572.8870590739,8760
5.2499881075537305,-0.25,-0.25,True,139729.62741868582,0.0781357396443355,11843.259640388074,5.2499881075537305,SI,4.0,cooling,5.0,151572.8870590739,8760
4.9999881075537305,0.0,0.0,True,119493.66225381035,0.2116422364691187,32079.22480526354,4.9999881075537305,SI,4.0,cooling,5.0,151572.8870590739,8760
4.899988107553731,0.0999999999999996,0.0999999999999996,True,107301.37954183167,0.2920806509411401,44271.50751724222,4.899988107553731,SI,4.0,cooling,5.0,151572.8870590739,8760
4.79998810755373,0.2000000000000001,0.2000000000000001,True,92401.56287534532,0.3903819827662659,59171.32418372856,4.79998810755373,SI,4.0,cooling,5.0,151572.8870590739,8760
4.699988107553731,0.2999999999999998,0.2999999999999998,True,74496.92977608994,0.508507548932181,77075.95728298396,4.699988107553731,SI,4.0,cooling,5.0,151572.8870590739,8760
4.59998810755373,0.4000000000000003,0.4000000000000003,True,52041.140014681805,0.6566593074498915,99531.74704439208,4.59998810755373,SI,4.0,cooling,5.0,151572.8870590739,8760
4.4999881075537305,0.5,0.5,False,,,,,SI,4.0,cooling,5.0,151572.8870590739,8760
4.399988107553731,0.5999999999999996,0.5999999999999996,False,,,,,SI,4.0,cooling,5.0,151572.8870590739,8760
4.29998810755373,0.7000000000000002,0.7000000000000002,False,,,,,SI,4.0,cooling,5.0,151572.8870590739,8760
4.199988107553731,0.7999999999999998,0.7999999999999998,False,,,,,SI,4.0,cooling,5.0,151572.8870590739,8760
4.09998810755373,0.9000000000000004,0.9000000000000004,False,,,,,SI,4.0,cooling,5.0,151572.8870590739,8760
3.9999881075537305,1.0,1.0,False,,,,,SI,4.0,cooling,5.0,151572.8870590739,8760
6.0,-1.0,-1.0,True,95699.34187081404,0.0,0.0,6.0,HR,2.0,flat,5.0,95699.34187081404,8760
5.75,-0.75,-0.75,True,94227.59004297329,0.0153789127393114,1471.7518278407806,5.75,HR,2.0,flat,5.0,95699.34187081404,8760
5.5,-0.5,-0.5,True,90534.82389744512,0.0539660761757442,5164.517973368944,5.5,HR,2.0,flat,5.0,95699.34187081404,8760
5.25,-0.25,-0.25,True,76151.00136148231,0.2042682857288645,19548.34050933174,5.25,HR,2.0,flat,5.0,95699.34187081404,8760
5.0,0.0,0.0,True,0.0,1.0,95699.34187081404,5.0,HR,2.0,flat,5.0,95699.34187081404,8760
4.9,0.0999999999999996,0.0999999999999996,False,,,,,HR,2.0,flat,5.0,95699.34187081404,8760
4.8,0.2000000000000001,0.2000000000000001,False,,,,,HR,2.0,flat,5.0,95699.34187081404,8760
4.7,0.2999999999999998,0.2999999999999998,False,,,,,HR,2.0,flat,5.0,95699.34187081404,8760
4.6,0.4000000000000003,0.4000000000000003,False,,,,,HR,2.0,flat,5.0,95699.34187081404,8760
4.5,0.5,0.5,False,,,,,HR,2.0,flat,5.0,95699.34187081404,8760
4.4,0.5999999999999996,0.5999999999999996,False,,,,,HR,2.0,flat,5.0,95699.34187081404,8760
4.3,0.7000000000000002,0.7000000000000002,False,,,,,HR,2.0,flat,5.0,95699.34187081404,8760
4.2,0.7999999999999998,0.7999999999999998,False,,,,,HR,2.0,flat,5.0,95699.34187081404,8760
4.1,0.9000000000000004,0.9000000000000004,False,,,,,HR,2.0,flat,5.0,95699.34187081404,8760
4.0,1.0,1.0,False,,,,,HR,2.0,flat,5.0,95699.34187081404,8760
5.9999881075537305,-1.0,-1.0,True,95699.34187081404,0.0,0.0,5.997182437931197,HR,2.0,cooling,5.0,95699.34187081404,8760
5.7499881075537305,-0.75,-0.75,True,95599.240251237,0.0010460011283274,100.1016195770644,5.7499881075537305,HR,2.0,cooling,5.0,95699.34187081404,8760
5.4999881075537305,-0.5,-0.5,True,95141.43340474316,0.0058298046273298,557.9084660708904,5.4999881075537305,HR,2.0,cooling,5.0,95699.34187081404,8760
5.2499881075537305,-0.25,-0.25,True,93622.92830247249,0.0216972606890499,2076.413568341566,5.2499881075537305,HR,2.0,cooling,5.0,95699.34187081404,8760
4.9999881075537305,0.0,0.0,True,88034.68875181084,0.0800909700021744,7664.653119003211,4.999988107553731,HR,2.0,cooling,5.0,95699.34187081404,8760
4.899988107553731,0.0999999999999996,0.0999999999999996,True,80606.85122791212,0.1577073608643568,15092.490642901932,4.899988107553732,HR,2.0,cooling,5.0,95699.34187081404,8760
4.79998810755373,0.2000000000000001,0.2000000000000001,True,68375.38114596922,0.2855187944942176,27323.96072484483,4.79998810755373,HR,2.0,cooling,5.0,95699.34187081404,8760
4.699988107553731,0.2999999999999998,0.2999999999999998,True,51386.58687772221,0.463041376532247,44312.75499309184,4.699988107553731,HR,2.0,cooling,5.0,95699.34187081404,8760
4.59998810755373,0.4000000000000003,0.4000000000000003,False,,,,,HR,2.0,cooling,5.0,95699.34187081404,8760
4.4999881075537305,0.5,0.5,False,,,,,HR,2.0,cooling,5.0,95699.34187081404,8760
4.399988107553731,0.5999999999999996,0.5999999999999996,False,,,,,HR,2.0,cooling,5.0,95699.34187081404,8760
4.29998810755373,0.7000000000000002,0.7000000000000002,False,,,,,HR,2.0,cooling,5.0,95699.34187081404,8760
4.199988107553731,0.7999999999999998,0.7999999999999998,False,,,,,HR,2.0,cooling,5.0,95699.34187081404,8760
4.09998810755373,0.9000000000000004,0.9000000000000004,False,,,,,HR,2.0,cooling,5.0,95699.34187081404,8760
3.9999881075537305,1.0,1.0,False,,,,,HR,2.0,cooling,5.0,95699.34187081404,8760
6.0,-1.0,-1.0,True,159135.22168507267,0.0,0.0,6.0,HR,4.0,flat,5.0,159135.22168507267,8760
5.75,-0.75,-0.75,True,151914.01285830175,0.0453778161132777,7221.208826770919,5.75,HR,4.0,flat,5.0,159135.22168507267,8760
5.5,-0.5,-0.5,True,133479.9140805711,0.1612170287183388,25655.307604501577,5.5,HR,4.0,flat,5.0,159135.22168507267,8760
5.25,-0.25,-0.25,True,92370.4040409611,0.4195477087796352,66764.81764411156,5.25,HR,4.0,flat,5.0,159135.22168507267,8760
5.0,0.0,0.0,True,0.0,1.0,159135.22168507267,5.0,HR,4.0,flat,5.0,159135.22168507267,8760
4.9,0.0999999999999996,0.0999999999999996,False,,,,,HR,4.0,flat,5.0,159135.22168507267,8760
4.8,0.2000000000000001,0.2000000000000001,False,,,,,HR,4.0,flat,5.0,159135.22168507267,8760
4.7,0.2999999999999998,0.2999999999999998,False,,,,,HR,4.0,flat,5.0,159135.22168507267,8760
4.6,0.4000000000000003,0.4000000000000003,False,,,,,HR,4.0,flat,5.0,159135.22168507267,8760
4.5,0.5,0.5,False,,,,,HR,4.0,flat,5.0,159135.22168507267,8760
4.4,0.5999999999999996,0.5999999999999996,False,,,,,HR,4.0,flat,5.0,159135.22168507267,8760
4.3,0.7000000000000002,0.7000000000000002,False,,,,,HR,4.0,flat,5.0,159135.22168507267,8760
4.2,0.7999999999999998,0.7999999999999998,False,,,,,HR,4.0,flat,5.0,159135.22168507267,8760
4.1,0.9000000000000004,0.9000000000000004,False,,,,,HR,4.0,flat,5.0,159135.22168507267,8760
4.0,1.0,1.0,False,,,,,HR,4.0,flat,5.0,159135.22168507267,8760
5.9999881075537305,-1.0,-1.0,True,159135.22168507267,0.0,0.0,5.997182437931197,HR,4.0,cooling,5.0,159135.22168507267,8760
5.7499881075537305,-0.75,-0.75,True,158761.4211735796,0.002348948947536,373.80051149305655,5.7499881075537305,HR,4.0,cooling,5.0,159135.22168507267,8760
5.4999881075537305,-0.5,-0.5,True,156482.2721837833,0.016671039089885,2652.949501289375,5.4999881075537305,HR,4.0,cooling,5.0,159135.22168507267,8760
5.2499881075537305,-0.25,-0.25,True,148312.04194320316,0.0680124715777158,10823.179741869506,5.2499881075537305,HR,4.0,cooling,5.0,159135.22168507267,8760
4.9999881075537305,0.0,0.0,True,128169.70133782536,0.1945862142859098,30965.52034724732,4.9999881075537305,HR,4.0,cooling,5.0,159135.22168507267,8760
4.899988107553731,0.0999999999999996,0.0999999999999996,True,115684.16792144989,0.2730448564656044,43451.0537636228,4.899988107553731,HR,4.0,cooling,5.0,159135.22168507267,8760
4.79998810755373,0.2000000000000001,0.2000000000000001,True,100325.13472781931,0.3695604677237201,58810.08695725334,4.79998810755373,HR,4.0,cooling,5.0,159135.22168507267,8760
4.699988107553731,0.2999999999999998,0.2999999999999998,True,81659.83007435285,0.4868525697223899,77475.39161071982,4.699988107553731,HR,4.0,cooling,5.0,159135.22168507267,8760
4.59998810755373,0.4000000000000003,0.4000000000000003,True,58319.3210806384,0.6335234873644009,100815.90060443428,4.59998810755373,HR,4.0,cooling,5.0,159135.22168507267,8760
4.4999881075537305,0.5,0.5,False,,,,,HR,4.0,cooling,5.0,159135.22168507267,8760
4.399988107553731,0.5999999999999996,0.5999999999999996,False,,,,,HR,4.0,cooling,5.0,159135.22168507267,8760
4.29998810755373,0.7000000000000002,0.7000000000000002,False,,,,,HR,4.0,cooling,5.0,159135.22168507267,8760
4.199988107553731,0.7999999999999998,0.7999999999999998,False,,,,,HR,4.0,cooling,5.0,159135.22168507267,8760
4.09998810755373,0.9000000000000004,0.9000000000000004,False,,,,,HR,4.0,cooling,5.0,159135.22168507267,8760
3.9999881075537305,1.0,1.0,False,,,,,HR,4.0,cooling,5.0,159135.22168507267,8760
6.0,-1.0,-1.0,True,112696.2767375231,0.0,0.0,6.0,RO,2.0,flat,5.0,112696.2767375231,8760
5.75,-0.75,-0.75,True,111319.62251674556,0.0122156140436108,1376.6542207775346,5.75,RO,2.0,flat,5.0,112696.2767375231,8760
5.5,-0.5,-0.5,True,107855.69288093418,0.0429524736461609,4840.583856588928,5.5,RO,2.0,flat,5.0,112696.2767375231,8760
5.25,-0.25,-0.25,True,93321.6091743407,0.1719193226614509,19374.667563182404,5.25,RO,2.0,flat,5.0,112696.2767375231,8760
5.0,0.0,0.0,True,0.0,1.0,112696.2767375231,5.0,RO,2.0,flat,5.0,112696.2767375231,8760
4.9,0.0999999999999996,0.0999999999999996,False,,,,,RO,2.0,flat,5.0,112696.2767375231,8760
4.8,0.2000000000000001,0.2000000000000001,False,,,,,RO,2.0,flat,5.0,112696.2767375231,8760
4.7,0.2999999999999998,0.2999999999999998,False,,,,,RO,2.0,flat,5.0,112696.2767375231,8760
4.6,0.4000000000000003,0.4000000000000003,False,,,,,RO,2.0,flat,5.0,112696.2767375231,8760
4.5,0.5,0.5,False,,,,,RO,2.0,flat,5.0,112696.2767375231,8760
4.4,0.5999999999999996,0.5999999999999996,False,,,,,RO,2.0,flat,5.0,112696.2767375231,8760
4.3,0.7000000000000002,0.7000000000000002,False,,,,,RO,2.0,flat,5.0,112696.2767375231,8760
4.2,0.7999999999999998,0.7999999999999998,False,,,,,RO,2.0,flat,5.0,112696.2767375231,8760
4.1,0.9000000000000004,0.9000000000000004,False,,,,,RO,2.0,flat,5.0,112696.2767375231,8760
4.0,1.0,1.0,False,,,,,RO,2.0,flat,5.0,112696.2767375231,8760
5.9999881075537305,-1.0,-1.0,True,112696.2767375231,0.0,0.0,5.981419312603824,RO,2.0,cooling,5.0,112696.2767375231,8760
5.7499881075537305,-0.75,-0.75,True,112612.60188508414,0.0007424810726787,83.67485243896954,5.7499881075537305,RO,2.0,cooling,5.0,112696.2767375231,8760
5.4999881075537305,-0.5,-0.5,True,112264.41797113702,0.0038320588655462,431.8587663860817,5.4999881075537305,RO,2.0,cooling,5.0,112696.2767375231,8760
5.2499881075537305,-0.25,-0.25,True,111107.0358764336,0.0141019819562535,1589.2408610895072,5.2499881075537305,RO,2.0,cooling,5.0,112696.2767375231,8760
4.9999881075537305,0.0,0.0,True,106429.37918390104,0.0556087364644537,6266.897553622068,4.9999881075537305,RO,2.0,cooling,5.0,112696.2767375231,8760
4.899988107553731,0.0999999999999996,0.0999999999999996,True,99065.80098270276,0.1209487673365341,13630.475754820349,4.899988107553732,RO,2.0,cooling,5.0,112696.2767375231,8760
4.79998810755373,0.2000000000000001,0.2000000000000001,True,86134.54227240355,0.2356930968268237,26561.73446511956,4.79998810755373,RO,2.0,cooling,5.0,112696.2767375231,8760
4.699988107553731,0.2999999999999998,0.2999999999999998,True,67762.30080570624,0.3987174841318937,44933.975931816865,4.699988107553731,RO,2.0,cooling,5.0,112696.2767375231,8760
4.59998810755373,0.4000000000000003,0.4000000000000003,False,,,,,RO,2.0,cooling,5.0,112696.2767375231,8760
4.4999881075537305,0.5,0.5,False,,,,,RO,2.0,cooling,5.0,112696.2767375231,8760
4.399988107553731,0.5999999999999996,0.5999999999999996,False,,,,,RO,2.0,cooling,5.0,112696.2767375231,8760
4.29998810755373,0.7000000000000002,0.7000000000000002,False,,,,,RO,2.0,cooling,5.0,112696.2767375231,8760
4.199988107553731,0.7999999999999998,0.7999999999999998,False,,,,,RO,2.0,cooling,5.0,112696.2767375231,8760
4.09998810755373,0.9000000000000004,0.9000000000000004,False,,,,,RO,2.0,cooling,5.0,112696.2767375231,8760
3.9999881075537305,1.0,1.0,False,,,,,RO,2.0,cooling,5.0,112696.2767375231,8760
6.0,-1.0,-1.0,True,188628.0011540146,0.0,0.0,6.0,RO,4.0,flat,5.0,188628.0011540146,8760
5.75,-0.75,-0.75,True,181999.62538449783,0.0351399353699597,6628.375769516773,5.75,RO,4.0,flat,5.0,188628.0011540146,8760
5.5,-0.5,-0.5,True,163453.3065815408,0.1334621287319835,25174.694572473814,5.5,RO,4.0,flat,5.0,188628.0011540146,8760
5.25,-0.25,-0.25,True,116360.81883907536,0.3831201193503246,72267.18231493926,5.25,RO,4.0,flat,5.0,188628.0011540146,8760
5.0,0.0,0.0,True,0.0,1.0,188628.0011540146,5.0,RO,4.0,flat,5.0,188628.0011540146,8760
4.9,0.0999999999999996,0.0999999999999996,False,,,,,RO,4.0,flat,5.0,188628.0011540146,8760
4.8,0.2000000000000001,0.2000000000000001,False,,,,,RO,4.0,flat,5.0,188628.0011540146,8760
4.7,0.2999999999999998,0.2999999999999998,False,,,,,RO,4.0,flat,5.0,188628.0011540146,8760
4.6,0.4000000000000003,0.4000000000000003,False,,,,,RO,4.0,flat,5.0,188628.0011540146,8760
4.5,0.5,0.5,False,,,,,RO,4.0,flat,5.0,188628.0011540146,8760
4.4,0.5999999999999996,0.5999999999999996,False,,,,,RO,4.0,flat,5.0,188628.0011540146,8760
4.3,0.7000000000000002,0.7000000000000002,False,,,,,RO,4.0,flat,5.0,188628.0011540146,8760
4.2,0.7999999999999998,0.7999999999999998,False,,,,,RO,4.0,flat,5.0,188628.0011540146,8760
4.1,0.9000000000000004,0.9000000000000004,False,,,,,RO,4.0,flat,5.0,188628.0011540146,8760
4.0,1.0,1.0,False,,,,,RO,4.0,flat,5.0,188628.0011540146,8760
5.9999881075537305,-1.0,-1.0,True,188628.0011540146,0.0,0.0,5.9842051638177995,RO,4.0,cooling,5.0,188628.0011540146,8760
5.7499881075537305,-0.75,-0.75,True,188308.8800141402,0.0016918015242809,319.1211398744199,5.7499881075537305,RO,4.0,cooling,5.0,188628.0011540146,8760
5.4999881075537305,-0.5,-0.5,True,186447.33778799756,0.0115606556432549,2180.663366017048,5.4999881075537305,RO,4.0,cooling,5.0,188628.0011540146,8760
5.2499881075537305,-0.25,-0.25,True,179464.24755290014,0.048581088412384,9163.75360111447,5.2499881075537305,RO,4.0,cooling,5.0,188628.0011540146,8760
4.9999881075537305,0.0,0.0,True,159613.4806079899,0.1538187351215918,29014.520546024694,4.9999881075537305,RO,4.0,cooling,5.0,188628.0011540146,8760
4.899988107553731,0.0999999999999996,0.0999999999999996,True,146504.34894892803,0.2233160079488551,42123.652205086575,4.899988107553731,RO,4.0,cooling,5.0,188628.0011540146,8760
4.79998810755373,0.2000000000000001,0.2000000000000001,True,129813.34015435333,0.3118023869194222,58814.66099966128,4.79998810755373,RO,4.0,cooling,5.0,188628.0011540146,8760
4.699988107553731,0.2999999999999998,0.2999999999999998,True,108832.63658352256,0.4230303246724179,79795.36457049203,4.699988107553731,RO,4.0,cooling,5.0,188628.0011540146,8760
4.59998810755373,0.4000000000000003,0.4000000000000003,True,82103.01162760955,0.5647358232854702,106524.98952640506,4.59998810755373,RO,4.0,cooling,5.0,188628.0011540146,8760
4.4999881075537305,0.5,0.5,False,,,,,RO,4.0,cooling,5.0,188628.0011540146,8760
4.399988107553731,0.5999999999999996,0.5999999999999996,False,,,,,RO,4.0,cooling,5.0,188628.0011540146,8760
4.29998810755373,0.7000000000000002,0.7000000000000002,False,,,,,RO,4.0,cooling,5.0,188628.0011540146,8760
4.199988107553731,0.7999999999999998,0.7999999999999998,False,,,,,RO,4.0,cooling,5.0,188628.0011540146,8760
4.09998810755373,0.9000000000000004,0.9000000000000004,False,,,,,RO,4.0,cooling,5.0,188628.0011540146,8760
3.9999881075537305,1.0,1.0,False,,,,,RO,4.0,cooling,5.0,188628.0011540146,8760
6.0,-1.0,-1.0,True,104401.02371697694,0.0,0.0,6.0,BG,2.0,flat,5.0,104401.02371697694,8760
5.75,-0.75,-0.75,True,102785.2915650675,0.0154762098529758,1615.7321519094403,5.75,BG,2.0,flat,5.0,104401.02371697694,8760
5.5,-0.5,-0.5,True,99239.0412822024,0.0494437913632751,5161.982434774545,5.5,BG,2.0,flat,5.0,104401.02371697694,8760
5.25,-0.25,-0.25,True,85691.34730186009,0.1792097026350749,18709.676415116846,5.25,BG,2.0,flat,5.0,104401.02371697694,8760
5.0,0.0,0.0,True,0.0,1.0,104401.02371697694,5.0,BG,2.0,flat,5.0,104401.02371697694,8760
4.9,0.0999999999999996,0.0999999999999996,False,,,,,BG,2.0,flat,5.0,104401.02371697694,8760
4.8,0.2000000000000001,0.2000000000000001,False,,,,,BG,2.0,flat,5.0,104401.02371697694,8760
4.7,0.2999999999999998,0.2999999999999998,False,,,,,BG,2.0,flat,5.0,104401.02371697694,8760
4.6,0.4000000000000003,0.4000000000000003,False,,,,,BG,2.0,flat,5.0,104401.02371697694,8760
4.5,0.5,0.5,False,,,,,BG,2.0,flat,5.0,104401.02371697694,8760
4.4,0.5999999999999996,0.5999999999999996,False,,,,,BG,2.0,flat,5.0,104401.02371697694,8760
4.3,0.7000000000000002,0.7000000000000002,False,,,,,BG,2.0,flat,5.0,104401.02371697694,8760
4.2,0.7999999999999998,0.7999999999999998,False,,,,,BG,2.0,flat,5.0,104401.02371697694,8760
4.1,0.9000000000000004,0.9000000000000004,False,,,,,BG,2.0,flat,5.0,104401.02371697694,8760
4.0,1.0,1.0,False,,,,,BG,2.0,flat,5.0,104401.02371697694,8760
5.9999881075537305,-1.0,-1.0,True,104401.02371697694,0.0,0.0,5.9842051638177995,BG,2.0,cooling,5.0,104401.02371697694,8760
5.7499881075537305,-0.75,-0.75,True,104302.19349968329,0.0009466403084474,98.83021729366736,5.7499881075537305,BG,2.0,cooling,5.0,104401.02371697694,8760
5.4999881075537305,-0.5,-0.5,True,103962.05806160044,0.0042046106421955,438.96565537650895,5.4999881075537305,BG,2.0,cooling,5.0,104401.02371697694,8760
5.2499881075537305,-0.25,-0.25,True,102929.0794696482,0.0140989445785424,1471.944247328749,5.2499881075537305,BG,2.0,cooling,5.0,104401.02371697694,8760
4.9999881075537305,0.0,0.0,True,99368.714751913,0.048201720499467,5032.308965063945,4.9999881075537305,BG,2.0,cooling,5.0,104401.02371697694,8760
4.899988107553731,0.0999999999999996,0.0999999999999996,True,93806.50606503492,0.1014790590623222,10594.517651942006,4.899988107553731,BG,2.0,cooling,5.0,104401.02371697694,8760
4.79998810755373,0.2000000000000001,0.2000000000000001,True,83009.85118504862,0.2048942794844437,21391.17253192831,4.79998810755373,BG,2.0,cooling,5.0,104401.02371697694,8760
4.699988107553731,0.2999999999999998,0.2999999999999998,True,66903.06602768521,0.3591723179932198,37497.957689291725,4.699988107553731,BG,2.0,cooling,5.0,104401.02371697694,8760
4.59998810755373,0.4000000000000003,0.4000000000000003,False,,,,,BG,2.0,cooling,5.0,104401.02371697694,8760
4.4999881075537305,0.5,0.5,False,,,,,BG,2.0,cooling,5.0,104401.02371697694,8760
4.399988107553731,0.5999999999999996,0.5999999999999996,False,,,,,BG,2.0,cooling,5.0,104401.02371697694,8760
4.29998810755373,0.7000000000000002,0.7000000000000002,False,,,,,BG,2.0,cooling,5.0,104401.02371697694,8760
4.199988107553731,0.7999999999999998,0.7999999999999998,False,,,,,BG,2.0,cooling,5.0,104401.02371697694,8760
4.09998810755373,0.9000000000000004,0.9000000000000004,False,,,,,BG,2.0,cooling,5.0,104401.02371697694,8760
3.9999881075537305,1.0,1.0,False,,,,,BG,2.0,cooling,5.0,104401.02371697694,8760
6.0,-1.0,-1.0,True,174809.73434786356,0.0,0.0,6.0,BG,4.0,flat,5.0,174809.73434786356,8760
5.75,-0.75,-0.75,True,168617.9086674319,0.0354203712026138,6191.825680431648,5.75,BG,4.0,flat,5.0,174809.73434786356,8760
5.5,-0.5,-0.5,True,151740.62466772398,0.1319669626305425,23069.109680139576,5.5,BG,4.0,flat,5.0,174809.73434786356,8760
5.25,-0.25,-0.25,True,103305.5666709123,0.4090399653297405,71504.16767695126,5.25,BG,4.0,flat,5.0,174809.73434786356,8760
5.0,0.0,0.0,True,0.0,1.0,174809.73434786356,5.0,BG,4.0,flat,5.0,174809.73434786356,8760
4.9,0.0999999999999996,0.0999999999999996,False,,,,,BG,4.0,flat,5.0,174809.73434786356,8760
4.8,0.2000000000000001,0.2000000000000001,False,,,,,BG,4.0,flat,5.0,174809.73434786356,8760
4.7,0.2999999999999998,0.2999999999999998,False,,,,,BG,4.0,flat,5.0,174809.73434786356,8760
4.6,0.4000000000000003,0.4000000000000003,False,,,,,BG,4.0,flat,5.0,174809.73434786356,8760
4.5,0.5,0.5,False,,,,,BG,4.0,flat,5.0,174809.73434786356,8760
4.4,0.5999999999999996,0.5999999999999996,False,,,,,BG,4.0,flat,5.0,174809.73434786356,8760
4.3,0.7000000000000002,0.7000000000000002,False,,,,,BG,4.0,flat,5.0,174809.73434786356,8760
4.2,0.7999999999999998,0.7999999999999998,False,,,,,BG,4.0,flat,5.0,174809.73434786356,8760
4.1,0.9000000000000004,0.9000000000000004,False,,,,,BG,4.0,flat,5.0,174809.73434786356,8760
4.0,1.0,1.0,False,,,,,BG,4.0,flat,5.0,174809.73434786356,8760
5.9999881075537305,-1.0,-1.0,True,174809.73434786356,0.0,0.0,5.993723104286604,BG,4.0,cooling,5.0,174809.73434786356,8760
5.7499881075537305,-0.75,-0.75,True,174545.51022219905,0.0015114954933729,264.2241256645066,5.7499881075537305,BG,4.0,cooling,5.0,174809.73434786356,8760
5.4999881075537305,-0.5,-0.5,True,173258.83401405864,0.0088719334743607,1550.9003338049224,5.4999881075537305,BG,4.0,cooling,5.0,174809.73434786356,8760
5.2499881075537305,-0.25,-0.25,True,168235.11212883028,0.0376101608046041,6574.622219033277,5.2499881075537305,BG,4.0,cooling,5.0,174809.73434786356,8760
4.9999881075537305,0.0,0.0,True,149725.0328324247,0.1434971662706232,25084.70151543885,4.9999881075537305,BG,4.0,cooling,5.0,174809.73434786356,8760
4.899988107553731,0.0999999999999996,0.0999999999999996,True,136431.0604072617,0.2195454050872819,38378.673940601846,4.899988107553731,BG,4.0,cooling,5.0,174809.73434786356,8760
4.79998810755373,0.2000000000000001,0.2000000000000001,True,119828.85699500985,0.3145183965753545,54980.87735285373,4.79998810755373,BG,4.0,cooling,5.0,174809.73434786356,8760
4.699988107553731,0.2999999999999998,0.2999999999999998,True,99547.58384051024,0.4305375257740796,75262.15050735333,4.699988107553731,BG,4.0,cooling,5.0,174809.73434786356,8760
4.59998810755373,0.4000000000000003,0.4000000000000003,True,74486.32226636578,0.5739006037378827,100323.41208149778,4.59998810755373,BG,4.0,cooling,5.0,174809.73434786356,8760
4.4999881075537305,0.5,0.5,False,,,,,BG,4.0,cooling,5.0,174809.73434786356,8760
4.399988107553731,0.5999999999999996,0.5999999999999996,False,,,,,BG,4.0,cooling,5.0,174809.73434786356,8760
4.29998810755373,0.7000000000000002,0.7000000000000002,False,,,,,BG,4.0,cooling,5.0,174809.73434786356,8760
4.199988107553731,0.7999999999999998,0.7999999999999998,False,,,,,BG,4.0,cooling,5.0,174809.73434786356,8760
4.09998810755373,0.9000000000000004,0.9000000000000004,False,,,,,BG,4.0,cooling,5.0,174809.73434786356,8760
3.9999881075537305,1.0,1.0,False,,,,,BG,4.0,cooling,5.0,174809.73434786356,8760
6.0,-1.0,-1.0,True,107456.06961320988,0.0,0.0,6.0,GR,2.0,flat,5.0,107456.06961320988,8760
5.75,-0.75,-0.75,True,105769.22899677028,0.0156979556623596,1686.8406164396,5.75,GR,2.0,flat,5.0,107456.06961320988,8760
5.5,-0.5,-0.5,True,102062.99819942383,0.0501886159916187,5393.071413786034,5.5,GR,2.0,flat,5.0,107456.06961320988,8760
5.25,-0.25,-0.25,True,87998.81062129127,0.1810717538986431,19457.2589919186,5.25,GR,2.0,flat,5.0,107456.06961320988,8760
5.0,0.0,0.0,True,0.0,1.0,107456.06961320988,5.0,GR,2.0,flat,5.0,107456.06961320988,8760
4.9,0.0999999999999996,0.0999999999999996,False,,,,,GR,2.0,flat,5.0,107456.06961320988,8760
4.8,0.2000000000000001,0.2000000000000001,False,,,,,GR,2.0,flat,5.0,107456.06961320988,8760
4.7,0.2999999999999998,0.2999999999999998,False,,,,,GR,2.0,flat,5.0,107456.06961320988,8760
4.6,0.4000000000000003,0.4000000000000003,False,,,,,GR,2.0,flat,5.0,107456.06961320988,8760
4.5,0.5,0.5,False,,,,,GR,2.0,flat,5.0,107456.06961320988,8760
4.4,0.5999999999999996,0.5999999999999996,False,,,,,GR,2.0,flat,5.0,107456.06961320988,8760
4.3,0.7000000000000002,0.7000000000000002,False,,,,,GR,2.0,flat,5.0,107456.06961320988,8760
4.2,0.7999999999999998,0.7999999999999998,False,,,,,GR,2.0,flat,5.0,107456.06961320988,8760
4.1,0.9000000000000004,0.9000000000000004,False,,,,,GR,2.0,flat,5.0,107456.06961320988,8760
4.0,1.0,1.0,False,,,,,GR,2.0,flat,5.0,107456.06961320988,8760
5.9999881075537305,-1.0,-1.0,True,107456.06961320988,0.0,0.0,5.981346519642999,GR,2.0,cooling,5.0,107456.06961320988,8760
5.7499881075537305,-0.75,-0.75,True,107394.01395028,0.000577497978041,62.05566292986623,5.7499881075537305,GR,2.0,cooling,5.0,107456.06961320988,8760
5.4999881075537305,-0.5,-0.5,True,107157.0852837508,0.0027823866118988,298.98432945906825,5.4999881075537305,GR,2.0,cooling,5.0,107456.06961320988,8760
5.2499881075537305,-0.25,-0.25,True,106328.04066249017,0.0104975824518808,1128.0289507197158,5.2499881075537305,GR,2.0,cooling,5.0,107456.06961320988,8760
4.9999881075537305,0.0,0.0,True,103382.32304848304,0.0379108093138932,4073.74656472684,4.9999881075537305,GR,2.0,cooling,5.0,107456.06961320988,8760
4.899988107553731,0.0999999999999996,0.0999999999999996,True,98141.17605171035,0.086685597147082,9314.893561499512,4.899988107553731,GR,2.0,cooling,5.0,107456.06961320988,8760
4.79998810755373,0.2000000000000001,0.2000000000000001,True,87163.17281165281,0.188848306797389,20292.896801557057,4.79998810755373,GR,2.0,cooling,5.0,107456.06961320988,8760
4.699988107553731,0.2999999999999998,0.2999999999999998,True,70374.40565591388,0.3450867325668258,37081.66395729598,4.699988107553731,GR,2.0,cooling,5.0,107456.06961320988,8760
4.59998810755373,0.4000000000000003,0.4000000000000003,False,,,,,GR,2.0,cooling,5.0,107456.06961320988,8760
4.4999881075537305,0.5,0.5,False,,,,,GR,2.0,cooling,5.0,107456.06961320988,8760
4.399988107553731,0.5999999999999996,0.5999999999999996,False,,,,,GR,2.0,cooling,5.0,107456.06961320988,8760
4.29998810755373,0.7000000000000002,0.7000000000000002,False,,,,,GR,2.0,cooling,5.0,107456.06961320988,8760
4.199988107553731,0.7999999999999998,0.7999999999999998,False,,,,,GR,2.0,cooling,5.0,107456.06961320988,8760
4.09998810755373,0.9000000000000004,0.9000000000000004,False,,,,,GR,2.0,cooling,5.0,107456.06961320988,8760
3.9999881075537305,1.0,1.0,False,,,,,GR,2.0,cooling,5.0,107456.06961320988,8760
6.0,-1.0,-1.0,True,181456.5355131597,0.0,0.0,6.0,GR,4.0,flat,5.0,181456.5355131597,8760
5.75,-0.75,-0.75,True,174923.5675606757,0.0360029355460179,6532.967952484003,5.75,GR,4.0,flat,5.0,181456.5355131597,8760
5.5,-0.5,-0.5,True,157219.9852091964,0.1335666981375031,24236.550303963304,5.5,GR,4.0,flat,5.0,181456.5355131597,8760
5.25,-0.25,-0.25,True,105152.1365175826,0.4205106130776056,76304.39899557711,5.25,GR,4.0,flat,5.0,181456.5355131597,8760
5.0,0.0,0.0,True,0.0,1.0,181456.5355131597,5.0,GR,4.0,flat,5.0,181456.5355131597,8760
4.9,0.0999999999999996,0.0999999999999996,False,,,,,GR,4.0,flat,5.0,181456.5355131597,8760
4.8,0.2000000000000001,0.2000000000000001,False,,,,,GR,4.0,flat,5.0,181456.5355131597,8760
4.7,0.2999999999999998,0.2999999999999998,False,,,,,GR,4.0,flat,5.0,181456.5355131597,8760
4.6,0.4000000000000003,0.4000000000000003,False,,,,,GR,4.0,flat,5.0,181456.5355131597,8760
4.5,0.5,0.5,False,,,,,GR,4.0,flat,5.0,181456.5355131597,8760
4.4,0.5999999999999996,0.5999999999999996,False,,,,,GR,4.0,flat,5.0,181456.5355131597,8760
4.3,0.7000000000000002,0.7000000000000002,False,,,,,GR,4.0,flat,5.0,181456.5355131597,8760
4.2,0.7999999999999998,0.7999999999999998,False,,,,,GR,4.0,flat,5.0,181456.5355131597,8760
4.1,0.9000000000000004,0.9000000000000004,False,,,,,GR,4.0,flat,5.0,181456.5355131597,8760
4.0,1.0,1.0,False,,,,,GR,4.0,flat,5.0,181456.5355131597,8760
5.9999881075537305,-1.0,-1.0,True,181456.5355131597,0.0,0.0,5.993723104286604,GR,4.0,cooling,5.0,181456.5355131597,8760
5.7499881075537305,-0.75,-0.75,True,181292.734422908,0.0009027015190632,163.8010902516835,5.7499881075537305,GR,4.0,cooling,5.0,181456.5355131597,8760
5.4999881075537305,-0.5,-0.5,True,180392.09734983573,0.0058660778478644,1064.4381633239682,5.4999881075537305,GR,4.0,cooling,5.0,181456.5355131597,8760
5.2499881075537305,-0.25,-0.25,True,176336.8023100204,0.0282146531050021,5119.733203139302,5.2499881075537305,GR,4.0,cooling,5.0,181456.5355131597,8760
4.9999881075537305,0.0,0.0,True,156668.74162434324,0.1366045803680562,24787.793888816464,4.9999881075537305,GR,4.0,cooling,5.0,181456.5355131597,8760
4.899988107553731,0.0999999999999996,0.0999999999999996,True,141872.58107889,0.2181456530200256,39583.95443426969,4.899988107553731,GR,4.0,cooling,5.0,181456.5355131597,8760
4.79998810755373,0.2000000000000001,0.2000000000000001,True,123286.02269720157,0.3205754626112073,58170.512815958136,4.79998810755373,GR,4.0,cooling,5.0,181456.5355131597,8760
4.699988107553731,0.2999999999999998,0.2999999999999998,True,100926.63042696111,0.4437972149003051,80529.90508619857,4.699988107553731,GR,4.0,cooling,5.0,181456.5355131597,8760
4.59998810755373,0.4000000000000003,0.4000000000000003,True,73925.98723609708,0.5925967228072875,107530.54827706264,4.59998810755373,GR,4.0,cooling,5.0,181456.5355131597,8760
4.4999881075537305,0.5,0.5,False,,,,,GR,4.0,cooling,5.0,181456.5355131597,8760
4.399988107553731,0.5999999999999996,0.5999999999999996,False,,,,,GR,4.0,cooling,5.0,181456.5355131597,8760
4.29998810755373,0.7000000000000002,0.7000000000000002,False,,,,,GR,4.0,cooling,5.0,181456.5355131597,8760
4.199988107553731,0.7999999999999998,0.7999999999999998,False,,,,,GR,4.0,cooling,5.0,181456.5355131597,8760
4.09998810755373,0.9000000000000004,0.9000000000000004,False,,,,,GR,4.0,cooling,5.0,181456.5355131597,8760
3.9999881075537305,1.0,1.0,False,,,,,GR,4.0,cooling,5.0,181456.5355131597,8760
6.0,-1.0,-1.0,True,34836.57681919776,0.0,0.0,6.0,IT-North,2.0,flat,5.0,34836.57681919776,7296
5.75,-0.75,-0.75,True,33723.85314757207,0.0319412460472434,1336.000460997957,5.75,IT-North,2.0,flat,5.0,34836.57681919776,7296
5.5,-0.5,-0.5,True,31330.27391960089,0.1006500414146494,4209.870257739663,5.5,IT-North,2.0,flat,5.0,34836.57681919776,7296
5.25,-0.25,-0.25,True,23827.89209565044,0.3160093708599018,13217.66422399596,5.25,IT-North,2.0,flat,5.0,34836.57681919776,7296
5.0,0.0,0.0,True,0.0,1.0,41826.81098357626,5.0,IT-North,2.0,flat,5.0,34836.57681919776,7296
4.9,0.0999999999999996,0.0999999999999996,False,,,,,IT-North,2.0,flat,5.0,34836.57681919776,7296
4.8,0.2000000000000001,0.2000000000000001,False,,,,,IT-North,2.0,flat,5.0,34836.57681919776,7296
4.7,0.2999999999999998,0.2999999999999998,False,,,,,IT-North,2.0,flat,5.0,34836.57681919776,7296
4.6,0.4000000000000003,0.4000000000000003,False,,,,,IT-North,2.0,flat,5.0,34836.57681919776,7296
4.5,0.5,0.5,False,,,,,IT-North,2.0,flat,5.0,34836.57681919776,7296
4.4,0.5999999999999996,0.5999999999999996,False,,,,,IT-North,2.0,flat,5.0,34836.57681919776,7296
4.3,0.7000000000000002,0.7000000000000002,False,,,,,IT-North,2.0,flat,5.0,34836.57681919776,7296
4.2,0.7999999999999998,0.7999999999999998,False,,,,,IT-North,2.0,flat,5.0,34836.57681919776,7296
4.1,0.9000000000000004,0.9000000000000004,False,,,,,IT-North,2.0,flat,5.0,34836.57681919776,7296
4.0,1.0,1.0,False,,,,,IT-North,2.0,flat,5.0,34836.57681919776,7296
5.9999881075537305,-1.0,-1.0,True,34836.57681919776,0.0,0.0,5.999828282956937,IT-North,2.0,cooling,5.0,34836.57681919776,7296
5.7499881075537305,-0.75,-0.75,True,34757.63149923508,0.0022661618095373,94.78632166571838,5.7499881075537305,IT-North,2.0,cooling,5.0,34836.57681919776,7296
5.4999881075537305,-0.5,-0.5,True,34381.23546982956,0.0130707833818296,546.7091859190582,5.4999881075537305,IT-North,2.0,cooling,5.0,34836.57681919776,7296
5.2499881075537305,-0.25,-0.25,True,33271.81695887395,0.044917153268099,1878.7412796651065,5.2499881075537305,IT-North,2.0,cooling,5.0,34836.57681919776,7296
4.9999881075537305,0.0,0.0,True,30138.47799845877,0.1348610928427952,5640.809439374124,4.9999881075537305,IT-North,2.0,cooling,5.0,34836.57681919776,7296
4.899988107553731,0.0999999999999996,0.0999999999999996,True,27122.298609701047,0.2214419128932762,9262.20903442862,4.899988107553731,IT-North,2.0,cooling,5.0,34836.57681919776,7296
4.79998810755373,0.2000000000000001,0.2000000000000001,True,22527.19674510026,0.3533464306204174,14779.35436528154,4.79998810755373,IT-North,2.0,cooling,5.0,34836.57681919776,7296
4.699988107553731,0.2999999999999998,0.2999999999999998,True,16431.150169741162,0.5283362583235711,22098.62081266993,4.699988107553731,IT-North,2.0,cooling,5.0,34836.57681919776,7296
4.59998810755373,0.4000000000000003,0.4000000000000003,False,,,,,IT-North,2.0,cooling,5.0,34836.57681919776,7296
4.4999881075537305,0.5,0.5,False,,,,,IT-North,2.0,cooling,5.0,34836.57681919776,7296
4.399988107553731,0.5999999999999996,0.5999999999999996,False,,,,,IT-North,2.0,cooling,5.0,34836.57681919776,7296
4.29998810755373,0.7000000000000002,0.7000000000000002,False,,,,,IT-North,2.0,cooling,5.0,34836.57681919776,7296
4.199988107553731,0.7999999999999998,0.7999999999999998,False,,,,,IT-North,2.0,cooling,5.0,34836.57681919776,7296
4.09998810755373,0.9000000000000004,0.9000000000000004,False,,,,,IT-North,2.0,cooling,5.0,34836.57681919776,7296
3.9999881075537305,1.0,1.0,False,,,,,IT-North,2.0,cooling,5.0,34836.57681919776,7296
6.0,-1.0,-1.0,True,56023.41583376012,0.0,0.0,6.0,IT-North,4.0,flat,5.0,56023.41583376012,7296
5.75,-0.75,-0.75,True,51629.40053987806,0.0784317633705261,5275.709152193922,5.75,IT-North,4.0,flat,5.0,56023.41583376012,7296
5.5,-0.5,-0.5,True,42705.694139056744,0.2377170598490715,15990.02769265372,5.5,IT-North,4.0,flat,5.0,56023.41583376012,7296
5.25,-0.25,-0.25,True,27432.96767144516,0.510330327717828,34327.34730014789,5.25,IT-North,4.0,flat,5.0,56023.41583376012,7296
5.0,0.0,0.0,True,0.0,1.0,67264.95651092909,5.0,IT-North,4.0,flat,5.0,56023.41583376012,7296
4.9,0.0999999999999996,0.0999999999999996,False,,,,,IT-North,4.0,flat,5.0,56023.41583376012,7296
4.8,0.2000000000000001,0.2000000000000001,False,,,,,IT-North,4.0,flat,5.0,56023.41583376012,7296
4.7,0.2999999999999998,0.2999999999999998,False,,,,,IT-North,4.0,flat,5.0,56023.41583376012,7296
4.6,0.4000000000000003,0.4000000000000003,False,,,,,IT-North,4.0,flat,5.0,56023.41583376012,7296
4.5,0.5,0.5,False,,,,,IT-North,4.0,flat,5.0,56023.41583376012,7296
4.4,0.5999999999999996,0.5999999999999996,False,,,,,IT-North,4.0,flat,5.0,56023.41583376012,7296
4.3,0.7000000000000002,0.7000000000000002,False,,,,,IT-North,4.0,flat,5.0,56023.41583376012,7296
4.2,0.7999999999999998,0.7999999999999998,False,,,,,IT-North,4.0,flat,5.0,56023.41583376012,7296
4.1,0.9000000000000004,0.9000000000000004,False,,,,,IT-North,4.0,flat,5.0,56023.41583376012,7296
4.0,1.0,1.0,False,,,,,IT-North,4.0,flat,5.0,56023.41583376012,7296
5.9999881075537305,-1.0,-1.0,True,56023.41583376012,0.0,0.0,5.999828282956937,IT-North,4.0,cooling,5.0,56023.41583376012,7296
5.7499881075537305,-0.75,-0.75,True,55755.85904503943,0.0047758028449141,321.244170667928,5.7499881075537305,IT-North,4.0,cooling,5.0,56023.41583376012,7296
5.4999881075537305,-0.5,-0.5,True,54307.54731646693,0.0306277025732372,2060.1710816184736,5.4999881075537305,IT-North,4.0,cooling,5.0,56023.41583376012,7296
5.2499881075537305,-0.25,-0.25,True,50103.33516410591,0.1056715407575473,7107.991593499293,5.2499881075537305,IT-North,4.0,cooling,5.0,56023.41583376012,7296
4.9999881075537305,0.0,0.0,True,41679.59798278848,0.2560325470609371,17222.01814343634,4.9999881075537305,IT-North,4.0,cooling,5.0,56023.41583376012,7296
4.899988107553731,0.0999999999999996,0.0999999999999996,True,36792.19287972063,0.3432711602431535,23090.11966521189,4.899988107553731,IT-North,4.0,cooling,5.0,56023.41583376012,7296
4.79998810755373,0.2000000000000001,0.2000000000000001,True,30884.245023710377,0.4487261341694323,30183.543900224195,4.79998810755373,IT-North,4.0,cooling,5.0,56023.41583376012,7296
4.699988107553731,0.2999999999999998,0.2999999999999998,True,23829.71095010807,0.5746473042483048,38653.625929384856,4.699988107553731,IT-North,4.0,cooling,5.0,56023.41583376012,7296
4.59998810755373,0.4000000000000003,0.4000000000000003,True,15106.429454614929,0.7303550804641997,49127.30272496051,4.59998810755373,IT-North,4.0,cooling,5.0,56023.41583376012,7296
4.4999881075537305,0.5,0.5,False,,,,,IT-North,4.0,cooling,5.0,56023.41583376012,7296
4.399988107553731,0.5999999999999996,0.5999999999999996,False,,,,,IT-North,4.0,cooling,5.0,56023.41583376012,7296
4.29998810755373,0.7000000000000002,0.7000000000000002,False,,,,,IT-North,4.0,cooling,5.0,56023.41583376012,7296
4.199988107553731,0.7999999999999998,0.7999999999999998,False,,,,,IT-North,4.0,cooling,5.0,56023.41583376012,7296
4.09998810755373,0.9000000000000004,0.9000000000000004,False,,,,,IT-North,4.0,cooling,5.0,56023.41583376012,7296
3.9999881075537305,1.0,1.0,False,,,,,IT-North,4.0,cooling,5.0,56023.41583376012,7296
6.0,-1.0,-1.0,True,35673.208692159285,0.0,0.0,6.0,IT-Centre-North,2.0,flat,5.0,35673.208692159285,7296
5.75,-0.75,-0.75,True,34558.21623928361,0.0312557376741033,1338.7244911171751,5.75,IT-Centre-North,2.0,flat,5.0,35673.208692159285,7296
5.5,-0.5,-0.5,True,32126.74251798421,0.0994153961528715,4258.092610440468,5.5,IT-Centre-North,2.0,flat,5.0,35673.208692159285,7296
5.25,-0.25,-0.25,True,24548.393405007024,0.3118535084172962,13357.097302008471,5.25,IT-Centre-North,2.0,flat,5.0,35673.208692159285,7296
5.0,0.0,0.0,True,0.0,1.0,42831.31964683598,5.0,IT-Centre-North,2.0,flat,5.0,35673.208692159285,7296
4.9,0.0999999999999996,0.0999999999999996,False,,,,,IT-Centre-North,2.0,flat,5.0,35673.208692159285,7296
4.8,0.2000000000000001,0.2000000000000001,False,,,,,IT-Centre-North,2.0,flat,5.0,35673.208692159285,7296
4.7,0.2999999999999998,0.2999999999999998,False,,,,,IT-Centre-North,2.0,flat,5.0,35673.208692159285,7296
4.6,0.4000000000000003,0.4000000000000003,False,,,,,IT-Centre-North,2.0,flat,5.0,35673.208692159285,7296
4.5,0.5,0.5,False,,,,,IT-Centre-North,2.0,flat,5.0,35673.208692159285,7296
4.4,0.5999999999999996,0.5999999999999996,False,,,,,IT-Centre-North,2.0,flat,5.0,35673.208692159285,7296
4.3,0.7000000000000002,0.7000000000000002,False,,,,,IT-Centre-North,2.0,flat,5.0,35673.208692159285,7296
4.2,0.7999999999999998,0.7999999999999998,False,,,,,IT-Centre-North,2.0,flat,5.0,35673.208692159285,7296
4.1,0.9000000000000004,0.9000000000000004,False,,,,,IT-Centre-North,2.0,flat,5.0,35673.208692159285,7296
4.0,1.0,1.0,False,,,,,IT-Centre-North,2.0,flat,5.0,35673.208692159285,7296
5.9999881075537305,-1.0,-1.0,True,35673.208692159285,0.0,0.0,5.999828282956937,IT-Centre-North,2.0,cooling,5.0,35673.208692159285,7296
5.7499881075537305,-0.75,-0.75,True,35593.932606503826,0.0022222863757384,95.18345810606168,5.7499881075537305,IT-Centre-North,2.0,cooling,5.0,35673.208692159285,7296
5.4999881075537305,-0.5,-0.5,True,35217.094781823675,0.0127858952714803,547.6367673437433,5.4999881075537305,IT-Centre-North,2.0,cooling,5.0,35673.208692159285,7296
5.2499881075537305,-0.25,-0.25,True,34105.363829712725,0.0439502057685985,1882.4453118190604,5.2499881075537305,IT-Centre-North,2.0,cooling,5.0,35673.208692159285,7296
4.9999881075537305,0.0,0.0,True,30965.150421821836,0.1319774262799142,5652.76733116174,4.9999881075537305,IT-Centre-North,2.0,cooling,5.0,35673.208692159285,7296
4.899988107553731,0.0999999999999996,0.0999999999999996,True,27898.713750476545,0.2179365194976564,9334.508729323026,4.899988107553731,IT-Centre-North,2.0,cooling,5.0,35673.208692159285,7296
4.79998810755373,0.2000000000000001,0.2000000000000001,True,23178.114750251865,0.3502654905459555,15002.333186829632,4.79998810755373,IT-Centre-North,2.0,cooling,5.0,35673.208692159285,7296
4.699988107553731,0.2999999999999998,0.2999999999999998,True,16905.030125657635,0.5261141134923129,22534.161765700992,4.699988107553731,IT-Centre-North,2.0,cooling,5.0,35673.208692159285,7296
4.59998810755373,0.4000000000000003,0.4000000000000003,False,,,,,IT-Centre-North,2.0,cooling,5.0,35673.208692159285,7296
4.4999881075537305,0.5,0.5,False,,,,,IT-Centre-North,2.0,cooling,5.0,35673.208692159285,7296
4.399988107553731,0.5999999999999996,0.5999999999999996,False,,,,,IT-Centre-North,2.0,cooling,5.0,35673.208692159285,7296
4.29998810755373,0.7000000000000002,0.7000000000000002,False,,,,,IT-Centre-North,2.0,cooling,5.0,35673.208692159285,7296
4.199988107553731,0.7999999999999998,0.7999999999999998,False,,,,,IT-Centre-North,2.0,cooling,5.0,35673.208692159285,7296
4.09998810755373,0.9000000000000004,0.9000000000000004,False,,,,,IT-Centre-North,2.0,cooling,5.0,35673.208692159285,7296
3.9999881075537305,1.0,1.0,False,,,,,IT-Centre-North,2.0,cooling,5.0,35673.208692159285,7296
6.0,-1.0,-1.0,True,57337.91344806309,0.0,0.0,6.0,IT-Centre-North,4.0,flat,5.0,57337.91344806309,7296
5.75,-0.75,-0.75,True,52876.52913160632,0.0778086269305546,5356.5963010089545,5.75,IT-Centre-North,4.0,flat,5.0,57337.91344806309,7296
5.5,-0.5,-0.5,True,43848.90555070636,0.2352546000749595,16195.683824128966,5.5,IT-Centre-North,4.0,flat,5.0,57337.91344806309,7296
5.25,-0.25,-0.25,True,28328.19633393918,0.5059430204135529,34830.74587715535,5.25,IT-Centre-North,4.0,flat,5.0,57337.91344806309,7296
5.0,0.0,0.0,True,0.0,1.0,68843.2184491547,5.0,IT-Centre-North,4.0,flat,5.0,57337.91344806309,7296
4.9,0.0999999999999996,0.0999999999999996,False,,,,,IT-Centre-North,4.0,flat,5.0,57337.91344806309,7296
4.8,0.2000000000000001,0.2000000000000001,False,,,,,IT-Centre-North,4.0,flat,5.0,57337.91344806309,7296
4.7,0.2999999999999998,0.2999999999999998,False,,,,,IT-Centre-North,4.0,flat,5.0,57337.91344806309,7296
4.6,0.4000000000000003,0.4000000000000003,False,,,,,IT-Centre-North,4.0,flat,5.0,57337.91344806309,7296
4.5,0.5,0.5,False,,,,,IT-Centre-North,4.0,flat,5.0,57337.91344806309,7296
4.4,0.5999999999999996,0.5999999999999996,False,,,,,IT-Centre-North,4.0,flat,5.0,57337.91344806309,7296
4.3,0.7000000000000002,0.7000000000000002,False,,,,,IT-Centre-North,4.0,flat,5.0,57337.91344806309,7296
4.2,0.7999999999999998,0.7999999999999998,False,,,,,IT-Centre-North,4.0,flat,5.0,57337.91344806309,7296
4.1,0.9000000000000004,0.9000000000000004,False,,,,,IT-Centre-North,4.0,flat,5.0,57337.91344806309,7296
4.0,1.0,1.0,False,,,,,IT-Centre-North,4.0,flat,5.0,57337.91344806309,7296
5.9999881075537305,-1.0,-1.0,True,57337.91344806309,0.0,0.0,5.999828282956937,IT-Centre-North,4.0,cooling,5.0,57337.91344806309,7296
5.7499881075537305,-0.75,-0.75,True,57067.714506044074,0.0047123957913773,324.4164928846723,5.7499881075537305,IT-Centre-North,4.0,cooling,5.0,57337.91344806309,7296
5.4999881075537305,-0.5,-0.5,True,55609.886567688496,0.030137596163834,2074.7691162392316,5.4999881075537305,IT-Centre-North,4.0,cooling,5.0,57337.91344806309,7296
5.2499881075537305,-0.25,-0.25,True,51389.19875038259,0.1037483636907867,7142.371265307181,5.2499881075537305,IT-Centre-North,4.0,cooling,5.0,57337.91344806309,7296
4.9999881075537305,0.0,0.0,True,42885.70943723395,0.2520531903191768,17352.15284194945,4.9999881075537305,IT-Centre-North,4.0,cooling,5.0,57337.91344806309,7296
4.899988107553731,0.0999999999999996,0.0999999999999996,True,37905.099059502034,0.3389173623515856,23332.162012581528,4.899988107553731,IT-Centre-North,4.0,cooling,5.0,57337.91344806309,7296
4.79998810755373,0.2000000000000001,0.2000000000000001,True,31872.61656022737,0.4441266756402339,30575.10975019749,4.79998810755373,IT-Centre-North,4.0,cooling,5.0,57337.91344806309,7296
4.699988107553731,0.2999999999999998,0.2999999999999998,True,24642.20999317471,0.5702283443659713,39256.35447708637,4.699988107553731,IT-Centre-North,4.0,cooling,5.0,57337.91344806309,7296
4.59998810755373,0.4000000000000003,0.4000000000000003,True,15675.693778177894,0.7266085764983932,50022.07295890821,4.59998810755373,IT-Centre-North,4.0,cooling,5.0,57337.91344806309,7296
4.4999881075537305,0.5,0.5,False,,,,,IT-Centre-North,4.0,cooling,5.0,57337.91344806309,7296
4.399988107553731,0.5999999999999996,0.5999999999999996,False,,,,,IT-Centre-North,4.0,cooling,5.0,57337.91344806309,7296
4.29998810755373,0.7000000000000002,0.7000000000000002,False,,,,,IT-Centre-North,4.0,cooling,5.0,57337.91344806309,7296
4.199988107553731,0.7999999999999998,0.7999999999999998,False,,,,,IT-Centre-North,4.0,cooling,5.0,57337.91344806309,7296
4.09998810755373,0.9000000000000004,0.9000000000000004,False,,,,,IT-Centre-North,4.0,cooling,5.0,57337.91344806309,7296
3.9999881075537305,1.0,1.0,False,,,,,IT-Centre-North,4.0,cooling,5.0,57337.91344806309,7296
6.0,-1.0,-1.0,True,39032.81549917851,0.0,0.0,6.0,IT-Centre-South,2.0,flat,5.0,39032.81549917851,7296
5.75,-0.75,-0.75,True,37811.71474885019,0.0312839526104393,1466.1242561507854,5.75,IT-Centre-South,2.0,flat,5.0,39032.81549917851,7296
5.5,-0.5,-0.5,True,35256.05792554987,0.0967585229333028,4534.593797284393,5.5,IT-Centre-South,2.0,flat,5.0,39032.81549917851,7296
5.25,-0.25,-0.25,True,27279.231602567444,0.301120576271482,14112.033296917893,5.25,IT-Centre-South,2.0,flat,5.0,39032.81549917851,7296
5.0,0.0,0.0,True,0.0,1.0,46865.05808289525,5.0,IT-Centre-South,2.0,flat,5.0,39032.81549917851,7296
4.9,0.0999999999999996,0.0999999999999996,False,,,,,IT-Centre-South,2.0,flat,5.0,39032.81549917851,7296
4.8,0.2000000000000001,0.2000000000000001,False,,,,,IT-Centre-South,2.0,flat,5.0,39032.81549917851,7296
4.7,0.2999999999999998,0.2999999999999998,False,,,,,IT-Centre-South,2.0,flat,5.0,39032.81549917851,7296
4.6,0.4000000000000003,0.4000000000000003,False,,,,,IT-Centre-South,2.0,flat,5.0,39032.81549917851,7296
4.5,0.5,0.5,False,,,,,IT-Centre-South,2.0,flat,5.0,39032.81549917851,7296
4.4,0.5999999999999996,0.5999999999999996,False,,,,,IT-Centre-South,2.0,flat,5.0,39032.81549917851,7296
4.3,0.7000000000000002,0.7000000000000002,False,,,,,IT-Centre-South,2.0,flat,5.0,39032.81549917851,7296
4.2,0.7999999999999998,0.7999999999999998,False,,,,,IT-Centre-South,2.0,flat,5.0,39032.81549917851,7296
4.1,0.9000000000000004,0.9000000000000004,False,,,,,IT-Centre-South,2.0,flat,5.0,39032.81549917851,7296
4.0,1.0,1.0,False,,,,,IT-Centre-South,2.0,flat,5.0,39032.81549917851,7296
5.9999881075537305,-1.0,-1.0,True,39032.81549917851,0.0,0.0,5.9999881075537305,IT-Centre-South,2.0,cooling,5.0,39032.81549917851,7296
5.7499881075537305,-0.75,-0.75,True,38941.82703638914,0.0023310760862558,109.24601617802624,5.7499881075537305,IT-Centre-South,2.0,cooling,5.0,39032.81549917851,7296
5.4999881075537305,-0.5,-0.5,True,38580.505367474856,0.0115879453203465,543.0697304994557,5.4999881075537305,IT-Centre-South,2.0,cooling,5.0,39032.81549917851,7296
5.2499881075537305,-0.25,-0.25,True,37517.79030475573,0.038814140744079,1819.0269604089367,5.2499881075537305,IT-Centre-South,2.0,cooling,5.0,39032.81549917851,7296
4.9999881075537305,0.0,0.0,True,34455.607325556324,0.1172656421292109,5495.661129513482,4.9999881075537305,IT-Centre-South,2.0,cooling,5.0,39032.81549917851,7296
4.899988107553731,0.0999999999999996,0.0999999999999996,True,31370.72256602825,0.1962987510678424,9199.552370394234,4.899988107553731,IT-Centre-South,2.0,cooling,5.0,39032.81549917851,7296
4.79998810755373,0.2000000000000001,0.2000000000000001,True,26111.57836329686,0.3310352320383753,15513.985376963168,4.79998810755373,IT-Centre-South,2.0,cooling,5.0,39032.81549917851,7296
4.699988107553731,0.2999999999999998,0.2999999999999998,True,18881.397945711775,0.5162686138767224,24194.958575708417,4.699988107553731,IT-Centre-South,2.0,cooling,5.0,39032.81549917851,7296
4.59998810755373,0.4000000000000003,0.4000000000000003,False,,,,,IT-Centre-South,2.0,cooling,5.0,39032.81549917851,7296
4.4999881075537305,0.5,0.5,False,,,,,IT-Centre-South,2.0,cooling,5.0,39032.81549917851,7296
4.399988107553731,0.5999999999999996,0.5999999999999996,False,,,,,IT-Centre-South,2.0,cooling,5.0,39032.81549917851,7296
4.29998810755373,0.7000000000000002,0.7000000000000002,False,,,,,IT-Centre-South,2.0,cooling,5.0,39032.81549917851,7296
4.199988107553731,0.7999999999999998,0.7999999999999998,False,,,,,IT-Centre-South,2.0,cooling,5.0,39032.81549917851,7296
4.09998810755373,0.9000000000000004,0.9000000000000004,False,,,,,IT-Centre-South,2.0,cooling,5.0,39032.81549917851,7296
3.9999881075537305,1.0,1.0,False,,,,,IT-Centre-South,2.0,cooling,5.0,39032.81549917851,7296
6.0,-1.0,-1.0,True,63285.75828317807,0.0,0.0,6.0,IT-Centre-South,4.0,flat,5.0,63285.75828317807,7296
5.75,-0.75,-0.75,True,58676.61806460735,0.072830607447993,5534.000591376028,5.75,IT-Centre-South,4.0,flat,5.0,63285.75828317807,7296
5.5,-0.5,-0.5,True,49216.48958377126,0.2223133463369837,16892.378537116725,5.5,IT-Centre-South,4.0,flat,5.0,63285.75828317807,7296
5.25,-0.25,-0.25,True,31100.119480746547,0.5085763317935428,38643.94132528784,5.25,IT-Centre-South,4.0,flat,5.0,63285.75828317807,7296
5.0,0.0,0.0,True,0.0,1.0,75984.54530710525,5.0,IT-Centre-South,4.0,flat,5.0,63285.75828317807,7296
4.9,0.0999999999999996,0.0999999999999996,False,,,,,IT-Centre-South,4.0,flat,5.0,63285.75828317807,7296
4.8,0.2000000000000001,0.2000000000000001,False,,,,,IT-Centre-South,4.0,flat,5.0,63285.75828317807,7296
4.7,0.2999999999999998,0.2999999999999998,False,,,,,IT-Centre-South,4.0,flat,5.0,63285.75828317807,7296
4.6,0.4000000000000003,0.4000000000000003,False,,,,,IT-Centre-South,4.0,flat,5.0,63285.75828317807,7296
4.5,0.5,0.5,False,,,,,IT-Centre-South,4.0,flat,5.0,63285.75828317807,7296
4.4,0.5999999999999996,0.5999999999999996,False,,,,,IT-Centre-South,4.0,flat,5.0,63285.75828317807,7296
4.3,0.7000000000000002,0.7000000000000002,False,,,,,IT-Centre-South,4.0,flat,5.0,63285.75828317807,7296
4.2,0.7999999999999998,0.7999999999999998,False,,,,,IT-Centre-South,4.0,flat,5.0,63285.75828317807,7296
4.1,0.9000000000000004,0.9000000000000004,False,,,,,IT-Centre-South,4.0,flat,5.0,63285.75828317807,7296
4.0,1.0,1.0,False,,,,,IT-Centre-South,4.0,flat,5.0,63285.75828317807,7296
5.9999881075537305,-1.0,-1.0,True,63285.75828317807,0.0,0.0,5.9999881075537305,IT-Centre-South,4.0,cooling,5.0,63285.75828317807,7296
5.7499881075537305,-0.75,-0.75,True,62993.503229990085,0.0046180224606026,350.89833688688674,5.7499881075537305,IT-Centre-South,4.0,cooling,5.0,63285.75828317807,7296
5.4999881075537305,-0.5,-0.5,True,61594.36438289105,0.0267262958708452,2030.7854394893463,5.4999881075537305,IT-Centre-South,4.0,cooling,5.0,63285.75828317807,7296
5.2499881075537305,-0.25,-0.25,True,57630.83637635378,0.089355363042674,6789.626631548899,5.2499881075537305,IT-Centre-South,4.0,cooling,5.0,63285.75828317807,7296
4.9999881075537305,0.0,0.0,True,48066.613526009955,0.2404829328119704,18272.986303836715,4.9999881075537305,IT-Centre-South,4.0,cooling,5.0,63285.75828317807,7296
4.899988107553731,0.0999999999999996,0.0999999999999996,True,42025.89314251798,0.3359344300739958,25525.824922174113,4.899988107553731,IT-Centre-South,4.0,cooling,5.0,63285.75828317807,7296
4.79998810755373,0.2000000000000001,0.2000000000000001,True,34836.62065543736,0.4495345935564582,34157.68169120184,4.79998810755373,IT-Centre-South,4.0,cooling,5.0,63285.75828317807,7296
4.699988107553731,0.2999999999999998,0.2999999999999998,True,26411.701326127102,0.5826596371343855,44273.12759645922,4.699988107553731,IT-Centre-South,4.0,cooling,5.0,63285.75828317807,7296
4.59998810755373,0.4000000000000003,0.4000000000000003,True,16249.924233295042,0.7432293666991674,56473.94548752402,4.59998810755373,IT-Centre-South,4.0,cooling,5.0,63285.75828317807,7296
4.4999881075537305,0.5,0.5,False,,,,,IT-Centre-South,4.0,cooling,5.0,63285.75828317807,7296
4.399988107553731,0.5999999999999996,0.5999999999999996,False,,,,,IT-Centre-South,4.0,cooling,5.0,63285.75828317807,7296
4.29998810755373,0.7000000000000002,0.7000000000000002,False,,,,,IT-Centre-South,4.0,cooling,5.0,63285.75828317807,7296
4.199988107553731,0.7999999999999998,0.7999999999999998,False,,,,,IT-Centre-South,4.0,cooling,5.0,63285.75828317807,7296
4.09998810755373,0.9000000000000004,0.9000000000000004,False,,,,,IT-Centre-South,4.0,cooling,5.0,63285.75828317807,7296
3.9999881075537305,1.0,1.0,False,,,,,IT-Centre-South,4.0,cooling,5.0,63285.75828317807,7296
6.0,-1.0,-1.0,True,43645.43619645003,0.0,0.0,6.0,IT-South,2.0,flat,5.0,43645.43619645003,7296
5.75,-0.75,-0.75,True,42460.48419886983,0.0271495052139397,1422.7219707788536,5.75,IT-South,2.0,flat,5.0,43645.43619645003,7296
5.5,-0.5,-0.5,True,39902.741489194195,0.0857522580461745,4493.695947856509,5.5,IT-South,2.0,flat,5.0,43645.43619645003,7296
5.25,-0.25,-0.25,True,31027.977828099974,0.289089982090185,15149.25100147292,5.25,IT-South,2.0,flat,5.0,43645.43619645003,7296
5.0,0.0,0.0,True,0.0,1.0,52403.23753850085,5.0,IT-South,2.0,flat,5.0,43645.43619645003,7296
4.9,0.0999999999999996,0.0999999999999996,False,,,,,IT-South,2.0,flat,5.0,43645.43619645003,7296
4.8,0.2000000000000001,0.2000000000000001,False,,,,,IT-South,2.0,flat,5.0,43645.43619645003,7296
4.7,0.2999999999999998,0.2999999999999998,False,,,,,IT-South,2.0,flat,5.0,43645.43619645003,7296
4.6,0.4000000000000003,0.4000000000000003,False,,,,,IT-South,2.0,flat,5.0,43645.43619645003,7296
4.5,0.5,0.5,False,,,,,IT-South,2.0,flat,5.0,43645.43619645003,7296
4.4,0.5999999999999996,0.5999999999999996,False,,,,,IT-South,2.0,flat,5.0,43645.43619645003,7296
4.3,0.7000000000000002,0.7000000000000002,False,,,,,IT-South,2.0,flat,5.0,43645.43619645003,7296
4.2,0.7999999999999998,0.7999999999999998,False,,,,,IT-South,2.0,flat,5.0,43645.43619645003,7296
4.1,0.9000000000000004,0.9000000000000004,False,,,,,IT-South,2.0,flat,5.0,43645.43619645003,7296
4.0,1.0,1.0,False,,,,,IT-South,2.0,flat,5.0,43645.43619645003,7296
5.9999881075537305,-1.0,-1.0,True,43645.43619645003,0.0,0.0,5.9999881075537305,IT-South,2.0,cooling,5.0,43645.43619645003,7296
5.7499881075537305,-0.75,-0.75,True,43569.509751418416,0.0017396193427845,91.16168564650708,5.7499881075537305,IT-South,2.0,cooling,5.0,43645.43619645003,7296
5.4999881075537305,-0.5,-0.5,True,43257.01690714665,0.0088994250751689,466.3586861701718,5.4999881075537305,IT-South,2.0,cooling,5.0,43645.43619645003,7296
5.2499881075537305,-0.25,-0.25,True,42271.68778417833,0.031475190351825,1649.4018765762182,5.2499881075537305,IT-South,2.0,cooling,5.0,43645.43619645003,7296
4.9999881075537305,0.0,0.0,True,39234.34037668887,0.101066599492937,5296.217020436912,4.9999881075537305,IT-South,2.0,cooling,5.0,43645.43619645003,7296
4.899988107553731,0.0999999999999996,0.0999999999999996,True,36017.11836901122,0.174779278023558,9159.000023076196,4.899988107553731,IT-South,2.0,cooling,5.0,43645.43619645003,7296
4.79998810755373,0.2000000000000001,0.2000000000000001,True,30477.468986338652,0.3017031872666313,15810.223788456093,4.79998810755373,IT-South,2.0,cooling,5.0,43645.43619645003,7296
4.699988107553731,0.2999999999999998,0.2999999999999998,True,22609.093720065273,0.4819826380403039,25257.450670659324,4.699988107553731,IT-South,2.0,cooling,5.0,43645.43619645003,7296
4.59998810755373,0.4000000000000003,0.4000000000000003,False,,,,,IT-South,2.0,cooling,5.0,43645.43619645003,7296
4.4999881075537305,0.5,0.5,False,,,,,IT-South,2.0,cooling,5.0,43645.43619645003,7296
4.399988107553731,0.5999999999999996,0.5999999999999996,False,,,,,IT-South,2.0,cooling,5.0,43645.43619645003,7296
4.29998810755373,0.7000000000000002,0.7000000000000002,False,,,,,IT-South,2.0,cooling,5.0,43645.43619645003,7296
4.199988107553731,0.7999999999999998,0.7999999999999998,False,,,,,IT-South,2.0,cooling,5.0,43645.43619645003,7296
4.09998810755373,0.9000000000000004,0.9000000000000004,False,,,,,IT-South,2.0,cooling,5.0,43645.43619645003,7296
3.9999881075537305,1.0,1.0,False,,,,,IT-South,2.0,cooling,5.0,43645.43619645003,7296
6.0,-1.0,-1.0,True,72262.32008858517,0.0,0.0,6.0,IT-South,4.0,flat,5.0,72262.32008858517,7296
5.75,-0.75,-0.75,True,67446.66515009051,0.0666412998169893,5781.95412023207,5.75,IT-South,4.0,flat,5.0,72262.32008858517,7296
5.5,-0.5,-0.5,True,56472.41568351129,0.218508129627132,18958.273381091993,5.5,IT-South,4.0,flat,5.0,72262.32008858517,7296
5.25,-0.25,-0.25,True,34984.051841559856,0.5158742232649949,44758.44707290868,5.25,IT-South,4.0,flat,5.0,72262.32008858517,7296
5.0,0.0,0.0,True,0.0,1.0,86762.32510636048,5.0,IT-South,4.0,flat,5.0,72262.32008858517,7296
4.9,0.0999999999999996,0.0999999999999996,False,,,,,IT-South,4.0,flat,5.0,72262.32008858517,7296
4.8,0.2000000000000001,0.2000000000000001,False,,,,,IT-South,4.0,flat,5.0,72262.32008858517,7296
4.7,0.2999999999999998,0.2999999999999998,False,,,,,IT-South,4.0,flat,5.0,72262.32008858517,7296
4.6,0.4000000000000003,0.4000000000000003,False,,,,,IT-South,4.0,flat,5.0,72262.32008858517,7296
4.5,0.5,0.5,False,,,,,IT-South,4.0,flat,5.0,72262.32008858517,7296
4.4,0.5999999999999996,0.5999999999999996,False,,,,,IT-South,4.0,flat,5.0,72262.32008858517,7296
4.3,0.7000000000000002,0.7000000000000002,False,,,,,IT-South,4.0,flat,5.0,72262.32008858517,7296
4.2,0.7999999999999998,0.7999999999999998,False,,,,,IT-South,4.0,flat,5.0,72262.32008858517,7296
4.1,0.9000000000000004,0.9000000000000004,False,,,,,IT-South,4.0,flat,5.0,72262.32008858517,7296
4.0,1.0,1.0,False,,,,,IT-South,4.0,flat,5.0,72262.32008858517,7296
5.9999881075537305,-1.0,-1.0,True,72262.32008858517,0.0,0.0,5.9999881075537305,IT-South,4.0,cooling,5.0,72262.32008858517,7296
5.7499881075537305,-0.75,-0.75,True,71966.84995963205,0.004088854725269,354.7585429864789,5.7499881075537305,IT-South,4.0,cooling,5.0,72262.32008858517,7296
5.4999881075537305,-0.5,-0.5,True,70584.8456470283,0.0232136809266638,2014.0729314745329,5.4999881075537305,IT-South,4.0,cooling,5.0,72262.32008858517,7296
5.2499881075537305,-0.25,-0.25,True,66497.15779289773,0.0797810295686606,6921.987624756294,5.2499881075537305,IT-South,4.0,cooling,5.0,72262.32008858517,7296
4.9999881075537305,0.0,0.0,True,55844.5537740932,0.2271967782706908,19712.12073943937,4.9999881075537305,IT-South,4.0,cooling,5.0,72262.32008858517,7296
4.899988107553731,0.0999999999999996,0.0999999999999996,True,48966.95301047837,0.3223722549947109,27969.76639312165,4.899988107553731,IT-South,4.0,cooling,5.0,72262.32008858517,7296
4.79998810755373,0.2000000000000001,0.2000000000000001,True,40698.10832845617,0.4368004199344134,37897.82004094436,4.79998810755373,IT-South,4.0,cooling,5.0,72262.32008858517,7296
4.699988107553731,0.2999999999999998,0.2999999999999998,True,30941.782748448302,0.5718130457129347,49611.82937220381,4.699988107553731,IT-South,4.0,cooling,5.0,72262.32008858517,7296
4.59998810755373,0.4000000000000003,0.4000000000000003,True,19353.613394331293,0.732175587905204,63525.25639277192,4.59998810755373,IT-South,4.0,cooling,5.0,72262.32008858517,7296
4.4999881075537305,0.5,0.5,False,,,,,IT-South,4.0,cooling,5.0,72262.32008858517,7296
4.399988107553731,0.5999999999999996,0.5999999999999996,False,,,,,IT-South,4.0,cooling,5.0,72262.32008858517,7296
4.29998810755373,0.7000000000000002,0.7000000000000002,False,,,,,IT-South,4.0,cooling,5.0,72262.32008858517,7296
4.199988107553731,0.7999999999999998,0.7999999999999998,False,,,,,IT-South,4.0,cooling,5.0,72262.32008858517,7296
4.09998810755373,0.9000000000000004,0.9000000000000004,False,,,,,IT-South,4.0,cooling,5.0,72262.32008858517,7296
3.9999881075537305,1.0,1.0,False,,,,,IT-South,4.0,cooling,5.0,72262.32008858517,7296
6.0,-1.0,-1.0,True,46898.8225978772,0.0,0.0,6.0,IT-Sicily,2.0,flat,5.0,46898.8225978772,7296
5.75,-0.75,-0.75,True,45673.38004231967,0.0261294951061947,1471.3372788766385,5.75,IT-Sicily,2.0,flat,5.0,46898.8225978772,7296
5.5,-0.5,-0.5,True,43028.20977126334,0.0825311300413981,4647.281847743617,5.5,IT-Sicily,2.0,flat,5.0,46898.8225978772,7296
5.25,-0.25,-0.25,True,33860.65399081451,0.2780063098567604,15654.380070979872,5.25,IT-Sicily,2.0,flat,5.0,46898.8225978772,7296
5.0,0.0,0.0,True,0.0,1.0,56309.44160600387,5.0,IT-Sicily,2.0,flat,5.0,46898.8225978772,7296
4.9,0.0999999999999996,0.0999999999999996,False,,,,,IT-Sicily,2.0,flat,5.0,46898.8225978772,7296
4.8,0.2000000000000001,0.2000000000000001,False,,,,,IT-Sicily,2.0,flat,5.0,46898.8225978772,7296
4.7,0.2999999999999998,0.2999999999999998,False,,,,,IT-Sicily,2.0,flat,5.0,46898.8225978772,7296
4.6,0.4000000000000003,0.4000000000000003,False,,,,,IT-Sicily,2.0,flat,5.0,46898.8225978772,7296
4.5,0.5,0.5,False,,,,,IT-Sicily,2.0,flat,5.0,46898.8225978772,7296
4.4,0.5999999999999996,0.5999999999999996,False,,,,,IT-Sicily,2.0,flat,5.0,46898.8225978772,7296
4.3,0.7000000000000002,0.7000000000000002,False,,,,,IT-Sicily,2.0,flat,5.0,46898.8225978772,7296
4.2,0.7999999999999998,0.7999999999999998,False,,,,,IT-Sicily,2.0,flat,5.0,46898.8225978772,7296
4.1,0.9000000000000004,0.9000000000000004,False,,,,,IT-Sicily,2.0,flat,5.0,46898.8225978772,7296
4.0,1.0,1.0,False,,,,,IT-Sicily,2.0,flat,5.0,46898.8225978772,7296
5.9999881075537305,-1.0,-1.0,True,46898.8225978772,0.0,0.0,5.9999881075537305,IT-Sicily,2.0,cooling,5.0,46898.8225978772,7296
5.7499881075537305,-0.75,-0.75,True,46822.1757177482,0.0016343028648329,92.0266817338358,5.7499881075537305,IT-Sicily,2.0,cooling,5.0,46898.8225978772,7296
5.4999881075537305,-0.5,-0.5,True,46508.490953959714,0.0083228452719228,468.65476983514264,5.4999881075537305,IT-Sicily,2.0,cooling,5.0,46898.8225978772,7296
5.2499881075537305,-0.25,-0.25,True,45503.068993421395,0.0297609519203363,1675.8225842972686,5.2499881075537305,IT-Sicily,2.0,cooling,5.0,46898.8225978772,7296
4.9999881075537305,0.0,0.0,True,42375.804135243176,0.0964420472005357,5430.597825202039,4.9999881075537305,IT-Sicily,2.0,cooling,5.0,46898.8225978772,7296
4.899988107553731,0.0999999999999996,0.0999999999999996,True,38913.568327846566,0.1702655595109135,9587.558580793362,4.899988107553731,IT-Sicily,2.0,cooling,5.0,46898.8225978772,7296
4.79998810755373,0.2000000000000001,0.2000000000000001,True,32877.41803951103,0.2989713553917839,16834.910078301487,4.79998810755373,IT-Sicily,2.0,cooling,5.0,46898.8225978772,7296
4.699988107553731,0.2999999999999998,0.2999999999999998,True,24264.82746328312,0.4826132913541111,27175.684947785656,4.699988107553731,IT-Sicily,2.0,cooling,5.0,46898.8225978772,7296
4.59998810755373,0.4000000000000003,0.4000000000000003,False,,,,,IT-Sicily,2.0,cooling,5.0,46898.8225978772,7296
4.4999881075537305,0.5,0.5,False,,,,,IT-Sicily,2.0,cooling,5.0,46898.8225978772,7296
4.399988107553731,0.5999999999999996,0.5999999999999996,False,,,,,IT-Sicily,2.0,cooling,5.0,46898.8225978772,7296
4.29998810755373,0.7000000000000002,0.7000000000000002,False,,,,,IT-Sicily,2.0,cooling,5.0,46898.8225978772,7296
4.199988107553731,0.7999999999999998,0.7999999999999998,False,,,,,IT-Sicily,2.0,cooling,5.0,46898.8225978772,7296
4.09998810755373,0.9000000000000004,0.9000000000000004,False,,,,,IT-Sicily,2.0,cooling,5.0,46898.8225978772,7296
3.9999881075537305,1.0,1.0,False,,,,,IT-Sicily,2.0,cooling,5.0,46898.8225978772,7296
6.0,-1.0,-1.0,True,78163.66472219968,0.0,0.0,6.0,IT-Sicily,4.0,flat,5.0,78163.66472219968,7296
5.75,-0.75,-0.75,True,73071.52139413629,0.0651471927034295,6113.922087970851,5.75,IT-Sicily,4.0,flat,5.0,78163.66472219968,7296
5.5,-0.5,-0.5,True,61543.60354180456,0.2126315499594886,19955.007667250724,5.5,IT-Sicily,4.0,flat,5.0,78163.66472219968,7296
5.25,-0.25,-0.25,True,39073.56322988578,0.5001057925219276,46933.838962811096,5.25,IT-Sicily,4.0,flat,5.0,78163.66472219968,7296
5.0,0.0,0.0,True,0.0,1.0,93847.82113027264,5.0,IT-Sicily,4.0,flat,5.0,78163.66472219968,7296
4.9,0.0999999999999996,0.0999999999999996,False,,,,,IT-Sicily,4.0,flat,5.0,78163.66472219968,7296
4.8,0.2000000000000001,0.2000000000000001,False,,,,,IT-Sicily,4.0,flat,5.0,78163.66472219968,7296
4.7,0.2999999999999998,0.2999999999999998,False,,,,,IT-Sicily,4.0,flat,5.0,78163.66472219968,7296
4.6,0.4000000000000003,0.4000000000000003,False,,,,,IT-Sicily,4.0,flat,5.0,78163.66472219968,7296
4.5,0.5,0.5,False,,,,,IT-Sicily,4.0,flat,5.0,78163.66472219968,7296
4.4,0.5999999999999996,0.5999999999999996,False,,,,,IT-Sicily,4.0,flat,5.0,78163.66472219968,7296
4.3,0.7000000000000002,0.7000000000000002,False,,,,,IT-Sicily,4.0,flat,5.0,78163.66472219968,7296
4.2,0.7999999999999998,0.7999999999999998,False,,,,,IT-Sicily,4.0,flat,5.0,78163.66472219968,7296
4.1,0.9000000000000004,0.9000000000000004,False,,,,,IT-Sicily,4.0,flat,5.0,78163.66472219968,7296
4.0,1.0,1.0,False,,,,,IT-Sicily,4.0,flat,5.0,78163.66472219968,7296
5.9999881075537305,-1.0,-1.0,True,78163.66472219968,0.0,0.0,5.9999881075537305,IT-Sicily,4.0,cooling,5.0,78163.66472219968,7296
5.7499881075537305,-0.75,-0.75,True,77864.96015889906,0.0038215271042144,358.64199212081024,5.7499881075537305,IT-Sicily,4.0,cooling,5.0,78163.66472219968,7296
5.4999881075537305,-0.5,-0.5,True,76447.26708166768,0.0219590220933502,2060.806377612433,5.4999881075537305,IT-Sicily,4.0,cooling,5.0,78163.66472219968,7296
5.2499881075537305,-0.25,-0.25,True,72266.62437602702,0.0754447781732247,7080.328047213893,5.2499881075537305,IT-Sicily,4.0,cooling,5.0,78163.66472219968,7296
4.9999881075537305,0.0,0.0,True,61297.02414482451,0.2157862049754275,20251.06516691427,4.9999881075537305,IT-Sicily,4.0,cooling,5.0,78163.66472219968,7296
4.899988107553731,0.0999999999999996,0.0999999999999996,True,54025.9640196589,0.3088097364463171,28981.120909300607,4.899988107553731,IT-Sicily,4.0,cooling,5.0,78163.66472219968,7296
4.79998810755373,0.2000000000000001,0.2000000000000001,True,45132.95334379708,0.4225839652707759,39658.58438525312,4.79998810755373,IT-Sicily,4.0,cooling,5.0,78163.66472219968,7296
4.699988107553731,0.2999999999999998,0.2999999999999998,True,34572.829733465594,0.5576866840066881,52337.680167394545,4.699988107553731,IT-Sicily,4.0,cooling,5.0,78163.66472219968,7296
4.59998810755373,0.4000000000000003,0.4000000000000003,True,21854.856585691658,0.7203962139778671,67607.6150323205,4.59998810755373,IT-Sicily,4.0,cooling,5.0,78163.66472219968,7296
4.4999881075537305,0.5,0.5,False,,,,,IT-Sicily,4.0,cooling,5.0,78163.66472219968,7296
4.399988107553731,0.5999999999999996,0.5999999999999996,False,,,,,IT-Sicily,4.0,cooling,5.0,78163.66472219968,7296
4.29998810755373,0.7000000000000002,0.7000000000000002,False,,,,,IT-Sicily,4.0,cooling,5.0,78163.66472219968,7296
4.199988107553731,0.7999999999999998,0.7999999999999998,False,,,,,IT-Sicily,4.0,cooling,5.0,78163.66472219968,7296
4.09998810755373,0.9000000000000004,0.9000000000000004,False,,,,,IT-Sicily,4.0,cooling,5.0,78163.66472219968,7296
3.9999881075537305,1.0,1.0,False,,,,,IT-Sicily,4.0,cooling,5.0,78163.66472219968,7296
6.0,-1.0,-1.0,True,45369.67284000024,0.0,0.0,6.0,IT-Sardinia,2.0,flat,5.0,45369.67284000024,7296
5.75,-0.75,-0.75,True,43670.52637073217,0.0374511510202033,2040.093622640936,5.75,IT-Sardinia,2.0,flat,5.0,45369.67284000024,7296
5.5,-0.5,-0.5,True,40424.21544151872,0.1090035940069938,5937.802468571564,5.5,IT-Sardinia,2.0,flat,5.0,45369.67284000024,7296
5.25,-0.25,-0.25,True,31015.44153299936,0.3163838398752007,17234.521141629342,5.25,IT-Sardinia,2.0,flat,5.0,45369.67284000024,7296
5.0,0.0,0.0,True,0.0,1.0,54473.45587697397,5.0,IT-Sardinia,2.0,flat,5.0,45369.67284000024,7296
4.9,0.0999999999999996,0.0999999999999996,False,,,,,IT-Sardinia,2.0,flat,5.0,45369.67284000024,7296
4.8,0.2000000000000001,0.2000000000000001,False,,,,,IT-Sardinia,2.0,flat,5.0,45369.67284000024,7296
4.7,0.2999999999999998,0.2999999999999998,False,,,,,IT-Sardinia,2.0,flat,5.0,45369.67284000024,7296
4.6,0.4000000000000003,0.4000000000000003,False,,,,,IT-Sardinia,2.0,flat,5.0,45369.67284000024,7296
4.5,0.5,0.5,False,,,,,IT-Sardinia,2.0,flat,5.0,45369.67284000024,7296
4.4,0.5999999999999996,0.5999999999999996,False,,,,,IT-Sardinia,2.0,flat,5.0,45369.67284000024,7296
4.3,0.7000000000000002,0.7000000000000002,False,,,,,IT-Sardinia,2.0,flat,5.0,45369.67284000024,7296
4.2,0.7999999999999998,0.7999999999999998,False,,,,,IT-Sardinia,2.0,flat,5.0,45369.67284000024,7296
4.1,0.9000000000000004,0.9000000000000004,False,,,,,IT-Sardinia,2.0,flat,5.0,45369.67284000024,7296
4.0,1.0,1.0,False,,,,,IT-Sardinia,2.0,flat,5.0,45369.67284000024,7296
5.9999881075537305,-1.0,-1.0,True,45369.67284000024,0.0,0.0,5.9999881075537305,IT-Sardinia,2.0,cooling,5.0,45369.67284000024,7296
5.7499881075537305,-0.75,-0.75,True,45115.660387046206,0.0055987278958309,304.982057000731,5.7499881075537305,IT-Sardinia,2.0,cooling,5.0,45369.67284000024,7296
5.4999881075537305,-0.5,-0.5,True,44404.64140945916,0.0212704075240819,1158.6726057483354,5.4999881075537305,IT-Sardinia,2.0,cooling,5.0,45369.67284000024,7296
5.2499881075537305,-0.25,-0.25,True,42791.00940080183,0.0568367210469485,3096.0926161428297,5.2499881075537305,IT-Sardinia,2.0,cooling,5.0,45369.67284000024,7296
4.9999881075537305,0.0,0.0,True,38713.172583234154,0.146716955183714,7992.179584604016,4.9999881075537305,IT-Sardinia,2.0,cooling,5.0,45369.67284000024,7296
4.899988107553731,0.0999999999999996,0.0999999999999996,True,34860.01037096041,0.2316451014778746,12618.509214472166,4.899988107553731,IT-Sardinia,2.0,cooling,5.0,45369.67284000024,7296
4.79998810755373,0.2000000000000001,0.2000000000000001,True,28649.996175270106,0.3685209880991076,20074.61178495559,4.79998810755373,IT-Sardinia,2.0,cooling,5.0,45369.67284000024,7296
4.699988107553731,0.2999999999999998,0.2999999999999998,True,20305.878825268857,0.5524349735366365,30093.042155845247,4.699988107553731,IT-Sardinia,2.0,cooling,5.0,45369.67284000024,7296
4.59998810755373,0.4000000000000003,0.4000000000000003,False,,,,,IT-Sardinia,2.0,cooling,5.0,45369.67284000024,7296
4.4999881075537305,0.5,0.5,False,,,,,IT-Sardinia,2.0,cooling,5.0,45369.67284000024,7296
4.399988107553731,0.5999999999999996,0.5999999999999996,False,,,,,IT-Sardinia,2.0,cooling,5.0,45369.67284000024,7296
4.29998810755373,0.7000000000000002,0.7000000000000002,False,,,,,IT-Sardinia,2.0,cooling,5.0,45369.67284000024,7296
4.199988107553731,0.7999999999999998,0.7999999999999998,False,,,,,IT-Sardinia,2.0,cooling,5.0,45369.67284000024,7296
4.09998810755373,0.9000000000000004,0.9000000000000004,False,,,,,IT-Sardinia,2.0,cooling,5.0,45369.67284000024,7296
3.9999881075537305,1.0,1.0,False,,,,,IT-Sardinia,2.0,cooling,5.0,45369.67284000024,7296
6.0,-1.0,-1.0,True,73963.19405994275,0.0,0.0,6.0,IT-Sardinia,4.0,flat,5.0,73963.19405994275,7296
5.75,-0.75,-0.75,True,68523.65962693469,0.0735438011046364,6531.019960684013,5.75,IT-Sardinia,4.0,flat,5.0,73963.19405994275,7296
5.5,-0.5,-0.5,True,56970.35085261516,0.2297472874624087,20402.59135090318,5.5,IT-Sardinia,4.0,flat,5.0,73963.19405994275,7296
5.25,-0.25,-0.25,True,35043.42876469306,0.5262044965730867,46729.323463046494,5.25,IT-Sardinia,4.0,flat,5.0,73963.19405994275,7296
5.0,0.0,0.0,True,0.0,1.0,88804.49286802336,5.0,IT-Sardinia,4.0,flat,5.0,73963.19405994275,7296
4.9,0.0999999999999996,0.0999999999999996,False,,,,,IT-Sardinia,4.0,flat,5.0,73963.19405994275,7296
4.8,0.2000000000000001,0.2000000000000001,False,,,,,IT-Sardinia,4.0,flat,5.0,73963.19405994275,7296
4.7,0.2999999999999998,0.2999999999999998,False,,,,,IT-Sardinia,4.0,flat,5.0,73963.19405994275,7296
4.6,0.4000000000000003,0.4000000000000003,False,,,,,IT-Sardinia,4.0,flat,5.0,73963.19405994275,7296
4.5,0.5,0.5,False,,,,,IT-Sardinia,4.0,flat,5.0,73963.19405994275,7296
4.4,0.5999999999999996,0.5999999999999996,False,,,,,IT-Sardinia,4.0,flat,5.0,73963.19405994275,7296
4.3,0.7000000000000002,0.7000000000000002,False,,,,,IT-Sardinia,4.0,flat,5.0,73963.19405994275,7296
4.2,0.7999999999999998,0.7999999999999998,False,,,,,IT-Sardinia,4.0,flat,5.0,73963.19405994275,7296
4.1,0.9000000000000004,0.9000000000000004,False,,,,,IT-Sardinia,4.0,flat,5.0,73963.19405994275,7296
4.0,1.0,1.0,False,,,,,IT-Sardinia,4.0,flat,5.0,73963.19405994275,7296
5.9999881075537305,-1.0,-1.0,True,73963.19405994275,0.0,0.0,5.9999881075537305,IT-Sardinia,4.0,cooling,5.0,73963.19405994275,7296
5.7499881075537305,-0.75,-0.75,True,73382.02409710079,0.0078575563187679,697.7863040701154,5.7499881075537305,IT-Sardinia,4.0,cooling,5.0,73963.19405994275,7296
5.4999881075537305,-0.5,-0.5,True,71482.84267483653,0.0335349414885468,2978.05347224924,5.4999881075537305,IT-Sardinia,4.0,cooling,5.0,73963.19405994275,7296
5.2499881075537305,-0.25,-0.25,True,66348.52129039304,0.1029521894819532,9142.616976597514,5.2499881075537305,IT-Sardinia,4.0,cooling,5.0,73963.19405994275,7296
4.9999881075537305,0.0,0.0,True,54444.80539874413,0.26389326352483,23434.90743861018,4.9999881075537305,IT-Sardinia,4.0,cooling,5.0,73963.19405994275,7296
4.899988107553731,0.0999999999999996,0.0999999999999996,True,47185.09854844401,0.3620462292339172,32151.331781898152,4.899988107553731,IT-Sardinia,4.0,cooling,5.0,73963.19405994275,7296
4.79998810755373,0.2000000000000001,0.2000000000000001,True,38509.785783726096,0.4793385240702799,42567.414542168015,4.79998810755373,IT-Sardinia,4.0,cooling,5.0,73963.19405994275,7296
4.699988107553731,0.2999999999999998,0.2999999999999998,True,28482.439325646767,0.6149106364638139,54606.82723032247,4.699988107553731,IT-Sardinia,4.0,cooling,5.0,73963.19405994275,7296
4.59998810755373,0.4000000000000003,0.4000000000000003,True,16665.795312157486,0.7746744779754798,68794.57415441322,4.59998810755373,IT-Sardinia,4.0,cooling,5.0,73963.19405994275,7296
4.4999881075537305,0.5,0.5,False,,,,,IT-Sardinia,4.0,cooling,5.0,73963.19405994275,7296
4.399988107553731,0.5999999999999996,0.5999999999999996,False,,,,,IT-Sardinia,4.0,cooling,5.0,73963.19405994275,7296
4.29998810755373,0.7000000000000002,0.7000000000000002,False,,,,,IT-Sardinia,4.0,cooling,5.0,73963.19405994275,7296
4.199988107553731,0.7999999999999998,0.7999999999999998,False,,,,,IT-Sardinia,4.0,cooling,5.0,73963.19405994275,7296
4.09998810755373,0.9000000000000004,0.9000000000000004,False,,,,,IT-Sardinia,4.0,cooling,5.0,73963.19405994275,7296
3.9999881075537305,1.0,1.0,False,,,,,IT-Sardinia,4.0,cooling,5.0,73963.19405994275,7296
6.0,-1.0,-1.0,True,78771.89058490851,0.0,0.0,6.0,DK1,2.0,flat,5.0,78771.89058490851,8760
5.75,-0.75,-0.75,True,77891.73919930124,0.0111734195925963,880.1513856072706,5.75,DK1,2.0,flat,5.0,78771.89058490851,8760
5.5,-0.5,-0.5,True,75370.27598641207,0.0431831021604061,3401.6145984964387,5.5,DK1,2.0,flat,5.0,78771.89058490851,8760
5.25,-0.25,-0.25,True,64726.755106513,0.1783013632668395,14045.13547839551,5.25,DK1,2.0,flat,5.0,78771.89058490851,8760
5.0,0.0,0.0,True,0.0,1.0,78771.89058490851,5.0,DK1,2.0,flat,5.0,78771.89058490851,8760
4.9,0.0999999999999996,0.0999999999999996,False,,,,,DK1,2.0,flat,5.0,78771.89058490851,8760
4.8,0.2000000000000001,0.2000000000000001,False,,,,,DK1,2.0,flat,5.0,78771.89058490851,8760
4.7,0.2999999999999998,0.2999999999999998,False,,,,,DK1,2.0,flat,5.0,78771.89058490851,8760
4.6,0.4000000000000003,0.4000000000000003,False,,,,,DK1,2.0,flat,5.0,78771.89058490851,8760
4.5,0.5,0.5,False,,,,,DK1,2.0,flat,5.0,78771.89058490851,8760
4.4,0.5999999999999996,0.5999999999999996,False,,,,,DK1,2.0,flat,5.0,78771.89058490851,8760
4.3,0.7000000000000002,0.7000000000000002,False,,,,,DK1,2.0,flat,5.0,78771.89058490851,8760
4.2,0.7999999999999998,0.7999999999999998,False,,,,,DK1,2.0,flat,5.0,78771.89058490851,8760
4.1,0.9000000000000004,0.9000000000000004,False,,,,,DK1,2.0,flat,5.0,78771.89058490851,8760
4.0,1.0,1.0,False,,,,,DK1,2.0,flat,5.0,78771.89058490851,8760
5.9999881075537305,-1.0,-1.0,True,78771.89058490851,0.0,0.0,5.987724022002031,DK1,2.0,cooling,5.0,78771.89058490851,8760
5.7499881075537305,-0.75,-0.75,True,78679.27941943408,0.001175687987006,92.61116547443088,5.7499881075537305,DK1,2.0,cooling,5.0,78771.89058490851,8760
5.4999881075537305,-0.5,-0.5,True,78270.53334886841,0.0063646718685732,501.35723604010127,5.4999881075537305,DK1,2.0,cooling,5.0,78771.89058490851,8760
5.2499881075537305,-0.25,-0.25,True,76872.04190592867,0.0241183582731455,1899.848678979848,5.249988107553731,DK1,2.0,cooling,5.0,78771.89058490851,8760
4.9999881075537305,0.0,0.0,True,70847.75882812635,0.1005959321014482,7924.131756782168,4.999988107553731,DK1,2.0,cooling,5.0,78771.89058490851,8760
4.899988107553731,0.0999999999999996,0.0999999999999996,True,63912.3924563255,0.1886396025059967,14859.498128583014,4.899988107553731,DK1,2.0,cooling,5.0,78771.89058490851,8760
4.79998810755373,0.2000000000000001,0.2000000000000001,True,52654.33890118844,0.3315592845339653,26117.55168372007,4.79998810755373,DK1,2.0,cooling,5.0,78771.89058490851,8760
4.699988107553731,0.2999999999999998,0.2999999999999998,True,37208.29185604783,0.527645057395939,41563.598728860685,4.699988107553731,DK1,2.0,cooling,5.0,78771.89058490851,8760
4.59998810755373,0.4000000000000003,0.4000000000000003,False,,,,,DK1,2.0,cooling,5.0,78771.89058490851,8760
4.4999881075537305,0.5,0.5,False,,,,,DK1,2.0,cooling,5.0,78771.89058490851,8760
4.399988107553731,0.5999999999999996,0.5999999999999996,False,,,,,DK1,2.0,cooling,5.0,78771.89058490851,8760
4.29998810755373,0.7000000000000002,0.7000000000000002,False,,,,,DK1,2.0,cooling,5.0,78771.89058490851,8760
4.199988107553731,0.7999999999999998,0.7999999999999998,False,,,,,DK1,2.0,cooling,5.0,78771.89058490851,8760
4.09998810755373,0.9000000000000004,0.9000000000000004,False,,,,,DK1,2.0,cooling,5.0,78771.89058490851,8760
3.9999881075537305,1.0,1.0,False,,,,,DK1,2.0,cooling,5.0,78771.89058490851,8760
6.0,-1.0,-1.0,True,130251.9557526176,0.0,0.0,6.0,DK1,4.0,flat,5.0,130251.9557526176,8760
5.75,-0.75,-0.75,True,125105.56380592466,0.0395110531504592,5146.3919466929365,5.75,DK1,4.0,flat,5.0,130251.9557526176,8760
5.5,-0.5,-0.5,True,111650.91208644252,0.142808171736809,18601.043666175072,5.5,DK1,4.0,flat,5.0,130251.9557526176,8760
5.25,-0.25,-0.25,True,80662.48583873887,0.3807195801962625,49589.469913878725,5.25,DK1,4.0,flat,5.0,130251.9557526176,8760
5.0,0.0,0.0,True,0.0,1.0,130251.9557526176,5.0,DK1,4.0,flat,5.0,130251.9557526176,8760
4.9,0.0999999999999996,0.0999999999999996,False,,,,,DK1,4.0,flat,5.0,130251.9557526176,8760
4.8,0.2000000000000001,0.2000000000000001,False,,,,,DK1,4.0,flat,5.0,130251.9557526176,8760
4.7,0.2999999999999998,0.2999999999999998,False,,,,,DK1,4.0,flat,5.0,130251.9557526176,8760
4.6,0.4000000000000003,0.4000000000000003,False,,,,,DK1,4.0,flat,5.0,130251.9557526176,8760
4.5,0.5,0.5,False,,,,,DK1,4.0,flat,5.0,130251.9557526176,8760
4.4,0.5999999999999996,0.5999999999999996,False,,,,,DK1,4.0,flat,5.0,130251.9557526176,8760
4.3,0.7000000000000002,0.7000000000000002,False,,,,,DK1,4.0,flat,5.0,130251.9557526176,8760
4.2,0.7999999999999998,0.7999999999999998,False,,,,,DK1,4.0,flat,5.0,130251.9557526176,8760
4.1,0.9000000000000004,0.9000000000000004,False,,,,,DK1,4.0,flat,5.0,130251.9557526176,8760
4.0,1.0,1.0,False,,,,,DK1,4.0,flat,5.0,130251.9557526176,8760
5.9999881075537305,-1.0,-1.0,True,130251.9557526176,0.0,0.0,5.999120709384022,DK1,4.0,cooling,5.0,130251.9557526176,8760
5.7499881075537305,-0.75,-0.75,True,129745.31459365254,0.0038897009725312,506.64115896505245,5.7499881075537305,DK1,4.0,cooling,5.0,130251.9557526176,8760
5.4999881075537305,-0.5,-0.5,True,127052.29149761908,0.02456519164346,3199.6642549985263,5.4999881075537305,DK1,4.0,cooling,5.0,130251.9557526176,8760
5.2499881075537305,-0.25,-0.25,True,119332.24118503887,0.0838353213545453,10919.714567578718,5.2499881075537305,DK1,4.0,cooling,5.0,130251.9557526176,8760
4.9999881075537305,0.0,0.0,True,101511.51526050465,0.2206526598855724,28740.44049211296,4.9999881075537305,DK1,4.0,cooling,5.0,130251.9557526176,8760
4.899988107553731,0.0999999999999996,0.0999999999999996,True,90856.16904401126,0.3024583122838417,39395.786708606334,4.899988107553731,DK1,4.0,cooling,5.0,130251.9557526176,8760
4.79998810755373,0.2000000000000001,0.2000000000000001,True,77675.36464526193,0.403652987807817,52576.59110735566,4.79998810755373,DK1,4.0,cooling,5.0,130251.9557526176,8760
4.699988107553731,0.2999999999999998,0.2999999999999998,True,61846.44045703424,0.5251784121038708,68405.51529558335,4.699988107553731,DK1,4.0,cooling,5.0,130251.9557526176,8760
4.59998810755373,0.4000000000000003,0.4000000000000003,True,42163.64291651469,0.6762916712237746,88088.31283610291,4.59998810755373,DK1,4.0,cooling,5.0,130251.9557526176,8760
4.4999881075537305,0.5,0.5,False,,,,,DK1,4.0,cooling,5.0,130251.9557526176,8760
4.399988107553731,0.5999999999999996,0.5999999999999996,False,,,,,DK1,4.0,cooling,5.0,130251.9557526176,8760
4.29998810755373,0.7000000000000002,0.7000000000000002,False,,,,,DK1,4.0,cooling,5.0,130251.9557526176,8760
4.199988107553731,0.7999999999999998,0.7999999999999998,False,,,,,DK1,4.0,cooling,5.0,130251.9557526176,8760
4.09998810755373,0.9000000000000004,0.9000000000000004,False,,,,,DK1,4.0,cooling,5.0,130251.9557526176,8760
3.9999881075537305,1.0,1.0,False,,,,,DK1,4.0,cooling,5.0,130251.9557526176,8760
6.0,-1.0,-1.0,True,84162.0270440148,0.0,0.0,6.0,DK2,2.0,flat,5.0,84162.0270440148,8760
5.75,-0.75,-0.75,True,83185.73380413411,0.0116001630921995,976.293239880688,5.75,DK2,2.0,flat,5.0,84162.0270440148,8760
5.5,-0.5,-0.5,True,80624.5575804246,0.0420316571241824,3537.469463590198,5.5,DK2,2.0,flat,5.0,84162.0270440148,8760
5.25,-0.25,-0.25,True,69713.09047037309,0.1716799972757934,14448.93657364171,5.25,DK2,2.0,flat,5.0,84162.0270440148,8760
5.0,0.0,0.0,True,0.0,1.0,84162.0270440148,5.0,DK2,2.0,flat,5.0,84162.0270440148,8760
4.9,0.0999999999999996,0.0999999999999996,False,,,,,DK2,2.0,flat,5.0,84162.0270440148,8760
4.8,0.2000000000000001,0.2000000000000001,False,,,,,DK2,2.0,flat,5.0,84162.0270440148,8760
4.7,0.2999999999999998,0.2999999999999998,False,,,,,DK2,2.0,flat,5.0,84162.0270440148,8760
4.6,0.4000000000000003,0.4000000000000003,False,,,,,DK2,2.0,flat,5.0,84162.0270440148,8760
4.5,0.5,0.5,False,,,,,DK2,2.0,flat,5.0,84162.0270440148,8760
4.4,0.5999999999999996,0.5999999999999996,False,,,,,DK2,2.0,flat,5.0,84162.0270440148,8760
4.3,0.7000000000000002,0.7000000000000002,False,,,,,DK2,2.0,flat,5.0,84162.0270440148,8760
4.2,0.7999999999999998,0.7999999999999998,False,,,,,DK2,2.0,flat,5.0,84162.0270440148,8760
4.1,0.9000000000000004,0.9000000000000004,False,,,,,DK2,2.0,flat,5.0,84162.0270440148,8760
4.0,1.0,1.0,False,,,,,DK2,2.0,flat,5.0,84162.0270440148,8760
5.9999881075537305,-1.0,-1.0,True,84162.0270440148,0.0,0.0,5.9894790783866405,DK2,2.0,cooling,5.0,84162.0270440148,8760
5.7499881075537305,-0.75,-0.75,True,84079.45976721188,0.0009810514278575,82.56727680291806,5.7499881075537305,DK2,2.0,cooling,5.0,84162.0270440148,8760
5.4999881075537305,-0.5,-0.5,True,83703.11040385724,0.005452775512614,458.916640157564,5.499988107553731,DK2,2.0,cooling,5.0,84162.0270440148,8760
5.2499881075537305,-0.25,-0.25,True,82434.53479416903,0.0205257918626691,1727.4922498457745,5.2499881075537305,DK2,2.0,cooling,5.0,84162.0270440148,8760
4.9999881075537305,0.0,0.0,True,76702.56622175883,0.0886321430727286,7459.460822255976,4.9999881075537305,DK2,2.0,cooling,5.0,84162.0270440148,8760
4.899988107553731,0.0999999999999996,0.0999999999999996,True,70081.46725162466,0.1673030021606576,14080.559792390137,4.899988107553731,DK2,2.0,cooling,5.0,84162.0270440148,8760
4.79998810755373,0.2000000000000001,0.2000000000000001,True,59275.372297237474,0.2956993268919506,24886.654746777327,4.79998810755373,DK2,2.0,cooling,5.0,84162.0270440148,8760
4.699988107553731,0.2999999999999998,0.2999999999999998,True,44287.81230066076,0.4737791631670272,39874.214743354045,4.699988107553731,DK2,2.0,cooling,5.0,84162.0270440148,8760
4.59998810755373,0.4000000000000003,0.4000000000000003,False,,,,,DK2,2.0,cooling,5.0,84162.0270440148,8760
4.4999881075537305,0.5,0.5,False,,,,,DK2,2.0,cooling,5.0,84162.0270440148,8760
4.399988107553731,0.5999999999999996,0.5999999999999996,False,,,,,DK2,2.0,cooling,5.0,84162.0270440148,8760
4.29998810755373,0.7000000000000002,0.7000000000000002,False,,,,,DK2,2.0,cooling,5.0,84162.0270440148,8760
4.199988107553731,0.7999999999999998,0.7999999999999998,False,,,,,DK2,2.0,cooling,5.0,84162.0270440148,8760
4.09998810755373,0.9000000000000004,0.9000000000000004,False,,,,,DK2,2.0,cooling,5.0,84162.0270440148,8760
3.9999881075537305,1.0,1.0,False,,,,,DK2,2.0,cooling,5.0,84162.0270440148,8760
6.0,-1.0,-1.0,True,138304.32877089054,0.0,0.0,6.0,DK2,4.0,flat,5.0,138304.32877089054,8760
5.75,-0.75,-0.75,True,133107.90701000203,0.0375723725140714,5196.421760888508,5.75,DK2,4.0,flat,5.0,138304.32877089054,8760
5.5,-0.5,-0.5,True,119572.06703382629,0.1354423386710865,18732.261737064255,5.5,DK2,4.0,flat,5.0,138304.32877089054,8760
5.25,-0.25,-0.25,True,87381.7897338119,0.3681919393964515,50922.53903707865,5.25,DK2,4.0,flat,5.0,138304.32877089054,8760
5.0,0.0,0.0,True,0.0,1.0,138304.32877089054,5.0,DK2,4.0,flat,5.0,138304.32877089054,8760
4.9,0.0999999999999996,0.0999999999999996,False,,,,,DK2,4.0,flat,5.0,138304.32877089054,8760
4.8,0.2000000000000001,0.2000000000000001,False,,,,,DK2,4.0,flat,5.0,138304.32877089054,8760
4.7,0.2999999999999998,0.2999999999999998,False,,,,,DK2,4.0,flat,5.0,138304.32877089054,8760
4.6,0.4000000000000003,0.4000000000000003,False,,,,,DK2,4.0,flat,5.0,138304.32877089054,8760
4.5,0.5,0.5,False,,,,,DK2,4.0,flat,5.0,138304.32877089054,8760
4.4,0.5999999999999996,0.5999999999999996,False,,,,,DK2,4.0,flat,5.0,138304.32877089054,8760
4.3,0.7000000000000002,0.7000000000000002,False,,,,,DK2,4.0,flat,5.0,138304.32877089054,8760
4.2,0.7999999999999998,0.7999999999999998,False,,,,,DK2,4.0,flat,5.0,138304.32877089054,8760
4.1,0.9000000000000004,0.9000000000000004,False,,,,,DK2,4.0,flat,5.0,138304.32877089054,8760
4.0,1.0,1.0,False,,,,,DK2,4.0,flat,5.0,138304.32877089054,8760
5.9999881075537305,-1.0,-1.0,True,138304.32877089054,0.0,0.0,5.997182437931197,DK2,4.0,cooling,5.0,138304.32877089054,8760
5.7499881075537305,-0.75,-0.75,True,137850.2249059564,0.0032833669702876,454.1038649341499,5.7499881075537305,DK2,4.0,cooling,5.0,138304.32877089054,8760
5.4999881075537305,-0.5,-0.5,True,135326.13931267464,0.0215335954028557,2978.1894582159,5.4999881075537305,DK2,4.0,cooling,5.0,138304.32877089054,8760
5.2499881075537305,-0.25,-0.25,True,128021.85060552708,0.0743467558589362,10282.478165363456,5.2499881075537305,DK2,4.0,cooling,5.0,138304.32877089054,8760
4.9999881075537305,0.0,0.0,True,111254.85061386976,0.1955794037497544,27049.478157020785,4.9999881075537305,DK2,4.0,cooling,5.0,138304.32877089054,8760
4.899988107553731,0.0999999999999996,0.0999999999999996,True,101025.55121551453,0.2695416541670982,37278.77755537603,4.899988107553731,DK2,4.0,cooling,5.0,138304.32877089054,8760
4.79998810755373,0.2000000000000001,0.2000000000000001,True,88332.41281348636,0.3613185241669888,49971.915957404184,4.79998810755373,DK2,4.0,cooling,5.0,138304.32877089054,8760
4.699988107553731,0.2999999999999998,0.2999999999999998,True,72889.55022005354,0.4729770870671772,65414.778550837,4.699988107553731,DK2,4.0,cooling,5.0,138304.32877089054,8760
4.59998810755373,0.4000000000000003,0.4000000000000003,True,53239.31068305715,0.6150568015029285,85065.01808783339,4.59998810755373,DK2,4.0,cooling,5.0,138304.32877089054,8760
4.4999881075537305,0.5,0.5,False,,,,,DK2,4.0,cooling,5.0,138304.32877089054,8760
4.399988107553731,0.5999999999999996,0.5999999999999996,False,,,,,DK2,4.0,cooling,5.0,138304.32877089054,8760
4.29998810755373,0.7000000000000002,0.7000000000000002,False,,,,,DK2,4.0,cooling,5.0,138304.32877089054,8760
4.199988107553731,0.7999999999999998,0.7999999999999998,False,,,,,DK2,4.0,cooling,5.0,138304.32877089054,8760
4.09998810755373,0.9000000000000004,0.9000000000000004,False,,,,,DK2,4.0,cooling,5.0,138304.32877089054,8760
3.9999881075537305,1.0,1.0,False,,,,,DK2,4.0,cooling,5.0,138304.32877089054,8760
6.0,-1.0,-1.0,True,27220.93958948245,0.0,0.0,6.0,NO1,2.0,flat,5.0,27220.93958948245,7296
5.75,-0.75,-0.75,True,26629.35732498684,0.0217326173679979,710.2879162529524,5.75,NO1,2.0,flat,5.0,27220.93958948245,7296
5.5,-0.5,-0.5,True,25338.158739208164,0.0691666371061544,2260.575691941164,5.5,NO1,2.0,flat,5.0,27220.93958948245,7296
5.25,-0.25,-0.25,True,21248.48165300869,0.2194067518073983,7170.878772410926,5.25,NO1,2.0,flat,5.0,27220.93958948245,7296
5.0,0.0,0.0,True,0.0,1.0,32683.03602026675,5.0,NO1,2.0,flat,5.0,27220.93958948245,7296
4.9,0.0999999999999996,0.0999999999999996,False,,,,,NO1,2.0,flat,5.0,27220.93958948245,7296
4.8,0.2000000000000001,0.2000000000000001,False,,,,,NO1,2.0,flat,5.0,27220.93958948245,7296
4.7,0.2999999999999998,0.2999999999999998,False,,,,,NO1,2.0,flat,5.0,27220.93958948245,7296
4.6,0.4000000000000003,0.4000000000000003,False,,,,,NO1,2.0,flat,5.0,27220.93958948245,7296
4.5,0.5,0.5,False,,,,,NO1,2.0,flat,5.0,27220.93958948245,7296
4.4,0.5999999999999996,0.5999999999999996,False,,,,,NO1,2.0,flat,5.0,27220.93958948245,7296
4.3,0.7000000000000002,0.7000000000000002,False,,,,,NO1,2.0,flat,5.0,27220.93958948245,7296
4.2,0.7999999999999998,0.7999999999999998,False,,,,,NO1,2.0,flat,5.0,27220.93958948245,7296
4.1,0.9000000000000004,0.9000000000000004,False,,,,,NO1,2.0,flat,5.0,27220.93958948245,7296
4.0,1.0,1.0,False,,,,,NO1,2.0,flat,5.0,27220.93958948245,7296
5.9999881075537305,-1.0,-1.0,True,27220.93958948245,0.0,0.0,5.997034328697059,NO1,2.0,cooling,5.0,27220.93958948245,7296
5.7499881075537305,-0.75,-0.75,True,27160.02777485018,0.0022376822971902,73.13425112098079,5.7499881075537305,NO1,2.0,cooling,5.0,27220.93958948245,7296
5.4999881075537305,-0.5,-0.5,True,26941.096458334272,0.0102804361410177,335.9958647009354,5.4999881075537305,NO1,2.0,cooling,5.0,27220.93958948245,7296
5.2499881075537305,-0.25,-0.25,True,26239.167480233496,0.03606679725443,1178.7724338021956,5.2499881075537305,NO1,2.0,cooling,5.0,27220.93958948245,7296
4.9999881075537305,0.0,0.0,True,24102.866726778753,0.1145468492170802,3743.738798969897,4.9999881075537305,NO1,2.0,cooling,5.0,27220.93958948245,7296
4.899988107553731,0.0999999999999996,0.0999999999999996,True,21838.12891272813,0.1977452195968324,6462.914134918835,4.899988107553731,NO1,2.0,cooling,5.0,27220.93958948245,7296
4.79998810755373,0.2000000000000001,0.2000000000000001,True,18373.4390619482,0.3250255377280482,10622.82135707237,4.79998810755373,NO1,2.0,cooling,5.0,27220.93958948245,7296
4.699988107553731,0.2999999999999998,0.2999999999999998,True,13697.373241828604,0.496807478051898,16237.17670030807,4.699988107553731,NO1,2.0,cooling,5.0,27220.93958948245,7296
4.59998810755373,0.4000000000000003,0.4000000000000003,False,,,,,NO1,2.0,cooling,5.0,27220.93958948245,7296
4.4999881075537305,0.5,0.5,False,,,,,NO1,2.0,cooling,5.0,27220.93958948245,7296
4.399988107553731,0.5999999999999996,0.5999999999999996,False,,,,,NO1,2.0,cooling,5.0,27220.93958948245,7296
4.29998810755373,0.7000000000000002,0.7000000000000002,False,,,,,NO1,2.0,cooling,5.0,27220.93958948245,7296
4.199988107553731,0.7999999999999998,0.7999999999999998,False,,,,,NO1,2.0,cooling,5.0,27220.93958948245,7296
4.09998810755373,0.9000000000000004,0.9000000000000004,False,,,,,NO1,2.0,cooling,5.0,27220.93958948245,7296
3.9999881075537305,1.0,1.0,False,,,,,NO1,2.0,cooling,5.0,27220.93958948245,7296
6.0,-1.0,-1.0,True,45411.58334394942,0.0,0.0,6.0,NO1,4.0,flat,5.0,45411.58334394942,7296
5.75,-0.75,-0.75,True,43199.256766319,0.0487172305989457,2656.247371168109,5.75,NO1,4.0,flat,5.0,45411.58334394942,7296
5.5,-0.5,-0.5,True,38241.29117309991,0.1578956654415986,8609.067902500236,5.5,NO1,4.0,flat,5.0,45411.58334394942,7296
5.25,-0.25,-0.25,True,27211.339877469913,0.4007841640012863,21852.266004161254,5.25,NO1,4.0,flat,5.0,45411.58334394942,7296
5.0,0.0,0.0,True,0.0,1.0,54523.77605441296,5.0,NO1,4.0,flat,5.0,45411.58334394942,7296
4.9,0.0999999999999996,0.0999999999999996,False,,,,,NO1,4.0,flat,5.0,45411.58334394942,7296
4.8,0.2000000000000001,0.2000000000000001,False,,,,,NO1,4.0,flat,5.0,45411.58334394942,7296
4.7,0.2999999999999998,0.2999999999999998,False,,,,,NO1,4.0,flat,5.0,45411.58334394942,7296
4.6,0.4000000000000003,0.4000000000000003,False,,,,,NO1,4.0,flat,5.0,45411.58334394942,7296
4.5,0.5,0.5,False,,,,,NO1,4.0,flat,5.0,45411.58334394942,7296
4.4,0.5999999999999996,0.5999999999999996,False,,,,,NO1,4.0,flat,5.0,45411.58334394942,7296
4.3,0.7000000000000002,0.7000000000000002,False,,,,,NO1,4.0,flat,5.0,45411.58334394942,7296
4.2,0.7999999999999998,0.7999999999999998,False,,,,,NO1,4.0,flat,5.0,45411.58334394942,7296
4.1,0.9000000000000004,0.9000000000000004,False,,,,,NO1,4.0,flat,5.0,45411.58334394942,7296
4.0,1.0,1.0,False,,,,,NO1,4.0,flat,5.0,45411.58334394942,7296
5.9999881075537305,-1.0,-1.0,True,45411.58334394942,0.0,0.0,5.999599994009722,NO1,4.0,cooling,5.0,45411.58334394942,7296
5.7499881075537305,-0.75,-0.75,True,45158.05013704345,0.0055830074231435,304.40664644960594,5.7499881075537305,NO1,4.0,cooling,5.0,45411.58334394942,7296
5.4999881075537305,-0.5,-0.5,True,44125.770389923666,0.0283146470425167,1543.8214744059262,5.4999881075537305,NO1,4.0,cooling,5.0,45411.58334394942,7296
5.2499881075537305,-0.25,-0.25,True,41574.600698923794,0.0844934785903444,4606.903504718272,5.2499881075537305,NO1,4.0,cooling,5.0,45411.58334394942,7296
4.9999881075537305,0.0,0.0,True,35704.394376510856,0.2137601962458756,11655.01306945749,4.9999881075537305,NO1,4.0,cooling,5.0,45411.58334394942,7296
4.899988107553731,0.0999999999999996,0.0999999999999996,True,32146.515056677403,0.2921075926113781,15926.80896333647,4.899988107553731,NO1,4.0,cooling,5.0,45411.58334394942,7296
4.79998810755373,0.2000000000000001,0.2000000000000001,True,27775.90160306052,0.3883520556267645,21174.42051126464,4.79998810755373,NO1,4.0,cooling,5.0,45411.58334394942,7296
4.699988107553731,0.2999999999999998,0.2999999999999998,True,22470.714881547618,0.5051765821210552,27544.134831502168,4.699988107553731,NO1,4.0,cooling,5.0,45411.58334394942,7296
4.59998810755373,0.4000000000000003,0.4000000000000003,True,15904.455232858109,0.6497709601447492,35427.966317593186,4.59998810755373,NO1,4.0,cooling,5.0,45411.58334394942,7296
4.4999881075537305,0.5,0.5,False,,,,,NO1,4.0,cooling,5.0,45411.58334394942,7296
4.399988107553731,0.5999999999999996,0.5999999999999996,False,,,,,NO1,4.0,cooling,5.0,45411.58334394942,7296
4.29998810755373,0.7000000000000002,0.7000000000000002,False,,,,,NO1,4.0,cooling,5.0,45411.58334394942,7296
4.199988107553731,0.7999999999999998,0.7999999999999998,False,,,,,NO1,4.0,cooling,5.0,45411.58334394942,7296
4.09998810755373,0.9000000000000004,0.9000000000000004,False,,,,,NO1,4.0,cooling,5.0,45411.58334394942,7296
3.9999881075537305,1.0,1.0,False,,,,,NO1,4.0,cooling,5.0,45411.58334394942,7296
6.0,-1.0,-1.0,True,30367.856477004116,0.0,0.0,6.0,NO2,2.0,flat,5.0,30367.856477004116,7296
5.75,-0.75,-0.75,True,29711.47745516712,0.0216142690984473,788.086654508233,5.75,NO2,2.0,flat,5.0,30367.856477004116,7296
5.5,-0.5,-0.5,True,28295.37673777679,0.0682458355530196,2488.3391605854395,5.5,NO2,2.0,flat,5.0,30367.856477004116,7296
5.25,-0.25,-0.25,True,23494.62231603527,0.2263325423107673,8252.402857742198,5.25,NO2,2.0,flat,5.0,30367.856477004116,7296
5.0,0.0,0.0,True,0.0,1.0,36461.40662535033,5.0,NO2,2.0,flat,5.0,30367.856477004116,7296
4.9,0.0999999999999996,0.0999999999999996,False,,,,,NO2,2.0,flat,5.0,30367.856477004116,7296
4.8,0.2000000000000001,0.2000000000000001,False,,,,,NO2,2.0,flat,5.0,30367.856477004116,7296
4.7,0.2999999999999998,0.2999999999999998,False,,,,,NO2,2.0,flat,5.0,30367.856477004116,7296
4.6,0.4000000000000003,0.4000000000000003,False,,,,,NO2,2.0,flat,5.0,30367.856477004116,7296
4.5,0.5,0.5,False,,,,,NO2,2.0,flat,5.0,30367.856477004116,7296
4.4,0.5999999999999996,0.5999999999999996,False,,,,,NO2,2.0,flat,5.0,30367.856477004116,7296
4.3,0.7000000000000002,0.7000000000000002,False,,,,,NO2,2.0,flat,5.0,30367.856477004116,7296
4.2,0.7999999999999998,0.7999999999999998,False,,,,,NO2,2.0,flat,5.0,30367.856477004116,7296
4.1,0.9000000000000004,0.9000000000000004,False,,,,,NO2,2.0,flat,5.0,30367.856477004116,7296
4.0,1.0,1.0,False,,,,,NO2,2.0,flat,5.0,30367.856477004116,7296
5.9999881075537305,-1.0,-1.0,True,30367.856477004116,0.0,0.0,5.999120709384022,NO2,2.0,cooling,5.0,30367.856477004116,7296
5.7499881075537305,-0.75,-0.75,True,30267.168561984898,0.003315608235157,120.89174007242076,5.7499881075537305,NO2,2.0,cooling,5.0,30367.856477004116,7296
5.4999881075537305,-0.5,-0.5,True,29980.250324393073,0.0127636981195743,465.3823871810214,5.4999881075537305,NO2,2.0,cooling,5.0,30367.856477004116,7296
5.2499881075537305,-0.25,-0.25,True,29121.59750074849,0.0410387534990936,1496.3306787279737,5.2499881075537305,NO2,2.0,cooling,5.0,30367.856477004116,7296
4.9999881075537305,0.0,0.0,True,26250.9310630706,0.1355685218366016,4943.019000282018,4.9999881075537305,NO2,2.0,cooling,5.0,30367.856477004116,7296
4.899988107553731,0.0999999999999996,0.0999999999999996,True,23264.798726563928,0.233900530839868,8528.342364837725,4.899988107553731,NO2,2.0,cooling,5.0,30367.856477004116,7296
4.79998810755373,0.2000000000000001,0.2000000000000001,True,18721.79031045044,0.3834997763300347,13982.9412855003,4.79998810755373,NO2,2.0,cooling,5.0,30367.856477004116,7296
4.699988107553731,0.2999999999999998,0.2999999999999998,True,12657.111658942706,0.5832069455238886,21264.545587475044,4.699988107553731,NO2,2.0,cooling,5.0,30367.856477004116,7296
4.59998810755373,0.4000000000000003,0.4000000000000003,False,,,,,NO2,2.0,cooling,5.0,30367.856477004116,7296
4.4999881075537305,0.5,0.5,False,,,,,NO2,2.0,cooling,5.0,30367.856477004116,7296
4.399988107553731,0.5999999999999996,0.5999999999999996,False,,,,,NO2,2.0,cooling,5.0,30367.856477004116,7296
4.29998810755373,0.7000000000000002,0.7000000000000002,False,,,,,NO2,2.0,cooling,5.0,30367.856477004116,7296
4.199988107553731,0.7999999999999998,0.7999999999999998,False,,,,,NO2,2.0,cooling,5.0,30367.856477004116,7296
4.09998810755373,0.9000000000000004,0.9000000000000004,False,,,,,NO2,2.0,cooling,5.0,30367.856477004116,7296
3.9999881075537305,1.0,1.0,False,,,,,NO2,2.0,cooling,5.0,30367.856477004116,7296
6.0,-1.0,-1.0,True,50737.338129778014,0.0,0.0,6.0,NO2,4.0,flat,5.0,50737.338129778014,7296
5.75,-0.75,-0.75,True,48090.57069810832,0.0521660680128642,3177.862212366573,5.75,NO2,4.0,flat,5.0,50737.338129778014,7296
5.5,-0.5,-0.5,True,42164.517932979456,0.1689647213038778,10293.024249445638,5.5,NO2,4.0,flat,5.0,50737.338129778014,7296
5.25,-0.25,-0.25,True,29543.41392001423,0.4177184888090326,25446.652422907173,5.25,NO2,4.0,flat,5.0,50737.338129778014,7296
5.0,0.0,0.0,True,0.0,1.0,60918.18558345057,5.0,NO2,4.0,flat,5.0,50737.338129778014,7296
4.9,0.0999999999999996,0.0999999999999996,False,,,,,NO2,4.0,flat,5.0,50737.338129778014,7296
4.8,0.2000000000000001,0.2000000000000001,False,,,,,NO2,4.0,flat,5.0,50737.338129778014,7296
4.7,0.2999999999999998,0.2999999999999998,False,,,,,NO2,4.0,flat,5.0,50737.338129778014,7296
4.6,0.4000000000000003,0.4000000000000003,False,,,,,NO2,4.0,flat,5.0,50737.338129778014,7296
4.5,0.5,0.5,False,,,,,NO2,4.0,flat,5.0,50737.338129778014,7296
4.4,0.5999999999999996,0.5999999999999996,False,,,,,NO2,4.0,flat,5.0,50737.338129778014,7296
4.3,0.7000000000000002,0.7000000000000002,False,,,,,NO2,4.0,flat,5.0,50737.338129778014,7296
4.2,0.7999999999999998,0.7999999999999998,False,,,,,NO2,4.0,flat,5.0,50737.338129778014,7296
4.1,0.9000000000000004,0.9000000000000004,False,,,,,NO2,4.0,flat,5.0,50737.338129778014,7296
4.0,1.0,1.0,False,,,,,NO2,4.0,flat,5.0,50737.338129778014,7296
5.9999881075537305,-1.0,-1.0,True,50737.338129778014,0.0,0.0,5.999120709384022,NO2,4.0,cooling,5.0,50737.338129778014,7296
5.7499881075537305,-0.75,-0.75,True,50399.58959632034,0.0066568043556752,405.5204431317512,5.7499881075537305,NO2,4.0,cooling,5.0,50737.338129778014,7296
5.4999881075537305,-0.5,-0.5,True,49011.62119005184,0.034012760687446,2071.995667763335,5.4999881075537305,NO2,4.0,cooling,5.0,50737.338129778014,7296
5.2499881075537305,-0.25,-0.25,True,45451.329522001935,0.1041837984140064,6346.687966573252,5.2499881075537305,NO2,4.0,cooling,5.0,50737.338129778014,7296
4.9999881075537305,0.0,0.0,True,37802.12318854801,0.2549446900060818,15530.767939305762,4.9999881075537305,NO2,4.0,cooling,5.0,50737.338129778014,7296
4.899988107553731,0.0999999999999996,0.0999999999999996,True,33261.563486573774,0.3444361743713081,20982.42679200509,4.899988107553731,NO2,4.0,cooling,5.0,50737.338129778014,7296
4.79998810755373,0.2000000000000001,0.2000000000000001,True,27703.305426956493,0.4539858327589859,27655.99321226926,4.79998810755373,NO2,4.0,cooling,5.0,50737.338129778014,7296
4.699988107553731,0.2999999999999998,0.2999999999999998,True,21060.872505996027,0.5849038739059256,35631.28273908034,4.699988107553731,NO2,4.0,cooling,5.0,50737.338129778014,7296
4.59998810755373,0.4000000000000003,0.4000000000000003,True,12941.432770018013,0.7449327606246134,45379.952158922366,4.59998810755373,NO2,4.0,cooling,5.0,50737.338129778014,7296
4.4999881075537305,0.5,0.5,False,,,,,NO2,4.0,cooling,5.0,50737.338129778014,7296
4.399988107553731,0.5999999999999996,0.5999999999999996,False,,,,,NO2,4.0,cooling,5.0,50737.338129778014,7296
4.29998810755373,0.7000000000000002,0.7000000000000002,False,,,,,NO2,4.0,cooling,5.0,50737.338129778014,7296
4.199988107553731,0.7999999999999998,0.7999999999999998,False,,,,,NO2,4.0,cooling,5.0,50737.338129778014,7296
4.09998810755373,0.9000000000000004,0.9000000000000004,False,,,,,NO2,4.0,cooling,5.0,50737.338129778014,7296
3.9999881075537305,1.0,1.0,False,,,,,NO2,4.0,cooling,5.0,50737.338129778014,7296
6.0,-1.0,-1.0,True,16609.432813703468,0.0,0.0,6.0,NO5,2.0,flat,5.0,16609.432813703468,7296
5.75,-0.75,-0.75,True,16055.14514203603,0.0333718603088076,665.5098689428123,5.75,NO5,2.0,flat,5.0,16609.432813703468,7296
5.5,-0.5,-0.5,True,15036.589250840738,0.0946958021086108,1888.4470409371595,5.5,NO5,2.0,flat,5.0,16609.432813703468,7296
5.25,-0.25,-0.25,True,12480.15333537061,0.2486105049250104,4957.852005235174,5.25,NO5,2.0,flat,5.0,16609.432813703468,7296
5.0,0.0,0.0,True,0.0,1.0,19942.246634874227,5.0,NO5,2.0,flat,5.0,16609.432813703468,7296
4.9,0.0999999999999996,0.0999999999999996,False,,,,,NO5,2.0,flat,5.0,16609.432813703468,7296
4.8,0.2000000000000001,0.2000000000000001,False,,,,,NO5,2.0,flat,5.0,16609.432813703468,7296
4.7,0.2999999999999998,0.2999999999999998,False,,,,,NO5,2.0,flat,5.0,16609.432813703468,7296
4.6,0.4000000000000003,0.4000000000000003,False,,,,,NO5,2.0,flat,5.0,16609.432813703468,7296
4.5,0.5,0.5,False,,,,,NO5,2.0,flat,5.0,16609.432813703468,7296
4.4,0.5999999999999996,0.5999999999999996,False,,,,,NO5,2.0,flat,5.0,16609.432813703468,7296
4.3,0.7000000000000002,0.7000000000000002,False,,,,,NO5,2.0,flat,5.0,16609.432813703468,7296
4.2,0.7999999999999998,0.7999999999999998,False,,,,,NO5,2.0,flat,5.0,16609.432813703468,7296
4.1,0.9000000000000004,0.9000000000000004,False,,,,,NO5,2.0,flat,5.0,16609.432813703468,7296
4.0,1.0,1.0,False,,,,,NO5,2.0,flat,5.0,16609.432813703468,7296
5.9999881075537305,-1.0,-1.0,True,16609.432813703468,0.0,0.0,5.997034328697059,NO5,2.0,cooling,5.0,16609.432813703468,7296
5.7499881075537305,-0.75,-0.75,True,16501.862297398264,0.0064764713829634,129.1553896427618,5.7499881075537305,NO5,2.0,cooling,5.0,16609.432813703468,7296
5.4999881075537305,-0.5,-0.5,True,16232.545241070187,0.0226911765657845,452.5130395103536,5.4999881075537305,NO5,2.0,cooling,5.0,16609.432813703468,7296
5.2499881075537305,-0.25,-0.25,True,15669.465228653396,0.0565923951523834,1128.5795017870926,5.2499881075537305,NO5,2.0,cooling,5.0,16609.432813703468,7296
4.9999881075537305,0.0,0.0,True,14441.800102608744,0.1305061247670261,2602.5853274657047,4.9999881075537305,NO5,2.0,cooling,5.0,16609.432813703468,7296
4.899988107553731,0.0999999999999996,0.0999999999999996,True,13330.930632175196,0.1973879673256133,3936.3595271638774,4.899988107553731,NO5,2.0,cooling,5.0,16609.432813703468,7296
4.79998810755373,0.2000000000000001,0.2000000000000001,True,11566.83502194406,0.3035984339934267,6054.4348486584995,4.79998810755373,NO5,2.0,cooling,5.0,16609.432813703468,7296
4.699988107553731,0.2999999999999998,0.2999999999999998,True,9047.38253302009,0.455286484824718,9079.43536989945,4.699988107553731,NO5,2.0,cooling,5.0,16609.432813703468,7296
4.59998810755373,0.4000000000000003,0.4000000000000003,False,,,,,NO5,2.0,cooling,5.0,16609.432813703468,7296
4.4999881075537305,0.5,0.5,False,,,,,NO5,2.0,cooling,5.0,16609.432813703468,7296
4.399988107553731,0.5999999999999996,0.5999999999999996,False,,,,,NO5,2.0,cooling,5.0,16609.432813703468,7296
4.29998810755373,0.7000000000000002,0.7000000000000002,False,,,,,NO5,2.0,cooling,5.0,16609.432813703468,7296
4.199988107553731,0.7999999999999998,0.7999999999999998,False,,,,,NO5,2.0,cooling,5.0,16609.432813703468,7296
4.09998810755373,0.9000000000000004,0.9000000000000004,False,,,,,NO5,2.0,cooling,5.0,16609.432813703468,7296
3.9999881075537305,1.0,1.0,False,,,,,NO5,2.0,cooling,5.0,16609.432813703468,7296
6.0,-1.0,-1.0,True,26293.37109560233,0.0,0.0,6.0,NO5,4.0,flat,5.0,26293.37109560233,7296
5.75,-0.75,-0.75,True,24797.71071622273,0.0568835534227011,1795.7764423472197,5.75,NO5,4.0,flat,5.0,26293.37109560233,7296
5.5,-0.5,-0.5,True,21906.54516896814,0.1668415172281924,5267.077181649605,5.5,NO5,4.0,flat,5.0,26293.37109560233,7296
5.25,-0.25,-0.25,True,16198.368856431636,0.3839371605286141,12120.644135846393,5.25,NO5,4.0,flat,5.0,26293.37109560233,7296
5.0,0.0,0.0,True,0.0,1.0,31569.343585180428,5.0,NO5,4.0,flat,5.0,26293.37109560233,7296
4.9,0.0999999999999996,0.0999999999999996,False,,,,,NO5,4.0,flat,5.0,26293.37109560233,7296
4.8,0.2000000000000001,0.2000000000000001,False,,,,,NO5,4.0,flat,5.0,26293.37109560233,7296
4.7,0.2999999999999998,0.2999999999999998,False,,,,,NO5,4.0,flat,5.0,26293.37109560233,7296
4.6,0.4000000000000003,0.4000000000000003,False,,,,,NO5,4.0,flat,5.0,26293.37109560233,7296
4.5,0.5,0.5,False,,,,,NO5,4.0,flat,5.0,26293.37109560233,7296
4.4,0.5999999999999996,0.5999999999999996,False,,,,,NO5,4.0,flat,5.0,26293.37109560233,7296
4.3,0.7000000000000002,0.7000000000000002,False,,,,,NO5,4.0,flat,5.0,26293.37109560233,7296
4.2,0.7999999999999998,0.7999999999999998,False,,,,,NO5,4.0,flat,5.0,26293.37109560233,7296
4.1,0.9000000000000004,0.9000000000000004,False,,,,,NO5,4.0,flat,5.0,26293.37109560233,7296
4.0,1.0,1.0,False,,,,,NO5,4.0,flat,5.0,26293.37109560233,7296
5.9999881075537305,-1.0,-1.0,True,26293.37109560233,0.0,0.0,5.999200578662139,NO5,4.0,cooling,5.0,26293.37109560233,7296
5.7499881075537305,-0.75,-0.75,True,26085.596281208233,0.0079021747967817,249.46647122975693,5.7499881075537305,NO5,4.0,cooling,5.0,26293.37109560233,7296
5.4999881075537305,-0.5,-0.5,True,25421.064121541018,0.0331759275328225,1047.342255040722,5.4999881075537305,NO5,4.0,cooling,5.0,26293.37109560233,7296
5.2499881075537305,-0.25,-0.25,True,24134.29014526875,0.0821150297724545,2592.317588393937,5.2499881075537305,NO5,4.0,cooling,5.0,26293.37109560233,7296
4.9999881075537305,0.0,0.0,True,21664.15134535096,0.1760603360223225,5558.10923961102,4.9999881075537305,NO5,4.0,cooling,5.0,26293.37109560233,7296
4.899988107553731,0.0999999999999996,0.0999999999999996,True,20049.2475127221,0.2374790041252863,7497.056275497645,4.899988107553731,NO5,4.0,cooling,5.0,26293.37109560233,7296
4.79998810755373,0.2000000000000001,0.2000000000000001,True,17881.340535886844,0.3199297088657616,10099.970902289975,4.79998810755373,NO5,4.0,cooling,5.0,26293.37109560233,7296
4.699988107553731,0.2999999999999998,0.2999999999999998,True,15026.348033673934,0.4285119249624424,13527.840189486398,4.699988107553731,NO5,4.0,cooling,5.0,26293.37109560233,7296
4.59998810755373,0.4000000000000003,0.4000000000000003,True,11185.182552729651,0.5746006659982668,18139.765849172785,4.59998810755373,NO5,4.0,cooling,5.0,26293.37109560233,7296
4.4999881075537305,0.5,0.5,False,,,,,NO5,4.0,cooling,5.0,26293.37109560233,7296
4.399988107553731,0.5999999999999996,0.5999999999999996,False,,,,,NO5,4.0,cooling,5.0,26293.37109560233,7296
4.29998810755373,0.7000000000000002,0.7000000000000002,False,,,,,NO5,4.0,cooling,5.0,26293.37109560233,7296
4.199988107553731,0.7999999999999998,0.7999999999999998,False,,,,,NO5,4.0,cooling,5.0,26293.37109560233,7296
4.09998810755373,0.9000000000000004,0.9000000000000004,False,,,,,NO5,4.0,cooling,5.0,26293.37109560233,7296
3.9999881075537305,1.0,1.0,False,,,,,NO5,4.0,cooling,5.0,26293.37109560233,7296
6.0,-1.0,-1.0,True,26386.966623489127,0.0,0.0,6.0,SE2,2.0,flat,5.0,26386.966623489127,8760
5.75,-0.75,-0.75,True,25935.100825809284,0.0171245829097157,451.8657976798422,5.75,SE2,2.0,flat,5.0,26386.966623489127,8760
5.5,-0.5,-0.5,True,24966.114704974643,0.0538467319411269,1420.8519185144833,5.5,SE2,2.0,flat,5.0,26386.966623489127,8760
5.25,-0.25,-0.25,True,21918.726198155055,0.1693351300697267,4468.240425334072,5.25,SE2,2.0,flat,5.0,26386.966623489127,8760
5.0,0.0,0.0,True,0.0,1.0,26386.966623489127,5.0,SE2,2.0,flat,5.0,26386.966623489127,8760
4.9,0.0999999999999996,0.0999999999999996,False,,,,,SE2,2.0,flat,5.0,26386.966623489127,8760
4.8,0.2000000000000001,0.2000000000000001,False,,,,,SE2,2.0,flat,5.0,26386.966623489127,8760
4.7,0.2999999999999998,0.2999999999999998,False,,,,,SE2,2.0,flat,5.0,26386.966623489127,8760
4.6,0.4000000000000003,0.4000000000000003,False,,,,,SE2,2.0,flat,5.0,26386.966623489127,8760
4.5,0.5,0.5,False,,,,,SE2,2.0,flat,5.0,26386.966623489127,8760
4.4,0.5999999999999996,0.5999999999999996,False,,,,,SE2,2.0,flat,5.0,26386.966623489127,8760
4.3,0.7000000000000002,0.7000000000000002,False,,,,,SE2,2.0,flat,5.0,26386.966623489127,8760
4.2,0.7999999999999998,0.7999999999999998,False,,,,,SE2,2.0,flat,5.0,26386.966623489127,8760
4.1,0.9000000000000004,0.9000000000000004,False,,,,,SE2,2.0,flat,5.0,26386.966623489127,8760
4.0,1.0,1.0,False,,,,,SE2,2.0,flat,5.0,26386.966623489127,8760
5.9999881075537305,-1.0,-1.0,True,26386.966623489127,0.0,0.0,5.999976690901114,SE2,2.0,cooling,5.0,26386.966623489127,8760
5.7499881075537305,-0.75,-0.75,True,26357.985289108747,0.0010983200454189,28.98133438037985,5.7499881075537305,SE2,2.0,cooling,5.0,26386.966623489127,8760
5.4999881075537305,-0.5,-0.5,True,26232.73436653945,0.0058450165625472,154.2322569496755,5.4999881075537305,SE2,2.0,cooling,5.0,26386.966623489127,8760
5.2499881075537305,-0.25,-0.25,True,25893.750751493455,0.0186916472451449,493.2158719956715,5.2499881075537305,SE2,2.0,cooling,5.0,26386.966623489127,8760
4.9999881075537305,0.0,0.0,True,24803.76506205024,0.0599993771178516,1583.2015614388874,4.999988107553731,SE2,2.0,cooling,5.0,26386.966623489127,8760
4.899988107553731,0.0999999999999996,0.0999999999999996,True,23904.97808366629,0.0940611543281152,2481.988539822836,4.899988107553731,SE2,2.0,cooling,5.0,26386.966623489127,8760
4.79998810755373,0.2000000000000001,0.2000000000000001,True,22387.98475906823,0.1515514049599429,3998.981864420897,4.79998810755373,SE2,2.0,cooling,5.0,26386.966623489127,8760
4.699988107553731,0.2999999999999998,0.2999999999999998,True,19855.677696093164,0.2475195053902841,6531.288927395963,4.699988107553731,SE2,2.0,cooling,5.0,26386.966623489127,8760
4.59998810755373,0.4000000000000003,0.4000000000000003,False,,,,,SE2,2.0,cooling,5.0,26386.966623489127,8760
4.4999881075537305,0.5,0.5,False,,,,,SE2,2.0,cooling,5.0,26386.966623489127,8760
4.399988107553731,0.5999999999999996,0.5999999999999996,False,,,,,SE2,2.0,cooling,5.0,26386.966623489127,8760
4.29998810755373,0.7000000000000002,0.7000000000000002,False,,,,,SE2,2.0,cooling,5.0,26386.966623489127,8760
4.199988107553731,0.7999999999999998,0.7999999999999998,False,,,,,SE2,2.0,cooling,5.0,26386.966623489127,8760
4.09998810755373,0.9000000000000004,0.9000000000000004,False,,,,,SE2,2.0,cooling,5.0,26386.966623489127,8760
3.9999881075537305,1.0,1.0,False,,,,,SE2,2.0,cooling,5.0,26386.966623489127,8760
6.0,-1.0,-1.0,True,43476.13924974319,0.0,0.0,6.0,SE2,4.0,flat,5.0,43476.13924974319,8760
5.75,-0.75,-0.75,True,41932.86153035718,0.0354971197079125,1543.2777193860093,5.75,SE2,4.0,flat,5.0,43476.13924974319,8760
5.5,-0.5,-0.5,True,38770.96996242475,0.1082241746510698,4705.169287318437,5.5,SE2,4.0,flat,5.0,43476.13924974319,8760
5.25,-0.25,-0.25,True,32142.36765418418,0.2606894676285212,11333.771595559008,5.25,SE2,4.0,flat,5.0,43476.13924974319,8760
5.0,0.0,0.0,True,0.0,1.0,43476.13924974319,5.0,SE2,4.0,flat,5.0,43476.13924974319,8760
4.9,0.0999999999999996,0.0999999999999996,False,,,,,SE2,4.0,flat,5.0,43476.13924974319,8760
4.8,0.2000000000000001,0.2000000000000001,False,,,,,SE2,4.0,flat,5.0,43476.13924974319,8760
4.7,0.2999999999999998,0.2999999999999998,False,,,,,SE2,4.0,flat,5.0,43476.13924974319,8760
4.6,0.4000000000000003,0.4000000000000003,False,,,,,SE2,4.0,flat,5.0,43476.13924974319,8760
4.5,0.5,0.5,False,,,,,SE2,4.0,flat,5.0,43476.13924974319,8760
4.4,0.5999999999999996,0.5999999999999996,False,,,,,SE2,4.0,flat,5.0,43476.13924974319,8760
4.3,0.7000000000000002,0.7000000000000002,False,,,,,SE2,4.0,flat,5.0,43476.13924974319,8760
4.2,0.7999999999999998,0.7999999999999998,False,,,,,SE2,4.0,flat,5.0,43476.13924974319,8760
4.1,0.9000000000000004,0.9000000000000004,False,,,,,SE2,4.0,flat,5.0,43476.13924974319,8760
4.0,1.0,1.0,False,,,,,SE2,4.0,flat,5.0,43476.13924974319,8760
5.9999881075537305,-1.0,-1.0,True,43476.13924974319,0.0,0.0,5.999976690901114,SE2,4.0,cooling,5.0,43476.13924974319,8760
5.7499881075537305,-0.75,-0.75,True,43399.34174662045,0.0017664287686997,76.79750312273973,5.7499881075537305,SE2,4.0,cooling,5.0,43476.13924974319,8760
5.4999881075537305,-0.5,-0.5,True,42979.51611827907,0.0114228894293334,496.623131464119,5.4999881075537305,SE2,4.0,cooling,5.0,43476.13924974319,8760
5.2499881075537305,-0.25,-0.25,True,41974.417612588746,0.0345412831743865,1501.721637154442,5.2499881075537305,SE2,4.0,cooling,5.0,43476.13924974319,8760
4.9999881075537305,0.0,0.0,True,39919.18443650175,0.0818139530009542,3556.9548132414347,4.9999881075537305,SE2,4.0,cooling,5.0,43476.13924974319,8760
4.899988107553731,0.0999999999999996,0.0999999999999996,True,38560.53582966172,0.1130643958941342,4915.603420081468,4.899988107553731,SE2,4.0,cooling,5.0,43476.13924974319,8760
4.79998810755373,0.2000000000000001,0.2000000000000001,True,36690.05526756719,0.1560875482340828,6786.083982175995,4.79998810755373,SE2,4.0,cooling,5.0,43476.13924974319,8760
4.699988107553731,0.2999999999999998,0.2999999999999998,True,33905.507324436345,0.220135276279468,9570.631925306843,4.699988107553731,SE2,4.0,cooling,5.0,43476.13924974319,8760
4.59998810755373,0.4000000000000003,0.4000000000000003,True,29702.39210145328,0.316811643949532,13773.74714828991,4.59998810755373,SE2,4.0,cooling,5.0,43476.13924974319,8760
4.4999881075537305,0.5,0.5,False,,,,,SE2,4.0,cooling,5.0,43476.13924974319,8760
4.399988107553731,0.5999999999999996,0.5999999999999996,False,,,,,SE2,4.0,cooling,5.0,43476.13924974319,8760
4.29998810755373,0.7000000000000002,0.7000000000000002,False,,,,,SE2,4.0,cooling,5.0,43476.13924974319,8760
4.199988107553731,0.7999999999999998,0.7999999999999998,False,,,,,SE2,4.0,cooling,5.0,43476.13924974319,8760
4.09998810755373,0.9000000000000004,0.9000000000000004,False,,,,,SE2,4.0,cooling,5.0,43476.13924974319,8760
3.9999881075537305,1.0,1.0,False,,,,,SE2,4.0,cooling,5.0,43476.13924974319,8760
6.0,-1.0,-1.0,True,55699.45855698484,0.0,0.0,6.0,SE3,2.0,flat,5.0,55699.45855698484,8760
5.75,-0.75,-0.75,True,54944.2068216156,0.0135594089230967,755.2517353692383,5.75,SE3,2.0,flat,5.0,55699.45855698484,8760
5.5,-0.5,-0.5,True,53026.91780932432,0.0479814493156394,2672.540747660525,5.5,SE3,2.0,flat,5.0,55699.45855698484,8760
5.25,-0.25,-0.25,True,45366.963820897065,0.1855044017262185,10332.494736087778,5.25,SE3,2.0,flat,5.0,55699.45855698484,8760
5.0,0.0,0.0,True,0.0,1.0,55699.45855698484,5.0,SE3,2.0,flat,5.0,55699.45855698484,8760
4.9,0.0999999999999996,0.0999999999999996,False,,,,,SE3,2.0,flat,5.0,55699.45855698484,8760
4.8,0.2000000000000001,0.2000000000000001,False,,,,,SE3,2.0,flat,5.0,55699.45855698484,8760
4.7,0.2999999999999998,0.2999999999999998,False,,,,,SE3,2.0,flat,5.0,55699.45855698484,8760
4.6,0.4000000000000003,0.4000000000000003,False,,,,,SE3,2.0,flat,5.0,55699.45855698484,8760
4.5,0.5,0.5,False,,,,,SE3,2.0,flat,5.0,55699.45855698484,8760
4.4,0.5999999999999996,0.5999999999999996,False,,,,,SE3,2.0,flat,5.0,55699.45855698484,8760
4.3,0.7000000000000002,0.7000000000000002,False,,,,,SE3,2.0,flat,5.0,55699.45855698484,8760
4.2,0.7999999999999998,0.7999999999999998,False,,,,,SE3,2.0,flat,5.0,55699.45855698484,8760
4.1,0.9000000000000004,0.9000000000000004,False,,,,,SE3,2.0,flat,5.0,55699.45855698484,8760
4.0,1.0,1.0,False,,,,,SE3,2.0,flat,5.0,55699.45855698484,8760
5.9999881075537305,-1.0,-1.0,True,55699.45855698484,0.0,0.0,5.996237089687265,SE3,2.0,cooling,5.0,55699.45855698484,8760
5.7499881075537305,-0.75,-0.75,True,55645.26641496374,0.0009729383987755,54.19214202110015,5.7499881075537305,SE3,2.0,cooling,5.0,55699.45855698484,8760
5.4999881075537305,-0.5,-0.5,True,55414.6460385032,0.005113380378559,284.8125184816454,5.4999881075537305,SE3,2.0,cooling,5.0,55699.45855698484,8760
5.2499881075537305,-0.25,-0.25,True,54672.2106826295,0.0184426904851218,1027.2478743553438,5.2499881075537305,SE3,2.0,cooling,5.0,55699.45855698484,8760
4.9999881075537305,0.0,0.0,True,51563.33345682632,0.0742579049655741,4136.125100158519,4.9999881075537305,SE3,2.0,cooling,5.0,55699.45855698484,8760
4.899988107553731,0.0999999999999996,0.0999999999999996,True,48298.13287057982,0.1328796702544764,7401.32568640502,4.899988107553731,SE3,2.0,cooling,5.0,55699.45855698484,8760
4.79998810755373,0.2000000000000001,0.2000000000000001,True,43067.62707797614,0.226785534478497,12631.831479008702,4.79998810755373,SE3,2.0,cooling,5.0,55699.45855698484,8760
4.699988107553731,0.2999999999999998,0.2999999999999998,True,35652.806478210936,0.359907485604454,20046.652078773903,4.699988107553731,SE3,2.0,cooling,5.0,55699.45855698484,8760
4.59998810755373,0.4000000000000003,0.4000000000000003,False,,,,,SE3,2.0,cooling,5.0,55699.45855698484,8760
4.4999881075537305,0.5,0.5,False,,,,,SE3,2.0,cooling,5.0,55699.45855698484,8760
4.399988107553731,0.5999999999999996,0.5999999999999996,False,,,,,SE3,2.0,cooling,5.0,55699.45855698484,8760
4.29998810755373,0.7000000000000002,0.7000000000000002,False,,,,,SE3,2.0,cooling,5.0,55699.45855698484,8760
4.199988107553731,0.7999999999999998,0.7999999999999998,False,,,,,SE3,2.0,cooling,5.0,55699.45855698484,8760
4.09998810755373,0.9000000000000004,0.9000000000000004,False,,,,,SE3,2.0,cooling,5.0,55699.45855698484,8760
3.9999881075537305,1.0,1.0,False,,,,,SE3,2.0,cooling,5.0,55699.45855698484,8760
6.0,-1.0,-1.0,True,92063.94286282804,0.0,0.0,6.0,SE3,4.0,flat,5.0,92063.94286282804,8760
5.75,-0.75,-0.75,True,88264.41031740859,0.0412705824589829,3799.532545419439,5.75,SE3,4.0,flat,5.0,92063.94286282804,8760
5.5,-0.5,-0.5,True,79282.2301947129,0.1388351646763534,12781.712668115128,5.5,SE3,4.0,flat,5.0,92063.94286282804,8760
5.25,-0.25,-0.25,True,59527.914307407395,0.3534068555362456,32536.028555420635,5.25,SE3,4.0,flat,5.0,92063.94286282804,8760
5.0,0.0,0.0,True,0.0,1.0,92063.94286282804,5.0,SE3,4.0,flat,5.0,92063.94286282804,8760
4.9,0.0999999999999996,0.0999999999999996,False,,,,,SE3,4.0,flat,5.0,92063.94286282804,8760
4.8,0.2000000000000001,0.2000000000000001,False,,,,,SE3,4.0,flat,5.0,92063.94286282804,8760
4.7,0.2999999999999998,0.2999999999999998,False,,,,,SE3,4.0,flat,5.0,92063.94286282804,8760
4.6,0.4000000000000003,0.4000000000000003,False,,,,,SE3,4.0,flat,5.0,92063.94286282804,8760
4.5,0.5,0.5,False,,,,,SE3,4.0,flat,5.0,92063.94286282804,8760
4.4,0.5999999999999996,0.5999999999999996,False,,,,,SE3,4.0,flat,5.0,92063.94286282804,8760
4.3,0.7000000000000002,0.7000000000000002,False,,,,,SE3,4.0,flat,5.0,92063.94286282804,8760
4.2,0.7999999999999998,0.7999999999999998,False,,,,,SE3,4.0,flat,5.0,92063.94286282804,8760
4.1,0.9000000000000004,0.9000000000000004,False,,,,,SE3,4.0,flat,5.0,92063.94286282804,8760
4.0,1.0,1.0,False,,,,,SE3,4.0,flat,5.0,92063.94286282804,8760
5.9999881075537305,-1.0,-1.0,True,92063.94286282804,0.0,0.0,5.9995429276374965,SE3,4.0,cooling,5.0,92063.94286282804,8760
5.7499881075537305,-0.75,-0.75,True,91823.60957562286,0.0026105039577031,240.33328720516872,5.7499881075537305,SE3,4.0,cooling,5.0,92063.94286282804,8760
5.4999881075537305,-0.5,-0.5,True,90485.6650649471,0.0171432783433196,1578.2777978809318,5.4999881075537305,SE3,4.0,cooling,5.0,92063.94286282804,8760
5.2499881075537305,-0.25,-0.25,True,86797.7303959203,0.057201682908087,5266.212466907731,5.2499881075537305,SE3,4.0,cooling,5.0,92063.94286282804,8760
4.9999881075537305,0.0,0.0,True,78648.16691446443,0.1457223700309319,13415.775948363604,4.9999881075537305,SE3,4.0,cooling,5.0,92063.94286282804,8760
4.899988107553731,0.0999999999999996,0.0999999999999996,True,73499.73199235047,0.2016447513891249,18564.21087047756,4.899988107553731,SE3,4.0,cooling,5.0,92063.94286282804,8760
4.79998810755373,0.2000000000000001,0.2000000000000001,True,66873.56776355112,0.2736182517927747,25190.375099276906,4.79998810755373,SE3,4.0,cooling,5.0,92063.94286282804,8760
4.699988107553731,0.2999999999999998,0.2999999999999998,True,58368.18118859025,0.3660038949715988,33695.76167423778,4.699988107553731,SE3,4.0,cooling,5.0,92063.94286282804,8760
4.59998810755373,0.4000000000000003,0.4000000000000003,True,47234.723997128225,0.4869356826536718,44829.21886569981,4.59998810755373,SE3,4.0,cooling,5.0,92063.94286282804,8760
4.4999881075537305,0.5,0.5,False,,,,,SE3,4.0,cooling,5.0,92063.94286282804,8760
4.399988107553731,0.5999999999999996,0.5999999999999996,False,,,,,SE3,4.0,cooling,5.0,92063.94286282804,8760
4.29998810755373,0.7000000000000002,0.7000000000000002,False,,,,,SE3,4.0,cooling,5.0,92063.94286282804,8760
4.199988107553731,0.7999999999999998,0.7999999999999998,False,,,,,SE3,4.0,cooling,5.0,92063.94286282804,8760
4.09998810755373,0.9000000000000004,0.9000000000000004,False,,,,,SE3,4.0,cooling,5.0,92063.94286282804,8760
3.9999881075537305,1.0,1.0,False,,,,,SE3,4.0,cooling,5.0,92063.94286282804,8760
6.0,-1.0,-1.0,True,74919.7156471274,0.0,0.0,6.0,SE4,2.0,flat,5.0,74919.7156471274,8760
5.75,-0.75,-0.75,True,73938.58502143038,0.0130957601376674,981.1306256970274,5.75,SE4,2.0,flat,5.0,74919.7156471274,8760
5.5,-0.5,-0.5,True,71455.02443822306,0.0462453865311378,3464.691208904347,5.5,SE4,2.0,flat,5.0,74919.7156471274,8760
5.25,-0.25,-0.25,True,61384.75533844716,0.1806595258907554,13534.960308680244,5.25,SE4,2.0,flat,5.0,74919.7156471274,8760
5.0,0.0,0.0,True,0.0,1.0,74919.7156471274,5.0,SE4,2.0,flat,5.0,74919.7156471274,8760
4.9,0.0999999999999996,0.0999999999999996,False,,,,,SE4,2.0,flat,5.0,74919.7156471274,8760
4.8,0.2000000000000001,0.2000000000000001,False,,,,,SE4,2.0,flat,5.0,74919.7156471274,8760
4.7,0.2999999999999998,0.2999999999999998,False,,,,,SE4,2.0,flat,5.0,74919.7156471274,8760
4.6,0.4000000000000003,0.4000000000000003,False,,,,,SE4,2.0,flat,5.0,74919.7156471274,8760
4.5,0.5,0.5,False,,,,,SE4,2.0,flat,5.0,74919.7156471274,8760
4.4,0.5999999999999996,0.5999999999999996,False,,,,,SE4,2.0,flat,5.0,74919.7156471274,8760
4.3,0.7000000000000002,0.7000000000000002,False,,,,,SE4,2.0,flat,5.0,74919.7156471274,8760
4.2,0.7999999999999998,0.7999999999999998,False,,,,,SE4,2.0,flat,5.0,74919.7156471274,8760
4.1,0.9000000000000004,0.9000000000000004,False,,,,,SE4,2.0,flat,5.0,74919.7156471274,8760
4.0,1.0,1.0,False,,,,,SE4,2.0,flat,5.0,74919.7156471274,8760
5.9999881075537305,-1.0,-1.0,True,74919.7156471274,0.0,0.0,5.996237089687265,SE4,2.0,cooling,5.0,74919.7156471274,8760
5.7499881075537305,-0.75,-0.75,True,74841.90549680279,0.0010385804277621,77.81015032461437,5.7499881075537305,SE4,2.0,cooling,5.0,74919.7156471274,8760
5.4999881075537305,-0.5,-0.5,True,74525.33441558345,0.0052640513666856,394.38123154395726,5.4999881075537305,SE4,2.0,cooling,5.0,74919.7156471274,8760
5.2499881075537305,-0.25,-0.25,True,73487.7334005344,0.0191135568818447,1431.982246593005,5.2499881075537305,SE4,2.0,cooling,5.0,74919.7156471274,8760
4.9999881075537305,0.0,0.0,True,68940.7805030486,0.0798045626900086,5978.935144078801,4.9999881075537305,SE4,2.0,cooling,5.0,74919.7156471274,8760
4.899988107553731,0.0999999999999996,0.0999999999999996,True,63790.11873713932,0.1485536459108921,11129.59690998809,4.899988107553731,SE4,2.0,cooling,5.0,74919.7156471274,8760
4.79998810755373,0.2000000000000001,0.2000000000000001,True,55397.089852687765,0.2605806178762263,19522.62579443964,4.79998810755373,SE4,2.0,cooling,5.0,74919.7156471274,8760
4.699988107553731,0.2999999999999998,0.2999999999999998,True,43491.26613011713,0.4194950454035168,31428.449517010275,4.699988107553731,SE4,2.0,cooling,5.0,74919.7156471274,8760
4.59998810755373,0.4000000000000003,0.4000000000000003,False,,,,,SE4,2.0,cooling,5.0,74919.7156471274,8760
4.4999881075537305,0.5,0.5,False,,,,,SE4,2.0,cooling,5.0,74919.7156471274,8760
4.399988107553731,0.5999999999999996,0.5999999999999996,False,,,,,SE4,2.0,cooling,5.0,74919.7156471274,8760
4.29998810755373,0.7000000000000002,0.7000000000000002,False,,,,,SE4,2.0,cooling,5.0,74919.7156471274,8760
4.199988107553731,0.7999999999999998,0.7999999999999998,False,,,,,SE4,2.0,cooling,5.0,74919.7156471274,8760
4.09998810755373,0.9000000000000004,0.9000000000000004,False,,,,,SE4,2.0,cooling,5.0,74919.7156471274,8760
3.9999881075537305,1.0,1.0,False,,,,,SE4,2.0,cooling,5.0,74919.7156471274,8760
6.0,-1.0,-1.0,True,124428.579255956,0.0,0.0,6.0,SE4,4.0,flat,5.0,124428.579255956,8760
5.75,-0.75,-0.75,True,119502.27527293233,0.0395914187277667,4926.303983023667,5.75,SE4,4.0,flat,5.0,124428.579255956,8760
5.5,-0.5,-0.5,True,107304.79570209266,0.137619376965149,17123.783553863337,5.5,SE4,4.0,flat,5.0,124428.579255956,8760
5.25,-0.25,-0.25,True,79277.47125113921,0.3628676649271919,45151.10800481678,5.25,SE4,4.0,flat,5.0,124428.579255956,8760
5.0,0.0,0.0,True,0.0,1.0,124428.579255956,5.0,SE4,4.0,flat,5.0,124428.579255956,8760
4.9,0.0999999999999996,0.0999999999999996,False,,,,,SE4,4.0,flat,5.0,124428.579255956,8760
4.8,0.2000000000000001,0.2000000000000001,False,,,,,SE4,4.0,flat,5.0,124428.579255956,8760
4.7,0.2999999999999998,0.2999999999999998,False,,,,,SE4,4.0,flat,5.0,124428.579255956,8760
4.6,0.4000000000000003,0.4000000000000003,False,,,,,SE4,4.0,flat,5.0,124428.579255956,8760
4.5,0.5,0.5,False,,,,,SE4,4.0,flat,5.0,124428.579255956,8760
4.4,0.5999999999999996,0.5999999999999996,False,,,,,SE4,4.0,flat,5.0,124428.579255956,8760
4.3,0.7000000000000002,0.7000000000000002,False,,,,,SE4,4.0,flat,5.0,124428.579255956,8760
4.2,0.7999999999999998,0.7999999999999998,False,,,,,SE4,4.0,flat,5.0,124428.579255956,8760
4.1,0.9000000000000004,0.9000000000000004,False,,,,,SE4,4.0,flat,5.0,124428.579255956,8760
4.0,1.0,1.0,False,,,,,SE4,4.0,flat,5.0,124428.579255956,8760
5.9999881075537305,-1.0,-1.0,True,124428.579255956,0.0,0.0,5.997866224302645,SE4,4.0,cooling,5.0,124428.579255956,8760
5.7499881075537305,-0.75,-0.75,True,124078.90800188833,0.0028102165608464,349.67125406768173,5.7499881075537305,SE4,4.0,cooling,5.0,124428.579255956,8760
5.4999881075537305,-0.5,-0.5,True,122131.73305147748,0.0184591531801852,2296.846204478512,5.4999881075537305,SE4,4.0,cooling,5.0,124428.579255956,8760
5.2499881075537305,-0.25,-0.25,True,116509.84370991492,0.0636408097994256,7918.735546041062,5.2499881075537305,SE4,4.0,cooling,5.0,124428.579255956,8760
4.9999881075537305,0.0,0.0,True,103703.7291081452,0.166560208850241,20724.850147810794,4.9999881075537305,SE4,4.0,cooling,5.0,124428.579255956,8760
4.899988107553731,0.0999999999999996,0.0999999999999996,True,95684.5364744818,0.231008366030976,28744.0427814742,4.899988107553731,SE4,4.0,cooling,5.0,124428.579255956,8760
4.79998810755373,0.2000000000000001,0.2000000000000001,True,85352.09047276701,0.3140475364812021,39076.48878318898,4.79998810755373,SE4,4.0,cooling,5.0,124428.579255956,8760
4.699988107553731,0.2999999999999998,0.2999999999999998,True,72197.50950046116,0.4197674687585464,52231.06975549483,4.699988107553731,SE4,4.0,cooling,5.0,124428.579255956,8760
4.59998810755373,0.4000000000000003,0.4000000000000003,True,55509.785221734026,0.5538823511956401,68918.79403422197,4.59998810755373,SE4,4.0,cooling,5.0,124428.579255956,8760
4.4999881075537305,0.5,0.5,False,,,,,SE4,4.0,cooling,5.0,124428.579255956,8760
4.399988107553731,0.5999999999999996,0.5999999999999996,False,,,,,SE4,4.0,cooling,5.0,124428.579255956,8760
4.29998810755373,0.7000000000000002,0.7000000000000002,False,,,,,SE4,4.0,cooling,5.0,124428.579255956,8760
4.199988107553731,0.7999999999999998,0.7999999999999998,False,,,,,SE4,4.0,cooling,5.0,124428.579255956,8760
4.09998810755373,0.9000000000000004,0.9000000000000004,False,,,,,SE4,4.0,cooling,5.0,124428.579255956,8760
3.9999881075537305,1.0,1.0,False,,,,,SE4,4.0,cooling,5.0,124428.579255956,8760
6.0,-1.0,-1.0,True,50999.67611513585,0.0,0.0,6.0,FI,2.0,flat,5.0,50999.67611513585,8760
5.75,-0.75,-0.75,True,50168.19182235555,0.0163037171236766,831.4842927803038,5.75,FI,2.0,flat,5.0,50999.67611513585,8760
5.5,-0.5,-0.5,True,48429.0806092437,0.0504041535496976,2570.5955058921536,5.5,FI,2.0,flat,5.0,50999.67611513585,8760
5.25,-0.25,-0.25,True,42429.5349049969,0.1680430517007828,8570.14121013895,5.25,FI,2.0,flat,5.0,50999.67611513585,8760
5.0,0.0,0.0,True,0.0,1.0,50999.67611513585,5.0,FI,2.0,flat,5.0,50999.67611513585,8760
4.9,0.0999999999999996,0.0999999999999996,False,,,,,FI,2.0,flat,5.0,50999.67611513585,8760
4.8,0.2000000000000001,0.2000000000000001,False,,,,,FI,2.0,flat,5.0,50999.67611513585,8760
4.7,0.2999999999999998,0.2999999999999998,False,,,,,FI,2.0,flat,5.0,50999.67611513585,8760
4.6,0.4000000000000003,0.4000000000000003,False,,,,,FI,2.0,flat,5.0,50999.67611513585,8760
4.5,0.5,0.5,False,,,,,FI,2.0,flat,5.0,50999.67611513585,8760
4.4,0.5999999999999996,0.5999999999999996,False,,,,,FI,2.0,flat,5.0,50999.67611513585,8760
4.3,0.7000000000000002,0.7000000000000002,False,,,,,FI,2.0,flat,5.0,50999.67611513585,8760
4.2,0.7999999999999998,0.7999999999999998,False,,,,,FI,2.0,flat,5.0,50999.67611513585,8760
4.1,0.9000000000000004,0.9000000000000004,False,,,,,FI,2.0,flat,5.0,50999.67611513585,8760
4.0,1.0,1.0,False,,,,,FI,2.0,flat,5.0,50999.67611513585,8760
5.9999881075537305,-1.0,-1.0,True,50999.67611513585,0.0,0.0,5.999828282956937,FI,2.0,cooling,5.0,50999.67611513585,8760
5.7499881075537305,-0.75,-0.75,True,50964.25858761213,0.0006944657343267,35.41752752372122,5.7499881075537305,FI,2.0,cooling,5.0,50999.67611513585,8760
5.4999881075537305,-0.5,-0.5,True,50782.5679455252,0.0042570499687195,217.10816961064847,5.4999881075537305,FI,2.0,cooling,5.0,50999.67611513585,8760
5.2499881075537305,-0.25,-0.25,True,50186.42911617659,0.0159461208562049,813.2469989592646,5.2499881075537305,FI,2.0,cooling,5.0,50999.67611513585,8760
4.9999881075537305,0.0,0.0,True,48265.48946877506,0.0536118433416743,2734.186646360795,4.999988107553731,FI,2.0,cooling,5.0,50999.67611513585,8760
4.899988107553731,0.0999999999999996,0.0999999999999996,True,46583.92730301237,0.0865838599083369,4415.748812123478,4.899988107553731,FI,2.0,cooling,5.0,50999.67611513585,8760
4.79998810755373,0.2000000000000001,0.2000000000000001,True,43749.75929742037,0.1421561345085449,7249.916817715479,4.79998810755373,FI,2.0,cooling,5.0,50999.67611513585,8760
4.699988107553731,0.2999999999999998,0.2999999999999998,True,39411.82213764861,0.2272142660539007,11587.85397748724,4.6999881075537315,FI,2.0,cooling,5.0,50999.67611513585,8760
4.59998810755373,0.4000000000000003,0.4000000000000003,False,,,,,FI,2.0,cooling,5.0,50999.67611513585,8760
4.4999881075537305,0.5,0.5,False,,,,,FI,2.0,cooling,5.0,50999.67611513585,8760
4.399988107553731,0.5999999999999996,0.5999999999999996,False,,,,,FI,2.0,cooling,5.0,50999.67611513585,8760
4.29998810755373,0.7000000000000002,0.7000000000000002,False,,,,,FI,2.0,cooling,5.0,50999.67611513585,8760
4.199988107553731,0.7999999999999998,0.7999999999999998,False,,,,,FI,2.0,cooling,5.0,50999.67611513585,8760
4.09998810755373,0.9000000000000004,0.9000000000000004,False,,,,,FI,2.0,cooling,5.0,50999.67611513585,8760
3.9999881075537305,1.0,1.0,False,,,,,FI,2.0,cooling,5.0,50999.67611513585,8760
6.0,-1.0,-1.0,True,84785.51364197467,0.0,0.0,6.0,FI,4.0,flat,5.0,84785.51364197467,8760
5.75,-0.75,-0.75,True,81734.95816211028,0.0359796779995462,3050.555479864386,5.75,FI,4.0,flat,5.0,84785.51364197467,8760
5.5,-0.5,-0.5,True,74846.0131686125,0.1172311170435775,9939.500473362175,5.5,FI,4.0,flat,5.0,84785.51364197467,8760
5.25,-0.25,-0.25,True,60086.227894202544,0.2913149273597639,24699.285747772126,5.25,FI,4.0,flat,5.0,84785.51364197467,8760
5.0,0.0,0.0,True,0.0,1.0,84785.51364197467,5.0,FI,4.0,flat,5.0,84785.51364197467,8760
4.9,0.0999999999999996,0.0999999999999996,False,,,,,FI,4.0,flat,5.0,84785.51364197467,8760
4.8,0.2000000000000001,0.2000000000000001,False,,,,,FI,4.0,flat,5.0,84785.51364197467,8760
4.7,0.2999999999999998,0.2999999999999998,False,,,,,FI,4.0,flat,5.0,84785.51364197467,8760
4.6,0.4000000000000003,0.4000000000000003,False,,,,,FI,4.0,flat,5.0,84785.51364197467,8760
4.5,0.5,0.5,False,,,,,FI,4.0,flat,5.0,84785.51364197467,8760
4.4,0.5999999999999996,0.5999999999999996,False,,,,,FI,4.0,flat,5.0,84785.51364197467,8760
4.3,0.7000000000000002,0.7000000000000002,False,,,,,FI,4.0,flat,5.0,84785.51364197467,8760
4.2,0.7999999999999998,0.7999999999999998,False,,,,,FI,4.0,flat,5.0,84785.51364197467,8760
4.1,0.9000000000000004,0.9000000000000004,False,,,,,FI,4.0,flat,5.0,84785.51364197467,8760
4.0,1.0,1.0,False,,,,,FI,4.0,flat,5.0,84785.51364197467,8760
5.9999881075537305,-1.0,-1.0,True,84785.51364197467,0.0,0.0,5.9999881075537305,FI,4.0,cooling,5.0,84785.51364197467,8760
5.7499881075537305,-0.75,-0.75,True,84678.28540100536,0.001264700022012,107.22824096931436,5.7499881075537305,FI,4.0,cooling,5.0,84785.51364197467,8760
5.4999881075537305,-0.5,-0.5,True,83971.96212169516,0.0095954071082815,813.5515202795068,5.4999881075537305,FI,4.0,cooling,5.0,84785.51364197467,8760
5.2499881075537305,-0.25,-0.25,True,82105.61788524633,0.0316079438764124,2679.895756728336,5.2499881075537305,FI,4.0,cooling,5.0,84785.51364197467,8760
4.9999881075537305,0.0,0.0,True,78139.88738816156,0.0783816240339796,6645.626253813112,4.9999881075537305,FI,4.0,cooling,5.0,84785.51364197467,8760
4.899988107553731,0.0999999999999996,0.0999999999999996,True,75447.41297147347,0.1101379265086883,9338.100670501197,4.899988107553731,FI,4.0,cooling,5.0,84785.51364197467,8760
4.79998810755373,0.2000000000000001,0.2000000000000001,True,71703.61829028494,0.154293991859634,13081.89535168973,4.79998810755373,FI,4.0,cooling,5.0,84785.51364197467,8760
4.699988107553731,0.2999999999999998,0.2999999999999998,True,66328.17700189949,0.2176944603769851,18457.336640075184,4.699988107553731,FI,4.0,cooling,5.0,84785.51364197467,8760
4.59998810755373,0.4000000000000003,0.4000000000000003,True,58467.80290930488,0.3104033885293431,26317.710732669788,4.59998810755373,FI,4.0,cooling,5.0,84785.51364197467,8760
4.4999881075537305,0.5,0.5,False,,,,,FI,4.0,cooling,5.0,84785.51364197467,8760
4.399988107553731,0.5999999999999996,0.5999999999999996,False,,,,,FI,4.0,cooling,5.0,84785.51364197467,8760
4.29998810755373,0.7000000000000002,0.7000000000000002,False,,,,,FI,4.0,cooling,5.0,84785.51364197467,8760
4.199988107553731,0.7999999999999998,0.7999999999999998,False,,,,,FI,4.0,cooling,5.0,84785.51364197467,8760
4.09998810755373,0.9000000000000004,0.9000000000000004,False,,,,,FI,4.0,cooling,5.0,84785.51364197467,8760
3.9999881075537305,1.0,1.0,False,,,,,FI,4.0,cooling,5.0,84785.51364197467,8760
6.0,-1.0,-1.0,True,109505.78781567568,0.0,0.0,6.0,EE,2.0,flat,5.0,109505.78781567568,8760
5.75,-0.75,-0.75,True,107642.2587213194,0.017017631045155635,1863.5290943562723,5.75,EE,2.0,flat,5.0,109505.78781567568,8760
5.5,-0.5,-0.5,True,103928.01609461637,0.05093586222536506,5577.771721059311,5.5,EE,2.0,flat,5.0,109505.78781567568,8760
5.25,-0.25,-0.25,True,91367.77786378913,0.16563517156204688,18138.009951886546,5.25,EE,2.0,flat,5.0,109505.78781567568,8760
5.0,0.0,0.0,True,0.0,1.0,109505.78781567568,5.0,EE,2.0,flat,5.0,109505.78781567568,8760
4.9,0.09999999999999964,0.09999999999999964,False,,,,,EE,2.0,flat,5.0,109505.78781567568,8760
4.8,0.20000000000000018,0.20000000000000018,False,,,,,EE,2.0,flat,5.0,109505.78781567568,8760
4.7,0.2999999999999998,0.2999999999999998,False,,,,,EE,2.0,flat,5.0,109505.78781567568,8760
4.6,0.40000000000000036,0.40000000000000036,False,,,,,EE,2.0,flat,5.0,109505.78781567568,8760
4.5,0.5,0.5,False,,,,,EE,2.0,flat,5.0,109505.78781567568,8760
4.4,0.5999999999999996,0.5999999999999996,False,,,,,EE,2.0,flat,5.0,109505.78781567568,8760
4.3,0.7000000000000002,0.7000000000000002,False,,,,,EE,2.0,flat,5.0,109505.78781567568,8760
4.2,0.7999999999999998,0.7999999999999998,False,,,,,EE,2.0,flat,5.0,109505.78781567568,8760
4.1,0.9000000000000004,0.9000000000000004,False,,,,,EE,2.0,flat,5.0,109505.78781567568,8760
4.0,1.0,1.0,False,,,,,EE,2.0,flat,5.0,109505.78781567568,8760
5.9999881075537305,-1.0,-1.0,True,109505.78781567568,0.0,0.0,5.9999881075537305,EE,2.0,cooling,5.0,109505.78781567568,8760
5.7499881075537305,-0.75,-0.75,True,109426.88052579951,0.0007205764320784569,78.90728987616603,5.7499881075537305,EE,2.0,cooling,5.0,109505.78781567568,8760
5.4999881075537305,-0.5,-0.5,True,109074.8075755417,0.003935684576411802,430.9802401339839,5.4999881075537305,EE,2.0,cooling,5.0,109505.78781567568,8760
5.2499881075537305,-0.25,-0.25,True,108073.99854593717,0.013075009990782926,1431.7892697385105,5.2499881075537305,EE,2.0,cooling,5.0,109505.78781567568,8760
4.9999881075537305,0.0,0.0,True,104675.7368328115,0.044107723246503694,4830.050982864181,4.9999881075537305,EE,2.0,cooling,5.0,109505.78781567568,8760
4.899988107553731,0.09999999999999964,0.09999999999999964,True,100527.09387241745,0.08199287108341258,8978.69394325823,4.899988107553731,EE,2.0,cooling,5.0,109505.78781567568,8760
4.79998810755373,0.20000000000000018,0.20000000000000018,True,92632.51874723987,0.1540856369787279,16873.26906843581,4.79998810755373,EE,2.0,cooling,5.0,109505.78781567568,8760
4.699988107553731,0.2999999999999998,0.2999999999999998,True,80289.87129798668,0.26679792091780885,29215.916517688995,4.699988107553731,EE,2.0,cooling,5.0,109505.78781567568,8760
4.59998810755373,0.40000000000000036,0.40000000000000036,False,,,,,EE,2.0,cooling,5.0,109505.78781567568,8760
4.4999881075537305,0.5,0.5,False,,,,,EE,2.0,cooling,5.0,109505.78781567568,8760
4.399988107553731,0.5999999999999996,0.5999999999999996,False,,,,,EE,2.0,cooling,5.0,109505.78781567568,8760
4.29998810755373,0.7000000000000002,0.7000000000000002,False,,,,,EE,2.0,cooling,5.0,109505.78781567568,8760
4.199988107553731,0.7999999999999998,0.7999999999999998,False,,,,,EE,2.0,cooling,5.0,109505.78781567568,8760
4.09998810755373,0.9000000000000004,0.9000000000000004,False,,,,,EE,2.0,cooling,5.0,109505.78781567568,8760
3.9999881075537305,1.0,1.0,False,,,,,EE,2.0,cooling,5.0,109505.78781567568,8760
6.0,-1.0,-1.0,True,176169.55035280663,0.0,0.0,6.0,EE,4.0,flat,5.0,176169.55035280663,8760
5.75,-0.75,-0.75,True,170091.3879177243,0.034501776401823614,6078.16243508234,5.75,EE,4.0,flat,5.0,176169.55035280663,8760
5.5,-0.5,-0.5,True,155817.84406902944,0.11552340482801804,20351.706283777195,5.5,EE,4.0,flat,5.0,176169.55035280663,8760
5.25,-0.25,-0.25,True,119410.3422731928,0.32218512203695127,56759.20807961383,5.25,EE,4.0,flat,5.0,176169.55035280663,8760
5.0,0.0,0.0,True,0.0,1.0,176169.55035280663,5.0,EE,4.0,flat,5.0,176169.55035280663,8760
4.9,0.09999999999999964,0.09999999999999964,False,,,,,EE,4.0,flat,5.0,176169.55035280663,8760
4.8,0.20000000000000018,0.20000000000000018,False,,,,,EE,4.0,flat,5.0,176169.55035280663,8760
4.7,0.2999999999999998,0.2999999999999998,False,,,,,EE,4.0,flat,5.0,176169.55035280663,8760
4.6,0.40000000000000036,0.40000000000000036,False,,,,,EE,4.0,flat,5.0,176169.55035280663,8760
4.5,0.5,0.5,False,,,,,EE,4.0,flat,5.0,176169.55035280663,8760
4.4,0.5999999999999996,0.5999999999999996,False,,,,,EE,4.0,flat,5.0,176169.55035280663,8760
4.3,0.7000000000000002,0.7000000000000002,False,,,,,EE,4.0,flat,5.0,176169.55035280663,8760
4.2,0.7999999999999998,0.7999999999999998,False,,,,,EE,4.0,flat,5.0,176169.55035280663,8760
4.1,0.9000000000000004,0.9000000000000004,False,,,,,EE,4.0,flat,5.0,176169.55035280663,8760
4.0,1.0,1.0,False,,,,,EE,4.0,flat,5.0,176169.55035280663,8760
5.9999881075537305,-1.0,-1.0,True,176169.55035280663,0.0,0.0,5.9999881075537305,EE,4.0,cooling,5.0,176169.55035280663,8760
5.7499881075537305,-0.75,-0.75,True,175971.209732048,0.001125850752081825,198.34062075862312,5.7499881075537305,EE,4.0,cooling,5.0,176169.55035280663,8760
5.4999881075537305,-0.5,-0.5,True,174850.88225197126,0.0074852214709894005,1318.6681008353771,5.4999881075537305,EE,4.0,cooling,5.0,176169.55035280663,8760
5.2499881075537305,-0.25,-0.25,True,171503.57678012803,0.02648569837031578,4665.973572678602,5.2499881075537305,EE,4.0,cooling,5.0,176169.55035280663,8760
4.9999881075537305,0.0,0.0,True,162075.96795603083,0.0800001042663232,14093.582396775804,4.9999881075537305,EE,4.0,cooling,5.0,176169.55035280663,8760
4.899988107553731,0.09999999999999964,0.09999999999999964,True,154773.42256298722,0.12145190668291073,21396.12778981941,4.899988107553731,EE,4.0,cooling,5.0,176169.55035280663,8760
4.79998810755373,0.20000000000000018,0.20000000000000018,True,144471.3199792689,0.1799302450965966,31698.23037353772,4.79998810755373,EE,4.0,cooling,5.0,176169.55035280663,8760
4.699988107553731,0.2999999999999998,0.2999999999999998,True,130271.05671505489,0.26053590728836484,45898.493637751744,4.699988107553731,EE,4.0,cooling,5.0,176169.55035280663,8760
4.59998810755373,0.40000000000000036,0.40000000000000036,True,109722.33093529262,0.37717766370205996,66447.21941751402,4.59998810755373,EE,4.0,cooling,5.0,176169.55035280663,8760
4.4999881075537305,0.5,0.5,False,,,,,EE,4.0,cooling,5.0,176169.55035280663,8760
4.399988107553731,0.5999999999999996,0.5999999999999996,False,,,,,EE,4.0,cooling,5.0,176169.55035280663,8760
4.29998810755373,0.7000000000000002,0.7000000000000002,False,,,,,EE,4.0,cooling,5.0,176169.55035280663,8760
4.199988107553731,0.7999999999999998,0.7999999999999998,False,,,,,EE,4.0,cooling,5.0,176169.55035280663,8760
4.09998810755373,0.9000000000000004,0.9000000000000004,False,,,,,EE,4.0,cooling,5.0,176169.55035280663,8760
3.9999881075537305,1.0,1.0,False,,,,,EE,4.0,cooling,5.0,176169.55035280663,8760
6.0,-1.0,-1.0,True,113318.9939591394,0.0,0.0,6.0,LT,2.0,flat,5.0,113318.9939591394,8760
5.75,-0.75,-0.75,True,111176.02168451414,0.018910971583439795,2142.9722746252664,5.75,LT,2.0,flat,5.0,113318.9939591394,8760
5.5,-0.5,-0.5,True,106857.97280920339,0.057016224060952525,6461.021149936016,5.5,LT,2.0,flat,5.0,113318.9939591394,8760
5.25,-0.25,-0.25,True,92881.58034611322,0.18035293907035144,20437.41361302619,5.25,LT,2.0,flat,5.0,113318.9939591394,8760
5.0,0.0,0.0,True,0.0,1.0,113318.9939591394,5.0,LT,2.0,flat,5.0,113318.9939591394,8760
4.9,0.09999999999999964,0.09999999999999964,False,,,,,LT,2.0,flat,5.0,113318.9939591394,8760
4.8,0.20000000000000018,0.20000000000000018,False,,,,,LT,2.0,flat,5.0,113318.9939591394,8760
4.7,0.2999999999999998,0.2999999999999998,False,,,,,LT,2.0,flat,5.0,113318.9939591394,8760
4.6,0.40000000000000036,0.40000000000000036,False,,,,,LT,2.0,flat,5.0,113318.9939591394,8760
4.5,0.5,0.5,False,,,,,LT,2.0,flat,5.0,113318.9939591394,8760
4.4,0.5999999999999996,0.5999999999999996,False,,,,,LT,2.0,flat,5.0,113318.9939591394,8760
4.3,0.7000000000000002,0.7000000000000002,False,,,,,LT,2.0,flat,5.0,113318.9939591394,8760
4.2,0.7999999999999998,0.7999999999999998,False,,,,,LT,2.0,flat,5.0,113318.9939591394,8760
4.1,0.9000000000000004,0.9000000000000004,False,,,,,LT,2.0,flat,5.0,113318.9939591394,8760
4.0,1.0,1.0,False,,,,,LT,2.0,flat,5.0,113318.9939591394,8760
5.9999881075537305,-1.0,-1.0,True,113318.9939591394,0.0,0.0,5.999976690901114,LT,2.0,cooling,5.0,113318.9939591394,8760
5.7499881075537305,-0.75,-0.75,True,113217.59731348218,0.0008947894974586923,101.39664565722342,5.7499881075537305,LT,2.0,cooling,5.0,113318.9939591394,8760
5.4999881075537305,-0.5,-0.5,True,112838.35780282918,0.004241443905542708,480.6361563102255,5.4999881075537305,LT,2.0,cooling,5.0,113318.9939591394,8760
5.2499881075537305,-0.25,-0.25,True,111566.09647278264,0.015468699686734144,1752.897486356771,5.2499881075537305,LT,2.0,cooling,5.0,113318.9939591394,8760
4.9999881075537305,0.0,0.0,True,106624.08548533787,0.05908019688398913,6694.908473801537,4.9999881075537305,LT,2.0,cooling,5.0,113318.9939591394,8760
4.899988107553731,0.09999999999999964,0.09999999999999964,True,100918.16044010193,0.10943296517006651,12400.833519037478,4.899988107553731,LT,2.0,cooling,5.0,113318.9939591394,8760
4.79998810755373,0.20000000000000018,0.20000000000000018,True,91182.91746582555,0.19534303756081428,22136.076493313856,4.79998810755373,LT,2.0,cooling,5.0,113318.9939591394,8760
4.699988107553731,0.2999999999999998,0.2999999999999998,True,76785.22642775427,0.3223975633295729,36533.767531385136,4.699988107553731,LT,2.0,cooling,5.0,113318.9939591394,8760
4.59998810755373,0.40000000000000036,0.40000000000000036,False,,,,,LT,2.0,cooling,5.0,113318.9939591394,8760
4.4999881075537305,0.5,0.5,False,,,,,LT,2.0,cooling,5.0,113318.9939591394,8760
4.399988107553731,0.5999999999999996,0.5999999999999996,False,,,,,LT,2.0,cooling,5.0,113318.9939591394,8760
4.29998810755373,0.7000000000000002,0.7000000000000002,False,,,,,LT,2.0,cooling,5.0,113318.9939591394,8760
4.199988107553731,0.7999999999999998,0.7999999999999998,False,,,,,LT,2.0,cooling,5.0,113318.9939591394,8760
4.09998810755373,0.9000000000000004,0.9000000000000004,False,,,,,LT,2.0,cooling,5.0,113318.9939591394,8760
3.9999881075537305,1.0,1.0,False,,,,,LT,2.0,cooling,5.0,113318.9939591394,8760
6.0,-1.0,-1.0,True,182894.45251121337,0.0,0.0,6.0,LT,4.0,flat,5.0,182894.45251121337,8760
5.75,-0.75,-0.75,True,175840.18867552458,0.038570135610079714,7054.263835688791,5.75,LT,4.0,flat,5.0,182894.45251121337,8760
5.5,-0.5,-0.5,True,159670.92248220262,0.1269777716608813,23223.530029010755,5.5,LT,4.0,flat,5.0,182894.45251121337,8760
5.25,-0.25,-0.25,True,118765.96294600554,0.3506311355248791,64128.48956520783,5.25,LT,4.0,flat,5.0,182894.45251121337,8760
5.0,0.0,0.0,True,0.0,1.0,182894.45251121337,5.0,LT,4.0,flat,5.0,182894.45251121337,8760
4.9,0.09999999999999964,0.09999999999999964,False,,,,,LT,4.0,flat,5.0,182894.45251121337,8760
4.8,0.20000000000000018,0.20000000000000018,False,,,,,LT,4.0,flat,5.0,182894.45251121337,8760
4.7,0.2999999999999998,0.2999999999999998,False,,,,,LT,4.0,flat,5.0,182894.45251121337,8760
4.6,0.40000000000000036,0.40000000000000036,False,,,,,LT,4.0,flat,5.0,182894.45251121337,8760
4.5,0.5,0.5,False,,,,,LT,4.0,flat,5.0,182894.45251121337,8760
4.4,0.5999999999999996,0.5999999999999996,False,,,,,LT,4.0,flat,5.0,182894.45251121337,8760
4.3,0.7000000000000002,0.7000000000000002,False,,,,,LT,4.0,flat,5.0,182894.45251121337,8760
4.2,0.7999999999999998,0.7999999999999998,False,,,,,LT,4.0,flat,5.0,182894.45251121337,8760
4.1,0.9000000000000004,0.9000000000000004,False,,,,,LT,4.0,flat,5.0,182894.45251121337,8760
4.0,1.0,1.0,False,,,,,LT,4.0,flat,5.0,182894.45251121337,8760
5.9999881075537305,-1.0,-1.0,True,182894.45251121337,0.0,0.0,5.999976690901114,LT,4.0,cooling,5.0,182894.45251121337,8760
5.7499881075537305,-0.75,-0.75,True,182553.52633922332,0.0018640596656104291,340.92617199005326,5.7499881075537305,LT,4.0,cooling,5.0,182894.45251121337,8760
5.4999881075537305,-0.5,-0.5,True,180796.87769331574,0.01146877222954057,2097.5748178976355,5.4999881075537305,LT,4.0,cooling,5.0,182894.45251121337,8760
5.2499881075537305,-0.25,-0.25,True,175315.91778967535,0.04143665714012501,7578.534721538017,5.2499881075537305,LT,4.0,cooling,5.0,182894.45251121337,8760
4.9999881075537305,0.0,0.0,True,160938.1199305055,0.12004919930177615,21956.33258070788,4.9999881075537305,LT,4.0,cooling,5.0,182894.45251121337,8760
4.899988107553731,0.09999999999999964,0.09999999999999964,True,150974.69249334311,0.17452557789260026,31919.760017870256,4.899988107553731,LT,4.0,cooling,5.0,182894.45251121337,8760
4.79998810755373,0.20000000000000018,0.20000000000000018,True,137893.6710575685,0.24604782067343367,45000.78145364486,4.79998810755373,LT,4.0,cooling,5.0,182894.45251121337,8760
4.699988107553731,0.2999999999999998,0.2999999999999998,True,121066.81387343691,0.33805092384628654,61827.63863777646,4.699988107553731,LT,4.0,cooling,5.0,182894.45251121337,8760
4.59998810755373,0.40000000000000036,0.40000000000000036,True,99112.91591840833,0.458086811504949,83781.53659280505,4.59998810755373,LT,4.0,cooling,5.0,182894.45251121337,8760
4.4999881075537305,0.5,0.5,False,,,,,LT,4.0,cooling,5.0,182894.45251121337,8760
4.399988107553731,0.5999999999999996,0.5999999999999996,False,,,,,LT,4.0,cooling,5.0,182894.45251121337,8760
4.29998810755373,0.7000000000000002,0.7000000000000002,False,,,,,LT,4.0,cooling,5.0,182894.45251121337,8760
4.199988107553731,0.7999999999999998,0.7999999999999998,False,,,,,LT,4.0,cooling,5.0,182894.45251121337,8760
4.09998810755373,0.9000000000000004,0.9000000000000004,False,,,,,LT,4.0,cooling,5.0,182894.45251121337,8760
3.9999881075537305,1.0,1.0,False,,,,,LT,4.0,cooling,5.0,182894.45251121337,8760
