,forecast_eur_mwh
2026-01-08 00:00:00+00:00,78.35733795166016
2026-01-08 01:00:00+00:00,74.93050384521484
2026-01-08 02:00:00+00:00,72.25215148925781
2026-01-08 03:00:00+00:00,70.16926574707031
2026-01-08 04:00:00+00:00,71.5477294921875
2026-01-08 05:00:00+00:00,76.13475036621094
2026-01-08 06:00:00+00:00,84.02880096435547
2026-01-08 07:00:00+00:00,88.99932861328125
2026-01-08 08:00:00+00:00,91.14398956298828
2026-01-08 09:00:00+00:00,88.43882751464844
2026-01-08 10:00:00+00:00,83.26455688476562
2026-01-08 11:00:00+00:00,79.74441528320312
2026-01-08 12:00:00+00:00,78.33673858642578
2026-01-08 13:00:00+00:00,80.31889343261719
2026-01-08 14:00:00+00:00,85.30200958251953
2026-01-08 15:00:00+00:00,90.86566162109375
2026-01-08 16:00:00+00:00,96.22704315185547
2026-01-08 17:00:00+00:00,97.37503814697266
2026-01-08 18:00:00+00:00,93.08660125732422
2026-01-08 19:00:00+00:00,83.18934631347656
2026-01-08 20:00:00+00:00,75.0907974243164
2026-01-08 21:00:00+00:00,68.48754119873047
2026-01-08 22:00:00+00:00,60.41524887084961
2026-01-08 23:00:00+00:00,51.79347229003906
2026-01-09 00:00:00+00:00,51.94205093383789
2026-01-09 01:00:00+00:00,45.79829406738281
2026-01-09 02:00:00+00:00,40.871360778808594
2026-01-09 03:00:00+00:00,39.86125564575195
2026-01-09 04:00:00+00:00,42.46063995361328
2026-01-09 05:00:00+00:00,47.47294235229492
2026-01-09 06:00:00+00:00,58.79205322265625
2026-01-09 07:00:00+00:00,72.28675079345703
2026-01-09 08:00:00+00:00,77.43202209472656
2026-01-09 09:00:00+00:00,73.93633270263672
2026-01-09 10:00:00+00:00,66.833251953125
2026-01-09 11:00:00+00:00,61.03728103637695
2026-01-09 12:00:00+00:00,57.73983383178711
2026-01-09 13:00:00+00:00,57.40199279785156
2026-01-09 14:00:00+00:00,59.29664993286133
2026-01-09 15:00:00+00:00,62.65033721923828
2026-01-09 16:00:00+00:00,75.82695770263672
2026-01-09 17:00:00+00:00,77.14012145996094
2026-01-09 18:00:00+00:00,76.77195739746094
2026-01-09 19:00:00+00:00,72.60678100585938
2026-01-09 20:00:00+00:00,68.72820281982422
2026-01-09 21:00:00+00:00,64.16181182861328
2026-01-09 22:00:00+00:00,59.746070861816406
2026-01-09 23:00:00+00:00,56.230838775634766
2026-01-10 00:00:00+00:00,67.232421875
2026-01-10 01:00:00+00:00,62.84906768798828
2026-01-10 02:00:00+00:00,59.56379318237305
2026-01-10 03:00:00+00:00,59.2132682800293
2026-01-10 04:00:00+00:00,63.731109619140625
2026-01-10 05:00:00+00:00,71.68852996826172
2026-01-10 06:00:00+00:00,79.29530334472656
2026-01-10 07:00:00+00:00,86.80672454833984
2026-01-10 08:00:00+00:00,91.38880157470703
2026-01-10 09:00:00+00:00,91.82921600341797
2026-01-10 10:00:00+00:00,88.13263702392578
2026-01-10 11:00:00+00:00,86.21044921875
2026-01-10 12:00:00+00:00,84.20165252685547
2026-01-10 13:00:00+00:00,83.79923248291016
2026-01-10 14:00:00+00:00,87.87902069091797
2026-01-10 15:00:00+00:00,94.15068817138672
2026-01-10 16:00:00+00:00,103.16333770751953
2026-01-10 17:00:00+00:00,106.09769439697266
2026-01-10 18:00:00+00:00,102.70148468017578
2026-01-10 19:00:00+00:00,96.44319152832031
2026-01-10 20:00:00+00:00,89.855224609375
2026-01-10 21:00:00+00:00,87.03082275390625
2026-01-10 22:00:00+00:00,85.07331848144531
2026-01-10 23:00:00+00:00,84.68643188476562
2026-01-11 00:00:00+00:00,89.88663482666016
2026-01-11 01:00:00+00:00,84.2270736694336
2026-01-11 02:00:00+00:00,75.06261444091797
2026-01-11 03:00:00+00:00,67.10665893554688
2026-01-11 04:00:00+00:00,63.09940719604492
2026-01-11 05:00:00+00:00,64.15740966796875
2026-01-11 06:00:00+00:00,68.69688415527344
2026-01-11 07:00:00+00:00,72.31320190429688
2026-01-11 08:00:00+00:00,71.18987274169922
2026-01-11 09:00:00+00:00,64.66118621826172
2026-01-11 10:00:00+00:00,59.60359573364258
2026-01-11 11:00:00+00:00,58.09672927856445
2026-01-11 12:00:00+00:00,57.572940826416016
2026-01-11 13:00:00+00:00,58.99184036254883
2026-01-11 14:00:00+00:00,65.64384460449219
2026-01-11 15:00:00+00:00,73.71237182617188
2026-01-11 16:00:00+00:00,87.06437683105469
2026-01-11 17:00:00+00:00,96.41153717041016
2026-01-11 18:00:00+00:00,94.35704803466797
2026-01-11 19:00:00+00:00,85.31969451904297
2026-01-11 20:00:00+00:00,78.47936248779297
2026-01-11 21:00:00+00:00,74.30619049072266
2026-01-11 22:00:00+00:00,70.9880142211914
2026-01-11 23:00:00+00:00,68.37925720214844
2026-01-12 00:00:00+00:00,72.84526062011719
2026-01-12 01:00:00+00:00,68.02900695800781
2026-01-12 02:00:00+00:00,63.96520233154297
2026-01-12 03:00:00+00:00,62.09852600097656
2026-01-12 04:00:00+00:00,65.35741424560547
2026-01-12 05:00:00+00:00,75.80638122558594
2026-01-12 06:00:00+00:00,90.74066162109375
2026-01-12 07:00:00+00:00,103.81983947753906
2026-01-12 08:00:00+00:00,105.68057250976562
2026-01-12 09:00:00+00:00,97.9276123046875
2026-01-12 10:00:00+00:00,89.13887786865234
2026-01-12 11:00:00+00:00,87.84628295898438
2026-01-12 12:00:00+00:00,80.70598602294922
2026-01-12 13:00:00+00:00,76.40850830078125
2026-01-12 14:00:00+00:00,79.879150390625
2026-01-12 15:00:00+00:00,86.07576751708984
2026-01-12 16:00:00+00:00,100.75421905517578
2026-01-12 17:00:00+00:00,110.80977630615234
2026-01-12 18:00:00+00:00,107.85299682617188
2026-01-12 19:00:00+00:00,95.77465057373047
2026-01-12 20:00:00+00:00,87.35797119140625
2026-01-12 21:00:00+00:00,83.66234588623047
2026-01-12 22:00:00+00:00,77.34253692626953
2026-01-12 23:00:00+00:00,72.40518188476562
2026-01-13 00:00:00+00:00,79.888671875
2026-01-13 01:00:00+00:00,73.74649047851562
2026-01-13 02:00:00+00:00,65.125732421875
2026-01-13 03:00:00+00:00,62.667686462402344
2026-01-13 04:00:00+00:00,69.50167846679688
2026-01-13 05:00:00+00:00,83.00192260742188
2026-01-13 06:00:00+00:00,96.9809341430664
2026-01-13 07:00:00+00:00,106.0954360961914
2026-01-13 08:00:00+00:00,103.3698501586914
2026-01-13 09:00:00+00:00,90.51261138916016
2026-01-13 10:00:00+00:00,83.05180358886719
2026-01-13 11:00:00+00:00,84.12520599365234
2026-01-13 12:00:00+00:00,80.2044906616211
2026-01-13 13:00:00+00:00,77.38619995117188
2026-01-13 14:00:00+00:00,78.90271759033203
2026-01-13 15:00:00+00:00,85.08863830566406
2026-01-13 16:00:00+00:00,100.48297882080078
2026-01-13 17:00:00+00:00,108.4061050415039
2026-01-13 18:00:00+00:00,105.79354858398438
2026-01-13 19:00:00+00:00,92.10537719726562
2026-01-13 20:00:00+00:00,82.99959564208984
2026-01-13 21:00:00+00:00,80.34363555908203
2026-01-13 22:00:00+00:00,74.93175506591797
2026-01-13 23:00:00+00:00,68.78704833984375
2026-01-14 00:00:00+00:00,92.88105010986328
2026-01-14 01:00:00+00:00,89.9195785522461
2026-01-14 02:00:00+00:00,84.63971710205078
2026-01-14 03:00:00+00:00,81.33503723144531
2026-01-14 04:00:00+00:00,83.76861572265625
2026-01-14 05:00:00+00:00,91.96766662597656
2026-01-14 06:00:00+00:00,104.1707763671875
2026-01-14 07:00:00+00:00,115.8791732788086
2026-01-14 08:00:00+00:00,118.01969146728516
2026-01-14 09:00:00+00:00,106.58406829833984
2026-01-14 10:00:00+00:00,98.73207092285156
2026-01-14 11:00:00+00:00,94.87865447998047
2026-01-14 12:00:00+00:00,90.55786895751953
2026-01-14 13:00:00+00:00,88.65758514404297
2026-01-14 14:00:00+00:00,92.04644012451172
2026-01-14 15:00:00+00:00,96.26036071777344
2026-01-14 16:00:00+00:00,107.59779357910156
2026-01-14 17:00:00+00:00,115.88445281982422
2026-01-14 18:00:00+00:00,111.15853118896484
2026-01-14 19:00:00+00:00,99.09638214111328
2026-01-14 20:00:00+00:00,91.10617065429688
2026-01-14 21:00:00+00:00,87.9981460571289
2026-01-14 22:00:00+00:00,83.8189468383789
2026-01-14 23:00:00+00:00,82.86400604248047
2026-01-15 00:00:00+00:00,97.16947174072266
2026-01-15 01:00:00+00:00,90.93507385253906
2026-01-15 02:00:00+00:00,87.94863891601562
2026-01-15 03:00:00+00:00,87.15846252441406
2026-01-15 04:00:00+00:00,91.22151184082031
2026-01-15 05:00:00+00:00,103.0732192993164
2026-01-15 06:00:00+00:00,118.732177734375
2026-01-15 07:00:00+00:00,136.7351531982422
2026-01-15 08:00:00+00:00,136.06478881835938
2026-01-15 09:00:00+00:00,121.39048767089844
2026-01-15 10:00:00+00:00,110.85032653808594
2026-01-15 11:00:00+00:00,104.59152221679688
2026-01-15 12:00:00+00:00,99.49671936035156
2026-01-15 13:00:00+00:00,99.43199157714844
2026-01-15 14:00:00+00:00,103.69943237304688
2026-01-15 15:00:00+00:00,111.81690216064453
2026-01-15 16:00:00+00:00,124.27205657958984
2026-01-15 17:00:00+00:00,136.2180938720703
2026-01-15 18:00:00+00:00,126.99436950683594
2026-01-15 19:00:00+00:00,106.49504089355469
2026-01-15 20:00:00+00:00,97.71749114990234
2026-01-15 21:00:00+00:00,92.39064025878906
2026-01-15 22:00:00+00:00,85.28874206542969
2026-01-15 23:00:00+00:00,86.75189208984375
2026-01-16 00:00:00+00:00,82.33845520019531
2026-01-16 01:00:00+00:00,80.17752838134766
2026-01-16 02:00:00+00:00,78.38207244873047
2026-01-16 03:00:00+00:00,78.27751159667969
2026-01-16 04:00:00+00:00,82.51861572265625
2026-01-16 05:00:00+00:00,92.20501708984375
2026-01-16 06:00:00+00:00,105.58016204833984
2026-01-16 07:00:00+00:00,117.1741943359375
2026-01-16 08:00:00+00:00,117.73118591308594
2026-01-16 09:00:00+00:00,108.39778137207031
2026-01-16 10:00:00+00:00,101.61225891113281
2026-01-16 11:00:00+00:00,98.30155181884766
2026-01-16 12:00:00+00:00,95.70875549316406
2026-01-16 13:00:00+00:00,95.8077392578125
2026-01-16 14:00:00+00:00,100.67041778564453
2026-01-16 15:00:00+00:00,108.13520812988281
2026-01-16 16:00:00+00:00,119.16718292236328
2026-01-16 17:00:00+00:00,126.42814636230469
2026-01-16 18:00:00+00:00,121.82008361816406
2026-01-16 19:00:00+00:00,110.01681518554688
2026-01-16 20:00:00+00:00,101.49877166748047
2026-01-16 21:00:00+00:00,99.06271362304688
2026-01-16 22:00:00+00:00,94.6560287475586
2026-01-16 23:00:00+00:00,93.63019561767578
2026-01-17 00:00:00+00:00,101.31778717041016
2026-01-17 01:00:00+00:00,98.23159790039062
2026-01-17 02:00:00+00:00,95.209716796875
2026-01-17 03:00:00+00:00,95.43373107910156
2026-01-17 04:00:00+00:00,99.08756256103516
2026-01-17 05:00:00+00:00,106.48792266845703
2026-01-17 06:00:00+00:00,116.79498291015625
2026-01-17 07:00:00+00:00,127.16978454589844
2026-01-17 08:00:00+00:00,127.96044158935547
2026-01-17 09:00:00+00:00,122.30686950683594
2026-01-17 10:00:00+00:00,117.71379852294922
2026-01-17 11:00:00+00:00,115.23677825927734
2026-01-17 12:00:00+00:00,112.044677734375
2026-01-17 13:00:00+00:00,113.50433349609375
2026-01-17 14:00:00+00:00,119.2562255859375
2026-01-17 15:00:00+00:00,125.68168640136719
2026-01-17 16:00:00+00:00,139.3861541748047
2026-01-17 17:00:00+00:00,144.0116424560547
2026-01-17 18:00:00+00:00,137.92837524414062
2026-01-17 19:00:00+00:00,126.1279296875
2026-01-17 20:00:00+00:00,116.60425567626953
2026-01-17 21:00:00+00:00,112.39028930664062
2026-01-17 22:00:00+00:00,104.97616577148438
2026-01-17 23:00:00+00:00,104.36686706542969
2026-01-18 00:00:00+00:00,106.47796630859375
2026-01-18 01:00:00+00:00,104.27919006347656
2026-01-18 02:00:00+00:00,101.26321411132812
2026-01-18 03:00:00+00:00,99.42149353027344
2026-01-18 04:00:00+00:00,99.10962677001953
2026-01-18 05:00:00+00:00,99.4459228515625
2026-01-18 06:00:00+00:00,101.06733703613281
2026-01-18 07:00:00+00:00,105.34610748291016
2026-01-18 08:00:00+00:00,112.2234878540039
2026-01-18 09:00:00+00:00,113.382568359375
2026-01-18 10:00:00+00:00,113.03959655761719
2026-01-18 11:00:00+00:00,112.49859619140625
2026-01-18 12:00:00+00:00,109.86891174316406
2026-01-18 13:00:00+00:00,110.71232604980469
2026-01-18 14:00:00+00:00,115.873046875
2026-01-18 15:00:00+00:00,122.5031967163086
2026-01-18 16:00:00+00:00,136.2010040283203
2026-01-18 17:00:00+00:00,147.1566925048828
2026-01-18 18:00:00+00:00,144.8594207763672
2026-01-18 19:00:00+00:00,131.65191650390625
2026-01-18 20:00:00+00:00,121.15857696533203
2026-01-18 21:00:00+00:00,118.20311737060547
2026-01-18 22:00:00+00:00,113.6855239868164
2026-01-18 23:00:00+00:00,113.32721710205078
2026-01-19 00:00:00+00:00,101.86785888671875
2026-01-19 01:00:00+00:00,98.90621185302734
2026-01-19 02:00:00+00:00,96.0938949584961
2026-01-19 03:00:00+00:00,94.79154205322266
2026-01-19 04:00:00+00:00,101.1474609375
2026-01-19 05:00:00+00:00,114.3283920288086
2026-01-19 06:00:00+00:00,131.25099182128906
2026-01-19 07:00:00+00:00,143.82144165039062
2026-01-19 08:00:00+00:00,142.79185485839844
2026-01-19 09:00:00+00:00,131.1301727294922
2026-01-19 10:00:00+00:00,122.8885726928711
2026-01-19 11:00:00+00:00,119.32582092285156
2026-01-19 12:00:00+00:00,115.84539794921875
2026-01-19 13:00:00+00:00,118.86615753173828
2026-01-19 14:00:00+00:00,126.03165435791016
2026-01-19 15:00:00+00:00,136.4246368408203
2026-01-19 16:00:00+00:00,158.2850341796875
2026-01-19 17:00:00+00:00,169.84494018554688
2026-01-19 18:00:00+00:00,163.79481506347656
2026-01-19 19:00:00+00:00,139.06082153320312
2026-01-19 20:00:00+00:00,125.07176971435547
2026-01-19 21:00:00+00:00,120.95236206054688
2026-01-19 22:00:00+00:00,112.76899719238281
2026-01-19 23:00:00+00:00,112.18084716796875
2026-01-20 00:00:00+00:00,103.00871276855469
2026-01-20 01:00:00+00:00,99.75390625
2026-01-20 02:00:00+00:00,96.0927734375
2026-01-20 03:00:00+00:00,94.78751373291016
2026-01-20 04:00:00+00:00,98.6362075805664
2026-01-20 05:00:00+00:00,110.20482635498047
2026-01-20 06:00:00+00:00,126.78414916992188
2026-01-20 07:00:00+00:00,138.64854431152344
2026-01-20 08:00:00+00:00,137.00648498535156
2026-01-20 09:00:00+00:00,122.67019653320312
2026-01-20 10:00:00+00:00,113.61929321289062
2026-01-20 11:00:00+00:00,107.43295288085938
2026-01-20 12:00:00+00:00,102.53614044189453
2026-01-20 13:00:00+00:00,102.85549926757812
2026-01-20 14:00:00+00:00,107.29408264160156
2026-01-20 15:00:00+00:00,113.25044250488281
2026-01-20 16:00:00+00:00,124.92158508300781
2026-01-20 17:00:00+00:00,135.0940399169922
2026-01-20 18:00:00+00:00,129.2390594482422
2026-01-20 19:00:00+00:00,114.88628387451172
2026-01-20 20:00:00+00:00,107.50344848632812
2026-01-20 21:00:00+00:00,103.9246597290039
2026-01-20 22:00:00+00:00,95.11195373535156
2026-01-20 23:00:00+00:00,92.65802764892578
2026-01-21 00:00:00+00:00,82.24114227294922
2026-01-21 01:00:00+00:00,77.4564208984375
2026-01-21 02:00:00+00:00,71.92680358886719
2026-01-21 03:00:00+00:00,70.49214935302734
2026-01-21 04:00:00+00:00,75.55255126953125
2026-01-21 05:00:00+00:00,86.69412231445312
2026-01-21 06:00:00+00:00,99.39714050292969
2026-01-21 07:00:00+00:00,107.46345520019531
2026-01-21 08:00:00+00:00,104.75930786132812
2026-01-21 09:00:00+00:00,93.73686218261719
2026-01-21 10:00:00+00:00,85.72608947753906
2026-01-21 11:00:00+00:00,84.15300750732422
2026-01-21 12:00:00+00:00,80.11587524414062
2026-01-21 13:00:00+00:00,81.21796417236328
2026-01-21 14:00:00+00:00,84.51106262207031
2026-01-21 15:00:00+00:00,90.77106475830078
2026-01-21 16:00:00+00:00,104.81319427490234
2026-01-21 17:00:00+00:00,117.2177734375
2026-01-21 18:00:00+00:00,116.10831451416016
2026-01-21 19:00:00+00:00,102.67520904541016
2026-01-21 20:00:00+00:00,94.96026611328125
2026-01-21 21:00:00+00:00,92.81033325195312
2026-01-21 22:00:00+00:00,86.09445190429688
2026-01-21 23:00:00+00:00,83.7840347290039
2026-01-22 00:00:00+00:00,29.341461181640625
2026-01-22 01:00:00+00:00,26.966339111328125
2026-01-22 02:00:00+00:00,23.716766357421875
2026-01-22 03:00:00+00:00,22.43071746826172
2026-01-22 04:00:00+00:00,28.8994140625
2026-01-22 05:00:00+00:00,48.52044677734375
2026-01-22 06:00:00+00:00,77.52545928955078
2026-01-22 07:00:00+00:00,94.72985076904297
2026-01-22 08:00:00+00:00,97.29757690429688
2026-01-22 09:00:00+00:00,85.97982788085938
2026-01-22 10:00:00+00:00,69.50482940673828
2026-01-22 11:00:00+00:00,62.49075698852539
2026-01-22 12:00:00+00:00,58.29880905151367
2026-01-22 13:00:00+00:00,61.26771545410156
2026-01-22 14:00:00+00:00,68.08673095703125
2026-01-22 15:00:00+00:00,77.32493591308594
2026-01-22 16:00:00+00:00,92.5394287109375
2026-01-22 17:00:00+00:00,109.55006408691406
2026-01-22 18:00:00+00:00,111.91801452636719
2026-01-22 19:00:00+00:00,98.61439514160156
2026-01-22 20:00:00+00:00,91.95870971679688
2026-01-22 21:00:00+00:00,91.02515411376953
2026-01-22 22:00:00+00:00,79.7333984375
2026-01-22 23:00:00+00:00,61.8275146484375
2026-01-23 00:00:00+00:00,85.5704116821289
2026-01-23 01:00:00+00:00,80.73578643798828
2026-01-23 02:00:00+00:00,74.54670715332031
2026-01-23 03:00:00+00:00,71.59732055664062
2026-01-23 04:00:00+00:00,76.52622985839844
2026-01-23 05:00:00+00:00,89.38633728027344
2026-01-23 06:00:00+00:00,103.65396881103516
2026-01-23 07:00:00+00:00,111.5310287475586
2026-01-23 08:00:00+00:00,111.57785034179688
2026-01-23 09:00:00+00:00,101.33802032470703
2026-01-23 10:00:00+00:00,91.58272552490234
2026-01-23 11:00:00+00:00,88.25169372558594
2026-01-23 12:00:00+00:00,83.66801452636719
2026-01-23 13:00:00+00:00,85.63890838623047
2026-01-23 14:00:00+00:00,91.24203491210938
2026-01-23 15:00:00+00:00,95.43508911132812
2026-01-23 16:00:00+00:00,111.47413635253906
2026-01-23 17:00:00+00:00,121.41470336914062
2026-01-23 18:00:00+00:00,119.10840606689453
2026-01-23 19:00:00+00:00,106.34516143798828
2026-01-23 20:00:00+00:00,98.62864685058594
2026-01-23 21:00:00+00:00,98.81576538085938
2026-01-23 22:00:00+00:00,91.8648681640625
2026-01-23 23:00:00+00:00,89.40217590332031
2026-01-24 00:00:00+00:00,95.21630859375
2026-01-24 01:00:00+00:00,92.60208892822266
2026-01-24 02:00:00+00:00,88.4253158569336
2026-01-24 03:00:00+00:00,86.35323333740234
2026-01-24 04:00:00+00:00,88.03184509277344
2026-01-24 05:00:00+00:00,90.31101989746094
2026-01-24 06:00:00+00:00,93.6113510131836
2026-01-24 07:00:00+00:00,100.6749267578125
2026-01-24 08:00:00+00:00,105.3078384399414
2026-01-24 09:00:00+00:00,101.85655212402344
2026-01-24 10:00:00+00:00,97.57484436035156
2026-01-24 11:00:00+00:00,97.20865631103516
2026-01-24 12:00:00+00:00,94.40825653076172
2026-01-24 13:00:00+00:00,96.19025421142578
2026-01-24 14:00:00+00:00,100.64164733886719
2026-01-24 15:00:00+00:00,105.3521499633789
2026-01-24 16:00:00+00:00,117.0340576171875
2026-01-24 17:00:00+00:00,127.20071411132812
2026-01-24 18:00:00+00:00,125.49923706054688
2026-01-24 19:00:00+00:00,111.34717559814453
2026-01-24 20:00:00+00:00,101.5816879272461
2026-01-24 21:00:00+00:00,102.2202377319336
2026-01-24 22:00:00+00:00,99.74869537353516
2026-01-24 23:00:00+00:00,102.82691192626953
2026-01-25 00:00:00+00:00,95.28240966796875
2026-01-25 01:00:00+00:00,93.5262451171875
2026-01-25 02:00:00+00:00,91.42388153076172
2026-01-25 03:00:00+00:00,90.46675872802734
2026-01-25 04:00:00+00:00,91.57976531982422
2026-01-25 05:00:00+00:00,92.01226043701172
2026-01-25 06:00:00+00:00,94.51609802246094
2026-01-25 07:00:00+00:00,100.14007568359375
2026-01-25 08:00:00+00:00,102.6007308959961
2026-01-25 09:00:00+00:00,100.8969955444336
2026-01-25 10:00:00+00:00,97.65199279785156
2026-01-25 11:00:00+00:00,98.21504974365234
2026-01-25 12:00:00+00:00,96.03917694091797
2026-01-25 13:00:00+00:00,96.64164733886719
2026-01-25 14:00:00+00:00,102.03793334960938
2026-01-25 15:00:00+00:00,108.7004623413086
2026-01-25 16:00:00+00:00,126.58656311035156
2026-01-25 17:00:00+00:00,141.1448974609375
2026-01-25 18:00:00+00:00,139.72756958007812
2026-01-25 19:00:00+00:00,128.1258544921875
2026-01-25 20:00:00+00:00,121.04693603515625
2026-01-25 21:00:00+00:00,117.43334197998047
2026-01-25 22:00:00+00:00,107.81902313232422
2026-01-25 23:00:00+00:00,107.14575958251953
2026-01-26 00:00:00+00:00,103.57118225097656
2026-01-26 01:00:00+00:00,101.46996307373047
2026-01-26 02:00:00+00:00,97.37206268310547
2026-01-26 03:00:00+00:00,95.7697525024414
2026-01-26 04:00:00+00:00,100.43219757080078
2026-01-26 05:00:00+00:00,117.92214965820312
2026-01-26 06:00:00+00:00,142.74481201171875
2026-01-26 07:00:00+00:00,159.23977661132812
2026-01-26 08:00:00+00:00,156.0727081298828
2026-01-26 09:00:00+00:00,137.88739013671875
2026-01-26 10:00:00+00:00,123.69784545898438
2026-01-26 11:00:00+00:00,118.83064270019531
2026-01-26 12:00:00+00:00,116.12535858154297
2026-01-26 13:00:00+00:00,117.50753021240234
2026-01-26 14:00:00+00:00,121.84016418457031
2026-01-26 15:00:00+00:00,130.79078674316406
2026-01-26 16:00:00+00:00,143.27626037597656
2026-01-26 17:00:00+00:00,158.77865600585938
2026-01-26 18:00:00+00:00,153.02587890625
2026-01-26 19:00:00+00:00,128.24014282226562
2026-01-26 20:00:00+00:00,114.61427307128906
2026-01-26 21:00:00+00:00,109.4806137084961
2026-01-26 22:00:00+00:00,98.83280944824219
2026-01-26 23:00:00+00:00,95.31014251708984
2026-01-27 00:00:00+00:00,87.46915435791016
2026-01-27 01:00:00+00:00,82.53339385986328
2026-01-27 02:00:00+00:00,75.9220962524414
2026-01-27 03:00:00+00:00,73.03746032714844
2026-01-27 04:00:00+00:00,79.7681655883789
2026-01-27 05:00:00+00:00,93.96768188476562
2026-01-27 06:00:00+00:00,108.91136932373047
2026-01-27 07:00:00+00:00,116.5595703125
2026-01-27 08:00:00+00:00,117.64141845703125
2026-01-27 09:00:00+00:00,109.83578491210938
2026-01-27 10:00:00+00:00,100.61860656738281
2026-01-27 11:00:00+00:00,97.48246765136719
2026-01-27 12:00:00+00:00,92.9461669921875
2026-01-27 13:00:00+00:00,93.59417724609375
2026-01-27 14:00:00+00:00,98.10892486572266
2026-01-27 15:00:00+00:00,102.47630310058594
2026-01-27 16:00:00+00:00,116.69061279296875
2026-01-27 17:00:00+00:00,132.00827026367188
2026-01-27 18:00:00+00:00,129.85862731933594
2026-01-27 19:00:00+00:00,117.51361846923828
2026-01-27 20:00:00+00:00,110.37773132324219
2026-01-27 21:00:00+00:00,110.41273498535156
2026-01-27 22:00:00+00:00,104.6524887084961
2026-01-27 23:00:00+00:00,102.89802551269531
2026-01-28 00:00:00+00:00,99.96622467041016
2026-01-28 01:00:00+00:00,96.65447998046875
2026-01-28 02:00:00+00:00,90.46452331542969
2026-01-28 03:00:00+00:00,89.5736083984375
2026-01-28 04:00:00+00:00,96.77113342285156
2026-01-28 05:00:00+00:00,112.41008758544922
2026-01-28 06:00:00+00:00,133.23374938964844
2026-01-28 07:00:00+00:00,150.3162384033203
2026-01-28 08:00:00+00:00,149.71505737304688
2026-01-28 09:00:00+00:00,139.30198669433594
2026-01-28 10:00:00+00:00,128.1404266357422
2026-01-28 11:00:00+00:00,125.2719955444336
2026-01-28 12:00:00+00:00,119.29791259765625
2026-01-28 13:00:00+00:00,120.5614013671875
2026-01-28 14:00:00+00:00,125.3746109008789
2026-01-28 15:00:00+00:00,130.6367645263672
2026-01-28 16:00:00+00:00,141.46218872070312
2026-01-28 17:00:00+00:00,158.09815979003906
2026-01-28 18:00:00+00:00,154.00796508789062
2026-01-28 19:00:00+00:00,133.1648712158203
2026-01-28 20:00:00+00:00,121.73605346679688
2026-01-28 21:00:00+00:00,117.99552154541016
2026-01-28 22:00:00+00:00,110.57080841064453
2026-01-28 23:00:00+00:00,106.62803649902344
2026-01-29 00:00:00+00:00,104.25810241699219
2026-01-29 01:00:00+00:00,100.8092041015625
2026-01-29 02:00:00+00:00,95.58362579345703
2026-01-29 03:00:00+00:00,94.5133285522461
2026-01-29 04:00:00+00:00,99.15542602539062
2026-01-29 05:00:00+00:00,114.603515625
2026-01-29 06:00:00+00:00,135.73516845703125
2026-01-29 07:00:00+00:00,150.0459442138672
2026-01-29 08:00:00+00:00,148.9211883544922
2026-01-29 09:00:00+00:00,137.2146759033203
2026-01-29 10:00:00+00:00,124.13011169433594
2026-01-29 11:00:00+00:00,119.62065124511719
2026-01-29 12:00:00+00:00,113.17903900146484
2026-01-29 13:00:00+00:00,113.49150085449219
2026-01-29 14:00:00+00:00,118.40457916259766
2026-01-29 15:00:00+00:00,125.62907409667969
2026-01-29 16:00:00+00:00,137.11814880371094
2026-01-29 17:00:00+00:00,153.00430297851562
2026-01-29 18:00:00+00:00,146.1780242919922
2026-01-29 19:00:00+00:00,126.73342895507812
2026-01-29 20:00:00+00:00,115.3841781616211
2026-01-29 21:00:00+00:00,112.33610534667969
2026-01-29 22:00:00+00:00,104.62367248535156
2026-01-29 23:00:00+00:00,100.83638763427734
2026-01-30 00:00:00+00:00,103.18242645263672
2026-01-30 01:00:00+00:00,95.6528549194336
2026-01-30 02:00:00+00:00,88.18556213378906
2026-01-30 03:00:00+00:00,85.67292785644531
2026-01-30 04:00:00+00:00,90.83843994140625
2026-01-30 05:00:00+00:00,100.62910461425781
2026-01-30 06:00:00+00:00,115.13292694091797
2026-01-30 07:00:00+00:00,127.74732971191406
2026-01-30 08:00:00+00:00,127.96942138671875
2026-01-30 09:00:00+00:00,117.40435791015625
2026-01-30 10:00:00+00:00,105.94325256347656
2026-01-30 11:00:00+00:00,102.12361907958984
2026-01-30 12:00:00+00:00,96.81925201416016
2026-01-30 13:00:00+00:00,96.79369354248047
2026-01-30 14:00:00+00:00,101.2160873413086
2026-01-30 15:00:00+00:00,107.48373413085938
2026-01-30 16:00:00+00:00,118.68421936035156
2026-01-30 17:00:00+00:00,129.9660186767578
2026-01-30 18:00:00+00:00,126.74552154541016
2026-01-30 19:00:00+00:00,112.2480239868164
2026-01-30 20:00:00+00:00,104.04813385009766
2026-01-30 21:00:00+00:00,105.06765747070312
2026-01-30 22:00:00+00:00,98.71167755126953
2026-01-30 23:00:00+00:00,98.32764434814453
2026-01-31 00:00:00+00:00,94.84996032714844
2026-01-31 01:00:00+00:00,91.11790466308594
2026-01-31 02:00:00+00:00,89.53904724121094
2026-01-31 03:00:00+00:00,88.38819885253906
2026-01-31 04:00:00+00:00,89.62794494628906
2026-01-31 05:00:00+00:00,93.02678680419922
2026-01-31 06:00:00+00:00,100.46976470947266
2026-01-31 07:00:00+00:00,110.26856994628906
2026-01-31 08:00:00+00:00,115.85813903808594
2026-01-31 09:00:00+00:00,115.1952133178711
2026-01-31 10:00:00+00:00,110.85455322265625
2026-01-31 11:00:00+00:00,109.26246643066406
2026-01-31 12:00:00+00:00,103.69635772705078
2026-01-31 13:00:00+00:00,102.65253448486328
2026-01-31 14:00:00+00:00,108.15409088134766
2026-01-31 15:00:00+00:00,113.7256088256836
2026-01-31 16:00:00+00:00,126.01118469238281
2026-01-31 17:00:00+00:00,137.0613250732422
2026-01-31 18:00:00+00:00,133.0456085205078
2026-01-31 19:00:00+00:00,118.37496185302734
2026-01-31 20:00:00+00:00,108.73262023925781
2026-01-31 21:00:00+00:00,108.40827941894531
2026-01-31 22:00:00+00:00,103.32897186279297
2026-01-31 23:00:00+00:00,103.98388671875
2026-02-01 00:00:00+00:00,105.73646545410156
2026-02-01 01:00:00+00:00,102.29304504394531
2026-02-01 02:00:00+00:00,97.61442565917969
2026-02-01 03:00:00+00:00,96.24360656738281
2026-02-01 04:00:00+00:00,96.05122375488281
2026-02-01 05:00:00+00:00,97.61499786376953
2026-02-01 06:00:00+00:00,101.08368682861328
2026-02-01 07:00:00+00:00,106.74946594238281
2026-02-01 08:00:00+00:00,110.37657165527344
2026-02-01 09:00:00+00:00,111.65999603271484
2026-02-01 10:00:00+00:00,111.91976165771484
2026-02-01 11:00:00+00:00,112.44639587402344
2026-02-01 12:00:00+00:00,107.95710754394531
2026-02-01 13:00:00+00:00,107.63895416259766
2026-02-01 14:00:00+00:00,111.20797729492188
2026-02-01 15:00:00+00:00,114.32649230957031
2026-02-01 16:00:00+00:00,123.04006958007812
2026-02-01 17:00:00+00:00,138.06280517578125
2026-02-01 18:00:00+00:00,139.134765625
2026-02-01 19:00:00+00:00,128.49520874023438
2026-02-01 20:00:00+00:00,121.85568237304688
2026-02-01 21:00:00+00:00,119.39649963378906
2026-02-01 22:00:00+00:00,111.87075805664062
2026-02-01 23:00:00+00:00,108.11294555664062
2026-02-02 00:00:00+00:00,97.690185546875
2026-02-02 01:00:00+00:00,94.78791809082031
2026-02-02 02:00:00+00:00,88.97652435302734
2026-02-02 03:00:00+00:00,87.10358428955078
2026-02-02 04:00:00+00:00,92.23773193359375
2026-02-02 05:00:00+00:00,106.57553100585938
2026-02-02 06:00:00+00:00,124.46570587158203
2026-02-02 07:00:00+00:00,137.56375122070312
2026-02-02 08:00:00+00:00,134.6935577392578
2026-02-02 09:00:00+00:00,121.40911102294922
2026-02-02 10:00:00+00:00,108.02373504638672
2026-02-02 11:00:00+00:00,104.15040588378906
2026-02-02 12:00:00+00:00,99.55815124511719
2026-02-02 13:00:00+00:00,99.59758758544922
2026-02-02 14:00:00+00:00,103.51055908203125
2026-02-02 15:00:00+00:00,106.98424530029297
2026-02-02 16:00:00+00:00,118.60108947753906
2026-02-02 17:00:00+00:00,135.10694885253906
2026-02-02 18:00:00+00:00,131.70108032226562
2026-02-02 19:00:00+00:00,117.03697967529297
2026-02-02 20:00:00+00:00,108.30493927001953
2026-02-02 21:00:00+00:00,106.3929672241211
2026-02-02 22:00:00+00:00,98.35767364501953
2026-02-02 23:00:00+00:00,94.0391845703125
2026-02-03 00:00:00+00:00,71.01925659179688
2026-02-03 01:00:00+00:00,67.28874969482422
2026-02-03 02:00:00+00:00,59.66236877441406
2026-02-03 03:00:00+00:00,57.105316162109375
2026-02-03 04:00:00+00:00,67.00411224365234
2026-02-03 05:00:00+00:00,88.73757934570312
2026-02-03 06:00:00+00:00,109.03779602050781
2026-02-03 07:00:00+00:00,118.62619018554688
2026-02-03 08:00:00+00:00,119.70197296142578
2026-02-03 09:00:00+00:00,110.86803436279297
2026-02-03 10:00:00+00:00,99.68628692626953
2026-02-03 11:00:00+00:00,94.99363708496094
2026-02-03 12:00:00+00:00,89.41110229492188
2026-02-03 13:00:00+00:00,90.03860473632812
2026-02-03 14:00:00+00:00,95.41293334960938
2026-02-03 15:00:00+00:00,100.34915161132812
2026-02-03 16:00:00+00:00,114.79228973388672
2026-02-03 17:00:00+00:00,130.6503448486328
2026-02-03 18:00:00+00:00,127.60092163085938
2026-02-03 19:00:00+00:00,113.26895904541016
2026-02-03 20:00:00+00:00,105.64236450195312
2026-02-03 21:00:00+00:00,105.12541198730469
2026-02-03 22:00:00+00:00,97.21839141845703
2026-02-03 23:00:00+00:00,91.68730926513672
2026-02-04 00:00:00+00:00,80.33552551269531
2026-02-04 01:00:00+00:00,76.79051971435547
2026-02-04 02:00:00+00:00,69.72001647949219
2026-02-04 03:00:00+00:00,69.16610717773438
2026-02-04 04:00:00+00:00,76.9627685546875
2026-02-04 05:00:00+00:00,93.70378875732422
2026-02-04 06:00:00+00:00,111.15272521972656
2026-02-04 07:00:00+00:00,121.30333709716797
2026-02-04 08:00:00+00:00,121.17414855957031
2026-02-04 09:00:00+00:00,107.51411437988281
2026-02-04 10:00:00+00:00,95.16967010498047
2026-02-04 11:00:00+00:00,90.5499038696289
2026-02-04 12:00:00+00:00,85.22486877441406
2026-02-04 13:00:00+00:00,85.831787109375
2026-02-04 14:00:00+00:00,90.59474182128906
2026-02-04 15:00:00+00:00,95.54000091552734
2026-02-04 16:00:00+00:00,106.66856384277344
2026-02-04 17:00:00+00:00,122.21044158935547
2026-02-04 18:00:00+00:00,120.18096160888672
2026-02-04 19:00:00+00:00,106.36685943603516
2026-02-04 20:00:00+00:00,97.5495376586914
2026-02-04 21:00:00+00:00,95.3236083984375
2026-02-04 22:00:00+00:00,86.83480834960938
2026-02-04 23:00:00+00:00,79.74708557128906
2026-02-05 00:00:00+00:00,61.99195861816406
2026-02-05 01:00:00+00:00,60.19551467895508
2026-02-05 02:00:00+00:00,49.94680404663086
2026-02-05 03:00:00+00:00,47.29600143432617
2026-02-05 04:00:00+00:00,58.76365280151367
2026-02-05 05:00:00+00:00,80.12459564208984
2026-02-05 06:00:00+00:00,101.59217071533203
2026-02-05 07:00:00+00:00,110.95726776123047
2026-02-05 08:00:00+00:00,110.079345703125
2026-02-05 09:00:00+00:00,99.07951354980469
2026-02-05 10:00:00+00:00,90.68978881835938
2026-02-05 11:00:00+00:00,86.61551666259766
2026-02-05 12:00:00+00:00,80.07963562011719
2026-02-05 13:00:00+00:00,81.722900390625
2026-02-05 14:00:00+00:00,87.39779663085938
2026-02-05 15:00:00+00:00,91.1396484375
2026-02-05 16:00:00+00:00,102.1075439453125
2026-02-05 17:00:00+00:00,118.19579315185547
2026-02-05 18:00:00+00:00,115.63092041015625
2026-02-05 19:00:00+00:00,100.72948455810547
2026-02-05 20:00:00+00:00,92.41891479492188
2026-02-05 21:00:00+00:00,92.13674926757812
2026-02-05 22:00:00+00:00,84.11643981933594
2026-02-05 23:00:00+00:00,78.29448699951172
2026-02-06 00:00:00+00:00,73.49398040771484
2026-02-06 01:00:00+00:00,65.83110046386719
2026-02-06 02:00:00+00:00,54.56761932373047
2026-02-06 03:00:00+00:00,47.33705139160156
2026-02-06 04:00:00+00:00,58.164608001708984
2026-02-06 05:00:00+00:00,73.39566802978516
2026-02-06 06:00:00+00:00,88.81566619873047
2026-02-06 07:00:00+00:00,95.95259857177734
2026-02-06 08:00:00+00:00,95.84442138671875
2026-02-06 09:00:00+00:00,87.59549713134766
2026-02-06 10:00:00+00:00,78.47887420654297
2026-02-06 11:00:00+00:00,73.93402862548828
2026-02-06 12:00:00+00:00,66.6032485961914
2026-02-06 13:00:00+00:00,67.52168273925781
2026-02-06 14:00:00+00:00,73.33125305175781
2026-02-06 15:00:00+00:00,79.38899993896484
2026-02-06 16:00:00+00:00,89.89009094238281
2026-02-06 17:00:00+00:00,103.02542114257812
2026-02-06 18:00:00+00:00,98.6930160522461
2026-02-06 19:00:00+00:00,84.97261810302734
2026-02-06 20:00:00+00:00,77.37450408935547
2026-02-06 21:00:00+00:00,77.2410659790039
2026-02-06 22:00:00+00:00,70.67694854736328
2026-02-06 23:00:00+00:00,70.19743347167969
2026-02-07 00:00:00+00:00,78.87435913085938
2026-02-07 01:00:00+00:00,72.97074127197266
2026-02-07 02:00:00+00:00,63.19197463989258
2026-02-07 03:00:00+00:00,61.26148986816406
2026-02-07 04:00:00+00:00,66.72911071777344
2026-02-07 05:00:00+00:00,74.04197692871094
2026-02-07 06:00:00+00:00,86.9427490234375
2026-02-07 07:00:00+00:00,98.0101318359375
2026-02-07 08:00:00+00:00,98.82408905029297
2026-02-07 09:00:00+00:00,90.91598510742188
2026-02-07 10:00:00+00:00,82.22980499267578
2026-02-07 11:00:00+00:00,77.32441711425781
2026-02-07 12:00:00+00:00,66.80183410644531
2026-02-07 13:00:00+00:00,63.47313690185547
2026-02-07 14:00:00+00:00,70.14606475830078
2026-02-07 15:00:00+00:00,79.74639129638672
2026-02-07 16:00:00+00:00,95.44883728027344
2026-02-07 17:00:00+00:00,114.02771759033203
2026-02-07 18:00:00+00:00,113.74972534179688
2026-02-07 19:00:00+00:00,99.66748046875
2026-02-07 20:00:00+00:00,92.22864532470703
2026-02-07 21:00:00+00:00,93.52176666259766
2026-02-07 22:00:00+00:00,90.9958267211914
2026-02-07 23:00:00+00:00,88.02456665039062
2026-02-08 00:00:00+00:00,88.27830505371094
2026-02-08 01:00:00+00:00,77.98686218261719
2026-02-08 02:00:00+00:00,65.59184265136719
2026-02-08 03:00:00+00:00,63.635581970214844
2026-02-08 04:00:00+00:00,67.53817749023438
2026-02-08 05:00:00+00:00,77.38575744628906
2026-02-08 06:00:00+00:00,88.0086669921875
2026-02-08 07:00:00+00:00,91.66250610351562
2026-02-08 08:00:00+00:00,87.2229232788086
2026-02-08 09:00:00+00:00,78.23871612548828
2026-02-08 10:00:00+00:00,71.79249572753906
2026-02-08 11:00:00+00:00,68.76139068603516
2026-02-08 12:00:00+00:00,57.6447868347168
2026-02-08 13:00:00+00:00,56.01735305786133
2026-02-08 14:00:00+00:00,67.47201538085938
2026-02-08 15:00:00+00:00,78.93035888671875
2026-02-08 16:00:00+00:00,99.43292236328125
2026-02-08 17:00:00+00:00,122.96731567382812
2026-02-08 18:00:00+00:00,123.10749053955078
2026-02-08 19:00:00+00:00,108.39447021484375
2026-02-08 20:00:00+00:00,101.67094421386719
2026-02-08 21:00:00+00:00,102.62651824951172
2026-02-08 22:00:00+00:00,97.72386932373047
2026-02-08 23:00:00+00:00,95.30511474609375
2026-02-09 00:00:00+00:00,77.8648910522461
2026-02-09 01:00:00+00:00,70.70222473144531
2026-02-09 02:00:00+00:00,58.84375
2026-02-09 03:00:00+00:00,56.51581954956055
2026-02-09 04:00:00+00:00,65.20660400390625
2026-02-09 05:00:00+00:00,84.48674011230469
2026-02-09 06:00:00+00:00,107.64105987548828
2026-02-09 07:00:00+00:00,121.14860534667969
2026-02-09 08:00:00+00:00,111.17403411865234
2026-02-09 09:00:00+00:00,91.56885528564453
2026-02-09 10:00:00+00:00,74.08064270019531
2026-02-09 11:00:00+00:00,68.40892791748047
2026-02-09 12:00:00+00:00,58.69732666015625
2026-02-09 13:00:00+00:00,57.08876037597656
2026-02-09 14:00:00+00:00,62.525665283203125
2026-02-09 15:00:00+00:00,69.67074584960938
2026-02-09 16:00:00+00:00,88.81124877929688
2026-02-09 17:00:00+00:00,114.03634643554688
2026-02-09 18:00:00+00:00,110.95721435546875
2026-02-09 19:00:00+00:00,88.92170715332031
2026-02-09 20:00:00+00:00,76.44082641601562
2026-02-09 21:00:00+00:00,79.83271789550781
2026-02-09 22:00:00+00:00,73.94021606445312
2026-02-09 23:00:00+00:00,64.93018341064453
2026-02-10 00:00:00+00:00,34.042076110839844
2026-02-10 01:00:00+00:00,26.077781677246094
2026-02-10 02:00:00+00:00,8.275726318359375
2026-02-10 03:00:00+00:00,5.492835998535156
2026-02-10 04:00:00+00:00,24.695213317871094
2026-02-10 05:00:00+00:00,58.539878845214844
2026-02-10 06:00:00+00:00,86.49714660644531
2026-02-10 07:00:00+00:00,102.02396392822266
2026-02-10 08:00:00+00:00,99.14791107177734
2026-02-10 09:00:00+00:00,87.37822723388672
2026-02-10 10:00:00+00:00,78.82890319824219
2026-02-10 11:00:00+00:00,75.91924285888672
2026-02-10 12:00:00+00:00,65.6398696899414
2026-02-10 13:00:00+00:00,63.12232971191406
2026-02-10 14:00:00+00:00,62.84893035888672
2026-02-10 15:00:00+00:00,63.617706298828125
2026-02-10 16:00:00+00:00,74.94876098632812
2026-02-10 17:00:00+00:00,99.82015991210938
2026-02-10 18:00:00+00:00,95.483642578125
2026-02-10 19:00:00+00:00,74.35061645507812
2026-02-10 20:00:00+00:00,61.81113052368164
2026-02-10 21:00:00+00:00,61.24899673461914
2026-02-10 22:00:00+00:00,52.88535690307617
2026-02-10 23:00:00+00:00,45.45024871826172
2026-02-11 00:00:00+00:00,9.423439025878906
2026-02-11 01:00:00+00:00,1.4775466918945312
2026-02-11 02:00:00+00:00,-19.220947265625
2026-02-11 03:00:00+00:00,-25.368797302246094
2026-02-11 04:00:00+00:00,-11.733016967773438
2026-02-11 05:00:00+00:00,19.02691650390625
2026-02-11 06:00:00+00:00,45.983402252197266
2026-02-11 07:00:00+00:00,60.084877014160156
2026-02-11 08:00:00+00:00,55.8270263671875
2026-02-11 09:00:00+00:00,42.99150848388672
2026-02-11 10:00:00+00:00,29.46990203857422
2026-02-11 11:00:00+00:00,24.164093017578125
2026-02-11 12:00:00+00:00,15.931854248046875
2026-02-11 13:00:00+00:00,16.35724639892578
2026-02-11 14:00:00+00:00,23.536331176757812
2026-02-11 15:00:00+00:00,33.010154724121094
2026-02-11 16:00:00+00:00,53.879825592041016
2026-02-11 17:00:00+00:00,82.94867706298828
2026-02-11 18:00:00+00:00,77.35749816894531
2026-02-11 19:00:00+00:00,47.729671478271484
2026-02-11 20:00:00+00:00,32.713890075683594
2026-02-11 21:00:00+00:00,32.12969207763672
2026-02-11 22:00:00+00:00,26.936660766601562
2026-02-11 23:00:00+00:00,16.519126892089844
2026-02-12 00:00:00+00:00,10.864791870117188
2026-02-12 01:00:00+00:00,3.997283935546875
2026-02-12 02:00:00+00:00,-4.080879211425781
2026-02-12 03:00:00+00:00,-6.0044708251953125
2026-02-12 04:00:00+00:00,-2.7261886596679688
2026-02-12 05:00:00+00:00,6.4642333984375
2026-02-12 06:00:00+00:00,21.05931854248047
2026-02-12 07:00:00+00:00,34.0450553894043
2026-02-12 08:00:00+00:00,32.76409149169922
2026-02-12 09:00:00+00:00,18.941940307617188
2026-02-12 10:00:00+00:00,10.113639831542969
2026-02-12 11:00:00+00:00,6.5731964111328125
2026-02-12 12:00:00+00:00,2.1787567138671875
2026-02-12 13:00:00+00:00,1.15081787109375
2026-02-12 14:00:00+00:00,5.946685791015625
2026-02-12 15:00:00+00:00,10.706230163574219
2026-02-12 16:00:00+00:00,18.152122497558594
2026-02-12 17:00:00+00:00,44.98784637451172
2026-02-12 18:00:00+00:00,48.75571823120117
2026-02-12 19:00:00+00:00,30.947002410888672
2026-02-12 20:00:00+00:00,22.29717254638672
2026-02-12 21:00:00+00:00,24.353248596191406
2026-02-12 22:00:00+00:00,21.41883087158203
2026-02-12 23:00:00+00:00,18.945068359375
2026-02-13 00:00:00+00:00,27.42389678955078
2026-02-13 01:00:00+00:00,28.869548797607422
2026-02-13 02:00:00+00:00,23.298080444335938
2026-02-13 03:00:00+00:00,24.058021545410156
2026-02-13 04:00:00+00:00,38.42617416381836
2026-02-13 05:00:00+00:00,58.07527542114258
2026-02-13 06:00:00+00:00,80.27083587646484
2026-02-13 07:00:00+00:00,95.82722473144531
2026-02-13 08:00:00+00:00,95.75921630859375
2026-02-13 09:00:00+00:00,87.341552734375
2026-02-13 10:00:00+00:00,77.83621215820312
2026-02-13 11:00:00+00:00,74.56849670410156
2026-02-13 12:00:00+00:00,67.54786682128906
2026-02-13 13:00:00+00:00,67.97933197021484
2026-02-13 14:00:00+00:00,75.96671295166016
2026-02-13 15:00:00+00:00,78.90169525146484
2026-02-13 16:00:00+00:00,90.6508560180664
2026-02-13 17:00:00+00:00,107.47187805175781
2026-02-13 18:00:00+00:00,104.0927505493164
2026-02-13 19:00:00+00:00,82.72903442382812
2026-02-13 20:00:00+00:00,67.55057525634766
2026-02-13 21:00:00+00:00,65.36957550048828
2026-02-13 22:00:00+00:00,58.33860397338867
2026-02-13 23:00:00+00:00,59.368465423583984
2026-02-14 00:00:00+00:00,30.152793884277344
2026-02-14 01:00:00+00:00,22.650604248046875
2026-02-14 02:00:00+00:00,10.4405517578125
2026-02-14 03:00:00+00:00,7.2446441650390625
2026-02-14 04:00:00+00:00,8.757209777832031
2026-02-14 05:00:00+00:00,14.341926574707031
2026-02-14 06:00:00+00:00,25.752525329589844
2026-02-14 07:00:00+00:00,38.074092864990234
2026-02-14 08:00:00+00:00,39.000953674316406
2026-02-14 09:00:00+00:00,24.321876525878906
2026-02-14 10:00:00+00:00,16.85028076171875
2026-02-14 11:00:00+00:00,12.875801086425781
2026-02-14 12:00:00+00:00,10.297958374023438
2026-02-14 13:00:00+00:00,10.859443664550781
2026-02-14 14:00:00+00:00,17.123802185058594
2026-02-14 15:00:00+00:00,28.053146362304688
2026-02-14 16:00:00+00:00,48.48062515258789
2026-02-14 17:00:00+00:00,82.81072998046875
2026-02-14 18:00:00+00:00,89.47669982910156
2026-02-14 19:00:00+00:00,74.95936584472656
2026-02-14 20:00:00+00:00,66.37677001953125
2026-02-14 21:00:00+00:00,72.44071960449219
2026-02-14 22:00:00+00:00,73.85847473144531
2026-02-14 23:00:00+00:00,76.7706527709961
2026-02-15 00:00:00+00:00,57.35422897338867
2026-02-15 01:00:00+00:00,50.49786376953125
2026-02-15 02:00:00+00:00,33.62064743041992
2026-02-15 03:00:00+00:00,29.364234924316406
2026-02-15 04:00:00+00:00,30.6671142578125
2026-02-15 05:00:00+00:00,34.820045471191406
2026-02-15 06:00:00+00:00,40.22206497192383
2026-02-15 07:00:00+00:00,43.616233825683594
2026-02-15 08:00:00+00:00,38.67790603637695
2026-02-15 09:00:00+00:00,30.064136505126953
2026-02-15 10:00:00+00:00,23.607757568359375
2026-02-15 11:00:00+00:00,19.32305145263672
2026-02-15 12:00:00+00:00,7.935691833496094
2026-02-15 13:00:00+00:00,3.4185256958007812
2026-02-15 14:00:00+00:00,3.7201385498046875
2026-02-15 15:00:00+00:00,3.6366729736328125
2026-02-15 16:00:00+00:00,8.079643249511719
2026-02-15 17:00:00+00:00,39.71371078491211
2026-02-15 18:00:00+00:00,49.13739776611328
2026-02-15 19:00:00+00:00,26.085983276367188
2026-02-15 20:00:00+00:00,8.596343994140625
2026-02-15 21:00:00+00:00,7.310882568359375
2026-02-15 22:00:00+00:00,6.409049987792969
2026-02-15 23:00:00+00:00,5.035194396972656
2026-02-16 00:00:00+00:00,-0.1497039794921875
2026-02-16 01:00:00+00:00,-0.92779541015625
2026-02-16 02:00:00+00:00,-1.5628128051757812
2026-02-16 03:00:00+00:00,-1.7540054321289062
2026-02-16 04:00:00+00:00,0.43511962890625
2026-02-16 05:00:00+00:00,11.819595336914062
2026-02-16 06:00:00+00:00,32.885311126708984
2026-02-16 07:00:00+00:00,40.09950637817383
2026-02-16 08:00:00+00:00,34.5816535949707
2026-02-16 09:00:00+00:00,13.940071105957031
2026-02-16 10:00:00+00:00,9.084815979003906
2026-02-16 11:00:00+00:00,7.406318664550781
2026-02-16 12:00:00+00:00,10.176734924316406
2026-02-16 13:00:00+00:00,10.812568664550781
2026-02-16 14:00:00+00:00,9.612014770507812
2026-02-16 15:00:00+00:00,10.149215698242188
2026-02-16 16:00:00+00:00,12.568222045898438
2026-02-16 17:00:00+00:00,39.752132415771484
2026-02-16 18:00:00+00:00,39.734344482421875
2026-02-16 19:00:00+00:00,17.511253356933594
2026-02-16 20:00:00+00:00,10.146240234375
2026-02-16 21:00:00+00:00,10.180030822753906
2026-02-16 22:00:00+00:00,5.968849182128906
2026-02-16 23:00:00+00:00,0.0111846923828125
2026-02-17 00:00:00+00:00,5.660125732421875
2026-02-17 01:00:00+00:00,1.0053863525390625
2026-02-17 02:00:00+00:00,-3.3753662109375
2026-02-17 03:00:00+00:00,-4.471771240234375
2026-02-17 04:00:00+00:00,0.33132171630859375
2026-02-17 05:00:00+00:00,12.835372924804688
2026-02-17 06:00:00+00:00,38.200950622558594
2026-02-17 07:00:00+00:00,56.59560775756836
2026-02-17 08:00:00+00:00,55.240257263183594
2026-02-17 09:00:00+00:00,36.85517883300781
2026-02-17 10:00:00+00:00,25.594806671142578
2026-02-17 11:00:00+00:00,23.654537200927734
2026-02-17 12:00:00+00:00,16.34899139404297
2026-02-17 13:00:00+00:00,17.99608612060547
2026-02-17 14:00:00+00:00,26.939956665039062
2026-02-17 15:00:00+00:00,41.986263275146484
2026-02-17 16:00:00+00:00,61.59186935424805
2026-02-17 17:00:00+00:00,102.27947998046875
2026-02-17 18:00:00+00:00,108.01466369628906
2026-02-17 19:00:00+00:00,80.98255920410156
2026-02-17 20:00:00+00:00,63.37587356567383
2026-02-17 21:00:00+00:00,63.52271270751953
2026-02-17 22:00:00+00:00,58.75461196899414
2026-02-17 23:00:00+00:00,49.04906463623047
2026-02-18 00:00:00+00:00,42.12765121459961
2026-02-18 01:00:00+00:00,30.128456115722656
2026-02-18 02:00:00+00:00,12.188468933105469
2026-02-18 03:00:00+00:00,8.958572387695312
2026-02-18 04:00:00+00:00,22.193553924560547
2026-02-18 05:00:00+00:00,44.88066101074219
2026-02-18 06:00:00+00:00,62.1264762878418
2026-02-18 07:00:00+00:00,73.66101837158203
2026-02-18 08:00:00+00:00,63.49100112915039
2026-02-18 09:00:00+00:00,34.68802261352539
2026-02-18 10:00:00+00:00,22.507762908935547
2026-02-18 11:00:00+00:00,21.155967712402344
2026-02-18 12:00:00+00:00,9.749458312988281
2026-02-18 13:00:00+00:00,8.3077392578125
2026-02-18 14:00:00+00:00,11.9007568359375
2026-02-18 15:00:00+00:00,13.963275909423828
2026-02-18 16:00:00+00:00,29.32684326171875
2026-02-18 17:00:00+00:00,63.551334381103516
2026-02-18 18:00:00+00:00,66.65229034423828
2026-02-18 19:00:00+00:00,47.127471923828125
2026-02-18 20:00:00+00:00,32.343257904052734
2026-02-18 21:00:00+00:00,30.324172973632812
2026-02-18 22:00:00+00:00,21.333423614501953
2026-02-18 23:00:00+00:00,12.593193054199219
2026-02-19 00:00:00+00:00,3.9730758666992188
2026-02-19 01:00:00+00:00,0.9152069091796875
2026-02-19 02:00:00+00:00,-1.7271499633789062
2026-02-19 03:00:00+00:00,-1.8760833740234375
2026-02-19 04:00:00+00:00,1.8813705444335938
2026-02-19 05:00:00+00:00,17.0535888671875
2026-02-19 06:00:00+00:00,43.63179016113281
2026-02-19 07:00:00+00:00,59.08211135864258
2026-02-19 08:00:00+00:00,53.751888275146484
2026-02-19 09:00:00+00:00,37.59562683105469
2026-02-19 10:00:00+00:00,30.96985626220703
2026-02-19 11:00:00+00:00,30.22412109375
2026-02-19 12:00:00+00:00,20.97130584716797
2026-02-19 13:00:00+00:00,20.42563247680664
2026-02-19 14:00:00+00:00,23.93231201171875
2026-02-19 15:00:00+00:00,28.833271026611328
2026-02-19 16:00:00+00:00,39.68532943725586
2026-02-19 17:00:00+00:00,66.10536193847656
2026-02-19 18:00:00+00:00,71.1209487915039
2026-02-19 19:00:00+00:00,51.769439697265625
2026-02-19 20:00:00+00:00,38.04048538208008
2026-02-19 21:00:00+00:00,36.74172592163086
2026-02-19 22:00:00+00:00,31.550506591796875
2026-02-19 23:00:00+00:00,28.112102508544922
2026-02-20 00:00:00+00:00,19.891448974609375
2026-02-20 01:00:00+00:00,14.468204498291016
2026-02-20 02:00:00+00:00,6.598602294921875
2026-02-20 03:00:00+00:00,6.6700897216796875
2026-02-20 04:00:00+00:00,21.873153686523438
2026-02-20 05:00:00+00:00,46.55732345581055
2026-02-20 06:00:00+00:00,73.9596176147461
2026-02-20 07:00:00+00:00,90.6339340209961
2026-02-20 08:00:00+00:00,86.36836242675781
2026-02-20 09:00:00+00:00,62.5871467590332
2026-02-20 10:00:00+00:00,47.11861801147461
2026-02-20 11:00:00+00:00,39.332862854003906
2026-02-20 12:00:00+00:00,24.830249786376953
2026-02-20 13:00:00+00:00,22.87691879272461
2026-02-20 14:00:00+00:00,24.555686950683594
2026-02-20 15:00:00+00:00,26.648761749267578
2026-02-20 16:00:00+00:00,40.4375114440918
2026-02-20 17:00:00+00:00,70.03702545166016
2026-02-20 18:00:00+00:00,72.17178344726562
2026-02-20 19:00:00+00:00,45.59748840332031
2026-02-20 20:00:00+00:00,25.290008544921875
2026-02-20 21:00:00+00:00,21.428119659423828
2026-02-20 22:00:00+00:00,17.233684539794922
2026-02-20 23:00:00+00:00,13.628307342529297
2026-02-21 00:00:00+00:00,17.083881378173828
2026-02-21 01:00:00+00:00,11.763904571533203
2026-02-21 02:00:00+00:00,4.7371368408203125
2026-02-21 03:00:00+00:00,4.125663757324219
2026-02-21 04:00:00+00:00,9.065155029296875
2026-02-21 05:00:00+00:00,16.26691436767578
2026-02-21 06:00:00+00:00,32.100372314453125
2026-02-21 07:00:00+00:00,38.44529342651367
2026-02-21 08:00:00+00:00,34.32571029663086
2026-02-21 09:00:00+00:00,13.172977447509766
2026-02-21 10:00:00+00:00,5.49853515625
2026-02-21 11:00:00+00:00,5.406494140625
2026-02-21 12:00:00+00:00,6.635162353515625
2026-02-21 13:00:00+00:00,7.408294677734375
2026-02-21 14:00:00+00:00,11.785713195800781
2026-02-21 15:00:00+00:00,13.395999908447266
2026-02-21 16:00:00+00:00,32.89638137817383
2026-02-21 17:00:00+00:00,74.68671417236328
2026-02-21 18:00:00+00:00,86.3554916381836
2026-02-21 19:00:00+00:00,62.78236389160156
2026-02-21 20:00:00+00:00,50.95526885986328
2026-02-21 21:00:00+00:00,53.20443344116211
2026-02-21 22:00:00+00:00,49.546302795410156
2026-02-21 23:00:00+00:00,41.30523681640625
2026-02-22 00:00:00+00:00,7.9468841552734375
2026-02-22 01:00:00+00:00,3.4561233520507812
2026-02-22 02:00:00+00:00,1.0297698974609375
2026-02-22 03:00:00+00:00,0.543243408203125
2026-02-22 04:00:00+00:00,-0.05389404296875
2026-02-22 05:00:00+00:00,2.1651458740234375
2026-02-22 06:00:00+00:00,9.33795166015625
2026-02-22 07:00:00+00:00,13.339752197265625
2026-02-22 08:00:00+00:00,3.725433349609375
2026-02-22 09:00:00+00:00,1.1915130615234375
2026-02-22 10:00:00+00:00,0.01416778564453125
2026-02-22 11:00:00+00:00,0.24774932861328125
2026-02-22 12:00:00+00:00,-0.592681884765625
2026-02-22 13:00:00+00:00,-0.5454483032226562
2026-02-22 14:00:00+00:00,-0.31195068359375
2026-02-22 15:00:00+00:00,0.9431228637695312
2026-02-22 16:00:00+00:00,5.433204650878906
2026-02-22 17:00:00+00:00,33.97056198120117
2026-02-22 18:00:00+00:00,54.62408447265625
2026-02-22 19:00:00+00:00,31.166065216064453
2026-02-22 20:00:00+00:00,18.91576385498047
2026-02-22 21:00:00+00:00,17.729267120361328
2026-02-22 22:00:00+00:00,13.326980590820312
2026-02-22 23:00:00+00:00,9.012916564941406
2026-02-23 00:00:00+00:00,6.95343017578125
2026-02-23 01:00:00+00:00,4.496051788330078
2026-02-23 02:00:00+00:00,2.611400604248047
2026-02-23 03:00:00+00:00,2.4651641845703125
2026-02-23 04:00:00+00:00,5.655925750732422
2026-02-23 05:00:00+00:00,19.489212036132812
2026-02-23 06:00:00+00:00,45.99959945678711
2026-02-23 07:00:00+00:00,56.12459945678711
2026-02-23 08:00:00+00:00,47.565887451171875
2026-02-23 09:00:00+00:00,15.69955825805664
2026-02-23 10:00:00+00:00,7.047416687011719
2026-02-23 11:00:00+00:00,4.447978973388672
2026-02-23 12:00:00+00:00,2.5325393676757812
2026-02-23 13:00:00+00:00,2.7134552001953125
2026-02-23 14:00:00+00:00,3.4284400939941406
2026-02-23 15:00:00+00:00,8.142642974853516
2026-02-23 16:00:00+00:00,19.505592346191406
2026-02-23 17:00:00+00:00,65.50865936279297
2026-02-23 18:00:00+00:00,88.04572296142578
2026-02-23 19:00:00+00:00,57.41152572631836
2026-02-23 20:00:00+00:00,33.789306640625
2026-02-23 21:00:00+00:00,32.731231689453125
2026-02-23 22:00:00+00:00,28.021381378173828
2026-02-23 23:00:00+00:00,19.419681549072266
2026-02-24 00:00:00+00:00,24.711811065673828
2026-02-24 01:00:00+00:00,21.46538543701172
2026-02-24 02:00:00+00:00,11.134941101074219
2026-02-24 03:00:00+00:00,10.34487533569336
2026-02-24 04:00:00+00:00,22.27657699584961
2026-02-24 05:00:00+00:00,40.949501037597656
2026-02-24 06:00:00+00:00,79.97872924804688
2026-02-24 07:00:00+00:00,88.19379425048828
2026-02-24 08:00:00+00:00,60.0159797668457
2026-02-24 09:00:00+00:00,17.89685821533203
2026-02-24 10:00:00+00:00,1.693084716796875
2026-02-24 11:00:00+00:00,-1.2004966735839844
2026-02-24 12:00:00+00:00,-5.274662017822266
2026-02-24 13:00:00+00:00,-4.409999847412109
2026-02-24 14:00:00+00:00,-0.9613380432128906
2026-02-24 15:00:00+00:00,4.418132781982422
2026-02-24 16:00:00+00:00,25.69866943359375
2026-02-24 17:00:00+00:00,76.79182434082031
2026-02-24 18:00:00+00:00,104.76985168457031
2026-02-24 19:00:00+00:00,74.2962417602539
2026-02-24 20:00:00+00:00,45.90943145751953
2026-02-24 21:00:00+00:00,43.76696014404297
2026-02-24 22:00:00+00:00,34.675270080566406
2026-02-24 23:00:00+00:00,27.33800506591797
2026-02-25 00:00:00+00:00,14.18050765991211
2026-02-25 01:00:00+00:00,14.014850616455078
2026-02-25 02:00:00+00:00,9.626827239990234
2026-02-25 03:00:00+00:00,9.18405532836914
2026-02-25 04:00:00+00:00,12.118331909179688
2026-02-25 05:00:00+00:00,25.721420288085938
2026-02-25 06:00:00+00:00,60.564823150634766
2026-02-25 07:00:00+00:00,61.59104537963867
2026-02-25 08:00:00+00:00,25.61831283569336
2026-02-25 09:00:00+00:00,7.269451141357422
2026-02-25 10:00:00+00:00,4.979755401611328
2026-02-25 11:00:00+00:00,5.073554992675781
2026-02-25 12:00:00+00:00,4.571773529052734
2026-02-25 13:00:00+00:00,5.408985137939453
2026-02-25 14:00:00+00:00,5.145206451416016
2026-02-25 15:00:00+00:00,6.108058929443359
2026-02-25 16:00:00+00:00,13.113834381103516
2026-02-25 17:00:00+00:00,63.89861297607422
2026-02-25 18:00:00+00:00,97.41758728027344
2026-02-25 19:00:00+00:00,62.33315658569336
2026-02-25 20:00:00+00:00,29.10088348388672
2026-02-25 21:00:00+00:00,26.829662322998047
2026-02-25 22:00:00+00:00,21.911975860595703
2026-02-25 23:00:00+00:00,15.3721923828125
2026-02-26 00:00:00+00:00,17.2176513671875
2026-02-26 01:00:00+00:00,14.849773406982422
2026-02-26 02:00:00+00:00,11.321155548095703
2026-02-26 03:00:00+00:00,11.126903533935547
2026-02-26 04:00:00+00:00,13.466358184814453
2026-02-26 05:00:00+00:00,25.443531036376953
2026-02-26 06:00:00+00:00,70.43050384521484
2026-02-26 07:00:00+00:00,62.859405517578125
2026-02-26 08:00:00+00:00,20.0982666015625
2026-02-26 09:00:00+00:00,7.03424072265625
2026-02-26 10:00:00+00:00,4.911045074462891
2026-02-26 11:00:00+00:00,4.595981597900391
2026-02-26 12:00:00+00:00,4.0379638671875
2026-02-26 13:00:00+00:00,3.5462493896484375
2026-02-26 14:00:00+00:00,3.8520469665527344
2026-02-26 15:00:00+00:00,5.11083984375
2026-02-26 16:00:00+00:00,14.041248321533203
2026-02-26 17:00:00+00:00,55.43698501586914
2026-02-26 18:00:00+00:00,92.90209197998047
2026-02-26 19:00:00+00:00,59.41470718383789
2026-02-26 20:00:00+00:00,23.76336669921875
2026-02-26 21:00:00+00:00,21.892650604248047
2026-02-26 22:00:00+00:00,16.403953552246094
2026-02-26 23:00:00+00:00,13.401058197021484
2026-02-27 00:00:00+00:00,5.247097015380859
2026-02-27 01:00:00+00:00,4.414493560791016
2026-02-27 02:00:00+00:00,0.8106689453125
2026-02-27 03:00:00+00:00,-0.2698173522949219
2026-02-27 04:00:00+00:00,0.4164886474609375
2026-02-27 05:00:00+00:00,5.325767517089844
2026-02-27 06:00:00+00:00,31.825836181640625
2026-02-27 07:00:00+00:00,27.04198455810547
2026-02-27 08:00:00+00:00,2.0453567504882812
2026-02-27 09:00:00+00:00,-0.9870491027832031
2026-02-27 10:00:00+00:00,-2.847919464111328
2026-02-27 11:00:00+00:00,-0.985015869140625
2026-02-27 12:00:00+00:00,-1.7639350891113281
2026-02-27 13:00:00+00:00,-2.321685791015625
2026-02-27 14:00:00+00:00,-3.1869773864746094
2026-02-27 15:00:00+00:00,-3.2046775817871094
2026-02-27 16:00:00+00:00,1.4444999694824219
2026-02-27 17:00:00+00:00,27.066312789916992
2026-02-27 18:00:00+00:00,62.11958312988281
2026-02-27 19:00:00+00:00,29.818721771240234
2026-02-27 20:00:00+00:00,10.355037689208984
2026-02-27 21:00:00+00:00,11.345287322998047
2026-02-27 22:00:00+00:00,8.067405700683594
2026-02-27 23:00:00+00:00,5.617347717285156
2026-02-28 00:00:00+00:00,12.426685333251953
2026-02-28 01:00:00+00:00,7.968601226806641
2026-02-28 02:00:00+00:00,4.35418701171875
2026-02-28 03:00:00+00:00,3.778972625732422
2026-02-28 04:00:00+00:00,3.5227508544921875
2026-02-28 05:00:00+00:00,4.743312835693359
2026-02-28 06:00:00+00:00,8.050697326660156
2026-02-28 07:00:00+00:00,6.8828277587890625
2026-02-28 08:00:00+00:00,3.6166152954101562
2026-02-28 09:00:00+00:00,2.7817001342773438
2026-02-28 10:00:00+00:00,2.8730545043945312
2026-02-28 11:00:00+00:00,3.1600608825683594
2026-02-28 12:00:00+00:00,3.1002464294433594
2026-02-28 13:00:00+00:00,2.9328536987304688
2026-02-28 14:00:00+00:00,2.9446029663085938
2026-02-28 15:00:00+00:00,3.8959884643554688
2026-02-28 16:00:00+00:00,13.59982681274414
2026-02-28 17:00:00+00:00,51.2375602722168
2026-02-28 18:00:00+00:00,82.43096160888672
2026-02-28 19:00:00+00:00,53.0666618347168
2026-02-28 20:00:00+00:00,33.040283203125
2026-02-28 21:00:00+00:00,40.34955596923828
2026-02-28 22:00:00+00:00,37.83038330078125
2026-02-28 23:00:00+00:00,31.61053466796875
2026-03-01 00:00:00+00:00,28.21639060974121
2026-03-01 01:00:00+00:00,26.55684471130371
2026-03-01 02:00:00+00:00,19.855335235595703
2026-03-01 03:00:00+00:00,16.99571418762207
2026-03-01 04:00:00+00:00,16.81743812561035
2026-03-01 05:00:00+00:00,17.325258255004883
2026-03-01 06:00:00+00:00,17.60577392578125
2026-03-01 07:00:00+00:00,18.203798294067383
2026-03-01 08:00:00+00:00,17.963350296020508
2026-03-01 09:00:00+00:00,18.451290130615234
2026-03-01 10:00:00+00:00,19.848268508911133
2026-03-01 11:00:00+00:00,20.098167419433594
2026-03-01 12:00:00+00:00,17.340517044067383
2026-03-01 13:00:00+00:00,16.279878616333008
2026-03-01 14:00:00+00:00,17.20421600341797
2026-03-01 15:00:00+00:00,20.20517921447754
2026-03-01 16:00:00+00:00,24.66558837890625
2026-03-01 17:00:00+00:00,45.798377990722656
2026-03-01 18:00:00+00:00,69.66732025146484
2026-03-01 19:00:00+00:00,50.357418060302734
2026-03-01 20:00:00+00:00,31.12118148803711
2026-03-01 21:00:00+00:00,30.29309844970703
2026-03-01 22:00:00+00:00,27.656017303466797
2026-03-01 23:00:00+00:00,20.21238899230957
2026-03-02 00:00:00+00:00,12.788322448730469
2026-03-02 01:00:00+00:00,12.017011642456055
2026-03-02 02:00:00+00:00,9.303203582763672
2026-03-02 03:00:00+00:00,8.844684600830078
2026-03-02 04:00:00+00:00,12.348175048828125
2026-03-02 05:00:00+00:00,24.812955856323242
2026-03-02 06:00:00+00:00,50.27968215942383
2026-03-02 07:00:00+00:00,43.699127197265625
2026-03-02 08:00:00+00:00,13.551393508911133
2026-03-02 09:00:00+00:00,4.7834014892578125
2026-03-02 10:00:00+00:00,2.2000961303710938
2026-03-02 11:00:00+00:00,1.5250053405761719
2026-03-02 12:00:00+00:00,0.5930442810058594
2026-03-02 13:00:00+00:00,1.3930320739746094
2026-03-02 14:00:00+00:00,2.5726356506347656
2026-03-02 15:00:00+00:00,6.5287017822265625
2026-03-02 16:00:00+00:00,18.770458221435547
2026-03-02 17:00:00+00:00,51.85283660888672
2026-03-02 18:00:00+00:00,86.69759368896484
2026-03-02 19:00:00+00:00,61.1376953125
2026-03-02 20:00:00+00:00,36.44908142089844
2026-03-02 21:00:00+00:00,36.4268684387207
2026-03-02 22:00:00+00:00,31.193492889404297
2026-03-02 23:00:00+00:00,25.47238540649414
2026-03-03 00:00:00+00:00,39.73509979248047
2026-03-03 01:00:00+00:00,34.77079772949219
2026-03-03 02:00:00+00:00,25.999549865722656
2026-03-03 03:00:00+00:00,26.72415542602539
2026-03-03 04:00:00+00:00,37.13887023925781
2026-03-03 05:00:00+00:00,56.56612014770508
2026-03-03 06:00:00+00:00,84.89846801757812
2026-03-03 07:00:00+00:00,82.46212768554688
2026-03-03 08:00:00+00:00,46.144012451171875
2026-03-03 09:00:00+00:00,22.8480224609375
2026-03-03 10:00:00+00:00,11.710138320922852
2026-03-03 11:00:00+00:00,8.167856216430664
2026-03-03 12:00:00+00:00,6.737754821777344
2026-03-03 13:00:00+00:00,6.568756103515625
2026-03-03 14:00:00+00:00,9.096977233886719
2026-03-03 15:00:00+00:00,17.716197967529297
2026-03-03 16:00:00+00:00,40.798004150390625
2026-03-03 17:00:00+00:00,82.63560485839844
2026-03-03 18:00:00+00:00,106.9205093383789
2026-03-03 19:00:00+00:00,79.55984497070312
2026-03-03 20:00:00+00:00,52.809513092041016
2026-03-03 21:00:00+00:00,47.84157943725586
2026-03-03 22:00:00+00:00,46.11803436279297
2026-03-03 23:00:00+00:00,42.443382263183594
2026-03-04 00:00:00+00:00,57.87643814086914
2026-03-04 01:00:00+00:00,50.049224853515625
2026-03-04 02:00:00+00:00,37.73004150390625
2026-03-04 03:00:00+00:00,38.87519073486328
2026-03-04 04:00:00+00:00,50.11663818359375
2026-03-04 05:00:00+00:00,76.07508850097656
2026-03-04 06:00:00+00:00,116.42924499511719
2026-03-04 07:00:00+00:00,109.28050231933594
2026-03-04 08:00:00+00:00,60.451271057128906
2026-03-04 09:00:00+00:00,29.403301239013672
2026-03-04 10:00:00+00:00,18.805538177490234
2026-03-04 11:00:00+00:00,17.301546096801758
2026-03-04 12:00:00+00:00,8.111330032348633
2026-03-04 13:00:00+00:00,9.071428298950195
2026-03-04 14:00:00+00:00,17.750961303710938
2026-03-04 15:00:00+00:00,29.28559112548828
2026-03-04 16:00:00+00:00,53.86684799194336
2026-03-04 17:00:00+00:00,98.96939086914062
2026-03-04 18:00:00+00:00,130.705322265625
2026-03-04 19:00:00+00:00,90.63243103027344
2026-03-04 20:00:00+00:00,61.390289306640625
2026-03-04 21:00:00+00:00,55.303428649902344
2026-03-04 22:00:00+00:00,48.483543395996094
2026-03-04 23:00:00+00:00,46.679405212402344
2026-03-05 00:00:00+00:00,72.72525024414062
2026-03-05 01:00:00+00:00,62.316749572753906
2026-03-05 02:00:00+00:00,44.309139251708984
2026-03-05 03:00:00+00:00,40.9195671081543
2026-03-05 04:00:00+00:00,53.500457763671875
2026-03-05 05:00:00+00:00,89.58340454101562
2026-03-05 06:00:00+00:00,156.31243896484375
2026-03-05 07:00:00+00:00,152.60403442382812
2026-03-05 08:00:00+00:00,83.44966125488281
2026-03-05 09:00:00+00:00,46.02125930786133
2026-03-05 10:00:00+00:00,27.451560974121094
2026-03-05 11:00:00+00:00,21.27729606628418
2026-03-05 12:00:00+00:00,8.053760528564453
2026-03-05 13:00:00+00:00,11.30374526977539
2026-03-05 14:00:00+00:00,27.017183303833008
2026-03-05 15:00:00+00:00,44.96041488647461
2026-03-05 16:00:00+00:00,65.33405303955078
2026-03-05 17:00:00+00:00,112.99718475341797
2026-03-05 18:00:00+00:00,170.04611206054688
2026-03-05 19:00:00+00:00,129.27232360839844
2026-03-05 20:00:00+00:00,92.3216552734375
2026-03-05 21:00:00+00:00,87.6866455078125
2026-03-05 22:00:00+00:00,85.22566986083984
2026-03-05 23:00:00+00:00,86.04479217529297
2026-03-06 00:00:00+00:00,63.025760650634766
2026-03-06 01:00:00+00:00,59.7633171081543
2026-03-06 02:00:00+00:00,48.799930572509766
2026-03-06 03:00:00+00:00,49.2132568359375
2026-03-06 04:00:00+00:00,59.820308685302734
2026-03-06 05:00:00+00:00,82.13758850097656
2026-03-06 06:00:00+00:00,120.76608276367188
2026-03-06 07:00:00+00:00,128.47543334960938
2026-03-06 08:00:00+00:00,104.03631591796875
2026-03-06 09:00:00+00:00,78.62629699707031
2026-03-06 10:00:00+00:00,60.58163833618164
2026-03-06 11:00:00+00:00,52.278709411621094
2026-03-06 12:00:00+00:00,45.371456146240234
2026-03-06 13:00:00+00:00,55.18647384643555
2026-03-06 14:00:00+00:00,71.59684753417969
2026-03-06 15:00:00+00:00,84.8603286743164
2026-03-06 16:00:00+00:00,100.60579681396484
2026-03-06 17:00:00+00:00,128.22283935546875
2026-03-06 18:00:00+00:00,147.68380737304688
2026-03-06 19:00:00+00:00,118.35694885253906
2026-03-06 20:00:00+00:00,95.77095031738281
2026-03-06 21:00:00+00:00,92.70573425292969
2026-03-06 22:00:00+00:00,88.76045227050781
2026-03-06 23:00:00+00:00,84.97840881347656
2026-03-07 00:00:00+00:00,70.09654998779297
2026-03-07 01:00:00+00:00,63.49217224121094
2026-03-07 02:00:00+00:00,53.73316955566406
2026-03-07 03:00:00+00:00,52.59389114379883
2026-03-07 04:00:00+00:00,55.76422119140625
2026-03-07 05:00:00+00:00,62.5380859375
2026-03-07 06:00:00+00:00,72.06226348876953
2026-03-07 07:00:00+00:00,75.41779327392578
2026-03-07 08:00:00+00:00,61.883033752441406
2026-03-07 09:00:00+00:00,45.81602096557617
2026-03-07 10:00:00+00:00,35.82972717285156
2026-03-07 11:00:00+00:00,31.705734252929688
2026-03-07 12:00:00+00:00,25.593353271484375
2026-03-07 13:00:00+00:00,26.83635711669922
2026-03-07 14:00:00+00:00,36.0654296875
2026-03-07 15:00:00+00:00,44.8336067199707
2026-03-07 16:00:00+00:00,58.94203186035156
2026-03-07 17:00:00+00:00,92.17552947998047
2026-03-07 18:00:00+00:00,117.80548095703125
2026-03-07 19:00:00+00:00,92.46117401123047
2026-03-07 20:00:00+00:00,79.07193756103516
2026-03-07 21:00:00+00:00,81.01705932617188
2026-03-07 22:00:00+00:00,78.36445617675781
2026-03-07 23:00:00+00:00,73.63531494140625
2026-03-08 00:00:00+00:00,95.018798828125
2026-03-08 01:00:00+00:00,89.15129089355469
2026-03-08 02:00:00+00:00,75.72930145263672
2026-03-08 03:00:00+00:00,71.5186996459961
2026-03-08 04:00:00+00:00,70.551025390625
2026-03-08 05:00:00+00:00,72.9888687133789
2026-03-08 06:00:00+00:00,81.2156982421875
2026-03-08 07:00:00+00:00,76.50188446044922
2026-03-08 08:00:00+00:00,52.56870651245117
2026-03-08 09:00:00+00:00,36.16555404663086
2026-03-08 10:00:00+00:00,26.918777465820312
2026-03-08 11:00:00+00:00,22.43500328063965
2026-03-08 12:00:00+00:00,17.48073959350586
2026-03-08 13:00:00+00:00,23.61636734008789
2026-03-08 14:00:00+00:00,36.642269134521484
2026-03-08 15:00:00+00:00,42.41353225708008
2026-03-08 16:00:00+00:00,63.116661071777344
2026-03-08 17:00:00+00:00,97.54032135009766
2026-03-08 18:00:00+00:00,134.26406860351562
2026-03-08 19:00:00+00:00,116.56999969482422
2026-03-08 20:00:00+00:00,93.4576187133789
2026-03-08 21:00:00+00:00,91.66992950439453
2026-03-08 22:00:00+00:00,89.11793518066406
2026-03-08 23:00:00+00:00,89.40105438232422
2026-03-09 00:00:00+00:00,109.49601745605469
2026-03-09 01:00:00+00:00,103.99893188476562
2026-03-09 02:00:00+00:00,93.77894592285156
2026-03-09 03:00:00+00:00,92.73333740234375
2026-03-09 04:00:00+00:00,100.63825988769531
2026-03-09 05:00:00+00:00,122.17585754394531
2026-03-09 06:00:00+00:00,154.7803497314453
2026-03-09 07:00:00+00:00,158.8346710205078
2026-03-09 08:00:00+00:00,132.28294372558594
2026-03-09 09:00:00+00:00,101.8582763671875
2026-03-09 10:00:00+00:00,81.9446792602539
2026-03-09 11:00:00+00:00,71.3236083984375
2026-03-09 12:00:00+00:00,59.94789123535156
2026-03-09 13:00:00+00:00,73.1790771484375
2026-03-09 14:00:00+00:00,92.27394104003906
2026-03-09 15:00:00+00:00,105.03584289550781
2026-03-09 16:00:00+00:00,125.74610900878906
2026-03-09 17:00:00+00:00,168.20999145507812
2026-03-09 18:00:00+00:00,200.9259033203125
2026-03-09 19:00:00+00:00,174.6505889892578
2026-03-09 20:00:00+00:00,146.2445068359375
2026-03-09 21:00:00+00:00,135.13754272460938
2026-03-09 22:00:00+00:00,129.43731689453125
2026-03-09 23:00:00+00:00,127.78717041015625
2026-03-10 00:00:00+00:00,128.32113647460938
2026-03-10 01:00:00+00:00,121.94220733642578
2026-03-10 02:00:00+00:00,105.67623901367188
2026-03-10 03:00:00+00:00,105.16925048828125
2026-03-10 04:00:00+00:00,117.8875961303711
2026-03-10 05:00:00+00:00,141.7350616455078
2026-03-10 06:00:00+00:00,182.09896850585938
2026-03-10 07:00:00+00:00,189.86111450195312
2026-03-10 08:00:00+00:00,166.4072265625
2026-03-10 09:00:00+00:00,144.03091430664062
2026-03-10 10:00:00+00:00,126.49156951904297
2026-03-10 11:00:00+00:00,117.97521209716797
2026-03-10 12:00:00+00:00,102.67031860351562
2026-03-10 13:00:00+00:00,102.44374084472656
2026-03-10 14:00:00+00:00,111.88936614990234
2026-03-10 15:00:00+00:00,116.9132080078125
2026-03-10 16:00:00+00:00,130.2935791015625
2026-03-10 17:00:00+00:00,168.58840942382812
2026-03-10 18:00:00+00:00,192.82830810546875
2026-03-10 19:00:00+00:00,161.973388671875
2026-03-10 20:00:00+00:00,128.322265625
2026-03-10 21:00:00+00:00,115.89759063720703
2026-03-10 22:00:00+00:00,103.7230224609375
2026-03-10 23:00:00+00:00,98.48606872558594
2026-03-11 00:00:00+00:00,17.40234375
2026-03-11 01:00:00+00:00,11.993566513061523
2026-03-11 02:00:00+00:00,8.344200134277344
2026-03-11 03:00:00+00:00,8.020122528076172
2026-03-11 04:00:00+00:00,9.667125701904297
2026-03-11 05:00:00+00:00,18.95442008972168
2026-03-11 06:00:00+00:00,39.98234558105469
2026-03-11 07:00:00+00:00,54.258148193359375
2026-03-11 08:00:00+00:00,46.3315544128418
2026-03-11 09:00:00+00:00,27.52235221862793
2026-03-11 10:00:00+00:00,21.01881217956543
2026-03-11 11:00:00+00:00,16.736955642700195
2026-03-11 12:00:00+00:00,13.517354965209961
2026-03-11 13:00:00+00:00,15.368478775024414
2026-03-11 14:00:00+00:00,24.52535629272461
2026-03-11 15:00:00+00:00,34.68061828613281
2026-03-11 16:00:00+00:00,57.707427978515625
2026-03-11 17:00:00+00:00,101.18400573730469
2026-03-11 18:00:00+00:00,137.05335998535156
2026-03-11 19:00:00+00:00,121.76254272460938
2026-03-11 20:00:00+00:00,108.1596450805664
2026-03-11 21:00:00+00:00,105.06245422363281
2026-03-11 22:00:00+00:00,104.46635437011719
2026-03-11 23:00:00+00:00,94.97554016113281
2026-03-12 00:00:00+00:00,71.2738037109375
2026-03-12 01:00:00+00:00,68.15483093261719
2026-03-12 02:00:00+00:00,55.69084930419922
2026-03-12 03:00:00+00:00,51.955570220947266
2026-03-12 04:00:00+00:00,60.444366455078125
2026-03-12 05:00:00+00:00,82.42088317871094
2026-03-12 06:00:00+00:00,115.87837219238281
2026-03-12 07:00:00+00:00,114.8800048828125
2026-03-12 08:00:00+00:00,74.48277282714844
2026-03-12 09:00:00+00:00,48.94324493408203
2026-03-12 10:00:00+00:00,19.024578094482422
2026-03-12 11:00:00+00:00,31.016937255859375
2026-03-12 12:00:00+00:00,19.048616409301758
2026-03-12 13:00:00+00:00,21.978487014770508
2026-03-12 14:00:00+00:00,26.405696868896484
2026-03-12 15:00:00+00:00,36.19840621948242
2026-03-12 16:00:00+00:00,45.14593505859375
2026-03-12 17:00:00+00:00,78.36064147949219
2026-03-12 18:00:00+00:00,113.40115356445312
2026-03-12 19:00:00+00:00,80.9101791381836
2026-03-12 20:00:00+00:00,55.96733856201172
2026-03-12 21:00:00+00:00,47.605247497558594
2026-03-12 22:00:00+00:00,36.58138656616211
2026-03-12 23:00:00+00:00,23.0936336517334
2026-03-13 00:00:00+00:00,8.824417114257812
2026-03-13 01:00:00+00:00,5.802192687988281
2026-03-13 02:00:00+00:00,4.06134033203125
2026-03-13 03:00:00+00:00,3.3874969482421875
2026-03-13 04:00:00+00:00,5.072639465332031
2026-03-13 05:00:00+00:00,24.586015701293945
2026-03-13 06:00:00+00:00,57.05976104736328
2026-03-13 07:00:00+00:00,61.442543029785156
2026-03-13 08:00:00+00:00,38.31800079345703
2026-03-13 09:00:00+00:00,15.349184036254883
2026-03-13 10:00:00+00:00,9.09024429321289
2026-03-13 11:00:00+00:00,7.212398529052734
2026-03-13 12:00:00+00:00,7.339710235595703
2026-03-13 13:00:00+00:00,11.298881530761719
2026-03-13 14:00:00+00:00,21.730512619018555
2026-03-13 15:00:00+00:00,31.827655792236328
2026-03-13 16:00:00+00:00,54.086265563964844
2026-03-13 17:00:00+00:00,104.09455108642578
2026-03-13 18:00:00+00:00,136.0311279296875
2026-03-13 19:00:00+00:00,104.92134094238281
2026-03-13 20:00:00+00:00,77.65309143066406
2026-03-13 21:00:00+00:00,74.53225708007812
2026-03-13 22:00:00+00:00,65.13763427734375
2026-03-13 23:00:00+00:00,51.85991668701172
2026-03-14 00:00:00+00:00,107.23561096191406
2026-03-14 01:00:00+00:00,97.55068969726562
2026-03-14 02:00:00+00:00,79.94393920898438
2026-03-14 03:00:00+00:00,79.59249877929688
2026-03-14 04:00:00+00:00,86.45214080810547
2026-03-14 05:00:00+00:00,98.45074462890625
2026-03-14 06:00:00+00:00,105.66458129882812
2026-03-14 07:00:00+00:00,110.53278350830078
2026-03-14 08:00:00+00:00,95.52838897705078
2026-03-14 09:00:00+00:00,78.81253814697266
2026-03-14 10:00:00+00:00,56.24114227294922
2026-03-14 11:00:00+00:00,41.978050231933594
2026-03-14 12:00:00+00:00,27.545541763305664
2026-03-14 13:00:00+00:00,36.063331604003906
2026-03-14 14:00:00+00:00,57.482425689697266
2026-03-14 15:00:00+00:00,71.19931030273438
2026-03-14 16:00:00+00:00,94.3594970703125
2026-03-14 17:00:00+00:00,148.20095825195312
2026-03-14 18:00:00+00:00,191.29913330078125
2026-03-14 19:00:00+00:00,169.67660522460938
2026-03-14 20:00:00+00:00,144.9394989013672
2026-03-14 21:00:00+00:00,144.05856323242188
2026-03-14 22:00:00+00:00,146.30560302734375
2026-03-14 23:00:00+00:00,146.45437622070312
2026-03-15 00:00:00+00:00,135.28515625
2026-03-15 01:00:00+00:00,129.96612548828125
2026-03-15 02:00:00+00:00,119.51432037353516
2026-03-15 03:00:00+00:00,121.58969116210938
2026-03-15 04:00:00+00:00,128.21310424804688
2026-03-15 05:00:00+00:00,136.93173217773438
2026-03-15 06:00:00+00:00,142.398681640625
2026-03-15 07:00:00+00:00,136.12991333007812
2026-03-15 08:00:00+00:00,102.2759780883789
2026-03-15 09:00:00+00:00,70.9500503540039
2026-03-15 10:00:00+00:00,46.2564697265625
2026-03-15 11:00:00+00:00,37.464717864990234
2026-03-15 12:00:00+00:00,24.387481689453125
2026-03-15 13:00:00+00:00,24.211210250854492
2026-03-15 14:00:00+00:00,32.46096420288086
2026-03-15 15:00:00+00:00,43.56853485107422
2026-03-15 16:00:00+00:00,72.926513671875
2026-03-15 17:00:00+00:00,128.3667755126953
2026-03-15 18:00:00+00:00,161.16262817382812
2026-03-15 19:00:00+00:00,133.6590576171875
2026-03-15 20:00:00+00:00,104.50071716308594
2026-03-15 21:00:00+00:00,95.663818359375
2026-03-15 22:00:00+00:00,86.78072357177734
2026-03-15 23:00:00+00:00,81.66447448730469
2026-03-16 00:00:00+00:00,25.782833099365234
2026-03-16 01:00:00+00:00,24.58745765686035
2026-03-16 02:00:00+00:00,17.471956253051758
2026-03-16 03:00:00+00:00,22.65372657775879
2026-03-16 04:00:00+00:00,40.162109375
2026-03-16 05:00:00+00:00,67.82405090332031
2026-03-16 06:00:00+00:00,100.89533996582031
2026-03-16 07:00:00+00:00,105.20866394042969
2026-03-16 08:00:00+00:00,71.47772979736328
2026-03-16 09:00:00+00:00,37.543643951416016
2026-03-16 10:00:00+00:00,21.844385147094727
2026-03-16 11:00:00+00:00,21.12172508239746
2026-03-16 12:00:00+00:00,17.05465316772461
2026-03-16 13:00:00+00:00,18.20405387878418
2026-03-16 14:00:00+00:00,25.97506332397461
2026-03-16 15:00:00+00:00,41.391456604003906
2026-03-16 16:00:00+00:00,68.08924865722656
2026-03-16 17:00:00+00:00,121.78608703613281
2026-03-16 18:00:00+00:00,157.61581420898438
2026-03-16 19:00:00+00:00,123.18240356445312
2026-03-16 20:00:00+00:00,92.9233627319336
2026-03-16 21:00:00+00:00,87.91304016113281
2026-03-16 22:00:00+00:00,78.46939086914062
2026-03-16 23:00:00+00:00,78.40483093261719
2026-03-17 00:00:00+00:00,103.76895904541016
2026-03-17 01:00:00+00:00,95.31106567382812
2026-03-17 02:00:00+00:00,79.53934478759766
2026-03-17 03:00:00+00:00,81.06641387939453
2026-03-17 04:00:00+00:00,94.89218139648438
2026-03-17 05:00:00+00:00,124.70960998535156
2026-03-17 06:00:00+00:00,149.85169982910156
2026-03-17 07:00:00+00:00,139.31661987304688
2026-03-17 08:00:00+00:00,80.15614318847656
2026-03-17 09:00:00+00:00,32.029293060302734
2026-03-17 10:00:00+00:00,9.902679443359375
2026-03-17 11:00:00+00:00,8.20111083984375
2026-03-17 12:00:00+00:00,7.076972961425781
2026-03-17 13:00:00+00:00,7.274223327636719
2026-03-17 14:00:00+00:00,6.885334014892578
2026-03-17 15:00:00+00:00,13.193981170654297
2026-03-17 16:00:00+00:00,33.70390319824219
2026-03-17 17:00:00+00:00,96.85438537597656
2026-03-17 18:00:00+00:00,137.08224487304688
2026-03-17 19:00:00+00:00,88.98724365234375
2026-03-17 20:00:00+00:00,53.05837631225586
2026-03-17 21:00:00+00:00,43.580318450927734
2026-03-17 22:00:00+00:00,31.0106201171875
2026-03-17 23:00:00+00:00,24.167940139770508
2026-03-18 00:00:00+00:00,24.939910888671875
2026-03-18 01:00:00+00:00,24.331031799316406
2026-03-18 02:00:00+00:00,16.707569122314453
2026-03-18 03:00:00+00:00,16.74551010131836
2026-03-18 04:00:00+00:00,22.855546951293945
2026-03-18 05:00:00+00:00,42.420989990234375
2026-03-18 06:00:00+00:00,64.56831359863281
2026-03-18 07:00:00+00:00,49.046630859375
2026-03-18 08:00:00+00:00,6.00103759765625
2026-03-18 09:00:00+00:00,0.3973426818847656
2026-03-18 10:00:00+00:00,-0.3773231506347656
2026-03-18 11:00:00+00:00,-0.033718109130859375
2026-03-18 12:00:00+00:00,-0.7885818481445312
2026-03-18 13:00:00+00:00,-0.16579437255859375
2026-03-18 14:00:00+00:00,0.4050331115722656
2026-03-18 15:00:00+00:00,1.11651611328125
2026-03-18 16:00:00+00:00,7.464653015136719
2026-03-18 17:00:00+00:00,43.598506927490234
2026-03-18 18:00:00+00:00,91.24407196044922
2026-03-18 19:00:00+00:00,60.902706146240234
2026-03-18 20:00:00+00:00,32.34086608886719
2026-03-18 21:00:00+00:00,32.30744171142578
2026-03-18 22:00:00+00:00,28.331811904907227
2026-03-18 23:00:00+00:00,23.651287078857422
2026-03-19 00:00:00+00:00,26.77393913269043
2026-03-19 01:00:00+00:00,27.421268463134766
2026-03-19 02:00:00+00:00,22.816089630126953
2026-03-19 03:00:00+00:00,25.003602981567383
2026-03-19 04:00:00+00:00,34.14876174926758
2026-03-19 05:00:00+00:00,55.70662307739258
2026-03-19 06:00:00+00:00,76.94072723388672
2026-03-19 07:00:00+00:00,68.87147521972656
2026-03-19 08:00:00+00:00,27.017724990844727
2026-03-19 09:00:00+00:00,4.744964599609375
2026-03-19 10:00:00+00:00,2.0890731811523438
2026-03-19 11:00:00+00:00,1.9514732360839844
2026-03-19 12:00:00+00:00,1.3824195861816406
2026-03-19 13:00:00+00:00,1.7320785522460938
2026-03-19 14:00:00+00:00,2.765148162841797
2026-03-19 15:00:00+00:00,5.799205780029297
2026-03-19 16:00:00+00:00,26.895017623901367
2026-03-19 17:00:00+00:00,80.50115966796875
2026-03-19 18:00:00+00:00,118.65638732910156
2026-03-19 19:00:00+00:00,86.85543060302734
2026-03-19 20:00:00+00:00,62.162261962890625
2026-03-19 21:00:00+00:00,58.377593994140625
2026-03-19 22:00:00+00:00,47.09477233886719
2026-03-19 23:00:00+00:00,42.41832733154297
2026-03-20 00:00:00+00:00,50.01365661621094
2026-03-20 01:00:00+00:00,46.52519607543945
2026-03-20 02:00:00+00:00,39.80671691894531
2026-03-20 03:00:00+00:00,41.89104461669922
2026-03-20 04:00:00+00:00,47.42731475830078
2026-03-20 05:00:00+00:00,63.45944595336914
2026-03-20 06:00:00+00:00,89.87303161621094
2026-03-20 07:00:00+00:00,73.01948547363281
2026-03-20 08:00:00+00:00,30.152067184448242
2026-03-20 09:00:00+00:00,9.156166076660156
2026-03-20 10:00:00+00:00,2.760711669921875
2026-03-20 11:00:00+00:00,1.2166099548339844
2026-03-20 12:00:00+00:00,-0.7756576538085938
2026-03-20 13:00:00+00:00,-0.5149459838867188
2026-03-20 14:00:00+00:00,0.845733642578125
2026-03-20 15:00:00+00:00,4.4653167724609375
2026-03-20 16:00:00+00:00,28.64380645751953
2026-03-20 17:00:00+00:00,75.36563110351562
2026-03-20 18:00:00+00:00,107.40520477294922
2026-03-20 19:00:00+00:00,86.56552124023438
2026-03-20 20:00:00+00:00,65.89976501464844
2026-03-20 21:00:00+00:00,59.49530792236328
2026-03-20 22:00:00+00:00,53.64072036743164
2026-03-20 23:00:00+00:00,48.91404724121094
2026-03-21 00:00:00+00:00,51.934844970703125
2026-03-21 01:00:00+00:00,46.75673294067383
2026-03-21 02:00:00+00:00,38.022132873535156
2026-03-21 03:00:00+00:00,38.562347412109375
2026-03-21 04:00:00+00:00,46.14973068237305
2026-03-21 05:00:00+00:00,59.32792663574219
2026-03-21 06:00:00+00:00,69.85279083251953
2026-03-21 07:00:00+00:00,49.25844955444336
2026-03-21 08:00:00+00:00,19.335918426513672
2026-03-21 09:00:00+00:00,3.8361282348632812
2026-03-21 10:00:00+00:00,-0.855194091796875
2026-03-21 11:00:00+00:00,-1.2699127197265625
2026-03-21 12:00:00+00:00,-3.0031204223632812
2026-03-21 13:00:00+00:00,-1.8619346618652344
2026-03-21 14:00:00+00:00,0.25490570068359375
2026-03-21 15:00:00+00:00,4.704898834228516
2026-03-21 16:00:00+00:00,33.40892791748047
2026-03-21 17:00:00+00:00,78.55584716796875
2026-03-21 18:00:00+00:00,108.04808044433594
2026-03-21 19:00:00+00:00,85.33577728271484
2026-03-21 20:00:00+00:00,66.23948669433594
2026-03-21 21:00:00+00:00,66.9645004272461
2026-03-21 22:00:00+00:00,61.75300216674805
2026-03-21 23:00:00+00:00,54.714881896972656
2026-03-22 00:00:00+00:00,63.48851013183594
2026-03-22 01:00:00+00:00,59.643157958984375
2026-03-22 02:00:00+00:00,50.78431701660156
2026-03-22 03:00:00+00:00,50.78215789794922
2026-03-22 04:00:00+00:00,52.89109802246094
2026-03-22 05:00:00+00:00,55.45368576049805
2026-03-22 06:00:00+00:00,52.34065628051758
2026-03-22 07:00:00+00:00,42.60628128051758
2026-03-22 08:00:00+00:00,25.48927116394043
2026-03-22 09:00:00+00:00,17.687519073486328
2026-03-22 10:00:00+00:00,10.467693328857422
2026-03-22 11:00:00+00:00,8.765872955322266
2026-03-22 12:00:00+00:00,6.4289703369140625
2026-03-22 13:00:00+00:00,7.442901611328125
2026-03-22 14:00:00+00:00,9.773944854736328
2026-03-22 15:00:00+00:00,18.495880126953125
2026-03-22 16:00:00+00:00,44.37459182739258
2026-03-22 17:00:00+00:00,88.05165100097656
2026-03-22 18:00:00+00:00,115.89225769042969
2026-03-22 19:00:00+00:00,103.80908203125
2026-03-22 20:00:00+00:00,91.12631225585938
2026-03-22 21:00:00+00:00,86.41141510009766
2026-03-22 22:00:00+00:00,79.27125549316406
2026-03-22 23:00:00+00:00,74.97068786621094
2026-03-23 00:00:00+00:00,59.77302551269531
2026-03-23 01:00:00+00:00,54.270416259765625
2026-03-23 02:00:00+00:00,44.08271026611328
2026-03-23 03:00:00+00:00,46.31370162963867
2026-03-23 04:00:00+00:00,58.54978561401367
2026-03-23 05:00:00+00:00,83.3133544921875
2026-03-23 06:00:00+00:00,115.21043395996094
2026-03-23 07:00:00+00:00,102.46589660644531
2026-03-23 08:00:00+00:00,62.80837631225586
2026-03-23 09:00:00+00:00,34.438995361328125
2026-03-23 10:00:00+00:00,19.67910385131836
2026-03-23 11:00:00+00:00,19.02553939819336
2026-03-23 12:00:00+00:00,15.128463745117188
2026-03-23 13:00:00+00:00,17.470123291015625
2026-03-23 14:00:00+00:00,26.852781295776367
2026-03-23 15:00:00+00:00,36.607826232910156
2026-03-23 16:00:00+00:00,66.70561981201172
2026-03-23 17:00:00+00:00,115.13871765136719
2026-03-23 18:00:00+00:00,153.7073974609375
2026-03-23 19:00:00+00:00,123.98271179199219
2026-03-23 20:00:00+00:00,101.25242614746094
2026-03-23 21:00:00+00:00,95.6794662475586
2026-03-23 22:00:00+00:00,87.46189880371094
2026-03-23 23:00:00+00:00,86.12736511230469
2026-03-24 00:00:00+00:00,85.70849609375
2026-03-24 01:00:00+00:00,78.88261413574219
2026-03-24 02:00:00+00:00,59.16518783569336
2026-03-24 03:00:00+00:00,59.070899963378906
2026-03-24 04:00:00+00:00,72.29762268066406
2026-03-24 05:00:00+00:00,102.98602294921875
2026-03-24 06:00:00+00:00,145.5800018310547
2026-03-24 07:00:00+00:00,112.8519515991211
2026-03-24 08:00:00+00:00,49.734737396240234
2026-03-24 09:00:00+00:00,14.0391845703125
2026-03-24 10:00:00+00:00,4.451358795166016
2026-03-24 11:00:00+00:00,4.1224212646484375
2026-03-24 12:00:00+00:00,4.866458892822266
2026-03-24 13:00:00+00:00,5.497493743896484
2026-03-24 14:00:00+00:00,3.518260955810547
2026-03-24 15:00:00+00:00,5.1978912353515625
2026-03-24 16:00:00+00:00,26.994956970214844
2026-03-24 17:00:00+00:00,71.74431610107422
2026-03-24 18:00:00+00:00,105.97217559814453
2026-03-24 19:00:00+00:00,70.09146118164062
2026-03-24 20:00:00+00:00,40.29603958129883
2026-03-24 21:00:00+00:00,29.87043571472168
2026-03-24 22:00:00+00:00,17.31790542602539
2026-03-24 23:00:00+00:00,10.37215805053711
2026-03-25 00:00:00+00:00,6.213134765625
2026-03-25 01:00:00+00:00,9.998546600341797
2026-03-25 02:00:00+00:00,7.550628662109375
2026-03-25 03:00:00+00:00,6.461753845214844
2026-03-25 04:00:00+00:00,7.1300811767578125
2026-03-25 05:00:00+00:00,12.356697082519531
2026-03-25 06:00:00+00:00,21.57126235961914
2026-03-25 07:00:00+00:00,19.50579833984375
2026-03-25 08:00:00+00:00,10.726261138916016
2026-03-25 09:00:00+00:00,7.730617523193359
2026-03-25 10:00:00+00:00,4.660045623779297
2026-03-25 11:00:00+00:00,3.24322509765625
2026-03-25 12:00:00+00:00,3.204662322998047
2026-03-25 13:00:00+00:00,5.110797882080078
2026-03-25 14:00:00+00:00,7.057369232177734
2026-03-25 15:00:00+00:00,6.942359924316406
2026-03-25 16:00:00+00:00,18.862232208251953
2026-03-25 17:00:00+00:00,54.02875900268555
2026-03-25 18:00:00+00:00,82.91161346435547
2026-03-25 19:00:00+00:00,65.42652893066406
2026-03-25 20:00:00+00:00,51.47491455078125
2026-03-25 21:00:00+00:00,49.45616149902344
2026-03-25 22:00:00+00:00,36.500526428222656
2026-03-25 23:00:00+00:00,26.653921127319336
2026-03-26 00:00:00+00:00,68.44221496582031
2026-03-26 01:00:00+00:00,61.088470458984375
2026-03-26 02:00:00+00:00,50.68470001220703
2026-03-26 03:00:00+00:00,54.76445388793945
2026-03-26 04:00:00+00:00,66.63528442382812
2026-03-26 05:00:00+00:00,83.83123016357422
2026-03-26 06:00:00+00:00,99.15074157714844
2026-03-26 07:00:00+00:00,102.5541000366211
2026-03-26 08:00:00+00:00,91.58016204833984
2026-03-26 09:00:00+00:00,73.93728637695312
2026-03-26 10:00:00+00:00,67.68296813964844
2026-03-26 11:00:00+00:00,73.09796142578125
2026-03-26 12:00:00+00:00,78.09864807128906
2026-03-26 13:00:00+00:00,79.05318450927734
2026-03-26 14:00:00+00:00,73.41728210449219
2026-03-26 15:00:00+00:00,77.79397583007812
2026-03-26 16:00:00+00:00,89.17606353759766
2026-03-26 17:00:00+00:00,133.25396728515625
2026-03-26 18:00:00+00:00,166.9139404296875
2026-03-26 19:00:00+00:00,142.311279296875
2026-03-26 20:00:00+00:00,131.78590393066406
2026-03-26 21:00:00+00:00,134.0557861328125
2026-03-26 22:00:00+00:00,134.25299072265625
2026-03-26 23:00:00+00:00,138.8093719482422
2026-03-27 00:00:00+00:00,119.28739166259766
2026-03-27 01:00:00+00:00,113.08714294433594
2026-03-27 02:00:00+00:00,102.76433563232422
2026-03-27 03:00:00+00:00,107.63339233398438
2026-03-27 04:00:00+00:00,123.73751831054688
2026-03-27 05:00:00+00:00,147.7714080810547
2026-03-27 06:00:00+00:00,164.05706787109375
2026-03-27 07:00:00+00:00,155.46336364746094
2026-03-27 08:00:00+00:00,113.26751708984375
2026-03-27 09:00:00+00:00,67.83241271972656
2026-03-27 10:00:00+00:00,43.066795349121094
2026-03-27 11:00:00+00:00,35.441253662109375
2026-03-27 12:00:00+00:00,25.121501922607422
2026-03-27 13:00:00+00:00,26.592838287353516
2026-03-27 14:00:00+00:00,40.92577362060547
2026-03-27 15:00:00+00:00,62.64966583251953
2026-03-27 16:00:00+00:00,96.35856628417969
2026-03-27 17:00:00+00:00,154.4308624267578
2026-03-27 18:00:00+00:00,179.61016845703125
2026-03-27 19:00:00+00:00,155.9285888671875
2026-03-27 20:00:00+00:00,130.09986877441406
2026-03-27 21:00:00+00:00,123.128173828125
2026-03-27 22:00:00+00:00,113.447509765625
2026-03-27 23:00:00+00:00,108.37313842773438
2026-03-28 00:00:00+00:00,88.89136505126953
2026-03-28 01:00:00+00:00,79.36355590820312
2026-03-28 02:00:00+00:00,67.0779037475586
2026-03-28 03:00:00+00:00,64.12723541259766
2026-03-28 04:00:00+00:00,64.46448516845703
2026-03-28 05:00:00+00:00,68.4610824584961
2026-03-28 06:00:00+00:00,70.32858276367188
2026-03-28 07:00:00+00:00,59.40138626098633
2026-03-28 08:00:00+00:00,36.13591003417969
2026-03-28 09:00:00+00:00,11.748485565185547
2026-03-28 10:00:00+00:00,5.491081237792969
2026-03-28 11:00:00+00:00,4.401157379150391
2026-03-28 12:00:00+00:00,2.4396133422851562
2026-03-28 13:00:00+00:00,2.1293182373046875
2026-03-28 14:00:00+00:00,2.695209503173828
2026-03-28 15:00:00+00:00,4.138820648193359
2026-03-28 16:00:00+00:00,15.961238861083984
2026-03-28 17:00:00+00:00,49.97368240356445
2026-03-28 18:00:00+00:00,76.6373519897461
2026-03-28 19:00:00+00:00,66.40287780761719
2026-03-28 20:00:00+00:00,55.92621612548828
2026-03-28 21:00:00+00:00,57.945152282714844
2026-03-28 22:00:00+00:00,53.93790817260742
2026-03-28 23:00:00+00:00,53.43150329589844
2026-03-29 00:00:00+00:00,93.25093841552734
2026-03-29 01:00:00+00:00,91.39656066894531
2026-03-29 02:00:00+00:00,82.42462158203125
2026-03-29 03:00:00+00:00,83.81985473632812
2026-03-29 04:00:00+00:00,91.64759826660156
2026-03-29 05:00:00+00:00,96.62525939941406
2026-03-29 06:00:00+00:00,98.359130859375
2026-03-29 07:00:00+00:00,94.2020263671875
2026-03-29 08:00:00+00:00,74.54660034179688
2026-03-29 09:00:00+00:00,50.903465270996094
2026-03-29 10:00:00+00:00,40.868988037109375
2026-03-29 11:00:00+00:00,29.655303955078125
2026-03-29 12:00:00+00:00,14.502952575683594
2026-03-29 13:00:00+00:00,13.463493347167969
2026-03-29 14:00:00+00:00,17.859085083007812
2026-03-29 15:00:00+00:00,26.594234466552734
2026-03-29 16:00:00+00:00,50.96028137207031
2026-03-29 17:00:00+00:00,106.75572204589844
2026-03-29 18:00:00+00:00,132.4785919189453
2026-03-29 19:00:00+00:00,111.17620849609375
2026-03-29 20:00:00+00:00,91.23489379882812
2026-03-29 21:00:00+00:00,86.73282623291016
2026-03-29 22:00:00+00:00,63.5533561706543
2026-03-29 23:00:00+00:00,49.59516525268555
2026-03-30 00:00:00+00:00,3.7903366088867188
2026-03-30 01:00:00+00:00,3.4570960998535156
2026-03-30 02:00:00+00:00,3.4171676635742188
2026-03-30 03:00:00+00:00,4.65594482421875
2026-03-30 04:00:00+00:00,15.359859466552734
2026-03-30 05:00:00+00:00,40.32339859008789
2026-03-30 06:00:00+00:00,53.30328369140625
2026-03-30 07:00:00+00:00,48.588600158691406
2026-03-30 08:00:00+00:00,23.21630859375
2026-03-30 09:00:00+00:00,7.747737884521484
2026-03-30 10:00:00+00:00,4.532192230224609
2026-03-30 11:00:00+00:00,3.2594375610351562
2026-03-30 12:00:00+00:00,1.5632743835449219
2026-03-30 13:00:00+00:00,1.4507637023925781
2026-03-30 14:00:00+00:00,1.77679443359375
2026-03-30 15:00:00+00:00,3.5196685791015625
2026-03-30 16:00:00+00:00,21.48725128173828
2026-03-30 17:00:00+00:00,74.0794906616211
2026-03-30 18:00:00+00:00,93.38372802734375
2026-03-30 19:00:00+00:00,70.66004943847656
2026-03-30 20:00:00+00:00,59.24375534057617
2026-03-30 21:00:00+00:00,61.34423828125
2026-03-30 22:00:00+00:00,54.40400314331055
2026-03-30 23:00:00+00:00,47.41847610473633
2026-03-31 00:00:00+00:00,83.33739471435547
2026-03-31 01:00:00+00:00,76.74495697021484
2026-03-31 02:00:00+00:00,72.30238342285156
2026-03-31 03:00:00+00:00,86.63121795654297
2026-03-31 04:00:00+00:00,114.4666748046875
2026-03-31 05:00:00+00:00,146.50726318359375
2026-03-31 06:00:00+00:00,155.30752563476562
2026-03-31 07:00:00+00:00,144.275390625
2026-03-31 08:00:00+00:00,112.17398071289062
2026-03-31 09:00:00+00:00,84.15913391113281
2026-03-31 10:00:00+00:00,70.13570404052734
2026-03-31 11:00:00+00:00,58.79865646362305
2026-03-31 12:00:00+00:00,48.90125274658203
2026-03-31 13:00:00+00:00,50.56209182739258
2026-03-31 14:00:00+00:00,66.62174224853516
2026-03-31 15:00:00+00:00,85.22634887695312
2026-03-31 16:00:00+00:00,114.65574645996094
2026-03-31 17:00:00+00:00,162.65664672851562
2026-03-31 18:00:00+00:00,170.26754760742188
2026-03-31 19:00:00+00:00,146.2677459716797
2026-03-31 20:00:00+00:00,128.19444274902344
2026-03-31 21:00:00+00:00,123.29080963134766
2026-03-31 22:00:00+00:00,119.82173156738281
2026-03-31 23:00:00+00:00,114.97840881347656
2026-04-01 00:00:00+00:00,120.10542297363281
2026-04-01 01:00:00+00:00,105.28266143798828
2026-04-01 02:00:00+00:00,95.88394165039062
2026-04-01 03:00:00+00:00,112.17332458496094
2026-04-01 04:00:00+00:00,134.24725341796875
2026-04-01 05:00:00+00:00,155.46133422851562
2026-04-01 06:00:00+00:00,162.71533203125
2026-04-01 07:00:00+00:00,148.0941162109375
2026-04-01 08:00:00+00:00,115.94255065917969
2026-04-01 09:00:00+00:00,95.08380126953125
2026-04-01 10:00:00+00:00,81.4475326538086
2026-04-01 11:00:00+00:00,65.40557098388672
2026-04-01 12:00:00+00:00,56.253173828125
2026-04-01 13:00:00+00:00,62.697566986083984
2026-04-01 14:00:00+00:00,68.35518646240234
2026-04-01 15:00:00+00:00,84.80809020996094
2026-04-01 16:00:00+00:00,126.24452209472656
2026-04-01 17:00:00+00:00,171.4190673828125
2026-04-01 18:00:00+00:00,179.81256103515625
2026-04-01 19:00:00+00:00,157.83262634277344
2026-04-01 20:00:00+00:00,151.88690185546875
2026-04-01 21:00:00+00:00,147.23825073242188
2026-04-01 22:00:00+00:00,129.37969970703125
2026-04-01 23:00:00+00:00,124.5784912109375
2026-04-02 00:00:00+00:00,115.08843994140625
2026-04-02 01:00:00+00:00,116.4307861328125
2026-04-02 02:00:00+00:00,113.8485107421875
2026-04-02 03:00:00+00:00,116.34820556640625
2026-04-02 04:00:00+00:00,135.37527465820312
2026-04-02 05:00:00+00:00,167.33624267578125
2026-04-02 06:00:00+00:00,182.07421875
2026-04-02 07:00:00+00:00,163.23617553710938
2026-04-02 08:00:00+00:00,127.58944702148438
2026-04-02 09:00:00+00:00,104.86726379394531
2026-04-02 10:00:00+00:00,89.91437530517578
2026-04-02 11:00:00+00:00,76.65779113769531
2026-04-02 12:00:00+00:00,72.24767303466797
2026-04-02 13:00:00+00:00,79.97713470458984
2026-04-02 14:00:00+00:00,94.9261474609375
2026-04-02 15:00:00+00:00,116.2254638671875
2026-04-02 16:00:00+00:00,139.1683807373047
2026-04-02 17:00:00+00:00,175.36566162109375
2026-04-02 18:00:00+00:00,177.44784545898438
2026-04-02 19:00:00+00:00,154.45574951171875
2026-04-02 20:00:00+00:00,142.9080810546875
2026-04-02 21:00:00+00:00,134.70184326171875
2026-04-02 22:00:00+00:00,122.65080261230469
2026-04-02 23:00:00+00:00,119.49165344238281
2026-04-03 00:00:00+00:00,107.75379943847656
2026-04-03 01:00:00+00:00,103.45166015625
2026-04-03 02:00:00+00:00,100.8910140991211
2026-04-03 03:00:00+00:00,106.62129211425781
2026-04-03 04:00:00+00:00,118.69579315185547
2026-04-03 05:00:00+00:00,142.352783203125
2026-04-03 06:00:00+00:00,145.66897583007812
2026-04-03 07:00:00+00:00,116.61799621582031
2026-04-03 08:00:00+00:00,89.29244995117188
2026-04-03 09:00:00+00:00,67.39215850830078
2026-04-03 10:00:00+00:00,52.8725700378418
2026-04-03 11:00:00+00:00,35.651756286621094
2026-04-03 12:00:00+00:00,23.588348388671875
2026-04-03 13:00:00+00:00,21.18377685546875
2026-04-03 14:00:00+00:00,22.49341583251953
2026-04-03 15:00:00+00:00,38.740814208984375
2026-04-03 16:00:00+00:00,55.464332580566406
2026-04-03 17:00:00+00:00,97.66227722167969
2026-04-03 18:00:00+00:00,97.89712524414062
2026-04-03 19:00:00+00:00,73.85099792480469
2026-04-03 20:00:00+00:00,67.89328002929688
2026-04-03 21:00:00+00:00,63.680198669433594
2026-04-03 22:00:00+00:00,45.29218292236328
2026-04-03 23:00:00+00:00,38.91374588012695
2026-04-04 00:00:00+00:00,17.241851806640625
2026-04-04 01:00:00+00:00,13.619182586669922
2026-04-04 02:00:00+00:00,12.709701538085938
2026-04-04 03:00:00+00:00,18.444801330566406
2026-04-04 04:00:00+00:00,32.347801208496094
2026-04-04 05:00:00+00:00,50.11248779296875
2026-04-04 06:00:00+00:00,56.69696807861328
2026-04-04 07:00:00+00:00,46.162574768066406
2026-04-04 08:00:00+00:00,11.550289154052734
2026-04-04 09:00:00+00:00,0.86187744140625
2026-04-04 10:00:00+00:00,-0.8653717041015625
2026-04-04 11:00:00+00:00,0.084991455078125
2026-04-04 12:00:00+00:00,-0.222137451171875
2026-04-04 13:00:00+00:00,0.0685577392578125
2026-04-04 14:00:00+00:00,-0.053192138671875
2026-04-04 15:00:00+00:00,1.4132232666015625
2026-04-04 16:00:00+00:00,9.387672424316406
2026-04-04 17:00:00+00:00,41.31133270263672
2026-04-04 18:00:00+00:00,51.973487854003906
2026-04-04 19:00:00+00:00,28.24195098876953
2026-04-04 20:00:00+00:00,16.075237274169922
2026-04-04 21:00:00+00:00,13.172920227050781
2026-04-04 22:00:00+00:00,4.6214752197265625
2026-04-04 23:00:00+00:00,3.677703857421875
2026-04-05 00:00:00+00:00,4.490253448486328
2026-04-05 01:00:00+00:00,4.8256683349609375
2026-04-05 02:00:00+00:00,4.315544128417969
2026-04-05 03:00:00+00:00,5.012214660644531
2026-04-05 04:00:00+00:00,5.991481781005859
2026-04-05 05:00:00+00:00,10.5159912109375
2026-04-05 06:00:00+00:00,11.728824615478516
2026-04-05 07:00:00+00:00,7.910854339599609
2026-04-05 08:00:00+00:00,2.2479476928710938
2026-04-05 09:00:00+00:00,0.5771865844726562
2026-04-05 10:00:00+00:00,-0.6413803100585938
2026-04-05 11:00:00+00:00,-1.4241256713867188
2026-04-05 12:00:00+00:00,-1.9994659423828125
2026-04-05 13:00:00+00:00,-0.5360260009765625
2026-04-05 14:00:00+00:00,1.6208419799804688
2026-04-05 15:00:00+00:00,6.297634124755859
2026-04-05 16:00:00+00:00,24.584453582763672
2026-04-05 17:00:00+00:00,68.93966674804688
2026-04-05 18:00:00+00:00,89.34834289550781
2026-04-05 19:00:00+00:00,80.16883850097656
2026-04-05 20:00:00+00:00,78.7217025756836
2026-04-05 21:00:00+00:00,75.26898193359375
2026-04-05 22:00:00+00:00,59.463932037353516
2026-04-05 23:00:00+00:00,55.131988525390625
2026-04-06 00:00:00+00:00,30.439895629882812
2026-04-06 01:00:00+00:00,26.211410522460938
2026-04-06 02:00:00+00:00,21.202220916748047
2026-04-06 03:00:00+00:00,19.488815307617188
2026-04-06 04:00:00+00:00,20.910011291503906
2026-04-06 05:00:00+00:00,30.237747192382812
2026-04-06 06:00:00+00:00,30.908729553222656
2026-04-06 07:00:00+00:00,13.78499984741211
2026-04-06 08:00:00+00:00,-4.620811462402344
2026-04-06 09:00:00+00:00,-18.020858764648438
2026-04-06 10:00:00+00:00,-25.417457580566406
2026-04-06 11:00:00+00:00,-30.651023864746094
2026-04-06 12:00:00+00:00,-32.741851806640625
2026-04-06 13:00:00+00:00,-29.08197021484375
2026-04-06 14:00:00+00:00,-21.978660583496094
2026-04-06 15:00:00+00:00,-10.945014953613281
2026-04-06 16:00:00+00:00,7.136638641357422
2026-04-06 17:00:00+00:00,42.83274841308594
2026-04-06 18:00:00+00:00,62.38803482055664
2026-04-06 19:00:00+00:00,51.55070114135742
2026-04-06 20:00:00+00:00,43.61792755126953
2026-04-06 21:00:00+00:00,34.0859375
2026-04-06 22:00:00+00:00,17.560653686523438
2026-04-06 23:00:00+00:00,11.331954956054688
2026-04-07 00:00:00+00:00,21.360214233398438
2026-04-07 01:00:00+00:00,20.505260467529297
2026-04-07 02:00:00+00:00,20.901470184326172
2026-04-07 03:00:00+00:00,19.996944427490234
2026-04-07 04:00:00+00:00,23.88513946533203
2026-04-07 05:00:00+00:00,29.244735717773438
2026-04-07 06:00:00+00:00,23.172054290771484
2026-04-07 07:00:00+00:00,6.087184906005859
2026-04-07 08:00:00+00:00,-6.535552978515625
2026-04-07 09:00:00+00:00,-10.659072875976562
2026-04-07 10:00:00+00:00,-26.172889709472656
2026-04-07 11:00:00+00:00,-41.56468200683594
2026-04-07 12:00:00+00:00,-44.553924560546875
2026-04-07 13:00:00+00:00,-27.771636962890625
2026-04-07 14:00:00+00:00,-9.612533569335938
2026-04-07 15:00:00+00:00,-0.9879875183105469
2026-04-07 16:00:00+00:00,15.69619369506836
2026-04-07 17:00:00+00:00,39.09199905395508
2026-04-07 18:00:00+00:00,54.022682189941406
2026-04-07 19:00:00+00:00,58.46958541870117
2026-04-07 20:00:00+00:00,56.07524108886719
2026-04-07 21:00:00+00:00,45.50996017456055
2026-04-07 22:00:00+00:00,32.22892761230469
2026-04-07 23:00:00+00:00,30.380287170410156
2026-04-08 00:00:00+00:00,54.0562629699707
2026-04-08 01:00:00+00:00,52.48164367675781
2026-04-08 02:00:00+00:00,53.04765319824219
2026-04-08 03:00:00+00:00,56.42722702026367
2026-04-08 04:00:00+00:00,68.86087036132812
2026-04-08 05:00:00+00:00,84.35591125488281
2026-04-08 06:00:00+00:00,88.50888061523438
2026-04-08 07:00:00+00:00,58.65800476074219
2026-04-08 08:00:00+00:00,29.450130462646484
2026-04-08 09:00:00+00:00,19.307235717773438
2026-04-08 10:00:00+00:00,11.961441040039062
2026-04-08 11:00:00+00:00,4.250064849853516
2026-04-08 12:00:00+00:00,1.1155242919921875
2026-04-08 13:00:00+00:00,7.677970886230469
2026-04-08 14:00:00+00:00,14.896915435791016
2026-04-08 15:00:00+00:00,24.904781341552734
2026-04-08 16:00:00+00:00,53.695159912109375
2026-04-08 17:00:00+00:00,86.48551177978516
2026-04-08 18:00:00+00:00,103.8387222290039
2026-04-08 19:00:00+00:00,104.93653869628906
2026-04-08 20:00:00+00:00,95.30296325683594
2026-04-08 21:00:00+00:00,79.76663208007812
2026-04-08 22:00:00+00:00,65.03572845458984
2026-04-08 23:00:00+00:00,61.08228302001953
2026-04-09 00:00:00+00:00,74.14971160888672
2026-04-09 01:00:00+00:00,67.27119445800781
2026-04-09 02:00:00+00:00,63.096893310546875
2026-04-09 03:00:00+00:00,63.97380828857422
2026-04-09 04:00:00+00:00,76.38238525390625
2026-04-09 05:00:00+00:00,97.87284851074219
2026-04-09 06:00:00+00:00,96.76036071777344
2026-04-09 07:00:00+00:00,52.87895965576172
2026-04-09 08:00:00+00:00,10.073726654052734
2026-04-09 09:00:00+00:00,-12.19064712524414
2026-04-09 10:00:00+00:00,-16.86349868774414
2026-04-09 11:00:00+00:00,-24.074199676513672
2026-04-09 12:00:00+00:00,-23.596561431884766
2026-04-09 13:00:00+00:00,-12.883861541748047
2026-04-09 14:00:00+00:00,-6.664981842041016
2026-04-09 15:00:00+00:00,-1.422393798828125
2026-04-09 16:00:00+00:00,16.727951049804688
2026-04-09 17:00:00+00:00,47.253257751464844
2026-04-09 18:00:00+00:00,66.92061614990234
2026-04-09 19:00:00+00:00,66.40323638916016
2026-04-09 20:00:00+00:00,57.55683517456055
2026-04-09 21:00:00+00:00,41.634422302246094
2026-04-09 22:00:00+00:00,27.0094051361084
2026-04-09 23:00:00+00:00,22.14978790283203
2026-04-10 00:00:00+00:00,18.232975006103516
2026-04-10 01:00:00+00:00,17.053909301757812
2026-04-10 02:00:00+00:00,20.879764556884766
2026-04-10 03:00:00+00:00,31.743160247802734
2026-04-10 04:00:00+00:00,52.213531494140625
2026-04-10 05:00:00+00:00,77.62754821777344
2026-04-10 06:00:00+00:00,90.16439056396484
2026-04-10 07:00:00+00:00,56.05634307861328
2026-04-10 08:00:00+00:00,17.943584442138672
2026-04-10 09:00:00+00:00,-1.834503173828125
2026-04-10 10:00:00+00:00,-12.144538879394531
2026-04-10 11:00:00+00:00,-20.17137908935547
2026-04-10 12:00:00+00:00,-23.746185302734375
2026-04-10 13:00:00+00:00,-13.621101379394531
2026-04-10 14:00:00+00:00,0.9735107421875
2026-04-10 15:00:00+00:00,18.564090728759766
2026-04-10 16:00:00+00:00,48.08258819580078
2026-04-10 17:00:00+00:00,81.36328887939453
2026-04-10 18:00:00+00:00,101.82994079589844
2026-04-10 19:00:00+00:00,97.52049255371094
2026-04-10 20:00:00+00:00,88.94468688964844
2026-04-10 21:00:00+00:00,72.42124938964844
2026-04-10 22:00:00+00:00,54.37831497192383
2026-04-10 23:00:00+00:00,46.20606994628906
2026-04-11 00:00:00+00:00,13.205608367919922
2026-04-11 01:00:00+00:00,8.366950988769531
2026-04-11 02:00:00+00:00,3.469562530517578
2026-04-11 03:00:00+00:00,0.722747802734375
2026-04-11 04:00:00+00:00,-2.349567413330078
2026-04-11 05:00:00+00:00,-5.5601654052734375
2026-04-11 06:00:00+00:00,-11.595584869384766
2026-04-11 07:00:00+00:00,-22.410297393798828
2026-04-11 08:00:00+00:00,-27.303142547607422
2026-04-11 09:00:00+00:00,-29.937114715576172
2026-04-11 10:00:00+00:00,-37.15098190307617
2026-04-11 11:00:00+00:00,-47.07819747924805
2026-04-11 12:00:00+00:00,-49.24508285522461
2026-04-11 13:00:00+00:00,-34.42482376098633
2026-04-11 14:00:00+00:00,-20.338062286376953
2026-04-11 15:00:00+00:00,-20.180164337158203
2026-04-11 16:00:00+00:00,-3.5166702270507812
2026-04-11 17:00:00+00:00,20.852100372314453
2026-04-11 18:00:00+00:00,42.130210876464844
2026-04-11 19:00:00+00:00,50.47508239746094
2026-04-11 20:00:00+00:00,52.696678161621094
2026-04-11 21:00:00+00:00,48.40045928955078
2026-04-11 22:00:00+00:00,33.95433807373047
2026-04-11 23:00:00+00:00,27.727737426757812
2026-04-12 00:00:00+00:00,12.79443359375
2026-04-12 01:00:00+00:00,9.750946044921875
2026-04-12 02:00:00+00:00,10.015621185302734
2026-04-12 03:00:00+00:00,12.782905578613281
2026-04-12 04:00:00+00:00,15.879814147949219
2026-04-12 05:00:00+00:00,18.427165985107422
2026-04-12 06:00:00+00:00,19.25933074951172
2026-04-12 07:00:00+00:00,11.6361083984375
2026-04-12 08:00:00+00:00,0.5675849914550781
2026-04-12 09:00:00+00:00,-7.459251403808594
2026-04-12 10:00:00+00:00,-13.800239562988281
2026-04-12 11:00:00+00:00,-23.51728057861328
2026-04-12 12:00:00+00:00,-26.612442016601562
2026-04-12 13:00:00+00:00,-11.4940185546875
2026-04-12 14:00:00+00:00,15.010948181152344
2026-04-12 15:00:00+00:00,33.29637145996094
2026-04-12 16:00:00+00:00,61.34281921386719
2026-04-12 17:00:00+00:00,94.1734619140625
2026-04-12 18:00:00+00:00,106.61297607421875
2026-04-12 19:00:00+00:00,103.02079010009766
2026-04-12 20:00:00+00:00,95.69983673095703
2026-04-12 21:00:00+00:00,88.90493774414062
2026-04-12 22:00:00+00:00,79.88753509521484
2026-04-12 23:00:00+00:00,73.95389556884766
2026-04-13 00:00:00+00:00,105.28291320800781
2026-04-13 01:00:00+00:00,102.11866760253906
2026-04-13 02:00:00+00:00,100.17840576171875
2026-04-13 03:00:00+00:00,104.8603515625
2026-04-13 04:00:00+00:00,127.2322998046875
2026-04-13 05:00:00+00:00,156.99404907226562
2026-04-13 06:00:00+00:00,167.56361389160156
2026-04-13 07:00:00+00:00,160.0606689453125
2026-04-13 08:00:00+00:00,143.58660888671875
2026-04-13 09:00:00+00:00,130.24717712402344
2026-04-13 10:00:00+00:00,118.40852355957031
2026-04-13 11:00:00+00:00,107.538330078125
2026-04-13 12:00:00+00:00,103.330078125
2026-04-13 13:00:00+00:00,107.89847564697266
2026-04-13 14:00:00+00:00,116.88026428222656
2026-04-13 15:00:00+00:00,130.58753967285156
2026-04-13 16:00:00+00:00,152.3218231201172
2026-04-13 17:00:00+00:00,176.05416870117188
2026-04-13 18:00:00+00:00,180.08148193359375
2026-04-13 19:00:00+00:00,172.5925750732422
2026-04-13 20:00:00+00:00,163.98846435546875
2026-04-13 21:00:00+00:00,156.83248901367188
2026-04-13 22:00:00+00:00,150.25274658203125
2026-04-13 23:00:00+00:00,144.28257751464844
2026-04-14 00:00:00+00:00,103.78791809082031
2026-04-14 01:00:00+00:00,99.39993286132812
2026-04-14 02:00:00+00:00,98.74943542480469
2026-04-14 03:00:00+00:00,103.29564666748047
2026-04-14 04:00:00+00:00,120.94566345214844
2026-04-14 05:00:00+00:00,138.51034545898438
2026-04-14 06:00:00+00:00,142.46705627441406
2026-04-14 07:00:00+00:00,122.27775573730469
2026-04-14 08:00:00+00:00,95.19754028320312
2026-04-14 09:00:00+00:00,77.84214782714844
2026-04-14 10:00:00+00:00,67.11187744140625
2026-04-14 11:00:00+00:00,55.56978225708008
2026-04-14 12:00:00+00:00,48.062599182128906
2026-04-14 13:00:00+00:00,44.91659927368164
2026-04-14 14:00:00+00:00,46.005577087402344
2026-04-14 15:00:00+00:00,59.44352722167969
2026-04-14 16:00:00+00:00,94.10820007324219
2026-04-14 17:00:00+00:00,126.13604736328125
2026-04-14 18:00:00+00:00,133.1411895751953
2026-04-14 19:00:00+00:00,128.75730895996094
2026-04-14 20:00:00+00:00,125.11831665039062
2026-04-14 21:00:00+00:00,114.76075744628906
2026-04-14 22:00:00+00:00,100.18226623535156
2026-04-14 23:00:00+00:00,96.99771118164062
2026-04-15 00:00:00+00:00,80.25270080566406
2026-04-15 01:00:00+00:00,76.28321075439453
2026-04-15 02:00:00+00:00,73.4343490600586
2026-04-15 03:00:00+00:00,74.84538269042969
2026-04-15 04:00:00+00:00,88.5155029296875
2026-04-15 05:00:00+00:00,108.76346588134766
2026-04-15 06:00:00+00:00,110.17095184326172
2026-04-15 07:00:00+00:00,84.1480712890625
2026-04-15 08:00:00+00:00,47.54507827758789
2026-04-15 09:00:00+00:00,14.298015594482422
2026-04-15 10:00:00+00:00,0.5692405700683594
2026-04-15 11:00:00+00:00,-5.959217071533203
2026-04-15 12:00:00+00:00,-0.4324073791503906
2026-04-15 13:00:00+00:00,4.4676513671875
2026-04-15 14:00:00+00:00,6.717784881591797
2026-04-15 15:00:00+00:00,13.088977813720703
2026-04-15 16:00:00+00:00,41.22663879394531
2026-04-15 17:00:00+00:00,75.3199462890625
2026-04-15 18:00:00+00:00,94.41279602050781
2026-04-15 19:00:00+00:00,94.36607360839844
2026-04-15 20:00:00+00:00,86.31139373779297
2026-04-15 21:00:00+00:00,75.5064697265625
2026-04-15 22:00:00+00:00,68.45610046386719
2026-04-15 23:00:00+00:00,64.6066665649414
2026-04-16 00:00:00+00:00,83.93409729003906
2026-04-16 01:00:00+00:00,75.6096420288086
2026-04-16 02:00:00+00:00,73.95135498046875
2026-04-16 03:00:00+00:00,81.29774475097656
2026-04-16 04:00:00+00:00,102.48628997802734
2026-04-16 05:00:00+00:00,126.07491302490234
2026-04-16 06:00:00+00:00,129.60723876953125
2026-04-16 07:00:00+00:00,98.82444763183594
2026-04-16 08:00:00+00:00,50.51945495605469
2026-04-16 09:00:00+00:00,20.027576446533203
2026-04-16 10:00:00+00:00,11.769660949707031
2026-04-16 11:00:00+00:00,8.099353790283203
2026-04-16 12:00:00+00:00,7.024402618408203
2026-04-16 13:00:00+00:00,10.101806640625
2026-04-16 14:00:00+00:00,14.583744049072266
2026-04-16 15:00:00+00:00,34.461212158203125
2026-04-16 16:00:00+00:00,79.29914855957031
2026-04-16 17:00:00+00:00,124.05303955078125
2026-04-16 18:00:00+00:00,142.4386444091797
2026-04-16 19:00:00+00:00,140.48880004882812
2026-04-16 20:00:00+00:00,128.25184631347656
2026-04-16 21:00:00+00:00,114.57061767578125
2026-04-16 22:00:00+00:00,104.30998229980469
2026-04-16 23:00:00+00:00,98.71122741699219
2026-04-17 00:00:00+00:00,99.70035552978516
2026-04-17 01:00:00+00:00,92.31723022460938
2026-04-17 02:00:00+00:00,89.20284271240234
2026-04-17 03:00:00+00:00,91.38414001464844
2026-04-17 04:00:00+00:00,106.10444641113281
2026-04-17 05:00:00+00:00,120.40914916992188
2026-04-17 06:00:00+00:00,122.44534301757812
2026-04-17 07:00:00+00:00,95.46812438964844
2026-04-17 08:00:00+00:00,41.24010467529297
2026-04-17 09:00:00+00:00,12.94656753540039
2026-04-17 10:00:00+00:00,7.508937835693359
2026-04-17 11:00:00+00:00,4.829643249511719
2026-04-17 12:00:00+00:00,3.4013023376464844
2026-04-17 13:00:00+00:00,3.88031005859375
2026-04-17 14:00:00+00:00,7.927486419677734
2026-04-17 15:00:00+00:00,25.65362548828125
2026-04-17 16:00:00+00:00,63.6066780090332
2026-04-17 17:00:00+00:00,100.88885498046875
2026-04-17 18:00:00+00:00,117.85568237304688
2026-04-17 19:00:00+00:00,121.0698013305664
2026-04-17 20:00:00+00:00,114.05721282958984
2026-04-17 21:00:00+00:00,101.59501647949219
2026-04-17 22:00:00+00:00,91.84715270996094
2026-04-17 23:00:00+00:00,82.38775634765625
2026-04-18 00:00:00+00:00,77.30363464355469
2026-04-18 01:00:00+00:00,70.2165756225586
2026-04-18 02:00:00+00:00,63.511383056640625
2026-04-18 03:00:00+00:00,59.87059783935547
2026-04-18 04:00:00+00:00,57.206382751464844
2026-04-18 05:00:00+00:00,52.645381927490234
2026-04-18 06:00:00+00:00,42.56209945678711
2026-04-18 07:00:00+00:00,21.887638092041016
2026-04-18 08:00:00+00:00,0.3389244079589844
2026-04-18 09:00:00+00:00,-10.430671691894531
2026-04-18 10:00:00+00:00,-18.255142211914062
2026-04-18 11:00:00+00:00,-24.10686492919922
2026-04-18 12:00:00+00:00,-25.166015625
2026-04-18 13:00:00+00:00,-20.28931427001953
2026-04-18 14:00:00+00:00,-10.457015991210938
2026-04-18 15:00:00+00:00,-0.07498931884765625
2026-04-18 16:00:00+00:00,19.25702667236328
2026-04-18 17:00:00+00:00,40.21843719482422
2026-04-18 18:00:00+00:00,54.9632453918457
2026-04-18 19:00:00+00:00,59.45252227783203
2026-04-18 20:00:00+00:00,56.74566650390625
2026-04-18 21:00:00+00:00,49.672603607177734
2026-04-18 22:00:00+00:00,40.181907653808594
2026-04-18 23:00:00+00:00,36.156593322753906
2026-04-19 00:00:00+00:00,49.94401931762695
2026-04-19 01:00:00+00:00,45.425193786621094
2026-04-19 02:00:00+00:00,42.23945617675781
2026-04-19 03:00:00+00:00,41.80757141113281
2026-04-19 04:00:00+00:00,40.96371841430664
2026-04-19 05:00:00+00:00,37.39862060546875
2026-04-19 06:00:00+00:00,26.924758911132812
2026-04-19 07:00:00+00:00,9.928474426269531
2026-04-19 08:00:00+00:00,-0.12265396118164062
2026-04-19 09:00:00+00:00,-6.02490234375
2026-04-19 10:00:00+00:00,-10.566062927246094
2026-04-19 11:00:00+00:00,-13.507926940917969
2026-04-19 12:00:00+00:00,-14.140281677246094
2026-04-19 13:00:00+00:00,-10.913902282714844
2026-04-19 14:00:00+00:00,-2.1663894653320312
2026-04-19 15:00:00+00:00,10.10940933227539
2026-04-19 16:00:00+00:00,24.126571655273438
2026-04-19 17:00:00+00:00,50.9846305847168
2026-04-19 18:00:00+00:00,82.1474609375
2026-04-19 19:00:00+00:00,87.80020141601562
2026-04-19 20:00:00+00:00,83.76985931396484
2026-04-19 21:00:00+00:00,78.02558135986328
2026-04-19 22:00:00+00:00,67.89085388183594
2026-04-19 23:00:00+00:00,65.00697326660156
2026-04-20 00:00:00+00:00,22.938339233398438
2026-04-20 01:00:00+00:00,20.569446563720703
2026-04-20 02:00:00+00:00,21.83273696899414
2026-04-20 03:00:00+00:00,30.303485870361328
2026-04-20 04:00:00+00:00,48.609825134277344
2026-04-20 05:00:00+00:00,66.9030990600586
2026-04-20 06:00:00+00:00,71.69091796875
2026-04-20 07:00:00+00:00,47.037437438964844
2026-04-20 08:00:00+00:00,13.392322540283203
2026-04-20 09:00:00+00:00,-4.920013427734375
2026-04-20 10:00:00+00:00,-10.848587036132812
2026-04-20 11:00:00+00:00,-15.902542114257812
2026-04-20 12:00:00+00:00,-17.534873962402344
2026-04-20 13:00:00+00:00,-15.490089416503906
2026-04-20 14:00:00+00:00,-9.51995849609375
2026-04-20 15:00:00+00:00,0.6902809143066406
2026-04-20 16:00:00+00:00,23.735164642333984
2026-04-20 17:00:00+00:00,55.42886734008789
2026-04-20 18:00:00+00:00,79.20264434814453
2026-04-20 19:00:00+00:00,71.9631118774414
2026-04-20 20:00:00+00:00,67.17245483398438
2026-04-20 21:00:00+00:00,57.21843719482422
2026-04-20 22:00:00+00:00,39.765106201171875
2026-04-20 23:00:00+00:00,35.0333251953125
2026-04-21 00:00:00+00:00,16.75708770751953
2026-04-21 01:00:00+00:00,12.025146484375
2026-04-21 02:00:00+00:00,11.294975280761719
2026-04-21 03:00:00+00:00,13.221820831298828
2026-04-21 04:00:00+00:00,24.106910705566406
2026-04-21 05:00:00+00:00,40.78523635864258
2026-04-21 06:00:00+00:00,43.21892547607422
2026-04-21 07:00:00+00:00,17.95724105834961
2026-04-21 08:00:00+00:00,2.2275657653808594
2026-04-21 09:00:00+00:00,-1.4551582336425781
2026-04-21 10:00:00+00:00,-6.718769073486328
2026-04-21 11:00:00+00:00,-10.04653549194336
2026-04-21 12:00:00+00:00,-11.444782257080078
2026-04-21 13:00:00+00:00,-7.944576263427734
2026-04-21 14:00:00+00:00,-5.929901123046875
2026-04-21 15:00:00+00:00,-1.0863876342773438
2026-04-21 16:00:00+00:00,4.868309020996094
2026-04-21 17:00:00+00:00,24.677406311035156
2026-04-21 18:00:00+00:00,36.778568267822266
2026-04-21 19:00:00+00:00,29.76505470275879
2026-04-21 20:00:00+00:00,23.95302963256836
2026-04-21 21:00:00+00:00,17.195316314697266
2026-04-21 22:00:00+00:00,10.686420440673828
2026-04-21 23:00:00+00:00,7.950950622558594
2026-04-22 00:00:00+00:00,16.099754333496094
2026-04-22 01:00:00+00:00,12.15494155883789
2026-04-22 02:00:00+00:00,10.160621643066406
2026-04-22 03:00:00+00:00,10.872379302978516
2026-04-22 04:00:00+00:00,20.171878814697266
2026-04-22 05:00:00+00:00,33.229888916015625
2026-04-22 06:00:00+00:00,20.589508056640625
2026-04-22 07:00:00+00:00,9.975730895996094
2026-04-22 08:00:00+00:00,8.4403076171875
2026-04-22 09:00:00+00:00,7.829154968261719
2026-04-22 10:00:00+00:00,6.853931427001953
2026-04-22 11:00:00+00:00,6.690784454345703
2026-04-22 12:00:00+00:00,6.231952667236328
2026-04-22 13:00:00+00:00,6.4039306640625
2026-04-22 14:00:00+00:00,5.890598297119141
2026-04-22 15:00:00+00:00,6.969913482666016
2026-04-22 16:00:00+00:00,12.357181549072266
2026-04-22 17:00:00+00:00,29.731430053710938
2026-04-22 18:00:00+00:00,38.11475372314453
2026-04-22 19:00:00+00:00,27.111309051513672
2026-04-22 20:00:00+00:00,26.434648513793945
2026-04-22 21:00:00+00:00,23.236576080322266
2026-04-22 22:00:00+00:00,20.974899291992188
2026-04-22 23:00:00+00:00,20.300701141357422
2026-04-23 00:00:00+00:00,24.69304656982422
2026-04-23 01:00:00+00:00,16.430404663085938
2026-04-23 02:00:00+00:00,15.058837890625
2026-04-23 03:00:00+00:00,19.186992645263672
2026-04-23 04:00:00+00:00,36.54072570800781
2026-04-23 05:00:00+00:00,54.71795654296875
2026-04-23 06:00:00+00:00,47.26316833496094
2026-04-23 07:00:00+00:00,16.667301177978516
2026-04-23 08:00:00+00:00,4.3393402099609375
2026-04-23 09:00:00+00:00,2.8763771057128906
2026-04-23 10:00:00+00:00,0.2779197692871094
2026-04-23 11:00:00+00:00,-2.671600341796875
2026-04-23 12:00:00+00:00,-3.106426239013672
2026-04-23 13:00:00+00:00,0.14320755004882812
2026-04-23 14:00:00+00:00,0.5667610168457031
2026-04-23 15:00:00+00:00,0.8370895385742188
2026-04-23 16:00:00+00:00,12.571002960205078
2026-04-23 17:00:00+00:00,38.00836181640625
2026-04-23 18:00:00+00:00,43.84892654418945
2026-04-23 19:00:00+00:00,36.9853515625
2026-04-23 20:00:00+00:00,35.09811782836914
2026-04-23 21:00:00+00:00,32.07520294189453
2026-04-23 22:00:00+00:00,31.34756851196289
2026-04-23 23:00:00+00:00,27.960691452026367
2026-04-24 00:00:00+00:00,20.413822174072266
2026-04-24 01:00:00+00:00,16.42913055419922
2026-04-24 02:00:00+00:00,16.434593200683594
2026-04-24 03:00:00+00:00,22.506235122680664
2026-04-24 04:00:00+00:00,44.39750289916992
2026-04-24 05:00:00+00:00,67.95509338378906
2026-04-24 06:00:00+00:00,60.203670501708984
2026-04-24 07:00:00+00:00,20.805233001708984
2026-04-24 08:00:00+00:00,-0.18891143798828125
2026-04-24 09:00:00+00:00,-5.2917022705078125
2026-04-24 10:00:00+00:00,-10.549701690673828
2026-04-24 11:00:00+00:00,-14.585086822509766
2026-04-24 12:00:00+00:00,-16.294879913330078
2026-04-24 13:00:00+00:00,-10.067768096923828
2026-04-24 14:00:00+00:00,-4.038364410400391
2026-04-24 15:00:00+00:00,3.1011199951171875
2026-04-24 16:00:00+00:00,27.633787155151367
2026-04-24 17:00:00+00:00,59.25273513793945
2026-04-24 18:00:00+00:00,73.57290649414062
2026-04-24 19:00:00+00:00,74.60333251953125
2026-04-24 20:00:00+00:00,74.02357482910156
2026-04-24 21:00:00+00:00,66.18816375732422
2026-04-24 22:00:00+00:00,57.18650436401367
2026-04-24 23:00:00+00:00,53.42610168457031
2026-04-25 00:00:00+00:00,57.50421905517578
2026-04-25 01:00:00+00:00,47.45680236816406
2026-04-25 02:00:00+00:00,45.630767822265625
2026-04-25 03:00:00+00:00,48.644615173339844
2026-04-25 04:00:00+00:00,53.95852279663086
2026-04-25 05:00:00+00:00,54.45783615112305
2026-04-25 06:00:00+00:00,44.134464263916016
2026-04-25 07:00:00+00:00,20.487136840820312
2026-04-25 08:00:00+00:00,12.407493591308594
2026-04-25 09:00:00+00:00,6.193504333496094
2026-04-25 10:00:00+00:00,2.051380157470703
2026-04-25 11:00:00+00:00,-1.6518669128417969
2026-04-25 12:00:00+00:00,-2.747753143310547
2026-04-25 13:00:00+00:00,-0.235504150390625
2026-04-25 14:00:00+00:00,3.6681480407714844
2026-04-25 15:00:00+00:00,11.973121643066406
2026-04-25 16:00:00+00:00,25.290218353271484
2026-04-25 17:00:00+00:00,51.9660530090332
2026-04-25 18:00:00+00:00,71.76101684570312
2026-04-25 19:00:00+00:00,77.57069396972656
2026-04-25 20:00:00+00:00,76.48397827148438
2026-04-25 21:00:00+00:00,72.04470825195312
2026-04-25 22:00:00+00:00,60.01824188232422
2026-04-25 23:00:00+00:00,55.68828582763672
2026-04-26 00:00:00+00:00,30.32201385498047
2026-04-26 01:00:00+00:00,26.681255340576172
2026-04-26 02:00:00+00:00,27.33892059326172
2026-04-26 03:00:00+00:00,30.00861358642578
2026-04-26 04:00:00+00:00,29.252233505249023
2026-04-26 05:00:00+00:00,20.40582275390625
2026-04-26 06:00:00+00:00,7.564304351806641
2026-04-26 07:00:00+00:00,-8.429977416992188
2026-04-26 08:00:00+00:00,-11.691558837890625
2026-04-26 09:00:00+00:00,-22.027652740478516
2026-04-26 10:00:00+00:00,-33.97305679321289
2026-04-26 11:00:00+00:00,-51.384891510009766
2026-04-26 12:00:00+00:00,-54.00425338745117
2026-04-26 13:00:00+00:00,-34.76272201538086
2026-04-26 14:00:00+00:00,-13.859241485595703
2026-04-26 15:00:00+00:00,3.8724708557128906
2026-04-26 16:00:00+00:00,20.864810943603516
2026-04-26 17:00:00+00:00,50.55891036987305
2026-04-26 18:00:00+00:00,62.78525161743164
2026-04-26 19:00:00+00:00,65.19842529296875
2026-04-26 20:00:00+00:00,64.12195587158203
2026-04-26 21:00:00+00:00,58.38355255126953
2026-04-26 22:00:00+00:00,46.95758819580078
2026-04-26 23:00:00+00:00,40.07059097290039
2026-04-27 00:00:00+00:00,33.86055374145508
2026-04-27 01:00:00+00:00,27.218894958496094
2026-04-27 02:00:00+00:00,30.59720802307129
2026-04-27 03:00:00+00:00,37.80491638183594
2026-04-27 04:00:00+00:00,42.39316177368164
2026-04-27 05:00:00+00:00,45.9554328918457
2026-04-27 06:00:00+00:00,48.682918548583984
2026-04-27 07:00:00+00:00,29.967910766601562
2026-04-27 08:00:00+00:00,0.8176765441894531
2026-04-27 09:00:00+00:00,-33.77629852294922
2026-04-27 10:00:00+00:00,-144.62521362304688
2026-04-27 11:00:00+00:00,-244.2330322265625
2026-04-27 12:00:00+00:00,-244.37322998046875
2026-04-27 13:00:00+00:00,-132.31817626953125
2026-04-27 14:00:00+00:00,-14.195968627929688
2026-04-27 15:00:00+00:00,11.738418579101562
2026-04-27 16:00:00+00:00,21.924644470214844
2026-04-27 17:00:00+00:00,51.083133697509766
2026-04-27 18:00:00+00:00,58.66383743286133
2026-04-27 19:00:00+00:00,68.50613403320312
2026-04-27 20:00:00+00:00,72.00555419921875
2026-04-27 21:00:00+00:00,62.886409759521484
2026-04-27 22:00:00+00:00,50.708580017089844
2026-04-27 23:00:00+00:00,44.089569091796875
2026-04-28 00:00:00+00:00,28.747520446777344
2026-04-28 01:00:00+00:00,19.349367141723633
2026-04-28 02:00:00+00:00,16.012569427490234
2026-04-28 03:00:00+00:00,23.3124942779541
2026-04-28 04:00:00+00:00,42.24825668334961
2026-04-28 05:00:00+00:00,59.277713775634766
2026-04-28 06:00:00+00:00,50.44044876098633
2026-04-28 07:00:00+00:00,17.204160690307617
2026-04-28 08:00:00+00:00,2.472270965576172
2026-04-28 09:00:00+00:00,0.15631484985351562
2026-04-28 10:00:00+00:00,-3.6869163513183594
2026-04-28 11:00:00+00:00,-12.02194595336914
2026-04-28 12:00:00+00:00,-12.854198455810547
2026-04-28 13:00:00+00:00,-2.953571319580078
2026-04-28 14:00:00+00:00,1.8555755615234375
2026-04-28 15:00:00+00:00,7.577228546142578
2026-04-28 16:00:00+00:00,15.794435501098633
2026-04-28 17:00:00+00:00,34.200035095214844
2026-04-28 18:00:00+00:00,35.06292724609375
2026-04-28 19:00:00+00:00,25.762155532836914
2026-04-28 20:00:00+00:00,26.429054260253906
2026-04-28 21:00:00+00:00,21.401342391967773
2026-04-28 22:00:00+00:00,20.76573944091797
2026-04-28 23:00:00+00:00,17.639545440673828
2026-04-29 00:00:00+00:00,10.382644653320312
2026-04-29 01:00:00+00:00,2.6126556396484375
2026-04-29 02:00:00+00:00,6.807228088378906
2026-04-29 03:00:00+00:00,3.857440948486328
2026-04-29 04:00:00+00:00,12.66871452331543
2026-04-29 05:00:00+00:00,22.508569717407227
2026-04-29 06:00:00+00:00,27.317502975463867
2026-04-29 07:00:00+00:00,3.3926239013671875
2026-04-29 08:00:00+00:00,2.952709197998047
2026-04-29 09:00:00+00:00,-1.3945465087890625
2026-04-29 10:00:00+00:00,0.10027313232421875
2026-04-29 11:00:00+00:00,-12.930335998535156
2026-04-29 12:00:00+00:00,-12.218498229980469
2026-04-29 13:00:00+00:00,-5.7434844970703125
2026-04-29 14:00:00+00:00,-3.5878257751464844
2026-04-29 15:00:00+00:00,2.923137664794922
2026-04-29 16:00:00+00:00,10.588048934936523
2026-04-29 17:00:00+00:00,29.57996368408203
2026-04-29 18:00:00+00:00,16.938720703125
2026-04-29 19:00:00+00:00,9.360279083251953
2026-04-29 20:00:00+00:00,10.429939270019531
2026-04-29 21:00:00+00:00,4.910308837890625
2026-04-29 22:00:00+00:00,11.913808822631836
2026-04-29 23:00:00+00:00,8.87369155883789
2026-04-30 00:00:00+00:00,7.249120712280273
2026-04-30 01:00:00+00:00,3.9867591857910156
2026-04-30 02:00:00+00:00,3.5511398315429688
2026-04-30 03:00:00+00:00,8.632328033447266
2026-04-30 04:00:00+00:00,15.674129486083984
2026-04-30 05:00:00+00:00,33.01640701293945
2026-04-30 06:00:00+00:00,31.844860076904297
2026-04-30 07:00:00+00:00,6.044836044311523
2026-04-30 08:00:00+00:00,-5.916725158691406
2026-04-30 09:00:00+00:00,-8.415153503417969
2026-04-30 10:00:00+00:00,-17.021530151367188
2026-04-30 11:00:00+00:00,-36.315696716308594
2026-04-30 12:00:00+00:00,-35.56310272216797
2026-04-30 13:00:00+00:00,-17.190383911132812
2026-04-30 14:00:00+00:00,-3.0852699279785156
2026-04-30 15:00:00+00:00,2.9260787963867188
2026-04-30 16:00:00+00:00,18.94845199584961
2026-04-30 17:00:00+00:00,42.97248840332031
2026-04-30 18:00:00+00:00,43.43250274658203
2026-04-30 19:00:00+00:00,45.3625373840332
2026-04-30 20:00:00+00:00,47.10142135620117
2026-04-30 21:00:00+00:00,39.134708404541016
2026-04-30 22:00:00+00:00,41.06901168823242
2026-04-30 23:00:00+00:00,35.04311752319336
2026-05-01 00:00:00+00:00,30.960433959960938
2026-05-01 01:00:00+00:00,25.22705841064453
2026-05-01 02:00:00+00:00,23.661659240722656
2026-05-01 03:00:00+00:00,23.832504272460938
2026-05-01 04:00:00+00:00,21.88076400756836
2026-05-01 05:00:00+00:00,17.68182373046875
2026-05-01 06:00:00+00:00,10.523435592651367
2026-05-01 07:00:00+00:00,3.095876693725586
2026-05-01 08:00:00+00:00,-6.205951690673828
2026-05-01 09:00:00+00:00,-21.310474395751953
2026-05-01 10:00:00+00:00,-44.21326446533203
2026-05-01 11:00:00+00:00,-75.862060546875
2026-05-01 12:00:00+00:00,-84.67216491699219
2026-05-01 13:00:00+00:00,-54.812767028808594
2026-05-01 14:00:00+00:00,-20.292842864990234
2026-05-01 15:00:00+00:00,2.7636165618896484
2026-05-01 16:00:00+00:00,20.925209045410156
2026-05-01 17:00:00+00:00,46.185546875
2026-05-01 18:00:00+00:00,52.82439041137695
2026-05-01 19:00:00+00:00,59.98741912841797
2026-05-01 20:00:00+00:00,64.41188049316406
2026-05-01 21:00:00+00:00,59.56929016113281
2026-05-01 22:00:00+00:00,51.926185607910156
2026-05-01 23:00:00+00:00,45.57110595703125
2026-05-02 00:00:00+00:00,57.65060043334961
2026-05-02 01:00:00+00:00,49.62085723876953
2026-05-02 02:00:00+00:00,48.76005554199219
2026-05-02 03:00:00+00:00,51.22002410888672
2026-05-02 04:00:00+00:00,46.56706619262695
2026-05-02 05:00:00+00:00,37.37865447998047
2026-05-02 06:00:00+00:00,26.607898712158203
2026-05-02 07:00:00+00:00,12.387443542480469
2026-05-02 08:00:00+00:00,-0.6990470886230469
2026-05-02 09:00:00+00:00,-50.307281494140625
2026-05-02 10:00:00+00:00,-136.2950439453125
2026-05-02 11:00:00+00:00,-236.82958984375
2026-05-02 12:00:00+00:00,-232.24139404296875
2026-05-02 13:00:00+00:00,-128.73451232910156
2026-05-02 14:00:00+00:00,-25.013826370239258
2026-05-02 15:00:00+00:00,0.6205596923828125
2026-05-02 16:00:00+00:00,19.395748138427734
2026-05-02 17:00:00+00:00,39.947959899902344
2026-05-02 18:00:00+00:00,47.74619674682617
2026-05-02 19:00:00+00:00,52.99201583862305
2026-05-02 20:00:00+00:00,57.89012145996094
2026-05-02 21:00:00+00:00,54.561424255371094
2026-05-02 22:00:00+00:00,44.90397262573242
2026-05-02 23:00:00+00:00,38.43641662597656
2026-05-03 00:00:00+00:00,44.54054260253906
2026-05-03 01:00:00+00:00,35.409793853759766
2026-05-03 02:00:00+00:00,31.529876708984375
2026-05-03 03:00:00+00:00,26.195985794067383
2026-05-03 04:00:00+00:00,18.82390594482422
2026-05-03 05:00:00+00:00,16.204421997070312
2026-05-03 06:00:00+00:00,13.248287200927734
2026-05-03 07:00:00+00:00,5.312686920166016
2026-05-03 08:00:00+00:00,-11.723899841308594
2026-05-03 09:00:00+00:00,-67.18673706054688
2026-05-03 10:00:00+00:00,-152.51890563964844
2026-05-03 11:00:00+00:00,-164.99749755859375
2026-05-03 12:00:00+00:00,-155.91888427734375
2026-05-03 13:00:00+00:00,-59.27946090698242
2026-05-03 14:00:00+00:00,1.628622055053711
2026-05-03 15:00:00+00:00,11.406377792358398
2026-05-03 16:00:00+00:00,25.347253799438477
2026-05-03 17:00:00+00:00,66.1163101196289
2026-05-03 18:00:00+00:00,83.18309783935547
2026-05-03 19:00:00+00:00,96.33291625976562
2026-05-03 20:00:00+00:00,100.75228881835938
2026-05-03 21:00:00+00:00,90.96946716308594
2026-05-03 22:00:00+00:00,81.85954284667969
2026-05-03 23:00:00+00:00,73.21875
2026-05-04 00:00:00+00:00,92.37793731689453
2026-05-04 01:00:00+00:00,83.95337677001953
2026-05-04 02:00:00+00:00,83.7712631225586
2026-05-04 03:00:00+00:00,90.14482116699219
2026-05-04 04:00:00+00:00,103.04098510742188
2026-05-04 05:00:00+00:00,112.76664733886719
2026-05-04 06:00:00+00:00,120.69316101074219
2026-05-04 07:00:00+00:00,111.06752014160156
2026-05-04 08:00:00+00:00,87.89915466308594
2026-05-04 09:00:00+00:00,70.24256896972656
2026-05-04 10:00:00+00:00,69.03438568115234
2026-05-04 11:00:00+00:00,62.746337890625
2026-05-04 12:00:00+00:00,58.278594970703125
2026-05-04 13:00:00+00:00,52.327117919921875
2026-05-04 14:00:00+00:00,48.99845886230469
2026-05-04 15:00:00+00:00,57.259483337402344
2026-05-04 16:00:00+00:00,79.61425018310547
2026-05-04 17:00:00+00:00,114.69876861572266
2026-05-04 18:00:00+00:00,120.75846862792969
2026-05-04 19:00:00+00:00,117.99151611328125
2026-05-04 20:00:00+00:00,113.69606018066406
2026-05-04 21:00:00+00:00,107.16255950927734
2026-05-04 22:00:00+00:00,105.9078598022461
2026-05-04 23:00:00+00:00,100.8538818359375
2026-05-05 00:00:00+00:00,91.3201675415039
2026-05-05 01:00:00+00:00,81.25382232666016
2026-05-05 02:00:00+00:00,77.65167236328125
2026-05-05 03:00:00+00:00,83.29722595214844
2026-05-05 04:00:00+00:00,98.99295043945312
2026-05-05 05:00:00+00:00,120.00008392333984
2026-05-05 06:00:00+00:00,127.6776351928711
2026-05-05 07:00:00+00:00,117.34217071533203
2026-05-05 08:00:00+00:00,97.0798110961914
2026-05-05 09:00:00+00:00,80.82493591308594
2026-05-05 10:00:00+00:00,74.35023498535156
2026-05-05 11:00:00+00:00,62.58891296386719
2026-05-05 12:00:00+00:00,54.90790557861328
2026-05-05 13:00:00+00:00,47.9095458984375
2026-05-05 14:00:00+00:00,38.54254150390625
2026-05-05 15:00:00+00:00,44.489871978759766
2026-05-05 16:00:00+00:00,61.32508087158203
2026-05-05 17:00:00+00:00,87.01061248779297
2026-05-05 18:00:00+00:00,80.70686340332031
2026-05-05 19:00:00+00:00,77.76380920410156
2026-05-05 20:00:00+00:00,75.65350341796875
2026-05-05 21:00:00+00:00,66.63966369628906
2026-05-05 22:00:00+00:00,59.02861404418945
2026-05-05 23:00:00+00:00,50.93339538574219
2026-05-06 00:00:00+00:00,88.27515411376953
2026-05-06 01:00:00+00:00,78.61819458007812
2026-05-06 02:00:00+00:00,73.7898941040039
2026-05-06 03:00:00+00:00,81.13101959228516
2026-05-06 04:00:00+00:00,96.271484375
2026-05-06 05:00:00+00:00,118.28187561035156
2026-05-06 06:00:00+00:00,120.34588623046875
2026-05-06 07:00:00+00:00,109.27983093261719
2026-05-06 08:00:00+00:00,88.99188232421875
2026-05-06 09:00:00+00:00,65.228759765625
2026-05-06 10:00:00+00:00,57.14387512207031
2026-05-06 11:00:00+00:00,43.65888214111328
2026-05-06 12:00:00+00:00,46.450416564941406
2026-05-06 13:00:00+00:00,46.6947021484375
2026-05-06 14:00:00+00:00,38.73899841308594
2026-05-06 15:00:00+00:00,56.07597351074219
2026-05-06 16:00:00+00:00,103.03034973144531
2026-05-06 17:00:00+00:00,139.5515899658203
2026-05-06 18:00:00+00:00,130.54818725585938
2026-05-06 19:00:00+00:00,132.891357421875
2026-05-06 20:00:00+00:00,136.47509765625
2026-05-06 21:00:00+00:00,132.4444580078125
2026-05-06 22:00:00+00:00,131.65399169921875
2026-05-06 23:00:00+00:00,126.96142578125
2026-05-07 00:00:00+00:00,113.5835189819336
2026-05-07 01:00:00+00:00,110.7408676147461
2026-05-07 02:00:00+00:00,110.84857177734375
2026-05-07 03:00:00+00:00,116.39793395996094
2026-05-07 04:00:00+00:00,126.3949966430664
2026-05-07 05:00:00+00:00,131.1766815185547
2026-05-07 06:00:00+00:00,124.45103454589844
2026-05-07 07:00:00+00:00,100.64678955078125
2026-05-07 08:00:00+00:00,59.22074890136719
2026-05-07 09:00:00+00:00,35.66178894042969
2026-05-07 10:00:00+00:00,29.399791717529297
2026-05-07 11:00:00+00:00,23.61951446533203
2026-05-07 12:00:00+00:00,20.12698745727539
2026-05-07 13:00:00+00:00,17.342145919799805
2026-05-07 14:00:00+00:00,15.396764755249023
2026-05-07 15:00:00+00:00,28.596004486083984
2026-05-07 16:00:00+00:00,67.88874816894531
2026-05-07 17:00:00+00:00,107.63336944580078
2026-05-07 18:00:00+00:00,119.47093963623047
2026-05-07 19:00:00+00:00,125.01884460449219
2026-05-07 20:00:00+00:00,126.11198425292969
2026-05-07 21:00:00+00:00,121.04277801513672
2026-05-07 22:00:00+00:00,114.96502685546875
2026-05-07 23:00:00+00:00,111.85541534423828
2026-05-08 00:00:00+00:00,85.76777648925781
2026-05-08 01:00:00+00:00,77.97089385986328
2026-05-08 02:00:00+00:00,75.03791809082031
2026-05-08 03:00:00+00:00,77.89939880371094
2026-05-08 04:00:00+00:00,78.63098907470703
2026-05-08 05:00:00+00:00,74.10100555419922
2026-05-08 06:00:00+00:00,53.0179328918457
2026-05-08 07:00:00+00:00,9.297630310058594
2026-05-08 08:00:00+00:00,-35.15511703491211
2026-05-08 09:00:00+00:00,-78.37168884277344
2026-05-08 10:00:00+00:00,-113.86441040039062
2026-05-08 11:00:00+00:00,-143.3673553466797
2026-05-08 12:00:00+00:00,-135.10227966308594
2026-05-08 13:00:00+00:00,-80.90669250488281
2026-05-08 14:00:00+00:00,-31.155658721923828
2026-05-08 15:00:00+00:00,-3.1369094848632812
2026-05-08 16:00:00+00:00,18.899246215820312
2026-05-08 17:00:00+00:00,55.782508850097656
2026-05-08 18:00:00+00:00,73.66305541992188
2026-05-08 19:00:00+00:00,84.03170776367188
2026-05-08 20:00:00+00:00,85.30278015136719
2026-05-08 21:00:00+00:00,74.55340576171875
2026-05-08 22:00:00+00:00,53.343719482421875
2026-05-08 23:00:00+00:00,42.224700927734375
2026-05-09 00:00:00+00:00,37.55785369873047
2026-05-09 01:00:00+00:00,27.133861541748047
2026-05-09 02:00:00+00:00,24.705322265625
2026-05-09 03:00:00+00:00,26.753480911254883
2026-05-09 04:00:00+00:00,30.576587677001953
2026-05-09 05:00:00+00:00,28.91944122314453
2026-05-09 06:00:00+00:00,17.772830963134766
2026-05-09 07:00:00+00:00,5.081951141357422
2026-05-09 08:00:00+00:00,-1.72930908203125
2026-05-09 09:00:00+00:00,-2.8542938232421875
2026-05-09 10:00:00+00:00,-6.227420806884766
2026-05-09 11:00:00+00:00,-10.904949188232422
2026-05-09 12:00:00+00:00,-9.717899322509766
2026-05-09 13:00:00+00:00,-6.939910888671875
2026-05-09 14:00:00+00:00,-0.5098152160644531
2026-05-09 15:00:00+00:00,7.696903228759766
2026-05-09 16:00:00+00:00,22.863235473632812
2026-05-09 17:00:00+00:00,48.964542388916016
2026-05-09 18:00:00+00:00,58.78325653076172
2026-05-09 19:00:00+00:00,58.80335998535156
2026-05-09 20:00:00+00:00,58.69029998779297
2026-05-09 21:00:00+00:00,53.19328689575195
2026-05-09 22:00:00+00:00,43.00651931762695
2026-05-09 23:00:00+00:00,36.59382247924805
2026-05-10 00:00:00+00:00,24.803598403930664
2026-05-10 01:00:00+00:00,14.800256729125977
2026-05-10 02:00:00+00:00,10.684720993041992
2026-05-10 03:00:00+00:00,9.688308715820312
2026-05-10 04:00:00+00:00,8.453628540039062
2026-05-10 05:00:00+00:00,7.065876007080078
2026-05-10 06:00:00+00:00,5.333671569824219
2026-05-10 07:00:00+00:00,1.2849197387695312
2026-05-10 08:00:00+00:00,-0.749176025390625
2026-05-10 09:00:00+00:00,-1.83935546875
2026-05-10 10:00:00+00:00,-1.92901611328125
2026-05-10 11:00:00+00:00,-1.5825424194335938
2026-05-10 12:00:00+00:00,0.6841354370117188
2026-05-10 13:00:00+00:00,4.3492279052734375
2026-05-10 14:00:00+00:00,4.767681121826172
2026-05-10 15:00:00+00:00,4.8561859130859375
2026-05-10 16:00:00+00:00,18.305767059326172
2026-05-10 17:00:00+00:00,45.020145416259766
2026-05-10 18:00:00+00:00,56.26731491088867
2026-05-10 19:00:00+00:00,56.74748992919922
2026-05-10 20:00:00+00:00,58.00361251831055
2026-05-10 21:00:00+00:00,52.465023040771484
2026-05-10 22:00:00+00:00,37.42858123779297
2026-05-10 23:00:00+00:00,30.330101013183594
2026-05-11 00:00:00+00:00,24.730424880981445
2026-05-11 01:00:00+00:00,18.953149795532227
2026-05-11 02:00:00+00:00,16.910612106323242
2026-05-11 03:00:00+00:00,21.506046295166016
2026-05-11 04:00:00+00:00,38.047088623046875
2026-05-11 05:00:00+00:00,58.589813232421875
2026-05-11 06:00:00+00:00,58.3447380065918
2026-05-11 07:00:00+00:00,48.05995559692383
2026-05-11 08:00:00+00:00,38.48227310180664
2026-05-11 09:00:00+00:00,30.106975555419922
2026-05-11 10:00:00+00:00,25.239797592163086
2026-05-11 11:00:00+00:00,20.202213287353516
2026-05-11 12:00:00+00:00,19.915891647338867
2026-05-11 13:00:00+00:00,21.23785400390625
2026-05-11 14:00:00+00:00,20.245187759399414
2026-05-11 15:00:00+00:00,25.302255630493164
2026-05-11 16:00:00+00:00,58.36988067626953
2026-05-11 17:00:00+00:00,102.33528137207031
2026-05-11 18:00:00+00:00,105.65573120117188
2026-05-11 19:00:00+00:00,107.24208068847656
2026-05-11 20:00:00+00:00,109.11334991455078
2026-05-11 21:00:00+00:00,101.71211242675781
2026-05-11 22:00:00+00:00,101.21011352539062
2026-05-11 23:00:00+00:00,97.24693298339844
2026-05-12 00:00:00+00:00,80.45054626464844
2026-05-12 01:00:00+00:00,74.68952178955078
2026-05-12 02:00:00+00:00,72.75309753417969
2026-05-12 03:00:00+00:00,77.21028900146484
2026-05-12 04:00:00+00:00,93.19927978515625
2026-05-12 05:00:00+00:00,108.026611328125
2026-05-12 06:00:00+00:00,107.399169921875
2026-05-12 07:00:00+00:00,83.58049011230469
2026-05-12 08:00:00+00:00,42.46604919433594
2026-05-12 09:00:00+00:00,22.139312744140625
2026-05-12 10:00:00+00:00,19.737083435058594
2026-05-12 11:00:00+00:00,16.874631881713867
2026-05-12 12:00:00+00:00,14.943708419799805
2026-05-12 13:00:00+00:00,11.594175338745117
2026-05-12 14:00:00+00:00,9.635683059692383
2026-05-12 15:00:00+00:00,18.310457229614258
2026-05-12 16:00:00+00:00,58.55239486694336
2026-05-12 17:00:00+00:00,109.73255920410156
2026-05-12 18:00:00+00:00,120.56547546386719
2026-05-12 19:00:00+00:00,123.71232604980469
2026-05-12 20:00:00+00:00,120.42074584960938
2026-05-12 21:00:00+00:00,104.204833984375
2026-05-12 22:00:00+00:00,90.2063980102539
2026-05-12 23:00:00+00:00,81.66726684570312
2026-05-13 00:00:00+00:00,63.18750762939453
2026-05-13 01:00:00+00:00,51.189796447753906
2026-05-13 02:00:00+00:00,46.35362243652344
2026-05-13 03:00:00+00:00,47.62306594848633
2026-05-13 04:00:00+00:00,60.86009216308594
2026-05-13 05:00:00+00:00,66.9974594116211
2026-05-13 06:00:00+00:00,55.47427749633789
2026-05-13 07:00:00+00:00,21.31538963317871
2026-05-13 08:00:00+00:00,5.697978973388672
2026-05-13 09:00:00+00:00,0.9910430908203125
2026-05-13 10:00:00+00:00,-3.261486053466797
2026-05-13 11:00:00+00:00,-7.389720916748047
2026-05-13 12:00:00+00:00,-9.27701187133789
2026-05-13 13:00:00+00:00,-9.17474365234375
2026-05-13 14:00:00+00:00,-8.387157440185547
2026-05-13 15:00:00+00:00,-3.4819869995117188
2026-05-13 16:00:00+00:00,3.9794349670410156
2026-05-13 17:00:00+00:00,19.496915817260742
2026-05-13 18:00:00+00:00,26.170597076416016
2026-05-13 19:00:00+00:00,33.083648681640625
2026-05-13 20:00:00+00:00,37.74345779418945
2026-05-13 21:00:00+00:00,32.46548843383789
2026-05-13 22:00:00+00:00,27.386150360107422
2026-05-13 23:00:00+00:00,23.390336990356445
2026-05-14 00:00:00+00:00,9.556203842163086
2026-05-14 01:00:00+00:00,7.104255676269531
2026-05-14 02:00:00+00:00,7.8452911376953125
2026-05-14 03:00:00+00:00,8.67892074584961
2026-05-14 04:00:00+00:00,13.79658317565918
2026-05-14 05:00:00+00:00,22.124839782714844
2026-05-14 06:00:00+00:00,12.406623840332031
2026-05-14 07:00:00+00:00,1.8364372253417969
2026-05-14 08:00:00+00:00,-2.9476890563964844
2026-05-14 09:00:00+00:00,-4.233604431152344
2026-05-14 10:00:00+00:00,-2.8997535705566406
2026-05-14 11:00:00+00:00,-2.7845306396484375
2026-05-14 12:00:00+00:00,-4.847972869873047
2026-05-14 13:00:00+00:00,-5.075534820556641
2026-05-14 14:00:00+00:00,-0.4023094177246094
2026-05-14 15:00:00+00:00,3.429393768310547
2026-05-14 16:00:00+00:00,17.366867065429688
2026-05-14 17:00:00+00:00,73.30732727050781
2026-05-14 18:00:00+00:00,98.08853912353516
2026-05-14 19:00:00+00:00,105.29310607910156
2026-05-14 20:00:00+00:00,111.66954040527344
2026-05-14 21:00:00+00:00,101.78661346435547
2026-05-14 22:00:00+00:00,74.84342956542969
2026-05-14 23:00:00+00:00,70.41893005371094
2026-05-15 00:00:00+00:00,62.11663818359375
2026-05-15 01:00:00+00:00,57.969146728515625
2026-05-15 02:00:00+00:00,62.12740707397461
2026-05-15 03:00:00+00:00,66.15447998046875
2026-05-15 04:00:00+00:00,72.35771942138672
2026-05-15 05:00:00+00:00,80.50767517089844
2026-05-15 06:00:00+00:00,74.10871887207031
2026-05-15 07:00:00+00:00,52.548912048339844
2026-05-15 08:00:00+00:00,21.75641632080078
2026-05-15 09:00:00+00:00,9.404035568237305
2026-05-15 10:00:00+00:00,6.759422302246094
2026-05-15 11:00:00+00:00,4.796834945678711
2026-05-15 12:00:00+00:00,2.5148983001708984
2026-05-15 13:00:00+00:00,1.4330902099609375
2026-05-15 14:00:00+00:00,2.858753204345703
2026-05-15 15:00:00+00:00,6.00323486328125
2026-05-15 16:00:00+00:00,27.326488494873047
2026-05-15 17:00:00+00:00,64.04122924804688
2026-05-15 18:00:00+00:00,96.52278137207031
2026-05-15 19:00:00+00:00,107.50112915039062
2026-05-15 20:00:00+00:00,110.41888427734375
2026-05-15 21:00:00+00:00,101.52659606933594
2026-05-15 22:00:00+00:00,87.10929870605469
2026-05-15 23:00:00+00:00,78.42520141601562
2026-05-16 00:00:00+00:00,65.10157012939453
2026-05-16 01:00:00+00:00,54.94141387939453
2026-05-16 02:00:00+00:00,50.956077575683594
2026-05-16 03:00:00+00:00,52.92294692993164
2026-05-16 04:00:00+00:00,57.37139129638672
2026-05-16 05:00:00+00:00,57.880828857421875
2026-05-16 06:00:00+00:00,45.614749908447266
2026-05-16 07:00:00+00:00,25.532136917114258
2026-05-16 08:00:00+00:00,6.531837463378906
2026-05-16 09:00:00+00:00,-0.47875213623046875
2026-05-16 10:00:00+00:00,-2.4657554626464844
2026-05-16 11:00:00+00:00,-0.01398468017578125
2026-05-16 12:00:00+00:00,-0.36119842529296875
2026-05-16 13:00:00+00:00,-1.8453178405761719
2026-05-16 14:00:00+00:00,-3.150402069091797
2026-05-16 15:00:00+00:00,-0.21653366088867188
2026-05-16 16:00:00+00:00,10.935653686523438
2026-05-16 17:00:00+00:00,34.101078033447266
2026-05-16 18:00:00+00:00,60.718223571777344
2026-05-16 19:00:00+00:00,75.91087341308594
2026-05-16 20:00:00+00:00,78.45135498046875
2026-05-16 21:00:00+00:00,74.46827697753906
2026-05-16 22:00:00+00:00,69.73454284667969
2026-05-16 23:00:00+00:00,61.54863739013672
2026-05-17 00:00:00+00:00,74.83180236816406
2026-05-17 01:00:00+00:00,61.465911865234375
2026-05-17 02:00:00+00:00,53.87875747680664
2026-05-17 03:00:00+00:00,52.834434509277344
2026-05-17 04:00:00+00:00,54.42681884765625
2026-05-17 05:00:00+00:00,51.86973571777344
2026-05-17 06:00:00+00:00,39.27804183959961
2026-05-17 07:00:00+00:00,20.406126022338867
2026-05-17 08:00:00+00:00,8.666727066040039
2026-05-17 09:00:00+00:00,4.433328628540039
2026-05-17 10:00:00+00:00,2.598367691040039
2026-05-17 11:00:00+00:00,1.2108726501464844
2026-05-17 12:00:00+00:00,-0.7356719970703125
2026-05-17 13:00:00+00:00,-2.113006591796875
2026-05-17 14:00:00+00:00,-2.3852615356445312
2026-05-17 15:00:00+00:00,0.6204185485839844
2026-05-17 16:00:00+00:00,20.980663299560547
2026-05-17 17:00:00+00:00,64.48036193847656
2026-05-17 18:00:00+00:00,82.79358673095703
2026-05-17 19:00:00+00:00,100.09684753417969
2026-05-17 20:00:00+00:00,104.55598449707031
2026-05-17 21:00:00+00:00,93.33451843261719
2026-05-17 22:00:00+00:00,83.30643463134766
2026-05-17 23:00:00+00:00,77.16028594970703
2026-05-18 00:00:00+00:00,74.61880493164062
2026-05-18 01:00:00+00:00,66.31343841552734
2026-05-18 02:00:00+00:00,68.61053466796875
2026-05-18 03:00:00+00:00,78.64512634277344
2026-05-18 04:00:00+00:00,99.15178680419922
2026-05-18 05:00:00+00:00,112.57984924316406
2026-05-18 06:00:00+00:00,107.07036590576172
2026-05-18 07:00:00+00:00,91.97064208984375
2026-05-18 08:00:00+00:00,70.79278564453125
2026-05-18 09:00:00+00:00,55.05353546142578
2026-05-18 10:00:00+00:00,47.80767059326172
2026-05-18 11:00:00+00:00,35.48140335083008
2026-05-18 12:00:00+00:00,33.51576232910156
2026-05-18 13:00:00+00:00,30.553237915039062
2026-05-18 14:00:00+00:00,30.52130889892578
2026-05-18 15:00:00+00:00,47.10222625732422
2026-05-18 16:00:00+00:00,90.60350036621094
2026-05-18 17:00:00+00:00,128.18589782714844
2026-05-18 18:00:00+00:00,131.05239868164062
2026-05-18 19:00:00+00:00,134.48623657226562
2026-05-18 20:00:00+00:00,130.28204345703125
2026-05-18 21:00:00+00:00,110.85895538330078
2026-05-18 22:00:00+00:00,91.41040802001953
2026-05-18 23:00:00+00:00,79.51402282714844
2026-05-19 00:00:00+00:00,57.17498016357422
2026-05-19 01:00:00+00:00,42.97100830078125
2026-05-19 02:00:00+00:00,41.38623809814453
2026-05-19 03:00:00+00:00,42.53915786743164
2026-05-19 04:00:00+00:00,54.7708740234375
2026-05-19 05:00:00+00:00,70.36697387695312
2026-05-19 06:00:00+00:00,56.74500274658203
2026-05-19 07:00:00+00:00,34.875186920166016
2026-05-19 08:00:00+00:00,20.768888473510742
2026-05-19 09:00:00+00:00,10.810195922851562
2026-05-19 10:00:00+00:00,5.452661514282227
2026-05-19 11:00:00+00:00,-0.6464576721191406
2026-05-19 12:00:00+00:00,-2.134960174560547
2026-05-19 13:00:00+00:00,-2.6037025451660156
2026-05-19 14:00:00+00:00,-5.572490692138672
2026-05-19 15:00:00+00:00,-2.59130859375
2026-05-19 16:00:00+00:00,17.524085998535156
2026-05-19 17:00:00+00:00,54.938232421875
2026-05-19 18:00:00+00:00,65.88655090332031
2026-05-19 19:00:00+00:00,78.63109588623047
2026-05-19 20:00:00+00:00,80.84407043457031
2026-05-19 21:00:00+00:00,67.55670166015625
2026-05-19 22:00:00+00:00,49.63315963745117
2026-05-19 23:00:00+00:00,40.43584442138672
2026-05-20 00:00:00+00:00,63.285484313964844
2026-05-20 01:00:00+00:00,56.411834716796875
2026-05-20 02:00:00+00:00,51.895416259765625
2026-05-20 03:00:00+00:00,54.99492645263672
2026-05-20 04:00:00+00:00,67.33633422851562
2026-05-20 05:00:00+00:00,82.02674865722656
2026-05-20 06:00:00+00:00,75.00569915771484
2026-05-20 07:00:00+00:00,56.62633514404297
2026-05-20 08:00:00+00:00,36.04486083984375
2026-05-20 09:00:00+00:00,32.904083251953125
2026-05-20 10:00:00+00:00,44.032649993896484
2026-05-20 11:00:00+00:00,34.72589874267578
2026-05-20 12:00:00+00:00,34.73939514160156
2026-05-20 13:00:00+00:00,34.240692138671875
2026-05-20 14:00:00+00:00,30.34731674194336
2026-05-20 15:00:00+00:00,30.56043243408203
2026-05-20 16:00:00+00:00,51.62174606323242
2026-05-20 17:00:00+00:00,107.08110809326172
2026-05-20 18:00:00+00:00,124.24832153320312
2026-05-20 19:00:00+00:00,130.21961975097656
2026-05-20 20:00:00+00:00,135.30178833007812
2026-05-20 21:00:00+00:00,124.68736267089844
2026-05-20 22:00:00+00:00,112.71870422363281
2026-05-20 23:00:00+00:00,105.42729949951172
2026-05-21 00:00:00+00:00,91.388671875
2026-05-21 01:00:00+00:00,79.43107604980469
2026-05-21 02:00:00+00:00,79.732177734375
2026-05-21 03:00:00+00:00,92.92626190185547
2026-05-21 04:00:00+00:00,105.77638244628906
2026-05-21 05:00:00+00:00,112.02072143554688
2026-05-21 06:00:00+00:00,94.55943298339844
2026-05-21 07:00:00+00:00,50.156517028808594
2026-05-21 08:00:00+00:00,20.850919723510742
2026-05-21 09:00:00+00:00,18.90511703491211
2026-05-21 10:00:00+00:00,11.304180145263672
2026-05-21 11:00:00+00:00,15.273788452148438
2026-05-21 12:00:00+00:00,18.775489807128906
2026-05-21 13:00:00+00:00,21.68999671936035
2026-05-21 14:00:00+00:00,24.208995819091797
2026-05-21 15:00:00+00:00,33.25233459472656
2026-05-21 16:00:00+00:00,69.08317565917969
2026-05-21 17:00:00+00:00,112.41624450683594
2026-05-21 18:00:00+00:00,121.80238342285156
2026-05-21 19:00:00+00:00,128.70339965820312
2026-05-21 20:00:00+00:00,128.36289978027344
2026-05-21 21:00:00+00:00,113.42662048339844
2026-05-21 22:00:00+00:00,103.38922119140625
2026-05-21 23:00:00+00:00,97.89479064941406
2026-05-22 00:00:00+00:00,86.64828491210938
2026-05-22 01:00:00+00:00,74.07199096679688
2026-05-22 02:00:00+00:00,67.59640502929688
2026-05-22 03:00:00+00:00,72.14727020263672
2026-05-22 04:00:00+00:00,79.97378540039062
2026-05-22 05:00:00+00:00,80.38529968261719
2026-05-22 06:00:00+00:00,50.714149475097656
2026-05-22 07:00:00+00:00,7.216423034667969
2026-05-22 08:00:00+00:00,-6.055301666259766
2026-05-22 09:00:00+00:00,-9.521263122558594
2026-05-22 10:00:00+00:00,-8.757781982421875
2026-05-22 11:00:00+00:00,-6.969280242919922
2026-05-22 12:00:00+00:00,-5.379364013671875
2026-05-22 13:00:00+00:00,-4.140560150146484
2026-05-22 14:00:00+00:00,-5.480518341064453
2026-05-22 15:00:00+00:00,-4.27789306640625
2026-05-22 16:00:00+00:00,33.87974166870117
2026-05-22 17:00:00+00:00,80.13795471191406
2026-05-22 18:00:00+00:00,95.56666564941406
2026-05-22 19:00:00+00:00,114.40940856933594
2026-05-22 20:00:00+00:00,114.36651611328125
2026-05-22 21:00:00+00:00,99.35694885253906
2026-05-22 22:00:00+00:00,95.42015075683594
2026-05-22 23:00:00+00:00,86.84306335449219
2026-05-23 00:00:00+00:00,68.13856506347656
2026-05-23 01:00:00+00:00,62.26366424560547
2026-05-23 02:00:00+00:00,60.873435974121094
2026-05-23 03:00:00+00:00,63.99637985229492
2026-05-23 04:00:00+00:00,62.353397369384766
2026-05-23 05:00:00+00:00,50.502960205078125
2026-05-23 06:00:00+00:00,14.860784530639648
2026-05-23 07:00:00+00:00,-7.803005218505859
2026-05-23 08:00:00+00:00,-4.1183319091796875
2026-05-23 09:00:00+00:00,-4.446208953857422
2026-05-23 10:00:00+00:00,-3.6264610290527344
2026-05-23 11:00:00+00:00,-4.19036865234375
2026-05-23 12:00:00+00:00,-1.7224807739257812
2026-05-23 13:00:00+00:00,1.5420684814453125
2026-05-23 14:00:00+00:00,2.6654434204101562
2026-05-23 15:00:00+00:00,7.829681396484375
2026-05-23 16:00:00+00:00,34.21706008911133
2026-05-23 17:00:00+00:00,67.43172454833984
2026-05-23 18:00:00+00:00,82.99960327148438
2026-05-23 19:00:00+00:00,91.1412582397461
2026-05-23 20:00:00+00:00,93.83261108398438
2026-05-23 21:00:00+00:00,83.44210052490234
2026-05-23 22:00:00+00:00,71.83245086669922
2026-05-23 23:00:00+00:00,59.62327194213867
2026-05-24 00:00:00+00:00,21.964675903320312
2026-05-24 01:00:00+00:00,15.541339874267578
2026-05-24 02:00:00+00:00,15.058586120605469
2026-05-24 03:00:00+00:00,14.110071182250977
2026-05-24 04:00:00+00:00,12.723005294799805
2026-05-24 05:00:00+00:00,10.755279541015625
2026-05-24 06:00:00+00:00,-1.6683311462402344
2026-05-24 07:00:00+00:00,-7.1753387451171875
2026-05-24 08:00:00+00:00,-8.199970245361328
2026-05-24 09:00:00+00:00,-11.819820404052734
2026-05-24 10:00:00+00:00,-17.33550262451172
2026-05-24 11:00:00+00:00,-23.972328186035156
2026-05-24 12:00:00+00:00,-19.038494110107422
2026-05-24 13:00:00+00:00,-8.279106140136719
2026-05-24 14:00:00+00:00,-3.5172805786132812
2026-05-24 15:00:00+00:00,-2.3929710388183594
2026-05-24 16:00:00+00:00,7.5255584716796875
2026-05-24 17:00:00+00:00,21.719356536865234
2026-05-24 18:00:00+00:00,40.79133987426758
2026-05-24 19:00:00+00:00,68.75743865966797
2026-05-24 20:00:00+00:00,73.84847259521484
2026-05-24 21:00:00+00:00,55.44870376586914
2026-05-24 22:00:00+00:00,35.57452392578125
2026-05-24 23:00:00+00:00,17.79399871826172
2026-05-25 00:00:00+00:00,24.833499908447266
2026-05-25 01:00:00+00:00,20.973360061645508
2026-05-25 02:00:00+00:00,18.55672264099121
2026-05-25 03:00:00+00:00,16.59640884399414
2026-05-25 04:00:00+00:00,14.394771575927734
2026-05-25 05:00:00+00:00,9.177139282226562
2026-05-25 06:00:00+00:00,-13.231952667236328
2026-05-25 07:00:00+00:00,-37.83218765258789
2026-05-25 08:00:00+00:00,-36.562435150146484
2026-05-25 09:00:00+00:00,-61.83443832397461
2026-05-25 10:00:00+00:00,-135.72703552246094
2026-05-25 11:00:00+00:00,-200.36317443847656
2026-05-25 12:00:00+00:00,-188.82948303222656
2026-05-25 13:00:00+00:00,-76.28350830078125
2026-05-25 14:00:00+00:00,-30.567302703857422
2026-05-25 15:00:00+00:00,-32.88473892211914
2026-05-25 16:00:00+00:00,3.8947410583496094
2026-05-25 17:00:00+00:00,34.282955169677734
2026-05-25 18:00:00+00:00,62.194236755371094
2026-05-25 19:00:00+00:00,81.27255249023438
2026-05-25 20:00:00+00:00,85.44029235839844
2026-05-25 21:00:00+00:00,71.45404815673828
2026-05-25 22:00:00+00:00,60.35305404663086
2026-05-25 23:00:00+00:00,52.454689025878906
2026-05-26 00:00:00+00:00,78.16464233398438
2026-05-26 01:00:00+00:00,73.22428131103516
2026-05-26 02:00:00+00:00,72.07142639160156
2026-05-26 03:00:00+00:00,79.5460433959961
2026-05-26 04:00:00+00:00,91.13710021972656
2026-05-26 05:00:00+00:00,96.17922973632812
2026-05-26 06:00:00+00:00,79.20825958251953
2026-05-26 07:00:00+00:00,38.935874938964844
2026-05-26 08:00:00+00:00,17.14929962158203
2026-05-26 09:00:00+00:00,14.666244506835938
2026-05-26 10:00:00+00:00,17.989662170410156
2026-05-26 11:00:00+00:00,13.93592643737793
2026-05-26 12:00:00+00:00,15.082866668701172
2026-05-26 13:00:00+00:00,13.440231323242188
2026-05-26 14:00:00+00:00,10.796329498291016
2026-05-26 15:00:00+00:00,25.811363220214844
2026-05-26 16:00:00+00:00,73.94276428222656
2026-05-26 17:00:00+00:00,107.58558654785156
2026-05-26 18:00:00+00:00,121.70468139648438
2026-05-26 19:00:00+00:00,135.78927612304688
2026-05-26 20:00:00+00:00,135.55572509765625
2026-05-26 21:00:00+00:00,121.70219421386719
2026-05-26 22:00:00+00:00,115.24542236328125
2026-05-26 23:00:00+00:00,106.78297424316406
2026-05-27 00:00:00+00:00,110.91690063476562
2026-05-27 01:00:00+00:00,103.70794677734375
2026-05-27 02:00:00+00:00,103.59126281738281
2026-05-27 03:00:00+00:00,108.02301025390625
2026-05-27 04:00:00+00:00,117.70175170898438
2026-05-27 05:00:00+00:00,121.46180725097656
2026-05-27 06:00:00+00:00,90.1043930053711
2026-05-27 07:00:00+00:00,39.54265213012695
2026-05-27 08:00:00+00:00,19.400732040405273
2026-05-27 09:00:00+00:00,14.806720733642578
2026-05-27 10:00:00+00:00,12.99612045288086
2026-05-27 11:00:00+00:00,15.935161590576172
2026-05-27 12:00:00+00:00,28.469295501708984
2026-05-27 13:00:00+00:00,19.637649536132812
2026-05-27 14:00:00+00:00,24.930620193481445
2026-05-27 15:00:00+00:00,44.39783477783203
2026-05-27 16:00:00+00:00,104.68215942382812
2026-05-27 17:00:00+00:00,135.88465881347656
2026-05-27 18:00:00+00:00,140.90492248535156
2026-05-27 19:00:00+00:00,148.4960479736328
2026-05-27 20:00:00+00:00,148.2869415283203
2026-05-27 21:00:00+00:00,133.32545471191406
2026-05-27 22:00:00+00:00,125.32290649414062
2026-05-27 23:00:00+00:00,117.84823608398438
2026-05-28 00:00:00+00:00,96.44195556640625
2026-05-28 01:00:00+00:00,89.22169494628906
2026-05-28 02:00:00+00:00,88.9564208984375
2026-05-28 03:00:00+00:00,98.1782455444336
2026-05-28 04:00:00+00:00,109.61246490478516
2026-05-28 05:00:00+00:00,111.51116943359375
2026-05-28 06:00:00+00:00,84.06819152832031
2026-05-28 07:00:00+00:00,35.32564926147461
2026-05-28 08:00:00+00:00,8.645557403564453
2026-05-28 09:00:00+00:00,2.7880401611328125
2026-05-28 10:00:00+00:00,-0.21607208251953125
2026-05-28 11:00:00+00:00,-3.1711044311523438
2026-05-28 12:00:00+00:00,-3.3345603942871094
2026-05-28 13:00:00+00:00,-1.3782920837402344
2026-05-28 14:00:00+00:00,5.472522735595703
2026-05-28 15:00:00+00:00,26.572248458862305
2026-05-28 16:00:00+00:00,78.34323120117188
2026-05-28 17:00:00+00:00,121.25929260253906
2026-05-28 18:00:00+00:00,130.28353881835938
2026-05-28 19:00:00+00:00,137.03848266601562
2026-05-28 20:00:00+00:00,136.3722381591797
2026-05-28 21:00:00+00:00,121.88658142089844
2026-05-28 22:00:00+00:00,115.23092651367188
2026-05-28 23:00:00+00:00,105.66293334960938
2026-05-29 00:00:00+00:00,110.50810241699219
2026-05-29 01:00:00+00:00,100.41932678222656
2026-05-29 02:00:00+00:00,106.76438903808594
2026-05-29 03:00:00+00:00,117.85142517089844
2026-05-29 04:00:00+00:00,129.2180938720703
2026-05-29 05:00:00+00:00,128.69259643554688
2026-05-29 06:00:00+00:00,105.50516510009766
2026-05-29 07:00:00+00:00,52.03805923461914
2026-05-29 08:00:00+00:00,16.42125701904297
2026-05-29 09:00:00+00:00,6.605220794677734
2026-05-29 10:00:00+00:00,4.9162445068359375
2026-05-29 11:00:00+00:00,2.0640029907226562
2026-05-29 12:00:00+00:00,2.688457489013672
2026-05-29 13:00:00+00:00,7.143943786621094
2026-05-29 14:00:00+00:00,19.499691009521484
2026-05-29 15:00:00+00:00,50.79603576660156
2026-05-29 16:00:00+00:00,104.06271362304688
2026-05-29 17:00:00+00:00,138.64736938476562
2026-05-29 18:00:00+00:00,136.1011505126953
2026-05-29 19:00:00+00:00,145.4207305908203
2026-05-29 20:00:00+00:00,145.2439727783203
2026-05-29 21:00:00+00:00,128.60342407226562
2026-05-29 22:00:00+00:00,122.44801330566406
2026-05-29 23:00:00+00:00,110.99474334716797
2026-05-30 00:00:00+00:00,101.04805755615234
2026-05-30 01:00:00+00:00,92.12078094482422
2026-05-30 02:00:00+00:00,89.70693969726562
2026-05-30 03:00:00+00:00,91.1646728515625
2026-05-30 04:00:00+00:00,89.93186950683594
2026-05-30 05:00:00+00:00,79.91017150878906
2026-05-30 06:00:00+00:00,54.81660842895508
2026-05-30 07:00:00+00:00,19.23468017578125
2026-05-30 08:00:00+00:00,-2.119091033935547
2026-05-30 09:00:00+00:00,-9.753990173339844
2026-05-30 10:00:00+00:00,-11.879714965820312
2026-05-30 11:00:00+00:00,-15.258621215820312
2026-05-30 12:00:00+00:00,-12.9354248046875
2026-05-30 13:00:00+00:00,-7.394245147705078
2026-05-30 14:00:00+00:00,-9.592971801757812
2026-05-30 15:00:00+00:00,7.700523376464844
2026-05-30 16:00:00+00:00,30.759199142456055
2026-05-30 17:00:00+00:00,51.97742462158203
2026-05-30 18:00:00+00:00,68.3183364868164
2026-05-30 19:00:00+00:00,96.00311279296875
2026-05-30 20:00:00+00:00,101.38793182373047
2026-05-30 21:00:00+00:00,80.20185852050781
2026-05-30 22:00:00+00:00,65.110107421875
2026-05-30 23:00:00+00:00,50.27829360961914
2026-05-31 00:00:00+00:00,71.35810852050781
2026-05-31 01:00:00+00:00,62.71481704711914
2026-05-31 02:00:00+00:00,56.432777404785156
2026-05-31 03:00:00+00:00,52.464168548583984
2026-05-31 04:00:00+00:00,46.72699737548828
2026-05-31 05:00:00+00:00,41.449405670166016
2026-05-31 06:00:00+00:00,29.73445701599121
2026-05-31 07:00:00+00:00,7.659503936767578
2026-05-31 08:00:00+00:00,-3.3760147094726562
2026-05-31 09:00:00+00:00,-6.6474609375
2026-05-31 10:00:00+00:00,-6.344108581542969
2026-05-31 11:00:00+00:00,-6.831584930419922
2026-05-31 12:00:00+00:00,-8.079341888427734
2026-05-31 13:00:00+00:00,-8.278667449951172
2026-05-31 14:00:00+00:00,-4.765899658203125
2026-05-31 15:00:00+00:00,0.7484550476074219
2026-05-31 16:00:00+00:00,15.354259490966797
2026-05-31 17:00:00+00:00,49.5338249206543
2026-05-31 18:00:00+00:00,74.46878814697266
2026-05-31 19:00:00+00:00,91.06465148925781
2026-05-31 20:00:00+00:00,96.14614868164062
2026-05-31 21:00:00+00:00,89.94534301757812
2026-05-31 22:00:00+00:00,86.33434295654297
2026-05-31 23:00:00+00:00,80.34004211425781
2026-06-01 00:00:00+00:00,45.45979690551758
2026-06-01 01:00:00+00:00,41.78238296508789
2026-06-01 02:00:00+00:00,49.73537063598633
2026-06-01 03:00:00+00:00,63.67204666137695
2026-06-01 04:00:00+00:00,79.9545669555664
2026-06-01 05:00:00+00:00,89.724853515625
2026-06-01 06:00:00+00:00,80.21610260009766
2026-06-01 07:00:00+00:00,43.695167541503906
2026-06-01 08:00:00+00:00,14.580467224121094
2026-06-01 09:00:00+00:00,5.99249267578125
2026-06-01 10:00:00+00:00,1.6477470397949219
2026-06-01 11:00:00+00:00,-1.0646553039550781
2026-06-01 12:00:00+00:00,-2.3003463745117188
2026-06-01 13:00:00+00:00,-2.843982696533203
2026-06-01 14:00:00+00:00,-0.8651580810546875
2026-06-01 15:00:00+00:00,12.902923583984375
2026-06-01 16:00:00+00:00,54.94900131225586
2026-06-01 17:00:00+00:00,98.51468658447266
2026-06-01 18:00:00+00:00,111.866943359375
2026-06-01 19:00:00+00:00,127.83085632324219
2026-06-01 20:00:00+00:00,129.6569061279297
2026-06-01 21:00:00+00:00,112.1405029296875
2026-06-01 22:00:00+00:00,95.42094421386719
2026-06-01 23:00:00+00:00,83.94709777832031
2026-06-02 00:00:00+00:00,39.81764221191406
2026-06-02 01:00:00+00:00,24.228004455566406
2026-06-02 02:00:00+00:00,24.76625633239746
2026-06-02 03:00:00+00:00,28.562192916870117
2026-06-02 04:00:00+00:00,38.71149826049805
2026-06-02 05:00:00+00:00,61.21173858642578
2026-06-02 06:00:00+00:00,54.83394241333008
2026-06-02 07:00:00+00:00,22.079723358154297
2026-06-02 08:00:00+00:00,2.9501266479492188
2026-06-02 09:00:00+00:00,-0.6702537536621094
2026-06-02 10:00:00+00:00,-2.3199539184570312
2026-06-02 11:00:00+00:00,0.11065292358398438
2026-06-02 12:00:00+00:00,0.2829551696777344
2026-06-02 13:00:00+00:00,0.3461456298828125
2026-06-02 14:00:00+00:00,-2.546741485595703
2026-06-02 15:00:00+00:00,-2.2433319091796875
2026-06-02 16:00:00+00:00,4.939975738525391
2026-06-02 17:00:00+00:00,31.590991973876953
2026-06-02 18:00:00+00:00,53.135589599609375
2026-06-02 19:00:00+00:00,69.19474792480469
2026-06-02 20:00:00+00:00,80.91304016113281
2026-06-02 21:00:00+00:00,66.33834075927734
2026-06-02 22:00:00+00:00,41.35556411743164
2026-06-02 23:00:00+00:00,31.802703857421875
2026-06-03 00:00:00+00:00,12.580032348632812
2026-06-03 01:00:00+00:00,3.6115074157714844
2026-06-03 02:00:00+00:00,3.2589950561523438
2026-06-03 03:00:00+00:00,6.015186309814453
2026-06-03 04:00:00+00:00,17.323150634765625
2026-06-03 05:00:00+00:00,38.86161804199219
2026-06-03 06:00:00+00:00,32.50130081176758
2026-06-03 07:00:00+00:00,10.772422790527344
2026-06-03 08:00:00+00:00,6.011894226074219
2026-06-03 09:00:00+00:00,7.3184661865234375
2026-06-03 10:00:00+00:00,5.3521881103515625
2026-06-03 11:00:00+00:00,2.0921897888183594
2026-06-03 12:00:00+00:00,1.7165679931640625
2026-06-03 13:00:00+00:00,5.7780914306640625
2026-06-03 14:00:00+00:00,7.417106628417969
2026-06-03 15:00:00+00:00,3.538299560546875
2026-06-03 16:00:00+00:00,8.236572265625
2026-06-03 17:00:00+00:00,27.363990783691406
2026-06-03 18:00:00+00:00,45.1196174621582
2026-06-03 19:00:00+00:00,52.17801284790039
2026-06-03 20:00:00+00:00,56.52323913574219
2026-06-03 21:00:00+00:00,42.47111511230469
2026-06-03 22:00:00+00:00,9.917404174804688
2026-06-03 23:00:00+00:00,8.98141860961914
2026-06-04 00:00:00+00:00,6.953025817871094
2026-06-04 01:00:00+00:00,2.635478973388672
2026-06-04 02:00:00+00:00,1.5889625549316406
2026-06-04 03:00:00+00:00,3.0072174072265625
2026-06-04 04:00:00+00:00,4.2777099609375
2026-06-04 05:00:00+00:00,10.961071014404297
2026-06-04 06:00:00+00:00,11.564918518066406
2026-06-04 07:00:00+00:00,3.4733543395996094
2026-06-04 08:00:00+00:00,0.3357353210449219
2026-06-04 09:00:00+00:00,0.032657623291015625
2026-06-04 10:00:00+00:00,0.15845108032226562
2026-06-04 11:00:00+00:00,0.2792091369628906
2026-06-04 12:00:00+00:00,0.0149078369140625
2026-06-04 13:00:00+00:00,-0.29268646240234375
2026-06-04 14:00:00+00:00,-0.135009765625
2026-06-04 15:00:00+00:00,0.4157600402832031
2026-06-04 16:00:00+00:00,3.3570938110351562
2026-06-04 17:00:00+00:00,12.954959869384766
2026-06-04 18:00:00+00:00,16.86219024658203
2026-06-04 19:00:00+00:00,18.622421264648438
2026-06-04 20:00:00+00:00,27.555795669555664
2026-06-04 21:00:00+00:00,22.704641342163086
2026-06-04 22:00:00+00:00,14.94192123413086
2026-06-04 23:00:00+00:00,15.68088150024414
2026-06-05 00:00:00+00:00,17.658437728881836
2026-06-05 01:00:00+00:00,10.384559631347656
2026-06-05 02:00:00+00:00,12.154884338378906
2026-06-05 03:00:00+00:00,21.727327346801758
2026-06-05 04:00:00+00:00,43.145103454589844
2026-06-05 05:00:00+00:00,66.81952667236328
2026-06-05 06:00:00+00:00,61.158103942871094
2026-06-05 07:00:00+00:00,26.275007247924805
2026-06-05 08:00:00+00:00,8.25973892211914
2026-06-05 09:00:00+00:00,3.6183090209960938
2026-06-05 10:00:00+00:00,2.49652099609375
2026-06-05 11:00:00+00:00,2.0665550231933594
2026-06-05 12:00:00+00:00,2.1677322387695312
2026-06-05 13:00:00+00:00,1.1977806091308594
2026-06-05 14:00:00+00:00,1.2542572021484375
2026-06-05 15:00:00+00:00,8.407470703125
2026-06-05 16:00:00+00:00,33.359596252441406
2026-06-05 17:00:00+00:00,80.84115600585938
2026-06-05 18:00:00+00:00,94.52690887451172
2026-06-05 19:00:00+00:00,109.29939270019531
2026-06-05 20:00:00+00:00,113.96907043457031
2026-06-05 21:00:00+00:00,99.5510025024414
2026-06-05 22:00:00+00:00,74.1863021850586
2026-06-05 23:00:00+00:00,57.0986328125
2026-06-06 00:00:00+00:00,22.80763053894043
2026-06-06 01:00:00+00:00,12.684490203857422
2026-06-06 02:00:00+00:00,10.862869262695312
2026-06-06 03:00:00+00:00,8.857406616210938
2026-06-06 04:00:00+00:00,8.211441040039062
2026-06-06 05:00:00+00:00,11.114654541015625
2026-06-06 06:00:00+00:00,8.78530502319336
2026-06-06 07:00:00+00:00,2.18658447265625
2026-06-06 08:00:00+00:00,1.416534423828125
2026-06-06 09:00:00+00:00,1.1513595581054688
2026-06-06 10:00:00+00:00,0.11181259155273438
2026-06-06 11:00:00+00:00,-0.3879585266113281
2026-06-06 12:00:00+00:00,-0.6709365844726562
2026-06-06 13:00:00+00:00,-0.008148193359375
2026-06-06 14:00:00+00:00,0.3634681701660156
2026-06-06 15:00:00+00:00,0.452972412109375
2026-06-06 16:00:00+00:00,3.3078041076660156
2026-06-06 17:00:00+00:00,10.269718170166016
2026-06-06 18:00:00+00:00,19.777830123901367
2026-06-06 19:00:00+00:00,30.12969207763672
2026-06-06 20:00:00+00:00,43.71200942993164
2026-06-06 21:00:00+00:00,37.65834426879883
2026-06-06 22:00:00+00:00,21.171194076538086
2026-06-06 23:00:00+00:00,16.757789611816406
2026-06-07 00:00:00+00:00,12.83612060546875
2026-06-07 01:00:00+00:00,10.108203887939453
2026-06-07 02:00:00+00:00,9.027626037597656
2026-06-07 03:00:00+00:00,8.834793090820312
2026-06-07 04:00:00+00:00,9.80221176147461
2026-06-07 05:00:00+00:00,12.106136322021484
2026-06-07 06:00:00+00:00,12.091930389404297
2026-06-07 07:00:00+00:00,7.828762054443359
2026-06-07 08:00:00+00:00,5.061244964599609
2026-06-07 09:00:00+00:00,4.379726409912109
2026-06-07 10:00:00+00:00,2.1782302856445312
2026-06-07 11:00:00+00:00,0.07840728759765625
2026-06-07 12:00:00+00:00,-0.319549560546875
2026-06-07 13:00:00+00:00,0.3536872863769531
2026-06-07 14:00:00+00:00,2.5220375061035156
2026-06-07 15:00:00+00:00,6.431617736816406
2026-06-07 16:00:00+00:00,22.26995277404785
2026-06-07 17:00:00+00:00,63.08310317993164
2026-06-07 18:00:00+00:00,94.35574340820312
2026-06-07 19:00:00+00:00,117.21534729003906
2026-06-07 20:00:00+00:00,120.27085876464844
2026-06-07 21:00:00+00:00,109.67398834228516
2026-06-07 22:00:00+00:00,87.48849487304688
2026-06-07 23:00:00+00:00,70.26444244384766
2026-06-08 00:00:00+00:00,25.649450302124023
2026-06-08 01:00:00+00:00,17.46159553527832
2026-06-08 02:00:00+00:00,17.928285598754883
2026-06-08 03:00:00+00:00,22.3590087890625
2026-06-08 04:00:00+00:00,37.117218017578125
2026-06-08 05:00:00+00:00,69.61380004882812
2026-06-08 06:00:00+00:00,65.48869323730469
2026-06-08 07:00:00+00:00,23.49490737915039
2026-06-08 08:00:00+00:00,5.444576263427734
2026-06-08 09:00:00+00:00,1.2530784606933594
2026-06-08 10:00:00+00:00,0.2565574645996094
2026-06-08 11:00:00+00:00,-1.3300819396972656
2026-06-08 12:00:00+00:00,-1.9951210021972656
2026-06-08 13:00:00+00:00,-2.0332374572753906
2026-06-08 14:00:00+00:00,-1.7578277587890625
2026-06-08 15:00:00+00:00,1.8295097351074219
2026-06-08 16:00:00+00:00,13.308830261230469
2026-06-08 17:00:00+00:00,41.12870407104492
2026-06-08 18:00:00+00:00,56.856449127197266
2026-06-08 19:00:00+00:00,67.81813049316406
2026-06-08 20:00:00+00:00,77.8016357421875
2026-06-08 21:00:00+00:00,63.54903030395508
2026-06-08 22:00:00+00:00,40.231727600097656
2026-06-08 23:00:00+00:00,34.307403564453125
2026-06-09 00:00:00+00:00,30.435394287109375
2026-06-09 01:00:00+00:00,20.21479606628418
2026-06-09 02:00:00+00:00,17.624603271484375
2026-06-09 03:00:00+00:00,25.353593826293945
2026-06-09 04:00:00+00:00,34.929901123046875
2026-06-09 05:00:00+00:00,61.792320251464844
2026-06-09 06:00:00+00:00,60.56951904296875
2026-06-09 07:00:00+00:00,19.08326530456543
2026-06-09 08:00:00+00:00,8.667057037353516
2026-06-09 09:00:00+00:00,7.130882263183594
2026-06-09 10:00:00+00:00,5.297870635986328
2026-06-09 11:00:00+00:00,3.9587631225585938
2026-06-09 12:00:00+00:00,2.7581405639648438
2026-06-09 13:00:00+00:00,2.5836029052734375
2026-06-09 14:00:00+00:00,2.4827346801757812
2026-06-09 15:00:00+00:00,5.589607238769531
2026-06-09 16:00:00+00:00,15.53805160522461
2026-06-09 17:00:00+00:00,53.69947052001953
2026-06-09 18:00:00+00:00,83.41961669921875
2026-06-09 19:00:00+00:00,96.14480590820312
2026-06-09 20:00:00+00:00,107.09481048583984
2026-06-09 21:00:00+00:00,96.5501480102539
2026-06-09 22:00:00+00:00,72.12924194335938
2026-06-09 23:00:00+00:00,62.96980667114258
2026-06-10 00:00:00+00:00,59.28264617919922
2026-06-10 01:00:00+00:00,45.50209045410156
2026-06-10 02:00:00+00:00,41.934364318847656
2026-06-10 03:00:00+00:00,45.97161102294922
2026-06-10 04:00:00+00:00,56.82059097290039
2026-06-10 05:00:00+00:00,77.87580871582031
2026-06-10 06:00:00+00:00,73.88729095458984
2026-06-10 07:00:00+00:00,28.12502098083496
2026-06-10 08:00:00+00:00,9.711784362792969
2026-06-10 09:00:00+00:00,11.531379699707031
2026-06-10 10:00:00+00:00,11.608654022216797
2026-06-10 11:00:00+00:00,8.538055419921875
2026-06-10 12:00:00+00:00,7.209293365478516
2026-06-10 13:00:00+00:00,9.08331298828125
2026-06-10 14:00:00+00:00,12.29086685180664
2026-06-10 15:00:00+00:00,9.9273681640625
2026-06-10 16:00:00+00:00,15.453351974487305
2026-06-10 17:00:00+00:00,44.352752685546875
2026-06-10 18:00:00+00:00,72.99722290039062
2026-06-10 19:00:00+00:00,83.3237533569336
2026-06-10 20:00:00+00:00,97.65869140625
2026-06-10 21:00:00+00:00,87.73088836669922
2026-06-10 22:00:00+00:00,78.71259307861328
2026-06-10 23:00:00+00:00,72.62680053710938
2026-06-11 00:00:00+00:00,14.955110549926758
2026-06-11 01:00:00+00:00,12.445816040039062
2026-06-11 02:00:00+00:00,12.756582260131836
2026-06-11 03:00:00+00:00,19.484458923339844
2026-06-11 04:00:00+00:00,33.097930908203125
2026-06-11 05:00:00+00:00,57.18624496459961
2026-06-11 06:00:00+00:00,48.0738410949707
2026-06-11 07:00:00+00:00,6.150363922119141
2026-06-11 08:00:00+00:00,1.1202735900878906
2026-06-11 09:00:00+00:00,1.4167938232421875
2026-06-11 10:00:00+00:00,0.3980140686035156
2026-06-11 11:00:00+00:00,-0.2693939208984375
2026-06-11 12:00:00+00:00,-0.9994773864746094
2026-06-11 13:00:00+00:00,-0.644256591796875
2026-06-11 14:00:00+00:00,-0.22243881225585938
2026-06-11 15:00:00+00:00,-0.08406448364257812
2026-06-11 16:00:00+00:00,9.383628845214844
2026-06-11 17:00:00+00:00,25.638288497924805
2026-06-11 18:00:00+00:00,45.82802200317383
2026-06-11 19:00:00+00:00,57.9096794128418
2026-06-11 20:00:00+00:00,67.37144470214844
2026-06-11 21:00:00+00:00,52.51633834838867
2026-06-11 22:00:00+00:00,27.508512496948242
2026-06-11 23:00:00+00:00,22.546009063720703
2026-06-12 00:00:00+00:00,17.67110824584961
2026-06-12 01:00:00+00:00,11.151018142700195
2026-06-12 02:00:00+00:00,8.410083770751953
2026-06-12 03:00:00+00:00,9.880855560302734
2026-06-12 04:00:00+00:00,14.849258422851562
2026-06-12 05:00:00+00:00,28.972126007080078
2026-06-12 06:00:00+00:00,27.934852600097656
2026-06-12 07:00:00+00:00,8.9912109375
2026-06-12 08:00:00+00:00,4.35418701171875
2026-06-12 09:00:00+00:00,4.143409729003906
2026-06-12 10:00:00+00:00,3.8230743408203125
2026-06-12 11:00:00+00:00,3.313861846923828
2026-06-12 12:00:00+00:00,3.0781097412109375
2026-06-12 13:00:00+00:00,3.057281494140625
2026-06-12 14:00:00+00:00,2.8537979125976562
2026-06-12 15:00:00+00:00,3.0289573669433594
2026-06-12 16:00:00+00:00,3.5570945739746094
2026-06-12 17:00:00+00:00,16.686519622802734
2026-06-12 18:00:00+00:00,29.687625885009766
2026-06-12 19:00:00+00:00,38.11324691772461
2026-06-12 20:00:00+00:00,51.960079193115234
2026-06-12 21:00:00+00:00,44.986270904541016
2026-06-12 22:00:00+00:00,39.42463302612305
2026-06-12 23:00:00+00:00,30.792381286621094
2026-06-13 00:00:00+00:00,53.162113189697266
2026-06-13 01:00:00+00:00,42.16129684448242
2026-06-13 02:00:00+00:00,38.07965087890625
2026-06-13 03:00:00+00:00,36.90667724609375
2026-06-13 04:00:00+00:00,37.077823638916016
2026-06-13 05:00:00+00:00,37.494422912597656
2026-06-13 06:00:00+00:00,25.412593841552734
2026-06-13 07:00:00+00:00,12.63547134399414
2026-06-13 08:00:00+00:00,3.8365249633789062
2026-06-13 09:00:00+00:00,-3.44512939453125
2026-06-13 10:00:00+00:00,-10.546337127685547
2026-06-13 11:00:00+00:00,-18.231800079345703
2026-06-13 12:00:00+00:00,-17.58707046508789
2026-06-13 13:00:00+00:00,-11.142990112304688
2026-06-13 14:00:00+00:00,-1.3716239929199219
2026-06-13 15:00:00+00:00,7.946895599365234
2026-06-13 16:00:00+00:00,16.81627082824707
2026-06-13 17:00:00+00:00,39.46831512451172
2026-06-13 18:00:00+00:00,75.03555297851562
2026-06-13 19:00:00+00:00,96.64111328125
2026-06-13 20:00:00+00:00,102.49475860595703
2026-06-13 21:00:00+00:00,88.828857421875
2026-06-13 22:00:00+00:00,68.32274627685547
2026-06-13 23:00:00+00:00,50.433204650878906
2026-06-14 00:00:00+00:00,33.92622375488281
2026-06-14 01:00:00+00:00,25.851932525634766
2026-06-14 02:00:00+00:00,22.775188446044922
2026-06-14 03:00:00+00:00,18.77656364440918
2026-06-14 04:00:00+00:00,11.41517448425293
2026-06-14 05:00:00+00:00,5.549343109130859
2026-06-14 06:00:00+00:00,-2.5756301879882812
2026-06-14 07:00:00+00:00,-10.07137680053711
2026-06-14 08:00:00+00:00,-14.461048126220703
2026-06-14 09:00:00+00:00,-19.67458724975586
2026-06-14 10:00:00+00:00,-25.916561126708984
2026-06-14 11:00:00+00:00,-31.577136993408203
2026-06-14 12:00:00+00:00,-31.474224090576172
2026-06-14 13:00:00+00:00,-25.73685073852539
2026-06-14 14:00:00+00:00,-18.815143585205078
2026-06-14 15:00:00+00:00,-11.7210693359375
2026-06-14 16:00:00+00:00,-1.0835037231445312
2026-06-14 17:00:00+00:00,35.7061767578125
2026-06-14 18:00:00+00:00,75.55123901367188
2026-06-14 19:00:00+00:00,91.52980041503906
2026-06-14 20:00:00+00:00,100.42642211914062
2026-06-14 21:00:00+00:00,87.86858367919922
2026-06-14 22:00:00+00:00,59.73755645751953
2026-06-14 23:00:00+00:00,42.033905029296875
2026-06-15 00:00:00+00:00,79.74800872802734
2026-06-15 01:00:00+00:00,69.37016296386719
2026-06-15 02:00:00+00:00,74.14878845214844
2026-06-15 03:00:00+00:00,82.14286804199219
2026-06-15 04:00:00+00:00,94.87675476074219
2026-06-15 05:00:00+00:00,104.05342102050781
2026-06-15 06:00:00+00:00,86.10919189453125
2026-06-15 07:00:00+00:00,29.799415588378906
2026-06-15 08:00:00+00:00,3.558185577392578
2026-06-15 09:00:00+00:00,-0.9935798645019531
2026-06-15 10:00:00+00:00,-2.7006683349609375
2026-06-15 11:00:00+00:00,-4.720970153808594
2026-06-15 12:00:00+00:00,-3.935565948486328
2026-06-15 13:00:00+00:00,-2.699859619140625
2026-06-15 14:00:00+00:00,2.9760513305664062
2026-06-15 15:00:00+00:00,26.678844451904297
2026-06-15 16:00:00+00:00,76.08879089355469
2026-06-15 17:00:00+00:00,124.06208038330078
2026-06-15 18:00:00+00:00,132.06759643554688
2026-06-15 19:00:00+00:00,138.45855712890625
2026-06-15 20:00:00+00:00,137.01951599121094
2026-06-15 21:00:00+00:00,123.65203857421875
2026-06-15 22:00:00+00:00,109.28990173339844
2026-06-15 23:00:00+00:00,100.22937774658203
2026-06-16 00:00:00+00:00,104.56085205078125
2026-06-16 01:00:00+00:00,99.54513549804688
2026-06-16 02:00:00+00:00,104.6607666015625
2026-06-16 03:00:00+00:00,114.70254516601562
2026-06-16 04:00:00+00:00,122.16813659667969
2026-06-16 05:00:00+00:00,120.86459350585938
2026-06-16 06:00:00+00:00,106.07838439941406
2026-06-16 07:00:00+00:00,61.58692932128906
2026-06-16 08:00:00+00:00,19.165138244628906
2026-06-16 09:00:00+00:00,6.353263854980469
2026-06-16 10:00:00+00:00,3.6300926208496094
2026-06-16 11:00:00+00:00,2.6015586853027344
2026-06-16 12:00:00+00:00,1.8955497741699219
2026-06-16 13:00:00+00:00,2.0625228881835938
2026-06-16 14:00:00+00:00,9.62849235534668
2026-06-16 15:00:00+00:00,47.842247009277344
2026-06-16 16:00:00+00:00,96.63619995117188
2026-06-16 17:00:00+00:00,134.03836059570312
2026-06-16 18:00:00+00:00,141.92706298828125
2026-06-16 19:00:00+00:00,148.09030151367188
2026-06-16 20:00:00+00:00,146.70541381835938
2026-06-16 21:00:00+00:00,135.18617248535156
2026-06-16 22:00:00+00:00,129.74166870117188
2026-06-16 23:00:00+00:00,125.68328857421875
2026-06-17 00:00:00+00:00,118.64814758300781
2026-06-17 01:00:00+00:00,109.79792785644531
2026-06-17 02:00:00+00:00,112.28146362304688
2026-06-17 03:00:00+00:00,123.68588256835938
2026-06-17 04:00:00+00:00,132.28829956054688
2026-06-17 05:00:00+00:00,132.85195922851562
2026-06-17 06:00:00+00:00,121.2647705078125
2026-06-17 07:00:00+00:00,82.62312316894531
2026-06-17 08:00:00+00:00,37.989234924316406
2026-06-17 09:00:00+00:00,19.21750831604004
2026-06-17 10:00:00+00:00,13.9945068359375
2026-06-17 11:00:00+00:00,11.126750946044922
2026-06-17 12:00:00+00:00,11.527082443237305
2026-06-17 13:00:00+00:00,15.734691619873047
2026-06-17 14:00:00+00:00,31.705198287963867
2026-06-17 15:00:00+00:00,69.91769409179688
2026-06-17 16:00:00+00:00,116.41120910644531
2026-06-17 17:00:00+00:00,142.93470764160156
2026-06-17 18:00:00+00:00,145.85499572753906
2026-06-17 19:00:00+00:00,146.76210021972656
2026-06-17 20:00:00+00:00,146.1942596435547
2026-06-17 21:00:00+00:00,138.9674835205078
2026-06-17 22:00:00+00:00,132.27806091308594
2026-06-17 23:00:00+00:00,128.77194213867188
2026-06-18 00:00:00+00:00,122.35269165039062
2026-06-18 01:00:00+00:00,120.70172119140625
2026-06-18 02:00:00+00:00,121.053955078125
2026-06-18 03:00:00+00:00,124.32806396484375
2026-06-18 04:00:00+00:00,125.54592895507812
2026-06-18 05:00:00+00:00,121.07687377929688
2026-06-18 06:00:00+00:00,107.87522888183594
2026-06-18 07:00:00+00:00,80.78398895263672
2026-06-18 08:00:00+00:00,48.21556854248047
2026-06-18 09:00:00+00:00,29.258075714111328
2026-06-18 10:00:00+00:00,20.033817291259766
2026-06-18 11:00:00+00:00,14.071208953857422
2026-06-18 12:00:00+00:00,18.185848236083984
2026-06-18 13:00:00+00:00,26.011131286621094
2026-06-18 14:00:00+00:00,44.51953887939453
2026-06-18 15:00:00+00:00,84.45388793945312
2026-06-18 16:00:00+00:00,119.33815002441406
2026-06-18 17:00:00+00:00,141.9529571533203
2026-06-18 18:00:00+00:00,145.14764404296875
2026-06-18 19:00:00+00:00,144.97154235839844
2026-06-18 20:00:00+00:00,142.44337463378906
2026-06-18 21:00:00+00:00,132.6393280029297
2026-06-18 22:00:00+00:00,127.63685607910156
2026-06-18 23:00:00+00:00,123.99134826660156
2026-06-19 00:00:00+00:00,114.75115966796875
2026-06-19 01:00:00+00:00,111.69285583496094
2026-06-19 02:00:00+00:00,114.0606689453125
2026-06-19 03:00:00+00:00,120.00871276855469
2026-06-19 04:00:00+00:00,124.70626831054688
2026-06-19 05:00:00+00:00,124.06632995605469
2026-06-19 06:00:00+00:00,114.97860717773438
2026-06-19 07:00:00+00:00,89.82156372070312
2026-06-19 08:00:00+00:00,54.68939971923828
2026-06-19 09:00:00+00:00,32.2647705078125
2026-06-19 10:00:00+00:00,24.786884307861328
2026-06-19 11:00:00+00:00,21.5977725982666
2026-06-19 12:00:00+00:00,28.249130249023438
2026-06-19 13:00:00+00:00,45.469337463378906
2026-06-19 14:00:00+00:00,69.29226684570312
2026-06-19 15:00:00+00:00,98.16339874267578
2026-06-19 16:00:00+00:00,118.56678771972656
2026-06-19 17:00:00+00:00,125.83995056152344
2026-06-19 18:00:00+00:00,129.69248962402344
2026-06-19 19:00:00+00:00,131.77760314941406
2026-06-19 20:00:00+00:00,132.0547332763672
2026-06-19 21:00:00+00:00,127.25773620605469
2026-06-19 22:00:00+00:00,121.19923400878906
2026-06-19 23:00:00+00:00,119.64669799804688
2026-06-20 00:00:00+00:00,110.80299377441406
2026-06-20 01:00:00+00:00,99.35808563232422
2026-06-20 02:00:00+00:00,92.86847686767578
2026-06-20 03:00:00+00:00,94.02951049804688
2026-06-20 04:00:00+00:00,92.46744537353516
2026-06-20 05:00:00+00:00,83.83069610595703
2026-06-20 06:00:00+00:00,60.53219985961914
2026-06-20 07:00:00+00:00,36.191627502441406
2026-06-20 08:00:00+00:00,16.63047218322754
2026-06-20 09:00:00+00:00,8.822795867919922
2026-06-20 10:00:00+00:00,13.833114624023438
2026-06-20 11:00:00+00:00,7.908824920654297
2026-06-20 12:00:00+00:00,10.083797454833984
2026-06-20 13:00:00+00:00,8.73544692993164
2026-06-20 14:00:00+00:00,16.511486053466797
2026-06-20 15:00:00+00:00,36.94363021850586
2026-06-20 16:00:00+00:00,69.1641845703125
2026-06-20 17:00:00+00:00,99.5145263671875
2026-06-20 18:00:00+00:00,113.7381591796875
2026-06-20 19:00:00+00:00,122.091796875
2026-06-20 20:00:00+00:00,124.55511474609375
2026-06-20 21:00:00+00:00,118.33993530273438
2026-06-20 22:00:00+00:00,105.06805419921875
2026-06-20 23:00:00+00:00,95.71858978271484
2026-06-21 00:00:00+00:00,97.14264678955078
2026-06-21 01:00:00+00:00,87.61911010742188
2026-06-21 02:00:00+00:00,80.34806823730469
2026-06-21 03:00:00+00:00,74.055419921875
2026-06-21 04:00:00+00:00,69.69671630859375
2026-06-21 05:00:00+00:00,61.8238525390625
2026-06-21 06:00:00+00:00,39.651702880859375
2026-06-21 07:00:00+00:00,9.670944213867188
2026-06-21 08:00:00+00:00,-7.343482971191406
2026-06-21 09:00:00+00:00,-11.66848373413086
2026-06-21 10:00:00+00:00,-12.86563491821289
2026-06-21 11:00:00+00:00,-17.213565826416016
2026-06-21 12:00:00+00:00,-21.90700912475586
2026-06-21 13:00:00+00:00,-20.983577728271484
2026-06-21 14:00:00+00:00,-5.457340240478516
2026-06-21 15:00:00+00:00,29.767324447631836
2026-06-21 16:00:00+00:00,63.263694763183594
2026-06-21 17:00:00+00:00,85.25343322753906
2026-06-21 18:00:00+00:00,107.77223205566406
2026-06-21 19:00:00+00:00,119.10601806640625
2026-06-21 20:00:00+00:00,119.4859619140625
2026-06-21 21:00:00+00:00,111.22567749023438
2026-06-21 22:00:00+00:00,101.46398162841797
2026-06-21 23:00:00+00:00,91.50077819824219
2026-06-22 00:00:00+00:00,106.69477844238281
2026-06-22 01:00:00+00:00,100.03654479980469
2026-06-22 02:00:00+00:00,99.32876586914062
2026-06-22 03:00:00+00:00,104.85563659667969
2026-06-22 04:00:00+00:00,114.9723892211914
2026-06-22 05:00:00+00:00,116.98873901367188
2026-06-22 06:00:00+00:00,104.94892120361328
2026-06-22 07:00:00+00:00,67.99807739257812
2026-06-22 08:00:00+00:00,30.962743759155273
2026-06-22 09:00:00+00:00,14.980842590332031
2026-06-22 10:00:00+00:00,9.21432113647461
2026-06-22 11:00:00+00:00,8.35091781616211
2026-06-22 12:00:00+00:00,10.07449722290039
2026-06-22 13:00:00+00:00,18.077978134155273
2026-06-22 14:00:00+00:00,37.02500915527344
2026-06-22 15:00:00+00:00,77.14556884765625
2026-06-22 16:00:00+00:00,110.2530288696289
2026-06-22 17:00:00+00:00,124.00852966308594
2026-06-22 18:00:00+00:00,130.30990600585938
2026-06-22 19:00:00+00:00,133.89120483398438
2026-06-22 20:00:00+00:00,133.8898162841797
2026-06-22 21:00:00+00:00,126.34994506835938
2026-06-22 22:00:00+00:00,118.8926773071289
2026-06-22 23:00:00+00:00,115.46654510498047
2026-06-23 00:00:00+00:00,121.09042358398438
2026-06-23 01:00:00+00:00,114.77436828613281
2026-06-23 02:00:00+00:00,113.25810241699219
2026-06-23 03:00:00+00:00,124.40868377685547
2026-06-23 04:00:00+00:00,134.27325439453125
2026-06-23 05:00:00+00:00,138.39056396484375
2026-06-23 06:00:00+00:00,124.5886459350586
2026-06-23 07:00:00+00:00,100.069580078125
2026-06-23 08:00:00+00:00,75.06231689453125
2026-06-23 09:00:00+00:00,55.1790657043457
2026-06-23 10:00:00+00:00,42.510780334472656
2026-06-23 11:00:00+00:00,35.38470458984375
2026-06-23 12:00:00+00:00,42.72980499267578
2026-06-23 13:00:00+00:00,56.790184020996094
2026-06-23 14:00:00+00:00,77.44215393066406
2026-06-23 15:00:00+00:00,107.43812561035156
2026-06-23 16:00:00+00:00,140.224853515625
2026-06-23 17:00:00+00:00,159.87913513183594
2026-06-23 18:00:00+00:00,167.2447967529297
2026-06-23 19:00:00+00:00,168.18576049804688
2026-06-23 20:00:00+00:00,165.24990844726562
2026-06-23 21:00:00+00:00,150.24668884277344
2026-06-23 22:00:00+00:00,151.52328491210938
2026-06-23 23:00:00+00:00,147.9165802001953
2026-06-24 00:00:00+00:00,127.51742553710938
2026-06-24 01:00:00+00:00,117.94830322265625
2026-06-24 02:00:00+00:00,116.93231201171875
2026-06-24 03:00:00+00:00,125.87615966796875
2026-06-24 04:00:00+00:00,135.94825744628906
2026-06-24 05:00:00+00:00,139.28118896484375
2026-06-24 06:00:00+00:00,132.79788208007812
2026-06-24 07:00:00+00:00,119.8087158203125
2026-06-24 08:00:00+00:00,107.51148986816406
2026-06-24 09:00:00+00:00,89.67171478271484
2026-06-24 10:00:00+00:00,83.14802551269531
2026-06-24 11:00:00+00:00,80.88463592529297
2026-06-24 12:00:00+00:00,90.76839447021484
2026-06-24 13:00:00+00:00,105.77142333984375
2026-06-24 14:00:00+00:00,119.15736389160156
2026-06-24 15:00:00+00:00,140.00880432128906
2026-06-24 16:00:00+00:00,177.30950927734375
2026-06-24 17:00:00+00:00,230.56051635742188
2026-06-24 18:00:00+00:00,240.45474243164062
2026-06-24 19:00:00+00:00,222.2472381591797
2026-06-24 20:00:00+00:00,204.63699340820312
2026-06-24 21:00:00+00:00,169.4449005126953
2026-06-24 22:00:00+00:00,156.4019775390625
2026-06-24 23:00:00+00:00,145.4727325439453
2026-06-25 00:00:00+00:00,114.6043701171875
2026-06-25 01:00:00+00:00,109.17863464355469
2026-06-25 02:00:00+00:00,108.80551147460938
2026-06-25 03:00:00+00:00,115.50259399414062
2026-06-25 04:00:00+00:00,126.15342712402344
2026-06-25 05:00:00+00:00,133.17962646484375
2026-06-25 06:00:00+00:00,127.23344421386719
2026-06-25 07:00:00+00:00,115.12049865722656
2026-06-25 08:00:00+00:00,105.58951568603516
2026-06-25 09:00:00+00:00,92.45822143554688
2026-06-25 10:00:00+00:00,82.72593688964844
2026-06-25 11:00:00+00:00,75.70018005371094
2026-06-25 12:00:00+00:00,77.21871948242188
2026-06-25 13:00:00+00:00,82.60636901855469
2026-06-25 14:00:00+00:00,94.35660552978516
2026-06-25 15:00:00+00:00,119.85794067382812
2026-06-25 16:00:00+00:00,164.52145385742188
2026-06-25 17:00:00+00:00,252.40557861328125
2026-06-25 18:00:00+00:00,261.21234130859375
2026-06-25 19:00:00+00:00,232.6007843017578
2026-06-25 20:00:00+00:00,215.33193969726562
2026-06-25 21:00:00+00:00,170.93264770507812
2026-06-25 22:00:00+00:00,151.95208740234375
2026-06-25 23:00:00+00:00,131.97021484375
2026-06-26 00:00:00+00:00,114.31316375732422
2026-06-26 01:00:00+00:00,108.96392822265625
2026-06-26 02:00:00+00:00,106.89033508300781
2026-06-26 03:00:00+00:00,113.49183654785156
2026-06-26 04:00:00+00:00,124.40201568603516
2026-06-26 05:00:00+00:00,131.82391357421875
2026-06-26 06:00:00+00:00,125.69544219970703
2026-06-26 07:00:00+00:00,105.89372253417969
2026-06-26 08:00:00+00:00,90.37879943847656
2026-06-26 09:00:00+00:00,76.18566131591797
2026-06-26 10:00:00+00:00,66.82003784179688
2026-06-26 11:00:00+00:00,61.30107498168945
2026-06-26 12:00:00+00:00,66.23420715332031
2026-06-26 13:00:00+00:00,76.7701416015625
2026-06-26 14:00:00+00:00,91.91783142089844
2026-06-26 15:00:00+00:00,116.58930969238281
2026-06-26 16:00:00+00:00,149.2923583984375
2026-06-26 17:00:00+00:00,188.8867950439453
2026-06-26 18:00:00+00:00,195.22329711914062
2026-06-26 19:00:00+00:00,192.69558715820312
2026-06-26 20:00:00+00:00,189.673583984375
2026-06-26 21:00:00+00:00,165.64520263671875
2026-06-26 22:00:00+00:00,151.22604370117188
2026-06-26 23:00:00+00:00,141.353759765625
2026-06-27 00:00:00+00:00,121.93497467041016
2026-06-27 01:00:00+00:00,114.9037094116211
2026-06-27 02:00:00+00:00,109.61648559570312
2026-06-27 03:00:00+00:00,107.50105285644531
2026-06-27 04:00:00+00:00,106.48348999023438
2026-06-27 05:00:00+00:00,98.78608703613281
2026-06-27 06:00:00+00:00,76.58707427978516
2026-06-27 07:00:00+00:00,47.865943908691406
2026-06-27 08:00:00+00:00,26.810375213623047
2026-06-27 09:00:00+00:00,17.49398422241211
2026-06-27 10:00:00+00:00,11.11343002319336
2026-06-27 11:00:00+00:00,6.6357574462890625
2026-06-27 12:00:00+00:00,7.168415069580078
2026-06-27 13:00:00+00:00,14.292198181152344
2026-06-27 14:00:00+00:00,27.086231231689453
2026-06-27 15:00:00+00:00,57.48960876464844
2026-06-27 16:00:00+00:00,103.61006164550781
2026-06-27 17:00:00+00:00,128.8481903076172
2026-06-27 18:00:00+00:00,139.02674865722656
2026-06-27 19:00:00+00:00,146.02194213867188
2026-06-27 20:00:00+00:00,148.50723266601562
2026-06-27 21:00:00+00:00,135.58396911621094
2026-06-27 22:00:00+00:00,123.50709533691406
2026-06-27 23:00:00+00:00,116.87257385253906
2026-06-28 00:00:00+00:00,110.92503356933594
2026-06-28 01:00:00+00:00,101.4742660522461
2026-06-28 02:00:00+00:00,94.35714721679688
2026-06-28 03:00:00+00:00,86.77178955078125
2026-06-28 04:00:00+00:00,79.51514434814453
2026-06-28 05:00:00+00:00,68.20402526855469
2026-06-28 06:00:00+00:00,48.02882385253906
2026-06-28 07:00:00+00:00,26.491596221923828
2026-06-28 08:00:00+00:00,16.496543884277344
2026-06-28 09:00:00+00:00,11.456424713134766
2026-06-28 10:00:00+00:00,5.787136077880859
2026-06-28 11:00:00+00:00,1.6716995239257812
2026-06-28 12:00:00+00:00,1.325469970703125
2026-06-28 13:00:00+00:00,6.456939697265625
2026-06-28 14:00:00+00:00,19.12826919555664
2026-06-28 15:00:00+00:00,46.34929656982422
2026-06-28 16:00:00+00:00,78.21405029296875
2026-06-28 17:00:00+00:00,113.40376281738281
2026-06-28 18:00:00+00:00,130.11570739746094
2026-06-28 19:00:00+00:00,139.7117156982422
2026-06-28 20:00:00+00:00,146.3167724609375
2026-06-28 21:00:00+00:00,132.50784301757812
2026-06-28 22:00:00+00:00,112.36563110351562
2026-06-28 23:00:00+00:00,102.60628509521484
2026-06-29 00:00:00+00:00,101.04486083984375
2026-06-29 01:00:00+00:00,95.41581726074219
2026-06-29 02:00:00+00:00,95.65321350097656
2026-06-29 03:00:00+00:00,104.37591552734375
2026-06-29 04:00:00+00:00,114.88353729248047
2026-06-29 05:00:00+00:00,119.7456283569336
2026-06-29 06:00:00+00:00,110.37694549560547
2026-06-29 07:00:00+00:00,84.0703125
2026-06-29 08:00:00+00:00,55.93135452270508
2026-06-29 09:00:00+00:00,40.129295349121094
2026-06-29 10:00:00+00:00,29.946613311767578
2026-06-29 11:00:00+00:00,23.4779052734375
2026-06-29 12:00:00+00:00,26.177833557128906
2026-06-29 13:00:00+00:00,39.2974967956543
2026-06-29 14:00:00+00:00,57.29447937011719
2026-06-29 15:00:00+00:00,86.12361907958984
2026-06-29 16:00:00+00:00,119.1882095336914
2026-06-29 17:00:00+00:00,145.83126831054688
2026-06-29 18:00:00+00:00,150.16722106933594
2026-06-29 19:00:00+00:00,149.88204956054688
2026-06-29 20:00:00+00:00,147.55538940429688
2026-06-29 21:00:00+00:00,131.33428955078125
2026-06-29 22:00:00+00:00,123.32974243164062
2026-06-29 23:00:00+00:00,118.40353393554688
2026-06-30 00:00:00+00:00,112.55133056640625
2026-06-30 01:00:00+00:00,110.40524291992188
2026-06-30 02:00:00+00:00,110.15036010742188
2026-06-30 03:00:00+00:00,117.57598876953125
2026-06-30 04:00:00+00:00,130.45791625976562
2026-06-30 05:00:00+00:00,138.78582763671875
2026-06-30 06:00:00+00:00,135.41018676757812
2026-06-30 07:00:00+00:00,119.30856323242188
2026-06-30 08:00:00+00:00,103.86904907226562
2026-06-30 09:00:00+00:00,90.74337768554688
2026-06-30 10:00:00+00:00,82.42210388183594
2026-06-30 11:00:00+00:00,77.52792358398438
2026-06-30 12:00:00+00:00,81.5289306640625
2026-06-30 13:00:00+00:00,90.80262756347656
2026-06-30 14:00:00+00:00,94.1568832397461
2026-06-30 15:00:00+00:00,102.20033264160156
2026-06-30 16:00:00+00:00,123.89466094970703
2026-06-30 17:00:00+00:00,169.31875610351562
2026-06-30 18:00:00+00:00,166.55599975585938
2026-06-30 19:00:00+00:00,153.9652862548828
2026-06-30 20:00:00+00:00,158.74163818359375
2026-06-30 21:00:00+00:00,134.26243591308594
