,forecast_eur_mwh
2026-01-08 00:00:00+00:00,79.3055648803711
2026-01-08 01:00:00+00:00,77.30958557128906
2026-01-08 02:00:00+00:00,76.9598388671875
2026-01-08 03:00:00+00:00,78.28445434570312
2026-01-08 04:00:00+00:00,83.04714965820312
2026-01-08 05:00:00+00:00,93.35313415527344
2026-01-08 06:00:00+00:00,108.71397399902344
2026-01-08 07:00:00+00:00,128.1987762451172
2026-01-08 08:00:00+00:00,134.5318603515625
2026-01-08 09:00:00+00:00,133.29331970214844
2026-01-08 10:00:00+00:00,126.9107666015625
2026-01-08 11:00:00+00:00,125.15809631347656
2026-01-08 12:00:00+00:00,123.47758483886719
2026-01-08 13:00:00+00:00,124.98140716552734
2026-01-08 14:00:00+00:00,128.8878173828125
2026-01-08 15:00:00+00:00,135.76046752929688
2026-01-08 16:00:00+00:00,144.76171875
2026-01-08 17:00:00+00:00,143.30990600585938
2026-01-08 18:00:00+00:00,132.8673095703125
2026-01-08 19:00:00+00:00,120.17570495605469
2026-01-08 20:00:00+00:00,106.47528076171875
2026-01-08 21:00:00+00:00,95.84133911132812
2026-01-08 22:00:00+00:00,85.0254135131836
2026-01-08 23:00:00+00:00,81.09720611572266
2026-01-09 00:00:00+00:00,74.27054595947266
2026-01-09 01:00:00+00:00,71.19355773925781
2026-01-09 02:00:00+00:00,68.36870574951172
2026-01-09 03:00:00+00:00,69.13666534423828
2026-01-09 04:00:00+00:00,71.93279266357422
2026-01-09 05:00:00+00:00,75.95690155029297
2026-01-09 06:00:00+00:00,83.20420837402344
2026-01-09 07:00:00+00:00,91.97315216064453
2026-01-09 08:00:00+00:00,95.33213806152344
2026-01-09 09:00:00+00:00,92.16535186767578
2026-01-09 10:00:00+00:00,87.98895263671875
2026-01-09 11:00:00+00:00,85.26874542236328
2026-01-09 12:00:00+00:00,83.76897430419922
2026-01-09 13:00:00+00:00,85.23429870605469
2026-01-09 14:00:00+00:00,89.3265609741211
2026-01-09 15:00:00+00:00,95.49304962158203
2026-01-09 16:00:00+00:00,105.8064956665039
2026-01-09 17:00:00+00:00,103.98851776123047
2026-01-09 18:00:00+00:00,96.25099182128906
2026-01-09 19:00:00+00:00,89.10123443603516
2026-01-09 20:00:00+00:00,83.87926483154297
2026-01-09 21:00:00+00:00,81.59767150878906
2026-01-09 22:00:00+00:00,79.04171752929688
2026-01-09 23:00:00+00:00,78.67664337158203
2026-01-10 00:00:00+00:00,69.4698486328125
2026-01-10 01:00:00+00:00,66.0929946899414
2026-01-10 02:00:00+00:00,62.95036315917969
2026-01-10 03:00:00+00:00,60.759857177734375
2026-01-10 04:00:00+00:00,59.921791076660156
2026-01-10 05:00:00+00:00,61.248802185058594
2026-01-10 06:00:00+00:00,66.28469848632812
2026-01-10 07:00:00+00:00,74.622802734375
2026-01-10 08:00:00+00:00,84.60067749023438
2026-01-10 09:00:00+00:00,91.49199676513672
2026-01-10 10:00:00+00:00,94.70115661621094
2026-01-10 11:00:00+00:00,96.86927795410156
2026-01-10 12:00:00+00:00,98.49885559082031
2026-01-10 13:00:00+00:00,101.91493225097656
2026-01-10 14:00:00+00:00,107.01889038085938
2026-01-10 15:00:00+00:00,115.2298355102539
2026-01-10 16:00:00+00:00,125.9227294921875
2026-01-10 17:00:00+00:00,128.59999084472656
2026-01-10 18:00:00+00:00,123.38090515136719
2026-01-10 19:00:00+00:00,116.3231201171875
2026-01-10 20:00:00+00:00,111.00237274169922
2026-01-10 21:00:00+00:00,108.68865966796875
2026-01-10 22:00:00+00:00,104.23762512207031
2026-01-10 23:00:00+00:00,103.28623962402344
2026-01-11 00:00:00+00:00,94.33474731445312
2026-01-11 01:00:00+00:00,91.78654479980469
2026-01-11 02:00:00+00:00,90.69345092773438
2026-01-11 03:00:00+00:00,90.42288208007812
2026-01-11 04:00:00+00:00,91.50398254394531
2026-01-11 05:00:00+00:00,96.2813720703125
2026-01-11 06:00:00+00:00,104.25788879394531
2026-01-11 07:00:00+00:00,115.64314270019531
2026-01-11 08:00:00+00:00,119.46578979492188
2026-01-11 09:00:00+00:00,117.51285552978516
2026-01-11 10:00:00+00:00,112.2136459350586
2026-01-11 11:00:00+00:00,107.98283386230469
2026-01-11 12:00:00+00:00,107.12811279296875
2026-01-11 13:00:00+00:00,110.45089721679688
2026-01-11 14:00:00+00:00,117.91239929199219
2026-01-11 15:00:00+00:00,130.15638732910156
2026-01-11 16:00:00+00:00,143.00877380371094
2026-01-11 17:00:00+00:00,141.72787475585938
2026-01-11 18:00:00+00:00,131.06643676757812
2026-01-11 19:00:00+00:00,116.19688415527344
2026-01-11 20:00:00+00:00,104.95429992675781
2026-01-11 21:00:00+00:00,97.59942626953125
2026-01-11 22:00:00+00:00,91.58464813232422
2026-01-11 23:00:00+00:00,88.7086181640625
2026-01-12 00:00:00+00:00,79.814697265625
2026-01-12 01:00:00+00:00,77.26464080810547
2026-01-12 02:00:00+00:00,74.92638397216797
2026-01-12 03:00:00+00:00,75.36695098876953
2026-01-12 04:00:00+00:00,80.07836151123047
2026-01-12 05:00:00+00:00,92.12344360351562
2026-01-12 06:00:00+00:00,109.89539337158203
2026-01-12 07:00:00+00:00,124.88642120361328
2026-01-12 08:00:00+00:00,131.07208251953125
2026-01-12 09:00:00+00:00,132.0848388671875
2026-01-12 10:00:00+00:00,127.2691650390625
2026-01-12 11:00:00+00:00,124.09397888183594
2026-01-12 12:00:00+00:00,121.48245239257812
2026-01-12 13:00:00+00:00,123.00161743164062
2026-01-12 14:00:00+00:00,125.03119659423828
2026-01-12 15:00:00+00:00,121.65293884277344
2026-01-12 16:00:00+00:00,118.43326568603516
2026-01-12 17:00:00+00:00,115.13310241699219
2026-01-12 18:00:00+00:00,106.1330795288086
2026-01-12 19:00:00+00:00,97.52119445800781
2026-01-12 20:00:00+00:00,90.99452209472656
2026-01-12 21:00:00+00:00,86.9351806640625
2026-01-12 22:00:00+00:00,84.15574645996094
2026-01-12 23:00:00+00:00,84.71366882324219
2026-01-13 00:00:00+00:00,82.81629180908203
2026-01-13 01:00:00+00:00,81.7911148071289
2026-01-13 02:00:00+00:00,80.77547454833984
2026-01-13 03:00:00+00:00,82.40738677978516
2026-01-13 04:00:00+00:00,87.5208511352539
2026-01-13 05:00:00+00:00,103.8318099975586
2026-01-13 06:00:00+00:00,130.72950744628906
2026-01-13 07:00:00+00:00,161.90097045898438
2026-01-13 08:00:00+00:00,173.1522216796875
2026-01-13 09:00:00+00:00,175.21420288085938
2026-01-13 10:00:00+00:00,171.85720825195312
2026-01-13 11:00:00+00:00,172.014892578125
2026-01-13 12:00:00+00:00,173.34271240234375
2026-01-13 13:00:00+00:00,178.6387481689453
2026-01-13 14:00:00+00:00,182.48040771484375
2026-01-13 15:00:00+00:00,184.35650634765625
2026-01-13 16:00:00+00:00,167.52194213867188
2026-01-13 17:00:00+00:00,150.25730895996094
2026-01-13 18:00:00+00:00,123.92438507080078
2026-01-13 19:00:00+00:00,104.39299011230469
2026-01-13 20:00:00+00:00,96.37159729003906
2026-01-13 21:00:00+00:00,91.3943862915039
2026-01-13 22:00:00+00:00,85.86456298828125
2026-01-13 23:00:00+00:00,84.03668212890625
2026-01-14 00:00:00+00:00,84.03314208984375
2026-01-14 01:00:00+00:00,83.26593017578125
2026-01-14 02:00:00+00:00,83.13005828857422
2026-01-14 03:00:00+00:00,83.02417755126953
2026-01-14 04:00:00+00:00,85.41687774658203
2026-01-14 05:00:00+00:00,92.11966705322266
2026-01-14 06:00:00+00:00,105.62474060058594
2026-01-14 07:00:00+00:00,119.61758422851562
2026-01-14 08:00:00+00:00,127.59925079345703
2026-01-14 09:00:00+00:00,128.55714416503906
2026-01-14 10:00:00+00:00,123.26798248291016
2026-01-14 11:00:00+00:00,119.23311614990234
2026-01-14 12:00:00+00:00,119.75971984863281
2026-01-14 13:00:00+00:00,126.62320709228516
2026-01-14 14:00:00+00:00,134.0885772705078
2026-01-14 15:00:00+00:00,142.79855346679688
2026-01-14 16:00:00+00:00,168.61471557617188
2026-01-14 17:00:00+00:00,167.19818115234375
2026-01-14 18:00:00+00:00,156.353759765625
2026-01-14 19:00:00+00:00,141.59205627441406
2026-01-14 20:00:00+00:00,131.592529296875
2026-01-14 21:00:00+00:00,123.71739959716797
2026-01-14 22:00:00+00:00,112.45164489746094
2026-01-14 23:00:00+00:00,105.4237289428711
2026-01-15 00:00:00+00:00,96.75389862060547
2026-01-15 01:00:00+00:00,91.38482666015625
2026-01-15 02:00:00+00:00,88.81517028808594
2026-01-15 03:00:00+00:00,88.2142333984375
2026-01-15 04:00:00+00:00,91.5112075805664
2026-01-15 05:00:00+00:00,101.1233901977539
2026-01-15 06:00:00+00:00,115.16168212890625
2026-01-15 07:00:00+00:00,130.69528198242188
2026-01-15 08:00:00+00:00,132.15853881835938
2026-01-15 09:00:00+00:00,124.96552276611328
2026-01-15 10:00:00+00:00,113.86543273925781
2026-01-15 11:00:00+00:00,109.17652130126953
2026-01-15 12:00:00+00:00,110.99105834960938
2026-01-15 13:00:00+00:00,120.4996109008789
2026-01-15 14:00:00+00:00,133.8843536376953
2026-01-15 15:00:00+00:00,148.1519775390625
2026-01-15 16:00:00+00:00,175.54129028320312
2026-01-15 17:00:00+00:00,155.6016387939453
2026-01-15 18:00:00+00:00,126.03217315673828
2026-01-15 19:00:00+00:00,103.52320861816406
2026-01-15 20:00:00+00:00,93.52423858642578
2026-01-15 21:00:00+00:00,86.86412811279297
2026-01-15 22:00:00+00:00,78.56825256347656
2026-01-15 23:00:00+00:00,77.12342834472656
2026-01-16 00:00:00+00:00,77.89364624023438
2026-01-16 01:00:00+00:00,75.6566162109375
2026-01-16 02:00:00+00:00,73.13941192626953
2026-01-16 03:00:00+00:00,73.15454864501953
2026-01-16 04:00:00+00:00,76.21631622314453
2026-01-16 05:00:00+00:00,83.14446258544922
2026-01-16 06:00:00+00:00,94.30380249023438
2026-01-16 07:00:00+00:00,105.90347290039062
2026-01-16 08:00:00+00:00,108.8855972290039
2026-01-16 09:00:00+00:00,105.78324890136719
2026-01-16 10:00:00+00:00,102.78972625732422
2026-01-16 11:00:00+00:00,103.35445404052734
2026-01-16 12:00:00+00:00,109.35020446777344
2026-01-16 13:00:00+00:00,119.91300201416016
2026-01-16 14:00:00+00:00,135.02291870117188
2026-01-16 15:00:00+00:00,147.2084197998047
2026-01-16 16:00:00+00:00,157.9718475341797
2026-01-16 17:00:00+00:00,148.65902709960938
2026-01-16 18:00:00+00:00,135.65447998046875
2026-01-16 19:00:00+00:00,123.5665283203125
2026-01-16 20:00:00+00:00,114.9118881225586
2026-01-16 21:00:00+00:00,109.33268737792969
2026-01-16 22:00:00+00:00,102.634765625
2026-01-16 23:00:00+00:00,99.86946868896484
2026-01-17 00:00:00+00:00,98.32391357421875
2026-01-17 01:00:00+00:00,93.5113296508789
2026-01-17 02:00:00+00:00,90.45976257324219
2026-01-17 03:00:00+00:00,88.66736602783203
2026-01-17 04:00:00+00:00,88.92724609375
2026-01-17 05:00:00+00:00,90.75444030761719
2026-01-17 06:00:00+00:00,94.93587493896484
2026-01-17 07:00:00+00:00,101.67417907714844
2026-01-17 08:00:00+00:00,105.67911529541016
2026-01-17 09:00:00+00:00,106.38932037353516
2026-01-17 10:00:00+00:00,105.25047302246094
2026-01-17 11:00:00+00:00,104.89927673339844
2026-01-17 12:00:00+00:00,106.0958251953125
2026-01-17 13:00:00+00:00,109.16773986816406
2026-01-17 14:00:00+00:00,115.16656494140625
2026-01-17 15:00:00+00:00,123.42141723632812
2026-01-17 16:00:00+00:00,132.9208221435547
2026-01-17 17:00:00+00:00,129.61965942382812
2026-01-17 18:00:00+00:00,121.63741302490234
2026-01-17 19:00:00+00:00,112.85391998291016
2026-01-17 20:00:00+00:00,107.01789855957031
2026-01-17 21:00:00+00:00,102.65473175048828
2026-01-17 22:00:00+00:00,97.77263641357422
2026-01-17 23:00:00+00:00,96.7285385131836
2026-01-18 00:00:00+00:00,105.3646469116211
2026-01-18 01:00:00+00:00,101.062255859375
2026-01-18 02:00:00+00:00,96.83464050292969
2026-01-18 03:00:00+00:00,94.62908172607422
2026-01-18 04:00:00+00:00,93.30286407470703
2026-01-18 05:00:00+00:00,93.77796936035156
2026-01-18 06:00:00+00:00,96.34992980957031
2026-01-18 07:00:00+00:00,100.59397888183594
2026-01-18 08:00:00+00:00,104.30213165283203
2026-01-18 09:00:00+00:00,103.49436950683594
2026-01-18 10:00:00+00:00,101.29120635986328
2026-01-18 11:00:00+00:00,99.92181396484375
2026-01-18 12:00:00+00:00,99.76709747314453
2026-01-18 13:00:00+00:00,101.76896667480469
2026-01-18 14:00:00+00:00,106.46487426757812
2026-01-18 15:00:00+00:00,114.39385223388672
2026-01-18 16:00:00+00:00,125.59541320800781
2026-01-18 17:00:00+00:00,124.4580307006836
2026-01-18 18:00:00+00:00,118.65058135986328
2026-01-18 19:00:00+00:00,110.33124542236328
2026-01-18 20:00:00+00:00,104.53099822998047
2026-01-18 21:00:00+00:00,100.37239837646484
2026-01-18 22:00:00+00:00,95.94821166992188
2026-01-18 23:00:00+00:00,95.1624755859375
2026-01-19 00:00:00+00:00,98.29373931884766
2026-01-19 01:00:00+00:00,96.47099304199219
2026-01-19 02:00:00+00:00,95.40847778320312
2026-01-19 03:00:00+00:00,96.08502197265625
2026-01-19 04:00:00+00:00,101.46721649169922
2026-01-19 05:00:00+00:00,117.68276977539062
2026-01-19 06:00:00+00:00,135.23223876953125
2026-01-19 07:00:00+00:00,150.1514892578125
2026-01-19 08:00:00+00:00,143.5914306640625
2026-01-19 09:00:00+00:00,129.83505249023438
2026-01-19 10:00:00+00:00,118.96650695800781
2026-01-19 11:00:00+00:00,115.56564331054688
2026-01-19 12:00:00+00:00,117.80814361572266
2026-01-19 13:00:00+00:00,127.1220703125
2026-01-19 14:00:00+00:00,143.11441040039062
2026-01-19 15:00:00+00:00,161.552978515625
2026-01-19 16:00:00+00:00,182.73553466796875
2026-01-19 17:00:00+00:00,180.08755493164062
2026-01-19 18:00:00+00:00,161.34375
2026-01-19 19:00:00+00:00,141.89634704589844
2026-01-19 20:00:00+00:00,128.2028350830078
2026-01-19 21:00:00+00:00,121.86602783203125
2026-01-19 22:00:00+00:00,112.73512268066406
2026-01-19 23:00:00+00:00,110.74816131591797
2026-01-20 00:00:00+00:00,114.48170471191406
2026-01-20 01:00:00+00:00,113.08695220947266
2026-01-20 02:00:00+00:00,111.912353515625
2026-01-20 03:00:00+00:00,113.17533874511719
2026-01-20 04:00:00+00:00,117.92172241210938
2026-01-20 05:00:00+00:00,139.39166259765625
2026-01-20 06:00:00+00:00,167.1053924560547
2026-01-20 07:00:00+00:00,185.43716430664062
2026-01-20 08:00:00+00:00,172.25714111328125
2026-01-20 09:00:00+00:00,145.73239135742188
2026-01-20 10:00:00+00:00,126.72892761230469
2026-01-20 11:00:00+00:00,121.32897186279297
2026-01-20 12:00:00+00:00,125.941162109375
2026-01-20 13:00:00+00:00,144.5020294189453
2026-01-20 14:00:00+00:00,169.444091796875
2026-01-20 15:00:00+00:00,190.5142822265625
2026-01-20 16:00:00+00:00,206.70840454101562
2026-01-20 17:00:00+00:00,197.19488525390625
2026-01-20 18:00:00+00:00,174.79281616210938
2026-01-20 19:00:00+00:00,150.0804443359375
2026-01-20 20:00:00+00:00,132.52920532226562
2026-01-20 21:00:00+00:00,124.2958984375
2026-01-20 22:00:00+00:00,115.31549835205078
2026-01-20 23:00:00+00:00,115.13490295410156
2026-01-21 00:00:00+00:00,102.31761169433594
2026-01-21 01:00:00+00:00,100.28685760498047
2026-01-21 02:00:00+00:00,98.810302734375
2026-01-21 03:00:00+00:00,99.0700912475586
2026-01-21 04:00:00+00:00,104.85540008544922
2026-01-21 05:00:00+00:00,132.3654327392578
2026-01-21 06:00:00+00:00,163.58840942382812
2026-01-21 07:00:00+00:00,170.87734985351562
2026-01-21 08:00:00+00:00,143.58998107910156
2026-01-21 09:00:00+00:00,115.94377136230469
2026-01-21 10:00:00+00:00,101.9879379272461
2026-01-21 11:00:00+00:00,97.91612243652344
2026-01-21 12:00:00+00:00,100.19987487792969
2026-01-21 13:00:00+00:00,116.71930694580078
2026-01-21 14:00:00+00:00,145.601806640625
2026-01-21 15:00:00+00:00,178.86483764648438
2026-01-21 16:00:00+00:00,190.7089080810547
2026-01-21 17:00:00+00:00,169.08135986328125
2026-01-21 18:00:00+00:00,149.0196533203125
2026-01-21 19:00:00+00:00,125.86166381835938
2026-01-21 20:00:00+00:00,111.67985534667969
2026-01-21 21:00:00+00:00,102.52256774902344
2026-01-21 22:00:00+00:00,95.09391021728516
2026-01-21 23:00:00+00:00,93.38935852050781
2026-01-22 00:00:00+00:00,88.87553405761719
2026-01-22 01:00:00+00:00,86.92137908935547
2026-01-22 02:00:00+00:00,86.14835357666016
2026-01-22 03:00:00+00:00,85.56998443603516
2026-01-22 04:00:00+00:00,88.4426498413086
2026-01-22 05:00:00+00:00,105.91645812988281
2026-01-22 06:00:00+00:00,134.10694885253906
2026-01-22 07:00:00+00:00,146.5872344970703
2026-01-22 08:00:00+00:00,127.78302764892578
2026-01-22 09:00:00+00:00,103.30328369140625
2026-01-22 10:00:00+00:00,90.34645080566406
2026-01-22 11:00:00+00:00,87.34309387207031
2026-01-22 12:00:00+00:00,89.43602752685547
2026-01-22 13:00:00+00:00,99.57685852050781
2026-01-22 14:00:00+00:00,122.41108703613281
2026-01-22 15:00:00+00:00,148.17910766601562
2026-01-22 16:00:00+00:00,151.0702362060547
2026-01-22 17:00:00+00:00,142.5721435546875
2026-01-22 18:00:00+00:00,128.36752319335938
2026-01-22 19:00:00+00:00,113.23775482177734
2026-01-22 20:00:00+00:00,105.1873779296875
2026-01-22 21:00:00+00:00,100.31658172607422
2026-01-22 22:00:00+00:00,93.7532730102539
2026-01-22 23:00:00+00:00,91.88166046142578
2026-01-23 00:00:00+00:00,94.35809326171875
2026-01-23 01:00:00+00:00,91.80239868164062
2026-01-23 02:00:00+00:00,91.0397720336914
2026-01-23 03:00:00+00:00,90.19926452636719
2026-01-23 04:00:00+00:00,89.99323272705078
2026-01-23 05:00:00+00:00,97.23922729492188
2026-01-23 06:00:00+00:00,120.5050277709961
2026-01-23 07:00:00+00:00,130.3433074951172
2026-01-23 08:00:00+00:00,118.2635726928711
2026-01-23 09:00:00+00:00,101.61649322509766
2026-01-23 10:00:00+00:00,93.35431671142578
2026-01-23 11:00:00+00:00,91.04232025146484
2026-01-23 12:00:00+00:00,91.77263641357422
2026-01-23 13:00:00+00:00,95.67881774902344
2026-01-23 14:00:00+00:00,105.30694580078125
2026-01-23 15:00:00+00:00,118.87450408935547
2026-01-23 16:00:00+00:00,120.68584442138672
2026-01-23 17:00:00+00:00,119.35746765136719
2026-01-23 18:00:00+00:00,113.63513946533203
2026-01-23 19:00:00+00:00,102.99722290039062
2026-01-23 20:00:00+00:00,99.04842376708984
2026-01-23 21:00:00+00:00,97.71308135986328
2026-01-23 22:00:00+00:00,95.33904266357422
2026-01-23 23:00:00+00:00,95.25961303710938
2026-01-24 00:00:00+00:00,99.63697814941406
2026-01-24 01:00:00+00:00,98.2203598022461
2026-01-24 02:00:00+00:00,96.84750366210938
2026-01-24 03:00:00+00:00,96.21280670166016
2026-01-24 04:00:00+00:00,95.75492095947266
2026-01-24 05:00:00+00:00,95.79246520996094
2026-01-24 06:00:00+00:00,98.6390380859375
2026-01-24 07:00:00+00:00,106.3251953125
2026-01-24 08:00:00+00:00,109.94048309326172
2026-01-24 09:00:00+00:00,107.09290313720703
2026-01-24 10:00:00+00:00,102.31481170654297
2026-01-24 11:00:00+00:00,100.27904510498047
2026-01-24 12:00:00+00:00,99.33760833740234
2026-01-24 13:00:00+00:00,100.92494201660156
2026-01-24 14:00:00+00:00,107.4217529296875
2026-01-24 15:00:00+00:00,119.1562728881836
2026-01-24 16:00:00+00:00,136.1038055419922
2026-01-24 17:00:00+00:00,136.1717987060547
2026-01-24 18:00:00+00:00,129.7018585205078
2026-01-24 19:00:00+00:00,118.82215881347656
2026-01-24 20:00:00+00:00,110.88697814941406
2026-01-24 21:00:00+00:00,108.26970672607422
2026-01-24 22:00:00+00:00,105.02096557617188
2026-01-24 23:00:00+00:00,105.59845733642578
2026-01-25 00:00:00+00:00,99.75574493408203
2026-01-25 01:00:00+00:00,98.39844512939453
2026-01-25 02:00:00+00:00,96.70318603515625
2026-01-25 03:00:00+00:00,95.85133361816406
2026-01-25 04:00:00+00:00,95.64488220214844
2026-01-25 05:00:00+00:00,95.70003509521484
2026-01-25 06:00:00+00:00,97.29651641845703
2026-01-25 07:00:00+00:00,103.03579711914062
2026-01-25 08:00:00+00:00,110.16595458984375
2026-01-25 09:00:00+00:00,110.7494888305664
2026-01-25 10:00:00+00:00,108.06764221191406
2026-01-25 11:00:00+00:00,106.24046325683594
2026-01-25 12:00:00+00:00,104.65180206298828
2026-01-25 13:00:00+00:00,104.14772033691406
2026-01-25 14:00:00+00:00,106.36294555664062
2026-01-25 15:00:00+00:00,114.73665618896484
2026-01-25 16:00:00+00:00,126.26773071289062
2026-01-25 17:00:00+00:00,132.7658233642578
2026-01-25 18:00:00+00:00,127.98072814941406
2026-01-25 19:00:00+00:00,118.36459350585938
2026-01-25 20:00:00+00:00,111.78843688964844
2026-01-25 21:00:00+00:00,108.5541763305664
2026-01-25 22:00:00+00:00,102.25891876220703
2026-01-25 23:00:00+00:00,99.51952362060547
2026-01-26 00:00:00+00:00,102.41517639160156
2026-01-26 01:00:00+00:00,100.42770385742188
2026-01-26 02:00:00+00:00,98.56536865234375
2026-01-26 03:00:00+00:00,98.48351287841797
2026-01-26 04:00:00+00:00,103.2400894165039
2026-01-26 05:00:00+00:00,128.04144287109375
2026-01-26 06:00:00+00:00,165.49510192871094
2026-01-26 07:00:00+00:00,189.2723388671875
2026-01-26 08:00:00+00:00,175.02682495117188
2026-01-26 09:00:00+00:00,154.96055603027344
2026-01-26 10:00:00+00:00,138.92543029785156
2026-01-26 11:00:00+00:00,133.02236938476562
2026-01-26 12:00:00+00:00,132.44911193847656
2026-01-26 13:00:00+00:00,141.00799560546875
2026-01-26 14:00:00+00:00,158.12533569335938
2026-01-26 15:00:00+00:00,183.89920043945312
2026-01-26 16:00:00+00:00,206.48553466796875
2026-01-26 17:00:00+00:00,203.8915252685547
2026-01-26 18:00:00+00:00,180.29434204101562
2026-01-26 19:00:00+00:00,154.11642456054688
2026-01-26 20:00:00+00:00,134.24700927734375
2026-01-26 21:00:00+00:00,123.08209228515625
2026-01-26 22:00:00+00:00,113.45740509033203
2026-01-26 23:00:00+00:00,113.14116668701172
2026-01-27 00:00:00+00:00,119.59695434570312
2026-01-27 01:00:00+00:00,116.18447875976562
2026-01-27 02:00:00+00:00,114.91966247558594
2026-01-27 03:00:00+00:00,116.81292724609375
2026-01-27 04:00:00+00:00,123.94989013671875
2026-01-27 05:00:00+00:00,151.99783325195312
2026-01-27 06:00:00+00:00,184.88180541992188
2026-01-27 07:00:00+00:00,202.43215942382812
2026-01-27 08:00:00+00:00,188.79759216308594
2026-01-27 09:00:00+00:00,172.20016479492188
2026-01-27 10:00:00+00:00,153.84817504882812
2026-01-27 11:00:00+00:00,141.4329833984375
2026-01-27 12:00:00+00:00,134.0723876953125
2026-01-27 13:00:00+00:00,132.3344268798828
2026-01-27 14:00:00+00:00,138.09542846679688
2026-01-27 15:00:00+00:00,144.3135986328125
2026-01-27 16:00:00+00:00,156.54745483398438
2026-01-27 17:00:00+00:00,151.9503173828125
2026-01-27 18:00:00+00:00,142.47384643554688
2026-01-27 19:00:00+00:00,128.750732421875
2026-01-27 20:00:00+00:00,118.55379486083984
2026-01-27 21:00:00+00:00,110.56680297851562
2026-01-27 22:00:00+00:00,103.94850158691406
2026-01-27 23:00:00+00:00,103.08396911621094
2026-01-28 00:00:00+00:00,101.92679595947266
2026-01-28 01:00:00+00:00,99.83988952636719
2026-01-28 02:00:00+00:00,99.04106140136719
2026-01-28 03:00:00+00:00,98.6222152709961
2026-01-28 04:00:00+00:00,100.70568084716797
2026-01-28 05:00:00+00:00,111.35628509521484
2026-01-28 06:00:00+00:00,133.4144287109375
2026-01-28 07:00:00+00:00,149.88327026367188
2026-01-28 08:00:00+00:00,150.683837890625
2026-01-28 09:00:00+00:00,142.8119354248047
2026-01-28 10:00:00+00:00,132.71563720703125
2026-01-28 11:00:00+00:00,123.33016967773438
2026-01-28 12:00:00+00:00,118.46284484863281
2026-01-28 13:00:00+00:00,121.86084747314453
2026-01-28 14:00:00+00:00,125.43099975585938
2026-01-28 15:00:00+00:00,129.88421630859375
2026-01-28 16:00:00+00:00,138.9359588623047
2026-01-28 17:00:00+00:00,135.23902893066406
2026-01-28 18:00:00+00:00,127.67601013183594
2026-01-28 19:00:00+00:00,116.32826232910156
2026-01-28 20:00:00+00:00,110.26930236816406
2026-01-28 21:00:00+00:00,106.04999542236328
2026-01-28 22:00:00+00:00,100.23413848876953
2026-01-28 23:00:00+00:00,97.74235534667969
2026-01-29 00:00:00+00:00,101.82593536376953
2026-01-29 01:00:00+00:00,100.95123291015625
2026-01-29 02:00:00+00:00,100.6013412475586
2026-01-29 03:00:00+00:00,101.77023315429688
2026-01-29 04:00:00+00:00,105.24107360839844
2026-01-29 05:00:00+00:00,117.43496704101562
2026-01-29 06:00:00+00:00,141.8964080810547
2026-01-29 07:00:00+00:00,165.66140747070312
2026-01-29 08:00:00+00:00,170.48721313476562
2026-01-29 09:00:00+00:00,167.84483337402344
2026-01-29 10:00:00+00:00,161.3191680908203
2026-01-29 11:00:00+00:00,155.02896118164062
2026-01-29 12:00:00+00:00,151.72982788085938
2026-01-29 13:00:00+00:00,153.098388671875
2026-01-29 14:00:00+00:00,158.1830291748047
2026-01-29 15:00:00+00:00,168.0350341796875
2026-01-29 16:00:00+00:00,177.83644104003906
2026-01-29 17:00:00+00:00,169.5956268310547
2026-01-29 18:00:00+00:00,153.9752655029297
2026-01-29 19:00:00+00:00,134.09808349609375
2026-01-29 20:00:00+00:00,124.24742889404297
2026-01-29 21:00:00+00:00,118.091796875
2026-01-29 22:00:00+00:00,110.8570327758789
2026-01-29 23:00:00+00:00,109.27027130126953
2026-01-30 00:00:00+00:00,106.9705581665039
2026-01-30 01:00:00+00:00,104.28164672851562
2026-01-30 02:00:00+00:00,102.6517333984375
2026-01-30 03:00:00+00:00,102.29106903076172
2026-01-30 04:00:00+00:00,104.29827117919922
2026-01-30 05:00:00+00:00,114.07550048828125
2026-01-30 06:00:00+00:00,136.45620727539062
2026-01-30 07:00:00+00:00,153.39425659179688
2026-01-30 08:00:00+00:00,157.35256958007812
2026-01-30 09:00:00+00:00,151.52432250976562
2026-01-30 10:00:00+00:00,142.72413635253906
2026-01-30 11:00:00+00:00,134.20916748046875
2026-01-30 12:00:00+00:00,127.41337585449219
2026-01-30 13:00:00+00:00,126.95504760742188
2026-01-30 14:00:00+00:00,128.698974609375
2026-01-30 15:00:00+00:00,132.297119140625
2026-01-30 16:00:00+00:00,140.33221435546875
2026-01-30 17:00:00+00:00,137.2237548828125
2026-01-30 18:00:00+00:00,128.32081604003906
2026-01-30 19:00:00+00:00,115.54269409179688
2026-01-30 20:00:00+00:00,107.32981872558594
2026-01-30 21:00:00+00:00,104.27971649169922
2026-01-30 22:00:00+00:00,99.39015197753906
2026-01-30 23:00:00+00:00,100.65137481689453
2026-01-31 00:00:00+00:00,95.25697326660156
2026-01-31 01:00:00+00:00,92.91915130615234
2026-01-31 02:00:00+00:00,90.71087646484375
2026-01-31 03:00:00+00:00,89.62841796875
2026-01-31 04:00:00+00:00,90.17249298095703
2026-01-31 05:00:00+00:00,91.45849609375
2026-01-31 06:00:00+00:00,95.34260559082031
2026-01-31 07:00:00+00:00,102.49755859375
2026-01-31 08:00:00+00:00,110.37666320800781
2026-01-31 09:00:00+00:00,110.57376861572266
2026-01-31 10:00:00+00:00,107.22571563720703
2026-01-31 11:00:00+00:00,105.52344512939453
2026-01-31 12:00:00+00:00,103.1178970336914
2026-01-31 13:00:00+00:00,103.7689437866211
2026-01-31 14:00:00+00:00,108.82793426513672
2026-01-31 15:00:00+00:00,119.82344818115234
2026-01-31 16:00:00+00:00,130.57293701171875
2026-01-31 17:00:00+00:00,130.7427215576172
2026-01-31 18:00:00+00:00,123.91461181640625
2026-01-31 19:00:00+00:00,113.39218139648438
2026-01-31 20:00:00+00:00,105.54094696044922
2026-01-31 21:00:00+00:00,104.53082275390625
2026-01-31 22:00:00+00:00,99.78022766113281
2026-01-31 23:00:00+00:00,99.29978942871094
2026-02-01 00:00:00+00:00,97.17417907714844
2026-02-01 01:00:00+00:00,96.71904754638672
2026-02-01 02:00:00+00:00,96.03594970703125
2026-02-01 03:00:00+00:00,95.0503921508789
2026-02-01 04:00:00+00:00,94.83737182617188
2026-02-01 05:00:00+00:00,94.84198760986328
2026-02-01 06:00:00+00:00,96.66068267822266
2026-02-01 07:00:00+00:00,101.23895263671875
2026-02-01 08:00:00+00:00,107.02826690673828
2026-02-01 09:00:00+00:00,109.33990478515625
2026-02-01 10:00:00+00:00,108.6739273071289
2026-02-01 11:00:00+00:00,106.97341918945312
2026-02-01 12:00:00+00:00,104.40174865722656
2026-02-01 13:00:00+00:00,103.99656677246094
2026-02-01 14:00:00+00:00,106.04352569580078
2026-02-01 15:00:00+00:00,113.94706726074219
2026-02-01 16:00:00+00:00,125.72696685791016
2026-02-01 17:00:00+00:00,128.14549255371094
2026-02-01 18:00:00+00:00,123.66443634033203
2026-02-01 19:00:00+00:00,115.34253692626953
2026-02-01 20:00:00+00:00,106.9281234741211
2026-02-01 21:00:00+00:00,103.74140167236328
2026-02-01 22:00:00+00:00,96.61017608642578
2026-02-01 23:00:00+00:00,92.08887481689453
2026-02-02 00:00:00+00:00,96.84022521972656
2026-02-02 01:00:00+00:00,95.24590301513672
2026-02-02 02:00:00+00:00,93.90390014648438
2026-02-02 03:00:00+00:00,92.94879150390625
2026-02-02 04:00:00+00:00,95.03605651855469
2026-02-02 05:00:00+00:00,109.33787536621094
2026-02-02 06:00:00+00:00,135.3049774169922
2026-02-02 07:00:00+00:00,151.6235809326172
2026-02-02 08:00:00+00:00,150.52316284179688
2026-02-02 09:00:00+00:00,142.4925994873047
2026-02-02 10:00:00+00:00,133.11154174804688
2026-02-02 11:00:00+00:00,125.70044708251953
2026-02-02 12:00:00+00:00,121.76042175292969
2026-02-02 13:00:00+00:00,124.64590454101562
2026-02-02 14:00:00+00:00,131.45945739746094
2026-02-02 15:00:00+00:00,138.4575958251953
2026-02-02 16:00:00+00:00,148.35813903808594
2026-02-02 17:00:00+00:00,146.58311462402344
2026-02-02 18:00:00+00:00,135.76138305664062
2026-02-02 19:00:00+00:00,118.93036651611328
2026-02-02 20:00:00+00:00,108.9748306274414
2026-02-02 21:00:00+00:00,105.23619842529297
2026-02-02 22:00:00+00:00,98.09164428710938
2026-02-02 23:00:00+00:00,96.10830688476562
2026-02-03 00:00:00+00:00,90.90818786621094
2026-02-03 01:00:00+00:00,89.36151885986328
2026-02-03 02:00:00+00:00,87.5029296875
2026-02-03 03:00:00+00:00,86.93460845947266
2026-02-03 04:00:00+00:00,87.99508666992188
2026-02-03 05:00:00+00:00,94.33184051513672
2026-02-03 06:00:00+00:00,108.85983276367188
2026-02-03 07:00:00+00:00,121.9533462524414
2026-02-03 08:00:00+00:00,121.13927459716797
2026-02-03 09:00:00+00:00,111.16344451904297
2026-02-03 10:00:00+00:00,103.04517364501953
2026-02-03 11:00:00+00:00,97.92444610595703
2026-02-03 12:00:00+00:00,95.35545349121094
2026-02-03 13:00:00+00:00,96.87721252441406
2026-02-03 14:00:00+00:00,100.98387145996094
2026-02-03 15:00:00+00:00,107.59126281738281
2026-02-03 16:00:00+00:00,119.54595184326172
2026-02-03 17:00:00+00:00,121.03079986572266
2026-02-03 18:00:00+00:00,114.17086029052734
2026-02-03 19:00:00+00:00,105.97895050048828
2026-02-03 20:00:00+00:00,101.75889587402344
2026-02-03 21:00:00+00:00,100.45243835449219
2026-02-03 22:00:00+00:00,95.2930908203125
2026-02-03 23:00:00+00:00,94.21746826171875
2026-02-04 00:00:00+00:00,94.9158935546875
2026-02-04 01:00:00+00:00,95.58221435546875
2026-02-04 02:00:00+00:00,95.48178100585938
2026-02-04 03:00:00+00:00,96.27735900878906
2026-02-04 04:00:00+00:00,99.31639099121094
2026-02-04 05:00:00+00:00,114.5391616821289
2026-02-04 06:00:00+00:00,138.26734924316406
2026-02-04 07:00:00+00:00,154.28836059570312
2026-02-04 08:00:00+00:00,149.01800537109375
2026-02-04 09:00:00+00:00,133.9380340576172
2026-02-04 10:00:00+00:00,121.01778411865234
2026-02-04 11:00:00+00:00,115.68206787109375
2026-02-04 12:00:00+00:00,116.30634307861328
2026-02-04 13:00:00+00:00,123.78736877441406
2026-02-04 14:00:00+00:00,134.26446533203125
2026-02-04 15:00:00+00:00,142.22886657714844
2026-02-04 16:00:00+00:00,145.43466186523438
2026-02-04 17:00:00+00:00,140.700439453125
2026-02-04 18:00:00+00:00,130.0653839111328
2026-02-04 19:00:00+00:00,115.72806549072266
2026-02-04 20:00:00+00:00,107.52091217041016
2026-02-04 21:00:00+00:00,103.70305633544922
2026-02-04 22:00:00+00:00,98.49661254882812
2026-02-04 23:00:00+00:00,98.42420196533203
2026-02-05 00:00:00+00:00,89.57820892333984
2026-02-05 01:00:00+00:00,88.9319076538086
2026-02-05 02:00:00+00:00,88.88508605957031
2026-02-05 03:00:00+00:00,88.67765045166016
2026-02-05 04:00:00+00:00,91.13703918457031
2026-02-05 05:00:00+00:00,101.10159301757812
2026-02-05 06:00:00+00:00,119.1204833984375
2026-02-05 07:00:00+00:00,129.696044921875
2026-02-05 08:00:00+00:00,126.56552124023438
2026-02-05 09:00:00+00:00,113.08366394042969
2026-02-05 10:00:00+00:00,103.12338256835938
2026-02-05 11:00:00+00:00,97.31124877929688
2026-02-05 12:00:00+00:00,96.00184631347656
2026-02-05 13:00:00+00:00,99.56466674804688
2026-02-05 14:00:00+00:00,108.3495101928711
2026-02-05 15:00:00+00:00,124.20973205566406
2026-02-05 16:00:00+00:00,136.07113647460938
2026-02-05 17:00:00+00:00,132.26280212402344
2026-02-05 18:00:00+00:00,122.45880889892578
2026-02-05 19:00:00+00:00,111.12138366699219
2026-02-05 20:00:00+00:00,106.4486312866211
2026-02-05 21:00:00+00:00,103.23481750488281
2026-02-05 22:00:00+00:00,96.99778747558594
2026-02-05 23:00:00+00:00,96.90353393554688
2026-02-06 00:00:00+00:00,98.25627899169922
2026-02-06 01:00:00+00:00,96.60304260253906
2026-02-06 02:00:00+00:00,96.54381561279297
2026-02-06 03:00:00+00:00,96.96086120605469
2026-02-06 04:00:00+00:00,99.77391052246094
2026-02-06 05:00:00+00:00,110.23702239990234
2026-02-06 06:00:00+00:00,126.54686737060547
2026-02-06 07:00:00+00:00,136.77450561523438
2026-02-06 08:00:00+00:00,135.1947479248047
2026-02-06 09:00:00+00:00,130.12020874023438
2026-02-06 10:00:00+00:00,125.8280258178711
2026-02-06 11:00:00+00:00,120.79275512695312
2026-02-06 12:00:00+00:00,117.78136444091797
2026-02-06 13:00:00+00:00,119.8017807006836
2026-02-06 14:00:00+00:00,124.78247833251953
2026-02-06 15:00:00+00:00,132.8011016845703
2026-02-06 16:00:00+00:00,144.60105895996094
2026-02-06 17:00:00+00:00,140.2012176513672
2026-02-06 18:00:00+00:00,132.13873291015625
2026-02-06 19:00:00+00:00,120.45802307128906
2026-02-06 20:00:00+00:00,112.44279479980469
2026-02-06 21:00:00+00:00,109.61934661865234
2026-02-06 22:00:00+00:00,103.01126098632812
2026-02-06 23:00:00+00:00,102.48543548583984
2026-02-07 00:00:00+00:00,98.86578369140625
2026-02-07 01:00:00+00:00,97.24111938476562
2026-02-07 02:00:00+00:00,96.46353149414062
2026-02-07 03:00:00+00:00,96.58566284179688
2026-02-07 04:00:00+00:00,97.64400482177734
2026-02-07 05:00:00+00:00,99.36337280273438
2026-02-07 06:00:00+00:00,104.2624740600586
2026-02-07 07:00:00+00:00,113.2371826171875
2026-02-07 08:00:00+00:00,119.7756576538086
2026-02-07 09:00:00+00:00,119.701904296875
2026-02-07 10:00:00+00:00,115.00177001953125
2026-02-07 11:00:00+00:00,109.71572875976562
2026-02-07 12:00:00+00:00,106.95106506347656
2026-02-07 13:00:00+00:00,108.49878692626953
2026-02-07 14:00:00+00:00,114.854736328125
2026-02-07 15:00:00+00:00,124.33012390136719
2026-02-07 16:00:00+00:00,135.1214599609375
2026-02-07 17:00:00+00:00,133.6698760986328
2026-02-07 18:00:00+00:00,127.02031707763672
2026-02-07 19:00:00+00:00,116.98101806640625
2026-02-07 20:00:00+00:00,110.58454895019531
2026-02-07 21:00:00+00:00,107.22970581054688
2026-02-07 22:00:00+00:00,101.55465698242188
2026-02-07 23:00:00+00:00,99.2415771484375
2026-02-08 00:00:00+00:00,100.9386978149414
2026-02-08 01:00:00+00:00,99.71279907226562
2026-02-08 02:00:00+00:00,98.43335723876953
2026-02-08 03:00:00+00:00,97.11386108398438
2026-02-08 04:00:00+00:00,96.43993377685547
2026-02-08 05:00:00+00:00,95.65910339355469
2026-02-08 06:00:00+00:00,97.14949035644531
2026-02-08 07:00:00+00:00,100.6210708618164
2026-02-08 08:00:00+00:00,104.2968521118164
2026-02-08 09:00:00+00:00,105.04866027832031
2026-02-08 10:00:00+00:00,103.90725708007812
2026-02-08 11:00:00+00:00,102.6929931640625
2026-02-08 12:00:00+00:00,100.7763900756836
2026-02-08 13:00:00+00:00,100.7392807006836
2026-02-08 14:00:00+00:00,103.77826690673828
2026-02-08 15:00:00+00:00,111.53425598144531
2026-02-08 16:00:00+00:00,124.43768310546875
2026-02-08 17:00:00+00:00,129.73341369628906
2026-02-08 18:00:00+00:00,125.22811889648438
2026-02-08 19:00:00+00:00,115.94551849365234
2026-02-08 20:00:00+00:00,109.88546752929688
2026-02-08 21:00:00+00:00,108.00860595703125
2026-02-08 22:00:00+00:00,102.20106506347656
2026-02-08 23:00:00+00:00,100.29488372802734
2026-02-09 00:00:00+00:00,97.07845306396484
2026-02-09 01:00:00+00:00,96.11760711669922
2026-02-09 02:00:00+00:00,95.46351623535156
2026-02-09 03:00:00+00:00,95.62039184570312
2026-02-09 04:00:00+00:00,99.09284973144531
2026-02-09 05:00:00+00:00,114.42418670654297
2026-02-09 06:00:00+00:00,134.63043212890625
2026-02-09 07:00:00+00:00,145.1588134765625
2026-02-09 08:00:00+00:00,142.40399169921875
2026-02-09 09:00:00+00:00,134.34954833984375
2026-02-09 10:00:00+00:00,126.80784606933594
2026-02-09 11:00:00+00:00,119.87094116210938
2026-02-09 12:00:00+00:00,118.1339340209961
2026-02-09 13:00:00+00:00,122.06908416748047
2026-02-09 14:00:00+00:00,130.4314727783203
2026-02-09 15:00:00+00:00,139.01309204101562
2026-02-09 16:00:00+00:00,149.44761657714844
2026-02-09 17:00:00+00:00,146.5806427001953
2026-02-09 18:00:00+00:00,136.17291259765625
2026-02-09 19:00:00+00:00,122.8404312133789
2026-02-09 20:00:00+00:00,114.50494384765625
2026-02-09 21:00:00+00:00,110.22573852539062
2026-02-09 22:00:00+00:00,103.20378112792969
2026-02-09 23:00:00+00:00,101.98382568359375
2026-02-10 00:00:00+00:00,103.16649627685547
2026-02-10 01:00:00+00:00,101.93329620361328
2026-02-10 02:00:00+00:00,100.8532485961914
2026-02-10 03:00:00+00:00,100.50898742675781
2026-02-10 04:00:00+00:00,104.22328186035156
2026-02-10 05:00:00+00:00,124.12309265136719
2026-02-10 06:00:00+00:00,152.49510192871094
2026-02-10 07:00:00+00:00,163.9716796875
2026-02-10 08:00:00+00:00,148.91505432128906
2026-02-10 09:00:00+00:00,131.69129943847656
2026-02-10 10:00:00+00:00,119.33670806884766
2026-02-10 11:00:00+00:00,114.32887268066406
2026-02-10 12:00:00+00:00,116.33030700683594
2026-02-10 13:00:00+00:00,124.89424133300781
2026-02-10 14:00:00+00:00,136.79718017578125
2026-02-10 15:00:00+00:00,150.24929809570312
2026-02-10 16:00:00+00:00,167.17381286621094
2026-02-10 17:00:00+00:00,154.14230346679688
2026-02-10 18:00:00+00:00,138.53155517578125
2026-02-10 19:00:00+00:00,121.18135070800781
2026-02-10 20:00:00+00:00,113.8402099609375
2026-02-10 21:00:00+00:00,108.24849700927734
2026-02-10 22:00:00+00:00,100.2051010131836
2026-02-10 23:00:00+00:00,97.98682403564453
2026-02-11 00:00:00+00:00,95.38381958007812
2026-02-11 01:00:00+00:00,94.28780364990234
2026-02-11 02:00:00+00:00,93.0230484008789
2026-02-11 03:00:00+00:00,92.54148864746094
2026-02-11 04:00:00+00:00,93.64713287353516
2026-02-11 05:00:00+00:00,102.56961059570312
2026-02-11 06:00:00+00:00,117.61514282226562
2026-02-11 07:00:00+00:00,128.37901306152344
2026-02-11 08:00:00+00:00,125.55973815917969
2026-02-11 09:00:00+00:00,116.97508239746094
2026-02-11 10:00:00+00:00,110.22608184814453
2026-02-11 11:00:00+00:00,104.2148208618164
2026-02-11 12:00:00+00:00,103.250244140625
2026-02-11 13:00:00+00:00,105.78478240966797
2026-02-11 14:00:00+00:00,113.2605209350586
2026-02-11 15:00:00+00:00,120.68905639648438
2026-02-11 16:00:00+00:00,130.50161743164062
2026-02-11 17:00:00+00:00,127.66378784179688
2026-02-11 18:00:00+00:00,117.57125091552734
2026-02-11 19:00:00+00:00,107.6997299194336
2026-02-11 20:00:00+00:00,101.83241271972656
2026-02-11 21:00:00+00:00,99.18305206298828
2026-02-11 22:00:00+00:00,93.26994323730469
2026-02-11 23:00:00+00:00,92.53776550292969
2026-02-12 00:00:00+00:00,88.73579406738281
2026-02-12 01:00:00+00:00,88.20184326171875
2026-02-12 02:00:00+00:00,87.94518280029297
2026-02-12 03:00:00+00:00,87.8497314453125
2026-02-12 04:00:00+00:00,90.66535949707031
2026-02-12 05:00:00+00:00,102.4985580444336
2026-02-12 06:00:00+00:00,118.85580444335938
2026-02-12 07:00:00+00:00,127.3846206665039
2026-02-12 08:00:00+00:00,125.48455810546875
2026-02-12 09:00:00+00:00,121.75350189208984
2026-02-12 10:00:00+00:00,117.50942993164062
2026-02-12 11:00:00+00:00,110.80486297607422
2026-02-12 12:00:00+00:00,110.00523376464844
2026-02-12 13:00:00+00:00,112.33076477050781
2026-02-12 14:00:00+00:00,117.51510620117188
2026-02-12 15:00:00+00:00,122.23281860351562
2026-02-12 16:00:00+00:00,130.1177520751953
2026-02-12 17:00:00+00:00,126.74185180664062
2026-02-12 18:00:00+00:00,116.19522857666016
2026-02-12 19:00:00+00:00,107.365966796875
2026-02-12 20:00:00+00:00,103.25850677490234
2026-02-12 21:00:00+00:00,100.66720581054688
2026-02-12 22:00:00+00:00,93.32925415039062
2026-02-12 23:00:00+00:00,88.78199005126953
2026-02-13 00:00:00+00:00,80.98074340820312
2026-02-13 01:00:00+00:00,80.47928619384766
2026-02-13 02:00:00+00:00,80.91363525390625
2026-02-13 03:00:00+00:00,82.16944885253906
2026-02-13 04:00:00+00:00,86.45599365234375
2026-02-13 05:00:00+00:00,98.08133697509766
2026-02-13 06:00:00+00:00,114.20345306396484
2026-02-13 07:00:00+00:00,124.38063049316406
2026-02-13 08:00:00+00:00,122.006103515625
2026-02-13 09:00:00+00:00,117.1526107788086
2026-02-13 10:00:00+00:00,113.20370483398438
2026-02-13 11:00:00+00:00,108.40617370605469
2026-02-13 12:00:00+00:00,108.35025024414062
2026-02-13 13:00:00+00:00,113.68321228027344
2026-02-13 14:00:00+00:00,123.95155334472656
2026-02-13 15:00:00+00:00,133.262939453125
2026-02-13 16:00:00+00:00,142.9799346923828
2026-02-13 17:00:00+00:00,141.87884521484375
2026-02-13 18:00:00+00:00,134.5559539794922
2026-02-13 19:00:00+00:00,122.42562103271484
2026-02-13 20:00:00+00:00,114.45475769042969
2026-02-13 21:00:00+00:00,111.15763854980469
2026-02-13 22:00:00+00:00,102.87590026855469
2026-02-13 23:00:00+00:00,99.65151977539062
2026-02-14 00:00:00+00:00,96.29889678955078
2026-02-14 01:00:00+00:00,94.74870300292969
2026-02-14 02:00:00+00:00,93.81588745117188
2026-02-14 03:00:00+00:00,93.4524154663086
2026-02-14 04:00:00+00:00,94.03414916992188
2026-02-14 05:00:00+00:00,94.982421875
2026-02-14 06:00:00+00:00,98.21430206298828
2026-02-14 07:00:00+00:00,103.8904800415039
2026-02-14 08:00:00+00:00,108.36119079589844
2026-02-14 09:00:00+00:00,107.34840393066406
2026-02-14 10:00:00+00:00,103.67813873291016
2026-02-14 11:00:00+00:00,101.07186126708984
2026-02-14 12:00:00+00:00,99.805419921875
2026-02-14 13:00:00+00:00,101.12212371826172
2026-02-14 14:00:00+00:00,107.35317993164062
2026-02-14 15:00:00+00:00,117.47484588623047
2026-02-14 16:00:00+00:00,128.92262268066406
2026-02-14 17:00:00+00:00,132.5555419921875
2026-02-14 18:00:00+00:00,128.63272094726562
2026-02-14 19:00:00+00:00,118.10823059082031
2026-02-14 20:00:00+00:00,111.12158966064453
2026-02-14 21:00:00+00:00,108.6284408569336
2026-02-14 22:00:00+00:00,103.61807250976562
2026-02-14 23:00:00+00:00,102.17658233642578
2026-02-15 00:00:00+00:00,100.07577514648438
2026-02-15 01:00:00+00:00,98.33628845214844
2026-02-15 02:00:00+00:00,96.81632232666016
2026-02-15 03:00:00+00:00,95.95137023925781
2026-02-15 04:00:00+00:00,95.27947998046875
2026-02-15 05:00:00+00:00,94.93083953857422
2026-02-15 06:00:00+00:00,95.82650756835938
2026-02-15 07:00:00+00:00,96.86951446533203
2026-02-15 08:00:00+00:00,94.45176696777344
2026-02-15 09:00:00+00:00,89.18621826171875
2026-02-15 10:00:00+00:00,84.84127807617188
2026-02-15 11:00:00+00:00,81.73226928710938
2026-02-15 12:00:00+00:00,79.31935119628906
2026-02-15 13:00:00+00:00,79.58290100097656
2026-02-15 14:00:00+00:00,84.97660827636719
2026-02-15 15:00:00+00:00,95.24424743652344
2026-02-15 16:00:00+00:00,108.85324096679688
2026-02-15 17:00:00+00:00,110.50390625
2026-02-15 18:00:00+00:00,103.53411865234375
2026-02-15 19:00:00+00:00,94.22492218017578
2026-02-15 20:00:00+00:00,87.99894714355469
2026-02-15 21:00:00+00:00,85.32745361328125
2026-02-15 22:00:00+00:00,79.32229614257812
2026-02-15 23:00:00+00:00,77.54241943359375
2026-02-16 00:00:00+00:00,69.72567749023438
2026-02-16 01:00:00+00:00,69.55545043945312
2026-02-16 02:00:00+00:00,68.5514144897461
2026-02-16 03:00:00+00:00,69.07723999023438
2026-02-16 04:00:00+00:00,72.42576599121094
2026-02-16 05:00:00+00:00,81.85720825195312
2026-02-16 06:00:00+00:00,96.18138885498047
2026-02-16 07:00:00+00:00,105.40919494628906
2026-02-16 08:00:00+00:00,102.6588363647461
2026-02-16 09:00:00+00:00,93.8731689453125
2026-02-16 10:00:00+00:00,88.09436798095703
2026-02-16 11:00:00+00:00,85.09284973144531
2026-02-16 12:00:00+00:00,86.27645111083984
2026-02-16 13:00:00+00:00,91.05755615234375
2026-02-16 14:00:00+00:00,101.86980438232422
2026-02-16 15:00:00+00:00,112.22814178466797
2026-02-16 16:00:00+00:00,124.7984390258789
2026-02-16 17:00:00+00:00,125.08909606933594
2026-02-16 18:00:00+00:00,117.16181945800781
2026-02-16 19:00:00+00:00,108.4113998413086
2026-02-16 20:00:00+00:00,103.59764862060547
2026-02-16 21:00:00+00:00,99.3741455078125
2026-02-16 22:00:00+00:00,92.01499938964844
2026-02-16 23:00:00+00:00,92.72891235351562
2026-02-17 00:00:00+00:00,86.05905151367188
2026-02-17 01:00:00+00:00,85.76203918457031
2026-02-17 02:00:00+00:00,85.31974792480469
2026-02-17 03:00:00+00:00,85.88880920410156
2026-02-17 04:00:00+00:00,89.49722290039062
2026-02-17 05:00:00+00:00,99.30379486083984
2026-02-17 06:00:00+00:00,113.3125228881836
2026-02-17 07:00:00+00:00,121.20964050292969
2026-02-17 08:00:00+00:00,117.41901397705078
2026-02-17 09:00:00+00:00,109.99595642089844
2026-02-17 10:00:00+00:00,103.24027252197266
2026-02-17 11:00:00+00:00,96.59064483642578
2026-02-17 12:00:00+00:00,94.81817626953125
2026-02-17 13:00:00+00:00,97.27159118652344
2026-02-17 14:00:00+00:00,105.92032623291016
2026-02-17 15:00:00+00:00,115.18171691894531
2026-02-17 16:00:00+00:00,125.89422607421875
2026-02-17 17:00:00+00:00,125.22225952148438
2026-02-17 18:00:00+00:00,117.72502136230469
2026-02-17 19:00:00+00:00,106.7946548461914
2026-02-17 20:00:00+00:00,99.42310333251953
2026-02-17 21:00:00+00:00,95.49180603027344
2026-02-17 22:00:00+00:00,90.44306182861328
2026-02-17 23:00:00+00:00,90.01747131347656
2026-02-18 00:00:00+00:00,93.09111785888672
2026-02-18 01:00:00+00:00,94.20506286621094
2026-02-18 02:00:00+00:00,97.31236267089844
2026-02-18 03:00:00+00:00,99.91443634033203
2026-02-18 04:00:00+00:00,103.5939712524414
2026-02-18 05:00:00+00:00,115.70307922363281
2026-02-18 06:00:00+00:00,130.3785858154297
2026-02-18 07:00:00+00:00,137.40890502929688
2026-02-18 08:00:00+00:00,133.2462615966797
2026-02-18 09:00:00+00:00,123.41981506347656
2026-02-18 10:00:00+00:00,113.00202941894531
2026-02-18 11:00:00+00:00,102.4576187133789
2026-02-18 12:00:00+00:00,98.78836822509766
2026-02-18 13:00:00+00:00,99.91091918945312
2026-02-18 14:00:00+00:00,106.41271209716797
2026-02-18 15:00:00+00:00,115.4246597290039
2026-02-18 16:00:00+00:00,127.80823516845703
2026-02-18 17:00:00+00:00,129.37435913085938
2026-02-18 18:00:00+00:00,122.59846496582031
2026-02-18 19:00:00+00:00,109.35908508300781
2026-02-18 20:00:00+00:00,100.26380920410156
2026-02-18 21:00:00+00:00,93.87163543701172
2026-02-18 22:00:00+00:00,86.14216613769531
2026-02-18 23:00:00+00:00,83.59010314941406
2026-02-19 00:00:00+00:00,80.52500915527344
2026-02-19 01:00:00+00:00,78.43406677246094
2026-02-19 02:00:00+00:00,77.56464385986328
2026-02-19 03:00:00+00:00,77.25148010253906
2026-02-19 04:00:00+00:00,81.22895812988281
2026-02-19 05:00:00+00:00,93.6505126953125
2026-02-19 06:00:00+00:00,110.12855529785156
2026-02-19 07:00:00+00:00,117.44104766845703
2026-02-19 08:00:00+00:00,109.79629516601562
2026-02-19 09:00:00+00:00,100.68663787841797
2026-02-19 10:00:00+00:00,93.96249389648438
2026-02-19 11:00:00+00:00,88.58036804199219
2026-02-19 12:00:00+00:00,88.04674530029297
2026-02-19 13:00:00+00:00,91.03639221191406
2026-02-19 14:00:00+00:00,97.8941650390625
2026-02-19 15:00:00+00:00,108.60948944091797
2026-02-19 16:00:00+00:00,124.04298400878906
2026-02-19 17:00:00+00:00,124.24748229980469
2026-02-19 18:00:00+00:00,114.7717056274414
2026-02-19 19:00:00+00:00,102.85833740234375
2026-02-19 20:00:00+00:00,96.43254089355469
2026-02-19 21:00:00+00:00,92.91899871826172
2026-02-19 22:00:00+00:00,88.65794372558594
2026-02-19 23:00:00+00:00,88.2518539428711
2026-02-20 00:00:00+00:00,85.81796264648438
2026-02-20 01:00:00+00:00,87.29391479492188
2026-02-20 02:00:00+00:00,88.56510162353516
2026-02-20 03:00:00+00:00,88.19020080566406
2026-02-20 04:00:00+00:00,90.08055877685547
2026-02-20 05:00:00+00:00,99.3741683959961
2026-02-20 06:00:00+00:00,112.53972625732422
2026-02-20 07:00:00+00:00,115.15192413330078
2026-02-20 08:00:00+00:00,103.97212219238281
2026-02-20 09:00:00+00:00,90.89049530029297
2026-02-20 10:00:00+00:00,83.51929473876953
2026-02-20 11:00:00+00:00,80.55487060546875
2026-02-20 12:00:00+00:00,80.42485809326172
2026-02-20 13:00:00+00:00,82.8780746459961
2026-02-20 14:00:00+00:00,91.22459411621094
2026-02-20 15:00:00+00:00,101.6476821899414
2026-02-20 16:00:00+00:00,110.06270599365234
2026-02-20 17:00:00+00:00,109.25404357910156
2026-02-20 18:00:00+00:00,98.54684448242188
2026-02-20 19:00:00+00:00,85.28797149658203
2026-02-20 20:00:00+00:00,78.94273376464844
2026-02-20 21:00:00+00:00,74.052734375
2026-02-20 22:00:00+00:00,67.319580078125
2026-02-20 23:00:00+00:00,70.24864196777344
2026-02-21 00:00:00+00:00,51.46255874633789
2026-02-21 01:00:00+00:00,49.61772918701172
2026-02-21 02:00:00+00:00,47.543251037597656
2026-02-21 03:00:00+00:00,47.41499328613281
2026-02-21 04:00:00+00:00,49.7806510925293
2026-02-21 05:00:00+00:00,50.62066650390625
2026-02-21 06:00:00+00:00,55.628684997558594
2026-02-21 07:00:00+00:00,63.01536560058594
2026-02-21 08:00:00+00:00,66.71613311767578
2026-02-21 09:00:00+00:00,64.51577758789062
2026-02-21 10:00:00+00:00,58.04990005493164
2026-02-21 11:00:00+00:00,54.577430725097656
2026-02-21 12:00:00+00:00,52.83224868774414
2026-02-21 13:00:00+00:00,55.400115966796875
2026-02-21 14:00:00+00:00,64.13568115234375
2026-02-21 15:00:00+00:00,80.59739685058594
2026-02-21 16:00:00+00:00,96.736328125
2026-02-21 17:00:00+00:00,102.13933563232422
2026-02-21 18:00:00+00:00,98.60809326171875
2026-02-21 19:00:00+00:00,91.6891860961914
2026-02-21 20:00:00+00:00,84.84986114501953
2026-02-21 21:00:00+00:00,80.242431640625
2026-02-21 22:00:00+00:00,70.45912170410156
2026-02-21 23:00:00+00:00,66.45865631103516
2026-02-22 00:00:00+00:00,54.161468505859375
2026-02-22 01:00:00+00:00,52.988651275634766
2026-02-22 02:00:00+00:00,52.127017974853516
2026-02-22 03:00:00+00:00,50.12038040161133
2026-02-22 04:00:00+00:00,49.47410583496094
2026-02-22 05:00:00+00:00,48.828575134277344
2026-02-22 06:00:00+00:00,50.22711181640625
2026-02-22 07:00:00+00:00,53.19382095336914
2026-02-22 08:00:00+00:00,55.86027526855469
2026-02-22 09:00:00+00:00,55.0464973449707
2026-02-22 10:00:00+00:00,51.371299743652344
2026-02-22 11:00:00+00:00,46.813446044921875
2026-02-22 12:00:00+00:00,42.81848907470703
2026-02-22 13:00:00+00:00,42.56501770019531
2026-02-22 14:00:00+00:00,48.86793518066406
2026-02-22 15:00:00+00:00,59.40711975097656
2026-02-22 16:00:00+00:00,71.98377227783203
2026-02-22 17:00:00+00:00,81.83759307861328
2026-02-22 18:00:00+00:00,77.35979461669922
2026-02-22 19:00:00+00:00,70.55751037597656
2026-02-22 20:00:00+00:00,65.33847045898438
2026-02-22 21:00:00+00:00,62.56110382080078
2026-02-22 22:00:00+00:00,56.32083511352539
2026-02-22 23:00:00+00:00,53.48308181762695
2026-02-23 00:00:00+00:00,48.260345458984375
2026-02-23 01:00:00+00:00,48.174293518066406
2026-02-23 02:00:00+00:00,46.620933532714844
2026-02-23 03:00:00+00:00,47.94867706298828
2026-02-23 04:00:00+00:00,54.17390823364258
2026-02-23 05:00:00+00:00,68.59219360351562
2026-02-23 06:00:00+00:00,81.96976470947266
2026-02-23 07:00:00+00:00,89.6907958984375
2026-02-23 08:00:00+00:00,82.38835906982422
2026-02-23 09:00:00+00:00,67.44329071044922
2026-02-23 10:00:00+00:00,53.9721794128418
2026-02-23 11:00:00+00:00,47.62562942504883
2026-02-23 12:00:00+00:00,46.002769470214844
2026-02-23 13:00:00+00:00,49.140811920166016
2026-02-23 14:00:00+00:00,57.519744873046875
2026-02-23 15:00:00+00:00,72.7875747680664
2026-02-23 16:00:00+00:00,91.90599060058594
2026-02-23 17:00:00+00:00,97.76924133300781
2026-02-23 18:00:00+00:00,90.38184356689453
2026-02-23 19:00:00+00:00,82.57416534423828
2026-02-23 20:00:00+00:00,79.46614074707031
2026-02-23 21:00:00+00:00,77.29920959472656
2026-02-23 22:00:00+00:00,68.39263916015625
2026-02-23 23:00:00+00:00,68.03881072998047
2026-02-24 00:00:00+00:00,85.30659484863281
2026-02-24 01:00:00+00:00,87.36734771728516
2026-02-24 02:00:00+00:00,91.02024841308594
2026-02-24 03:00:00+00:00,93.91978454589844
2026-02-24 04:00:00+00:00,100.97948455810547
2026-02-24 05:00:00+00:00,116.76456451416016
2026-02-24 06:00:00+00:00,135.7889404296875
2026-02-24 07:00:00+00:00,147.9526824951172
2026-02-24 08:00:00+00:00,142.46270751953125
2026-02-24 09:00:00+00:00,132.55430603027344
2026-02-24 10:00:00+00:00,122.1392822265625
2026-02-24 11:00:00+00:00,112.50732421875
2026-02-24 12:00:00+00:00,109.53953552246094
2026-02-24 13:00:00+00:00,111.68618774414062
2026-02-24 14:00:00+00:00,120.31659698486328
2026-02-24 15:00:00+00:00,133.13319396972656
2026-02-24 16:00:00+00:00,148.53042602539062
2026-02-24 17:00:00+00:00,151.46633911132812
2026-02-24 18:00:00+00:00,145.57359313964844
2026-02-24 19:00:00+00:00,131.88229370117188
2026-02-24 20:00:00+00:00,122.97341918945312
2026-02-24 21:00:00+00:00,117.12831115722656
2026-02-24 22:00:00+00:00,107.18565368652344
2026-02-24 23:00:00+00:00,104.44719696044922
2026-02-25 00:00:00+00:00,90.95777893066406
2026-02-25 01:00:00+00:00,89.02709197998047
2026-02-25 02:00:00+00:00,88.32245635986328
2026-02-25 03:00:00+00:00,88.31886291503906
2026-02-25 04:00:00+00:00,95.39374542236328
2026-02-25 05:00:00+00:00,110.65670776367188
2026-02-25 06:00:00+00:00,125.64177703857422
2026-02-25 07:00:00+00:00,127.0299301147461
2026-02-25 08:00:00+00:00,110.8862533569336
2026-02-25 09:00:00+00:00,92.80028533935547
2026-02-25 10:00:00+00:00,79.73403930664062
2026-02-25 11:00:00+00:00,64.14408874511719
2026-02-25 12:00:00+00:00,58.372596740722656
2026-02-25 13:00:00+00:00,64.02733612060547
2026-02-25 14:00:00+00:00,81.0543212890625
2026-02-25 15:00:00+00:00,105.0649185180664
2026-02-25 16:00:00+00:00,132.9966278076172
2026-02-25 17:00:00+00:00,130.3291473388672
2026-02-25 18:00:00+00:00,112.41896057128906
2026-02-25 19:00:00+00:00,96.46406555175781
2026-02-25 20:00:00+00:00,90.45979309082031
2026-02-25 21:00:00+00:00,86.4112548828125
2026-02-25 22:00:00+00:00,78.2414779663086
2026-02-25 23:00:00+00:00,75.99095916748047
2026-02-26 00:00:00+00:00,73.47422790527344
2026-02-26 01:00:00+00:00,70.55027770996094
2026-02-26 02:00:00+00:00,69.28616333007812
2026-02-26 03:00:00+00:00,67.91837310791016
2026-02-26 04:00:00+00:00,73.02080535888672
2026-02-26 05:00:00+00:00,85.46622467041016
2026-02-26 06:00:00+00:00,97.49675750732422
2026-02-26 07:00:00+00:00,98.68096160888672
2026-02-26 08:00:00+00:00,90.21900939941406
2026-02-26 09:00:00+00:00,80.1773452758789
2026-02-26 10:00:00+00:00,68.68276977539062
2026-02-26 11:00:00+00:00,58.30461883544922
2026-02-26 12:00:00+00:00,57.09060287475586
2026-02-26 13:00:00+00:00,60.95926284790039
2026-02-26 14:00:00+00:00,75.35276794433594
2026-02-26 15:00:00+00:00,98.87618255615234
2026-02-26 16:00:00+00:00,119.32147216796875
2026-02-26 17:00:00+00:00,120.43390655517578
2026-02-26 18:00:00+00:00,107.84065246582031
2026-02-26 19:00:00+00:00,95.53501892089844
2026-02-26 20:00:00+00:00,89.7005844116211
2026-02-26 21:00:00+00:00,85.98346710205078
2026-02-26 22:00:00+00:00,74.63124084472656
2026-02-26 23:00:00+00:00,67.00865173339844
2026-02-27 00:00:00+00:00,52.73421096801758
2026-02-27 01:00:00+00:00,51.95635223388672
2026-02-27 02:00:00+00:00,52.99803161621094
2026-02-27 03:00:00+00:00,52.73177719116211
2026-02-27 04:00:00+00:00,59.72636032104492
2026-02-27 05:00:00+00:00,81.92854309082031
2026-02-27 06:00:00+00:00,93.06227111816406
2026-02-27 07:00:00+00:00,83.603759765625
2026-02-27 08:00:00+00:00,67.30082702636719
2026-02-27 09:00:00+00:00,48.52207946777344
2026-02-27 10:00:00+00:00,28.715744018554688
2026-02-27 11:00:00+00:00,3.8853530883789062
2026-02-27 12:00:00+00:00,-0.12646484375
2026-02-27 13:00:00+00:00,25.897239685058594
2026-02-27 14:00:00+00:00,54.539676666259766
2026-02-27 15:00:00+00:00,83.14811706542969
2026-02-27 16:00:00+00:00,107.96829223632812
2026-02-27 17:00:00+00:00,112.89215087890625
2026-02-27 18:00:00+00:00,106.90789031982422
2026-02-27 19:00:00+00:00,96.82986450195312
2026-02-27 20:00:00+00:00,88.5675048828125
2026-02-27 21:00:00+00:00,83.7193374633789
2026-02-27 22:00:00+00:00,75.08131408691406
2026-02-27 23:00:00+00:00,74.6478042602539
2026-02-28 00:00:00+00:00,76.5579833984375
2026-02-28 01:00:00+00:00,73.33988189697266
2026-02-28 02:00:00+00:00,71.0115966796875
2026-02-28 03:00:00+00:00,68.79724884033203
2026-02-28 04:00:00+00:00,70.65984344482422
2026-02-28 05:00:00+00:00,74.76171875
2026-02-28 06:00:00+00:00,75.25971984863281
2026-02-28 07:00:00+00:00,68.65643310546875
2026-02-28 08:00:00+00:00,57.07802200317383
2026-02-28 09:00:00+00:00,41.76799392700195
2026-02-28 10:00:00+00:00,28.142227172851562
2026-02-28 11:00:00+00:00,15.866111755371094
2026-02-28 12:00:00+00:00,10.194732666015625
2026-02-28 13:00:00+00:00,15.752937316894531
2026-02-28 14:00:00+00:00,38.05945587158203
2026-02-28 15:00:00+00:00,66.48478698730469
2026-02-28 16:00:00+00:00,86.26809692382812
2026-02-28 17:00:00+00:00,91.7193832397461
2026-02-28 18:00:00+00:00,84.17446899414062
2026-02-28 19:00:00+00:00,75.38091278076172
2026-02-28 20:00:00+00:00,70.6663589477539
2026-02-28 21:00:00+00:00,67.4453125
2026-02-28 22:00:00+00:00,57.635501861572266
2026-02-28 23:00:00+00:00,53.60057067871094
2026-03-01 00:00:00+00:00,50.72586441040039
2026-03-01 01:00:00+00:00,55.35393524169922
2026-03-01 02:00:00+00:00,61.22050094604492
2026-03-01 03:00:00+00:00,65.93651580810547
2026-03-01 04:00:00+00:00,67.7064208984375
2026-03-01 05:00:00+00:00,69.9915771484375
2026-03-01 06:00:00+00:00,73.52217864990234
2026-03-01 07:00:00+00:00,69.03471374511719
2026-03-01 08:00:00+00:00,56.387413024902344
2026-03-01 09:00:00+00:00,41.33792495727539
2026-03-01 10:00:00+00:00,32.438133239746094
2026-03-01 11:00:00+00:00,26.31867218017578
2026-03-01 12:00:00+00:00,24.786575317382812
2026-03-01 13:00:00+00:00,33.38346862792969
2026-03-01 14:00:00+00:00,53.55727767944336
2026-03-01 15:00:00+00:00,81.53182220458984
2026-03-01 16:00:00+00:00,106.0646743774414
2026-03-01 17:00:00+00:00,114.84190368652344
2026-03-01 18:00:00+00:00,107.2846908569336
2026-03-01 19:00:00+00:00,94.51258087158203
2026-03-01 20:00:00+00:00,88.15213012695312
2026-03-01 21:00:00+00:00,83.56794738769531
2026-03-01 22:00:00+00:00,75.72650146484375
2026-03-01 23:00:00+00:00,70.14739990234375
2026-03-02 00:00:00+00:00,62.45465850830078
2026-03-02 01:00:00+00:00,62.94353485107422
2026-03-02 02:00:00+00:00,65.27088928222656
2026-03-02 03:00:00+00:00,68.915283203125
2026-03-02 04:00:00+00:00,79.12630462646484
2026-03-02 05:00:00+00:00,98.81334686279297
2026-03-02 06:00:00+00:00,108.64484405517578
2026-03-02 07:00:00+00:00,98.00150299072266
2026-03-02 08:00:00+00:00,74.90367126464844
2026-03-02 09:00:00+00:00,52.15977096557617
2026-03-02 10:00:00+00:00,31.957637786865234
2026-03-02 11:00:00+00:00,15.345970153808594
2026-03-02 12:00:00+00:00,13.573600769042969
2026-03-02 13:00:00+00:00,30.11676788330078
2026-03-02 14:00:00+00:00,66.99030303955078
2026-03-02 15:00:00+00:00,103.05036926269531
2026-03-02 16:00:00+00:00,125.19562530517578
2026-03-02 17:00:00+00:00,130.27639770507812
2026-03-02 18:00:00+00:00,118.73887634277344
2026-03-02 19:00:00+00:00,106.3797378540039
2026-03-02 20:00:00+00:00,98.38817596435547
2026-03-02 21:00:00+00:00,93.15731048583984
2026-03-02 22:00:00+00:00,83.91352844238281
2026-03-02 23:00:00+00:00,80.23219299316406
2026-03-03 00:00:00+00:00,86.3687515258789
2026-03-03 01:00:00+00:00,87.04119110107422
2026-03-03 02:00:00+00:00,89.4029312133789
2026-03-03 03:00:00+00:00,91.4567642211914
2026-03-03 04:00:00+00:00,101.48684692382812
2026-03-03 05:00:00+00:00,121.92670440673828
2026-03-03 06:00:00+00:00,139.7020721435547
2026-03-03 07:00:00+00:00,127.60787963867188
2026-03-03 08:00:00+00:00,103.23176574707031
2026-03-03 09:00:00+00:00,80.80540466308594
2026-03-03 10:00:00+00:00,64.06010437011719
2026-03-03 11:00:00+00:00,48.865413665771484
2026-03-03 12:00:00+00:00,49.500606536865234
2026-03-03 13:00:00+00:00,65.67243194580078
2026-03-03 14:00:00+00:00,88.85353088378906
2026-03-03 15:00:00+00:00,116.26446533203125
2026-03-03 16:00:00+00:00,156.16629028320312
2026-03-03 17:00:00+00:00,160.67742919921875
2026-03-03 18:00:00+00:00,140.84274291992188
2026-03-03 19:00:00+00:00,119.70543670654297
2026-03-03 20:00:00+00:00,110.83004760742188
2026-03-03 21:00:00+00:00,106.49777221679688
2026-03-03 22:00:00+00:00,99.30757904052734
2026-03-03 23:00:00+00:00,96.88992309570312
2026-03-04 00:00:00+00:00,117.24327087402344
2026-03-04 01:00:00+00:00,113.76121520996094
2026-03-04 02:00:00+00:00,109.8880844116211
2026-03-04 03:00:00+00:00,110.09904479980469
2026-03-04 04:00:00+00:00,116.20857238769531
2026-03-04 05:00:00+00:00,143.23056030273438
2026-03-04 06:00:00+00:00,169.0137939453125
2026-03-04 07:00:00+00:00,155.4433135986328
2026-03-04 08:00:00+00:00,112.54712677001953
2026-03-04 09:00:00+00:00,81.64779663085938
2026-03-04 10:00:00+00:00,60.200103759765625
2026-03-04 11:00:00+00:00,41.53681945800781
2026-03-04 12:00:00+00:00,41.30846405029297
2026-03-04 13:00:00+00:00,59.84782028198242
2026-03-04 14:00:00+00:00,82.55827331542969
2026-03-04 15:00:00+00:00,110.7692642211914
2026-03-04 16:00:00+00:00,162.6102294921875
2026-03-04 17:00:00+00:00,185.58889770507812
2026-03-04 18:00:00+00:00,158.48184204101562
2026-03-04 19:00:00+00:00,125.63566589355469
2026-03-04 20:00:00+00:00,112.42101287841797
2026-03-04 21:00:00+00:00,106.1124496459961
2026-03-04 22:00:00+00:00,99.00199890136719
2026-03-04 23:00:00+00:00,102.15178680419922
2026-03-05 00:00:00+00:00,113.60592651367188
2026-03-05 01:00:00+00:00,111.091552734375
2026-03-05 02:00:00+00:00,109.48076629638672
2026-03-05 03:00:00+00:00,112.42457580566406
2026-03-05 04:00:00+00:00,125.12237548828125
2026-03-05 05:00:00+00:00,160.86062622070312
2026-03-05 06:00:00+00:00,187.24301147460938
2026-03-05 07:00:00+00:00,149.3717041015625
2026-03-05 08:00:00+00:00,105.31696319580078
2026-03-05 09:00:00+00:00,74.54786682128906
2026-03-05 10:00:00+00:00,47.002532958984375
2026-03-05 11:00:00+00:00,21.98627471923828
2026-03-05 12:00:00+00:00,16.274497985839844
2026-03-05 13:00:00+00:00,45.01243209838867
2026-03-05 14:00:00+00:00,85.01347351074219
2026-03-05 15:00:00+00:00,125.59872436523438
2026-03-05 16:00:00+00:00,181.64117431640625
2026-03-05 17:00:00+00:00,198.59490966796875
2026-03-05 18:00:00+00:00,159.73165893554688
2026-03-05 19:00:00+00:00,125.37755584716797
2026-03-05 20:00:00+00:00,110.84264373779297
2026-03-05 21:00:00+00:00,104.07508087158203
2026-03-05 22:00:00+00:00,94.32157135009766
2026-03-05 23:00:00+00:00,93.60552215576172
2026-03-06 00:00:00+00:00,103.40422821044922
2026-03-06 01:00:00+00:00,107.10127258300781
2026-03-06 02:00:00+00:00,110.20243835449219
2026-03-06 03:00:00+00:00,115.53963470458984
2026-03-06 04:00:00+00:00,127.05802917480469
2026-03-06 05:00:00+00:00,154.7141876220703
2026-03-06 06:00:00+00:00,178.17123413085938
2026-03-06 07:00:00+00:00,148.50863647460938
2026-03-06 08:00:00+00:00,103.6014175415039
2026-03-06 09:00:00+00:00,71.17869567871094
2026-03-06 10:00:00+00:00,41.32314682006836
2026-03-06 11:00:00+00:00,23.57080841064453
2026-03-06 12:00:00+00:00,26.067481994628906
2026-03-06 13:00:00+00:00,51.980934143066406
2026-03-06 14:00:00+00:00,95.88896942138672
2026-03-06 15:00:00+00:00,140.72174072265625
2026-03-06 16:00:00+00:00,190.96823120117188
2026-03-06 17:00:00+00:00,211.70938110351562
2026-03-06 18:00:00+00:00,189.1022491455078
2026-03-06 19:00:00+00:00,156.52069091796875
2026-03-06 20:00:00+00:00,144.48875427246094
2026-03-06 21:00:00+00:00,139.08287048339844
2026-03-06 22:00:00+00:00,130.2054443359375
2026-03-06 23:00:00+00:00,121.3562240600586
2026-03-07 00:00:00+00:00,133.4881134033203
2026-03-07 01:00:00+00:00,128.90284729003906
2026-03-07 02:00:00+00:00,124.28004455566406
2026-03-07 03:00:00+00:00,122.09561157226562
2026-03-07 04:00:00+00:00,124.43461608886719
2026-03-07 05:00:00+00:00,134.59683227539062
2026-03-07 06:00:00+00:00,139.0009765625
2026-03-07 07:00:00+00:00,114.89201354980469
2026-03-07 08:00:00+00:00,82.1456069946289
2026-03-07 09:00:00+00:00,55.7834358215332
2026-03-07 10:00:00+00:00,35.47395324707031
2026-03-07 11:00:00+00:00,21.405357360839844
2026-03-07 12:00:00+00:00,19.33716583251953
2026-03-07 13:00:00+00:00,38.35560607910156
2026-03-07 14:00:00+00:00,70.62134552001953
2026-03-07 15:00:00+00:00,113.5466537475586
2026-03-07 16:00:00+00:00,164.476318359375
2026-03-07 17:00:00+00:00,189.01394653320312
2026-03-07 18:00:00+00:00,168.21932983398438
2026-03-07 19:00:00+00:00,143.57565307617188
2026-03-07 20:00:00+00:00,134.1792449951172
2026-03-07 21:00:00+00:00,127.97703552246094
2026-03-07 22:00:00+00:00,120.82217407226562
2026-03-07 23:00:00+00:00,118.010986328125
2026-03-08 00:00:00+00:00,133.50106811523438
2026-03-08 01:00:00+00:00,128.40370178222656
2026-03-08 02:00:00+00:00,125.33363342285156
2026-03-08 03:00:00+00:00,124.23533630371094
2026-03-08 04:00:00+00:00,125.8814697265625
2026-03-08 05:00:00+00:00,128.49111938476562
2026-03-08 06:00:00+00:00,125.02803039550781
2026-03-08 07:00:00+00:00,106.74468231201172
2026-03-08 08:00:00+00:00,80.63969421386719
2026-03-08 09:00:00+00:00,54.1357307434082
2026-03-08 10:00:00+00:00,30.79686737060547
2026-03-08 11:00:00+00:00,17.380020141601562
2026-03-08 12:00:00+00:00,11.371223449707031
2026-03-08 13:00:00+00:00,24.594200134277344
2026-03-08 14:00:00+00:00,65.61891174316406
2026-03-08 15:00:00+00:00,105.23287200927734
2026-03-08 16:00:00+00:00,145.71559143066406
2026-03-08 17:00:00+00:00,167.58526611328125
2026-03-08 18:00:00+00:00,148.92059326171875
2026-03-08 19:00:00+00:00,127.21446228027344
2026-03-08 20:00:00+00:00,118.59602355957031
2026-03-08 21:00:00+00:00,113.7332763671875
2026-03-08 22:00:00+00:00,109.47286987304688
2026-03-08 23:00:00+00:00,110.44027709960938
2026-03-09 00:00:00+00:00,117.36237335205078
2026-03-09 01:00:00+00:00,117.66856384277344
2026-03-09 02:00:00+00:00,117.49240112304688
2026-03-09 03:00:00+00:00,120.0361557006836
2026-03-09 04:00:00+00:00,131.8961181640625
2026-03-09 05:00:00+00:00,158.64410400390625
2026-03-09 06:00:00+00:00,177.9620361328125
2026-03-09 07:00:00+00:00,158.09133911132812
2026-03-09 08:00:00+00:00,122.79578399658203
2026-03-09 09:00:00+00:00,92.66570281982422
2026-03-09 10:00:00+00:00,60.06683349609375
2026-03-09 11:00:00+00:00,41.857147216796875
2026-03-09 12:00:00+00:00,43.736045837402344
2026-03-09 13:00:00+00:00,73.83615112304688
2026-03-09 14:00:00+00:00,114.39479064941406
2026-03-09 15:00:00+00:00,148.32266235351562
2026-03-09 16:00:00+00:00,187.67251586914062
2026-03-09 17:00:00+00:00,212.80450439453125
2026-03-09 18:00:00+00:00,191.26348876953125
2026-03-09 19:00:00+00:00,163.25677490234375
2026-03-09 20:00:00+00:00,149.22776794433594
2026-03-09 21:00:00+00:00,141.0012969970703
2026-03-09 22:00:00+00:00,133.55450439453125
2026-03-09 23:00:00+00:00,132.72378540039062
2026-03-10 00:00:00+00:00,133.06129455566406
2026-03-10 01:00:00+00:00,130.05734252929688
2026-03-10 02:00:00+00:00,127.27313995361328
2026-03-10 03:00:00+00:00,129.47439575195312
2026-03-10 04:00:00+00:00,144.00656127929688
2026-03-10 05:00:00+00:00,178.42031860351562
2026-03-10 06:00:00+00:00,199.53060913085938
2026-03-10 07:00:00+00:00,169.61663818359375
2026-03-10 08:00:00+00:00,129.47496032714844
2026-03-10 09:00:00+00:00,98.39519500732422
2026-03-10 10:00:00+00:00,69.77261352539062
2026-03-10 11:00:00+00:00,51.361785888671875
2026-03-10 12:00:00+00:00,52.309444427490234
2026-03-10 13:00:00+00:00,78.1309585571289
2026-03-10 14:00:00+00:00,110.53628540039062
2026-03-10 15:00:00+00:00,139.7774658203125
2026-03-10 16:00:00+00:00,191.65460205078125
2026-03-10 17:00:00+00:00,229.07762145996094
2026-03-10 18:00:00+00:00,199.28253173828125
2026-03-10 19:00:00+00:00,158.8162841796875
2026-03-10 20:00:00+00:00,138.41957092285156
2026-03-10 21:00:00+00:00,126.8987045288086
2026-03-10 22:00:00+00:00,112.68072509765625
2026-03-10 23:00:00+00:00,110.36183166503906
2026-03-11 00:00:00+00:00,75.30256652832031
2026-03-11 01:00:00+00:00,70.46571350097656
2026-03-11 02:00:00+00:00,65.33914184570312
2026-03-11 03:00:00+00:00,63.651039123535156
2026-03-11 04:00:00+00:00,70.08145141601562
2026-03-11 05:00:00+00:00,87.79076385498047
2026-03-11 06:00:00+00:00,101.835205078125
2026-03-11 07:00:00+00:00,91.77244567871094
2026-03-11 08:00:00+00:00,72.9039306640625
2026-03-11 09:00:00+00:00,54.617767333984375
2026-03-11 10:00:00+00:00,35.355838775634766
2026-03-11 11:00:00+00:00,24.67011260986328
2026-03-11 12:00:00+00:00,28.21661376953125
2026-03-11 13:00:00+00:00,47.60105895996094
2026-03-11 14:00:00+00:00,74.65908813476562
2026-03-11 15:00:00+00:00,98.25062561035156
2026-03-11 16:00:00+00:00,123.70736694335938
2026-03-11 17:00:00+00:00,150.27346801757812
2026-03-11 18:00:00+00:00,141.04248046875
2026-03-11 19:00:00+00:00,120.78380584716797
2026-03-11 20:00:00+00:00,110.26229858398438
2026-03-11 21:00:00+00:00,102.66349029541016
2026-03-11 22:00:00+00:00,88.96393585205078
2026-03-11 23:00:00+00:00,86.61315155029297
2026-03-12 00:00:00+00:00,94.23838806152344
2026-03-12 01:00:00+00:00,92.02171325683594
2026-03-12 02:00:00+00:00,90.55717468261719
2026-03-12 03:00:00+00:00,90.88311767578125
2026-03-12 04:00:00+00:00,99.15839385986328
2026-03-12 05:00:00+00:00,116.62071990966797
2026-03-12 06:00:00+00:00,128.80001831054688
2026-03-12 07:00:00+00:00,119.20011901855469
2026-03-12 08:00:00+00:00,94.47203826904297
2026-03-12 09:00:00+00:00,68.02926635742188
2026-03-12 10:00:00+00:00,42.896907806396484
2026-03-12 11:00:00+00:00,24.45740509033203
2026-03-12 12:00:00+00:00,18.692489624023438
2026-03-12 13:00:00+00:00,31.426010131835938
2026-03-12 14:00:00+00:00,55.964820861816406
2026-03-12 15:00:00+00:00,81.9240951538086
2026-03-12 16:00:00+00:00,115.07897186279297
2026-03-12 17:00:00+00:00,140.03579711914062
2026-03-12 18:00:00+00:00,127.16192626953125
2026-03-12 19:00:00+00:00,102.6220474243164
2026-03-12 20:00:00+00:00,89.40790557861328
2026-03-12 21:00:00+00:00,81.54269409179688
2026-03-12 22:00:00+00:00,66.69052124023438
2026-03-12 23:00:00+00:00,65.1388168334961
2026-03-13 00:00:00+00:00,19.035476684570312
2026-03-13 01:00:00+00:00,19.398704528808594
2026-03-13 02:00:00+00:00,20.130943298339844
2026-03-13 03:00:00+00:00,20.97124481201172
2026-03-13 04:00:00+00:00,29.670913696289062
2026-03-13 05:00:00+00:00,46.91230392456055
2026-03-13 06:00:00+00:00,51.11172103881836
2026-03-13 07:00:00+00:00,34.956912994384766
2026-03-13 08:00:00+00:00,11.210952758789062
2026-03-13 09:00:00+00:00,-6.333000183105469
2026-03-13 10:00:00+00:00,-16.84233856201172
2026-03-13 11:00:00+00:00,-15.478767395019531
2026-03-13 12:00:00+00:00,-7.9758758544921875
2026-03-13 13:00:00+00:00,16.861358642578125
2026-03-13 14:00:00+00:00,54.57551956176758
2026-03-13 15:00:00+00:00,85.51573944091797
2026-03-13 16:00:00+00:00,122.3006591796875
2026-03-13 17:00:00+00:00,144.60116577148438
2026-03-13 18:00:00+00:00,141.93771362304688
2026-03-13 19:00:00+00:00,127.45291137695312
2026-03-13 20:00:00+00:00,116.49166107177734
2026-03-13 21:00:00+00:00,108.06829833984375
2026-03-13 22:00:00+00:00,97.43373107910156
2026-03-13 23:00:00+00:00,95.962158203125
2026-03-14 00:00:00+00:00,106.35865020751953
2026-03-14 01:00:00+00:00,103.12786865234375
2026-03-14 02:00:00+00:00,101.68041229248047
2026-03-14 03:00:00+00:00,100.03951263427734
2026-03-14 04:00:00+00:00,99.61871337890625
2026-03-14 05:00:00+00:00,103.50675964355469
2026-03-14 06:00:00+00:00,113.45608520507812
2026-03-14 07:00:00+00:00,119.39144897460938
2026-03-14 08:00:00+00:00,118.55989837646484
2026-03-14 09:00:00+00:00,110.74946594238281
2026-03-14 10:00:00+00:00,101.40190887451172
2026-03-14 11:00:00+00:00,96.27458190917969
2026-03-14 12:00:00+00:00,96.0938491821289
2026-03-14 13:00:00+00:00,100.80938720703125
2026-03-14 14:00:00+00:00,117.63699340820312
2026-03-14 15:00:00+00:00,137.6942138671875
2026-03-14 16:00:00+00:00,158.06814575195312
2026-03-14 17:00:00+00:00,171.80870056152344
2026-03-14 18:00:00+00:00,168.1828155517578
2026-03-14 19:00:00+00:00,155.71298217773438
2026-03-14 20:00:00+00:00,145.70751953125
2026-03-14 21:00:00+00:00,137.19650268554688
2026-03-14 22:00:00+00:00,127.2335205078125
2026-03-14 23:00:00+00:00,123.546142578125
2026-03-15 00:00:00+00:00,129.88392639160156
2026-03-15 01:00:00+00:00,126.06320190429688
2026-03-15 02:00:00+00:00,123.8941650390625
2026-03-15 03:00:00+00:00,124.50049591064453
2026-03-15 04:00:00+00:00,125.37372589111328
2026-03-15 05:00:00+00:00,126.48823547363281
2026-03-15 06:00:00+00:00,127.20745849609375
2026-03-15 07:00:00+00:00,126.30752563476562
2026-03-15 08:00:00+00:00,121.42999267578125
2026-03-15 09:00:00+00:00,112.76976776123047
2026-03-15 10:00:00+00:00,103.13835906982422
2026-03-15 11:00:00+00:00,92.89131164550781
2026-03-15 12:00:00+00:00,83.5600357055664
2026-03-15 13:00:00+00:00,82.03814697265625
2026-03-15 14:00:00+00:00,92.0959701538086
2026-03-15 15:00:00+00:00,107.61604309082031
2026-03-15 16:00:00+00:00,132.70660400390625
2026-03-15 17:00:00+00:00,146.3064727783203
2026-03-15 18:00:00+00:00,137.72152709960938
2026-03-15 19:00:00+00:00,118.52204895019531
2026-03-15 20:00:00+00:00,106.42179870605469
2026-03-15 21:00:00+00:00,98.24368286132812
2026-03-15 22:00:00+00:00,83.95643615722656
2026-03-15 23:00:00+00:00,78.58641052246094
2026-03-16 00:00:00+00:00,26.60395050048828
2026-03-16 01:00:00+00:00,21.582862854003906
2026-03-16 02:00:00+00:00,17.62024688720703
2026-03-16 03:00:00+00:00,20.615821838378906
2026-03-16 04:00:00+00:00,37.2081413269043
2026-03-16 05:00:00+00:00,66.19984436035156
2026-03-16 06:00:00+00:00,87.02790832519531
2026-03-16 07:00:00+00:00,86.54740905761719
2026-03-16 08:00:00+00:00,70.96092224121094
2026-03-16 09:00:00+00:00,52.57887268066406
2026-03-16 10:00:00+00:00,38.34600067138672
2026-03-16 11:00:00+00:00,29.88532257080078
2026-03-16 12:00:00+00:00,26.24616241455078
2026-03-16 13:00:00+00:00,32.6558952331543
2026-03-16 14:00:00+00:00,59.318603515625
2026-03-16 15:00:00+00:00,100.95045471191406
2026-03-16 16:00:00+00:00,150.28939819335938
2026-03-16 17:00:00+00:00,181.6560821533203
2026-03-16 18:00:00+00:00,174.9569091796875
2026-03-16 19:00:00+00:00,151.76280212402344
2026-03-16 20:00:00+00:00,136.512939453125
2026-03-16 21:00:00+00:00,126.44407653808594
2026-03-16 22:00:00+00:00,112.82547760009766
2026-03-16 23:00:00+00:00,113.32505798339844
2026-03-17 00:00:00+00:00,108.81290435791016
2026-03-17 01:00:00+00:00,106.49957275390625
2026-03-17 02:00:00+00:00,107.29619598388672
2026-03-17 03:00:00+00:00,111.87969970703125
2026-03-17 04:00:00+00:00,125.72520446777344
2026-03-17 05:00:00+00:00,146.58612060546875
2026-03-17 06:00:00+00:00,153.73727416992188
2026-03-17 07:00:00+00:00,142.90518188476562
2026-03-17 08:00:00+00:00,123.36630249023438
2026-03-17 09:00:00+00:00,106.70893859863281
2026-03-17 10:00:00+00:00,93.84187316894531
2026-03-17 11:00:00+00:00,84.86885070800781
2026-03-17 12:00:00+00:00,84.68306732177734
2026-03-17 13:00:00+00:00,91.80628967285156
2026-03-17 14:00:00+00:00,108.56169128417969
2026-03-17 15:00:00+00:00,130.29507446289062
2026-03-17 16:00:00+00:00,166.8172607421875
2026-03-17 17:00:00+00:00,185.35963439941406
2026-03-17 18:00:00+00:00,172.716796875
2026-03-17 19:00:00+00:00,142.88229370117188
2026-03-17 20:00:00+00:00,121.1544189453125
2026-03-17 21:00:00+00:00,108.50157165527344
2026-03-17 22:00:00+00:00,90.60704040527344
2026-03-17 23:00:00+00:00,86.26777648925781
2026-03-18 00:00:00+00:00,78.55758666992188
2026-03-18 01:00:00+00:00,74.877197265625
2026-03-18 02:00:00+00:00,75.37804412841797
2026-03-18 03:00:00+00:00,79.0567626953125
2026-03-18 04:00:00+00:00,92.84117126464844
2026-03-18 05:00:00+00:00,116.13319396972656
2026-03-18 06:00:00+00:00,125.62212371826172
2026-03-18 07:00:00+00:00,105.48348999023438
2026-03-18 08:00:00+00:00,74.50020599365234
2026-03-18 09:00:00+00:00,47.69520568847656
2026-03-18 10:00:00+00:00,28.105606079101562
2026-03-18 11:00:00+00:00,16.603042602539062
2026-03-18 12:00:00+00:00,18.544219970703125
2026-03-18 13:00:00+00:00,36.62922286987305
2026-03-18 14:00:00+00:00,67.60515594482422
2026-03-18 15:00:00+00:00,109.17973327636719
2026-03-18 16:00:00+00:00,156.2239532470703
2026-03-18 17:00:00+00:00,183.79637145996094
2026-03-18 18:00:00+00:00,171.16448974609375
2026-03-18 19:00:00+00:00,146.68209838867188
2026-03-18 20:00:00+00:00,128.16001892089844
2026-03-18 21:00:00+00:00,119.38639831542969
2026-03-18 22:00:00+00:00,105.86359405517578
2026-03-18 23:00:00+00:00,106.54290771484375
2026-03-19 00:00:00+00:00,105.91690826416016
2026-03-19 01:00:00+00:00,108.38712310791016
2026-03-19 02:00:00+00:00,113.17630767822266
2026-03-19 03:00:00+00:00,121.07624816894531
2026-03-19 04:00:00+00:00,138.369140625
2026-03-19 05:00:00+00:00,164.39395141601562
2026-03-19 06:00:00+00:00,170.02618408203125
2026-03-19 07:00:00+00:00,141.65005493164062
2026-03-19 08:00:00+00:00,103.90927124023438
2026-03-19 09:00:00+00:00,69.70054626464844
2026-03-19 10:00:00+00:00,42.85546875
2026-03-19 11:00:00+00:00,30.077232360839844
2026-03-19 12:00:00+00:00,31.211055755615234
2026-03-19 13:00:00+00:00,48.956878662109375
2026-03-19 14:00:00+00:00,84.47746276855469
2026-03-19 15:00:00+00:00,126.564697265625
2026-03-19 16:00:00+00:00,177.60379028320312
2026-03-19 17:00:00+00:00,213.39630126953125
2026-03-19 18:00:00+00:00,196.720703125
2026-03-19 19:00:00+00:00,164.7318115234375
2026-03-19 20:00:00+00:00,148.8359832763672
2026-03-19 21:00:00+00:00,140.20852661132812
2026-03-19 22:00:00+00:00,128.63714599609375
2026-03-19 23:00:00+00:00,122.69117736816406
2026-03-20 00:00:00+00:00,136.79098510742188
2026-03-20 01:00:00+00:00,136.05747985839844
2026-03-20 02:00:00+00:00,134.4578094482422
2026-03-20 03:00:00+00:00,137.22003173828125
2026-03-20 04:00:00+00:00,147.48855590820312
2026-03-20 05:00:00+00:00,174.5511932373047
2026-03-20 06:00:00+00:00,180.4808349609375
2026-03-20 07:00:00+00:00,163.3616943359375
2026-03-20 08:00:00+00:00,129.26414489746094
2026-03-20 09:00:00+00:00,96.05868530273438
2026-03-20 10:00:00+00:00,66.88693237304688
2026-03-20 11:00:00+00:00,51.96746826171875
2026-03-20 12:00:00+00:00,48.60075759887695
2026-03-20 13:00:00+00:00,67.02531433105469
2026-03-20 14:00:00+00:00,97.48626708984375
2026-03-20 15:00:00+00:00,128.69403076171875
2026-03-20 16:00:00+00:00,168.2913818359375
2026-03-20 17:00:00+00:00,210.97854614257812
2026-03-20 18:00:00+00:00,197.08761596679688
2026-03-20 19:00:00+00:00,162.34420776367188
2026-03-20 20:00:00+00:00,143.62686157226562
2026-03-20 21:00:00+00:00,134.1397705078125
2026-03-20 22:00:00+00:00,126.74652099609375
2026-03-20 23:00:00+00:00,132.09130859375
2026-03-21 00:00:00+00:00,138.96205139160156
2026-03-21 01:00:00+00:00,134.1379852294922
2026-03-21 02:00:00+00:00,131.70655822753906
2026-03-21 03:00:00+00:00,133.35809326171875
2026-03-21 04:00:00+00:00,137.35777282714844
2026-03-21 05:00:00+00:00,139.11068725585938
2026-03-21 06:00:00+00:00,134.1549835205078
2026-03-21 07:00:00+00:00,121.85382080078125
2026-03-21 08:00:00+00:00,103.28629302978516
2026-03-21 09:00:00+00:00,80.65641784667969
2026-03-21 10:00:00+00:00,58.5511589050293
2026-03-21 11:00:00+00:00,43.072181701660156
2026-03-21 12:00:00+00:00,33.62393569946289
2026-03-21 13:00:00+00:00,47.30418395996094
2026-03-21 14:00:00+00:00,81.99565887451172
2026-03-21 15:00:00+00:00,114.4312973022461
2026-03-21 16:00:00+00:00,140.8524932861328
2026-03-21 17:00:00+00:00,162.05194091796875
2026-03-21 18:00:00+00:00,155.09457397460938
2026-03-21 19:00:00+00:00,134.80221557617188
2026-03-21 20:00:00+00:00,120.74382019042969
2026-03-21 21:00:00+00:00,112.72349548339844
2026-03-21 22:00:00+00:00,105.17237091064453
2026-03-21 23:00:00+00:00,102.42203521728516
2026-03-22 00:00:00+00:00,99.27490234375
2026-03-22 01:00:00+00:00,95.96326446533203
2026-03-22 02:00:00+00:00,95.3317642211914
2026-03-22 03:00:00+00:00,95.96593475341797
2026-03-22 04:00:00+00:00,95.54605102539062
2026-03-22 05:00:00+00:00,91.17119598388672
2026-03-22 06:00:00+00:00,76.2972183227539
2026-03-22 07:00:00+00:00,53.59152603149414
2026-03-22 08:00:00+00:00,32.80963134765625
2026-03-22 09:00:00+00:00,10.713737487792969
2026-03-22 10:00:00+00:00,-11.180839538574219
2026-03-22 11:00:00+00:00,-20.858665466308594
2026-03-22 12:00:00+00:00,-25.37823486328125
2026-03-22 13:00:00+00:00,-12.247222900390625
2026-03-22 14:00:00+00:00,39.60158157348633
2026-03-22 15:00:00+00:00,98.28245544433594
2026-03-22 16:00:00+00:00,143.83102416992188
2026-03-22 17:00:00+00:00,179.24392700195312
2026-03-22 18:00:00+00:00,178.30606079101562
2026-03-22 19:00:00+00:00,159.69259643554688
2026-03-22 20:00:00+00:00,147.65252685546875
2026-03-22 21:00:00+00:00,142.24388122558594
2026-03-22 22:00:00+00:00,136.18858337402344
2026-03-22 23:00:00+00:00,131.900146484375
2026-03-23 00:00:00+00:00,130.55691528320312
2026-03-23 01:00:00+00:00,131.82603454589844
2026-03-23 02:00:00+00:00,133.18206787109375
2026-03-23 03:00:00+00:00,140.24203491210938
2026-03-23 04:00:00+00:00,156.0787353515625
2026-03-23 05:00:00+00:00,180.472412109375
2026-03-23 06:00:00+00:00,179.4189453125
2026-03-23 07:00:00+00:00,150.00099182128906
2026-03-23 08:00:00+00:00,105.05657196044922
2026-03-23 09:00:00+00:00,70.15725708007812
2026-03-23 10:00:00+00:00,42.69365310668945
2026-03-23 11:00:00+00:00,38.09504318237305
2026-03-23 12:00:00+00:00,46.854305267333984
2026-03-23 13:00:00+00:00,76.88127899169922
2026-03-23 14:00:00+00:00,109.52725219726562
2026-03-23 15:00:00+00:00,140.53375244140625
2026-03-23 16:00:00+00:00,178.42483520507812
2026-03-23 17:00:00+00:00,222.06256103515625
2026-03-23 18:00:00+00:00,220.2415771484375
2026-03-23 19:00:00+00:00,189.68954467773438
2026-03-23 20:00:00+00:00,170.69235229492188
2026-03-23 21:00:00+00:00,158.5614776611328
2026-03-23 22:00:00+00:00,146.12351989746094
2026-03-23 23:00:00+00:00,139.5862579345703
2026-03-24 00:00:00+00:00,134.69821166992188
2026-03-24 01:00:00+00:00,119.94435119628906
2026-03-24 02:00:00+00:00,107.72823333740234
2026-03-24 03:00:00+00:00,103.24860382080078
2026-03-24 04:00:00+00:00,109.8292007446289
2026-03-24 05:00:00+00:00,130.04702758789062
2026-03-24 06:00:00+00:00,130.00540161132812
2026-03-24 07:00:00+00:00,103.37071228027344
2026-03-24 08:00:00+00:00,68.81922149658203
2026-03-24 09:00:00+00:00,35.500091552734375
2026-03-24 10:00:00+00:00,13.844566345214844
2026-03-24 11:00:00+00:00,5.01849365234375
2026-03-24 12:00:00+00:00,5.7066497802734375
2026-03-24 13:00:00+00:00,13.683212280273438
2026-03-24 14:00:00+00:00,35.970970153808594
2026-03-24 15:00:00+00:00,76.15245056152344
2026-03-24 16:00:00+00:00,108.33548736572266
2026-03-24 17:00:00+00:00,141.56698608398438
2026-03-24 18:00:00+00:00,124.04437255859375
2026-03-24 19:00:00+00:00,89.00794219970703
2026-03-24 20:00:00+00:00,62.401248931884766
2026-03-24 21:00:00+00:00,41.99214553833008
2026-03-24 22:00:00+00:00,19.94953155517578
2026-03-24 23:00:00+00:00,11.798896789550781
2026-03-25 00:00:00+00:00,0.33567047119140625
2026-03-25 01:00:00+00:00,-1.363861083984375
2026-03-25 02:00:00+00:00,-2.007965087890625
2026-03-25 03:00:00+00:00,-1.7334671020507812
2026-03-25 04:00:00+00:00,0.15355682373046875
2026-03-25 05:00:00+00:00,5.4942626953125
2026-03-25 06:00:00+00:00,19.195999145507812
2026-03-25 07:00:00+00:00,14.178886413574219
2026-03-25 08:00:00+00:00,5.016517639160156
2026-03-25 09:00:00+00:00,1.7612228393554688
2026-03-25 10:00:00+00:00,0.6364059448242188
2026-03-25 11:00:00+00:00,1.2319259643554688
2026-03-25 12:00:00+00:00,2.0789871215820312
2026-03-25 13:00:00+00:00,4.3965301513671875
2026-03-25 14:00:00+00:00,17.398040771484375
2026-03-25 15:00:00+00:00,65.3243408203125
2026-03-25 16:00:00+00:00,86.70616912841797
2026-03-25 17:00:00+00:00,123.25904846191406
2026-03-25 18:00:00+00:00,127.44682312011719
2026-03-25 19:00:00+00:00,108.32041931152344
2026-03-25 20:00:00+00:00,92.15708923339844
2026-03-25 21:00:00+00:00,83.42475128173828
2026-03-25 22:00:00+00:00,61.51471710205078
2026-03-25 23:00:00+00:00,63.04411315917969
2026-03-26 00:00:00+00:00,97.48959350585938
2026-03-26 01:00:00+00:00,90.0714111328125
2026-03-26 02:00:00+00:00,88.61302185058594
2026-03-26 03:00:00+00:00,92.22029113769531
2026-03-26 04:00:00+00:00,102.88862609863281
2026-03-26 05:00:00+00:00,122.83917999267578
2026-03-26 06:00:00+00:00,131.04342651367188
2026-03-26 07:00:00+00:00,111.83836364746094
2026-03-26 08:00:00+00:00,81.23775482177734
2026-03-26 09:00:00+00:00,48.54191589355469
2026-03-26 10:00:00+00:00,26.506507873535156
2026-03-26 11:00:00+00:00,15.430595397949219
2026-03-26 12:00:00+00:00,10.498054504394531
2026-03-26 13:00:00+00:00,12.475357055664062
2026-03-26 14:00:00+00:00,30.855819702148438
2026-03-26 15:00:00+00:00,72.43968200683594
2026-03-26 16:00:00+00:00,122.26399230957031
2026-03-26 17:00:00+00:00,168.14190673828125
2026-03-26 18:00:00+00:00,180.6124725341797
2026-03-26 19:00:00+00:00,158.5155029296875
2026-03-26 20:00:00+00:00,140.51150512695312
2026-03-26 21:00:00+00:00,129.48388671875
2026-03-26 22:00:00+00:00,116.51963806152344
2026-03-26 23:00:00+00:00,122.38593292236328
2026-03-27 00:00:00+00:00,120.73690032958984
2026-03-27 01:00:00+00:00,124.49327850341797
2026-03-27 02:00:00+00:00,128.616943359375
2026-03-27 03:00:00+00:00,136.13241577148438
2026-03-27 04:00:00+00:00,146.57232666015625
2026-03-27 05:00:00+00:00,166.01979064941406
2026-03-27 06:00:00+00:00,167.3067169189453
2026-03-27 07:00:00+00:00,149.47918701171875
2026-03-27 08:00:00+00:00,114.24382019042969
2026-03-27 09:00:00+00:00,80.33547973632812
2026-03-27 10:00:00+00:00,49.94825744628906
2026-03-27 11:00:00+00:00,35.28482437133789
2026-03-27 12:00:00+00:00,32.490814208984375
2026-03-27 13:00:00+00:00,51.3234977722168
2026-03-27 14:00:00+00:00,80.92064666748047
2026-03-27 15:00:00+00:00,110.52432250976562
2026-03-27 16:00:00+00:00,148.71656799316406
2026-03-27 17:00:00+00:00,185.27467346191406
2026-03-27 18:00:00+00:00,183.82305908203125
2026-03-27 19:00:00+00:00,160.05728149414062
2026-03-27 20:00:00+00:00,139.70159912109375
2026-03-27 21:00:00+00:00,126.39793395996094
2026-03-27 22:00:00+00:00,113.97323608398438
2026-03-27 23:00:00+00:00,113.37067413330078
2026-03-28 00:00:00+00:00,89.64685821533203
2026-03-28 01:00:00+00:00,84.20291137695312
2026-03-28 02:00:00+00:00,82.82676696777344
2026-03-28 03:00:00+00:00,85.37428283691406
2026-03-28 04:00:00+00:00,89.03987121582031
2026-03-28 05:00:00+00:00,91.30762481689453
2026-03-28 06:00:00+00:00,92.88008117675781
2026-03-28 07:00:00+00:00,87.50457763671875
2026-03-28 08:00:00+00:00,78.86402130126953
2026-03-28 09:00:00+00:00,70.38566589355469
2026-03-28 10:00:00+00:00,62.67148208618164
2026-03-28 11:00:00+00:00,57.62824249267578
2026-03-28 12:00:00+00:00,57.76826858520508
2026-03-28 13:00:00+00:00,69.26605987548828
2026-03-28 14:00:00+00:00,90.52474975585938
2026-03-28 15:00:00+00:00,115.07865905761719
2026-03-28 16:00:00+00:00,138.56639099121094
2026-03-28 17:00:00+00:00,161.984619140625
2026-03-28 18:00:00+00:00,164.75543212890625
2026-03-28 19:00:00+00:00,148.49923706054688
2026-03-28 20:00:00+00:00,133.85018920898438
2026-03-28 21:00:00+00:00,123.91706848144531
2026-03-28 22:00:00+00:00,111.22212982177734
2026-03-28 23:00:00+00:00,108.56443786621094
2026-03-29 00:00:00+00:00,111.99114990234375
2026-03-29 01:00:00+00:00,107.97919464111328
2026-03-29 02:00:00+00:00,106.17139434814453
2026-03-29 03:00:00+00:00,109.33456420898438
2026-03-29 04:00:00+00:00,113.38380432128906
2026-03-29 05:00:00+00:00,112.58683013916016
2026-03-29 06:00:00+00:00,107.80073547363281
2026-03-29 07:00:00+00:00,94.52540588378906
2026-03-29 08:00:00+00:00,72.78797912597656
2026-03-29 09:00:00+00:00,50.51528549194336
2026-03-29 10:00:00+00:00,25.49970245361328
2026-03-29 11:00:00+00:00,2.8063583374023438
2026-03-29 12:00:00+00:00,-13.149742126464844
2026-03-29 13:00:00+00:00,-16.86486053466797
2026-03-29 14:00:00+00:00,2.9975509643554688
2026-03-29 15:00:00+00:00,53.1148567199707
2026-03-29 16:00:00+00:00,95.73062133789062
2026-03-29 17:00:00+00:00,125.74592590332031
2026-03-29 18:00:00+00:00,118.14683532714844
2026-03-29 19:00:00+00:00,94.47206115722656
2026-03-29 20:00:00+00:00,71.97645568847656
2026-03-29 21:00:00+00:00,51.289363861083984
2026-03-29 22:00:00+00:00,30.795867919921875
2026-03-29 23:00:00+00:00,19.254241943359375
2026-03-30 00:00:00+00:00,-0.0209503173828125
2026-03-30 01:00:00+00:00,-0.13036346435546875
2026-03-30 02:00:00+00:00,3.5649566650390625
2026-03-30 03:00:00+00:00,13.319175720214844
2026-03-30 04:00:00+00:00,30.654815673828125
2026-03-30 05:00:00+00:00,59.97414779663086
2026-03-30 06:00:00+00:00,87.15714263916016
2026-03-30 07:00:00+00:00,86.53067016601562
2026-03-30 08:00:00+00:00,67.58003234863281
2026-03-30 09:00:00+00:00,42.210044860839844
2026-03-30 10:00:00+00:00,20.134750366210938
2026-03-30 11:00:00+00:00,12.014488220214844
2026-03-30 12:00:00+00:00,12.484977722167969
2026-03-30 13:00:00+00:00,22.201568603515625
2026-03-30 14:00:00+00:00,40.86998748779297
2026-03-30 15:00:00+00:00,76.97774505615234
2026-03-30 16:00:00+00:00,109.19583892822266
2026-03-30 17:00:00+00:00,140.0370635986328
2026-03-30 18:00:00+00:00,144.26605224609375
2026-03-30 19:00:00+00:00,125.9282455444336
2026-03-30 20:00:00+00:00,108.75727081298828
2026-03-30 21:00:00+00:00,97.06141662597656
2026-03-30 22:00:00+00:00,85.31201171875
2026-03-30 23:00:00+00:00,84.23307800292969
2026-03-31 00:00:00+00:00,95.1384048461914
2026-03-31 01:00:00+00:00,92.848876953125
2026-03-31 02:00:00+00:00,91.45979309082031
2026-03-31 03:00:00+00:00,97.41967010498047
2026-03-31 04:00:00+00:00,112.62987518310547
2026-03-31 05:00:00+00:00,132.87451171875
2026-03-31 06:00:00+00:00,141.90350341796875
2026-03-31 07:00:00+00:00,127.55110931396484
2026-03-31 08:00:00+00:00,92.87286376953125
2026-03-31 09:00:00+00:00,62.8540153503418
2026-03-31 10:00:00+00:00,41.70603942871094
2026-03-31 11:00:00+00:00,26.160354614257812
2026-03-31 12:00:00+00:00,20.727874755859375
2026-03-31 13:00:00+00:00,30.73827362060547
2026-03-31 14:00:00+00:00,50.11530685424805
2026-03-31 15:00:00+00:00,79.80523681640625
2026-03-31 16:00:00+00:00,121.98226928710938
2026-03-31 17:00:00+00:00,163.33792114257812
2026-03-31 18:00:00+00:00,166.42181396484375
2026-03-31 19:00:00+00:00,153.14300537109375
2026-03-31 20:00:00+00:00,142.28668212890625
2026-03-31 21:00:00+00:00,136.49960327148438
2026-03-31 22:00:00+00:00,136.98287963867188
2026-03-31 23:00:00+00:00,136.7647247314453
2026-04-01 00:00:00+00:00,128.56112670898438
2026-04-01 01:00:00+00:00,130.52198791503906
2026-04-01 02:00:00+00:00,134.32061767578125
2026-04-01 03:00:00+00:00,145.22161865234375
2026-04-01 04:00:00+00:00,170.24356079101562
2026-04-01 05:00:00+00:00,193.8829345703125
2026-04-01 06:00:00+00:00,196.13455200195312
2026-04-01 07:00:00+00:00,165.0750274658203
2026-04-01 08:00:00+00:00,131.27804565429688
2026-04-01 09:00:00+00:00,101.37088775634766
2026-04-01 10:00:00+00:00,77.07197570800781
2026-04-01 11:00:00+00:00,58.82984924316406
2026-04-01 12:00:00+00:00,52.253116607666016
2026-04-01 13:00:00+00:00,73.11277770996094
2026-04-01 14:00:00+00:00,98.09083557128906
2026-04-01 15:00:00+00:00,132.28854370117188
2026-04-01 16:00:00+00:00,175.37106323242188
2026-04-01 17:00:00+00:00,214.59744262695312
2026-04-01 18:00:00+00:00,209.15721130371094
2026-04-01 19:00:00+00:00,179.96311950683594
2026-04-01 20:00:00+00:00,159.2660369873047
2026-04-01 21:00:00+00:00,148.5001220703125
2026-04-01 22:00:00+00:00,140.78677368164062
2026-04-01 23:00:00+00:00,135.796630859375
2026-04-02 00:00:00+00:00,115.13756561279297
2026-04-02 01:00:00+00:00,115.81521606445312
2026-04-02 02:00:00+00:00,118.83527374267578
2026-04-02 03:00:00+00:00,131.62710571289062
2026-04-02 04:00:00+00:00,153.80889892578125
2026-04-02 05:00:00+00:00,167.94021606445312
2026-04-02 06:00:00+00:00,154.6800079345703
2026-04-02 07:00:00+00:00,121.8232421875
2026-04-02 08:00:00+00:00,81.3348617553711
2026-04-02 09:00:00+00:00,51.488861083984375
2026-04-02 10:00:00+00:00,30.86347198486328
2026-04-02 11:00:00+00:00,23.968917846679688
2026-04-02 12:00:00+00:00,28.69074249267578
2026-04-02 13:00:00+00:00,56.155906677246094
2026-04-02 14:00:00+00:00,85.02586364746094
2026-04-02 15:00:00+00:00,115.38796997070312
2026-04-02 16:00:00+00:00,143.1757049560547
2026-04-02 17:00:00+00:00,173.86544799804688
2026-04-02 18:00:00+00:00,170.1558074951172
2026-04-02 19:00:00+00:00,149.53396606445312
2026-04-02 20:00:00+00:00,133.96209716796875
2026-04-02 21:00:00+00:00,124.58061218261719
2026-04-02 22:00:00+00:00,118.43013763427734
2026-04-02 23:00:00+00:00,117.01107788085938
2026-04-03 00:00:00+00:00,116.86393737792969
2026-04-03 01:00:00+00:00,115.0285415649414
2026-04-03 02:00:00+00:00,114.20193481445312
2026-04-03 03:00:00+00:00,120.09107208251953
2026-04-03 04:00:00+00:00,129.91957092285156
2026-04-03 05:00:00+00:00,137.00613403320312
2026-04-03 06:00:00+00:00,133.98382568359375
2026-04-03 07:00:00+00:00,110.83251953125
2026-04-03 08:00:00+00:00,79.12361145019531
2026-04-03 09:00:00+00:00,45.78578186035156
2026-04-03 10:00:00+00:00,22.48101043701172
2026-04-03 11:00:00+00:00,6.830513000488281
2026-04-03 12:00:00+00:00,-2.5477981567382812
2026-04-03 13:00:00+00:00,0.3837738037109375
2026-04-03 14:00:00+00:00,13.510597229003906
2026-04-03 15:00:00+00:00,45.89105224609375
2026-04-03 16:00:00+00:00,80.33152770996094
2026-04-03 17:00:00+00:00,106.76394653320312
2026-04-03 18:00:00+00:00,101.4803466796875
2026-04-03 19:00:00+00:00,84.36830139160156
2026-04-03 20:00:00+00:00,67.53614807128906
2026-04-03 21:00:00+00:00,48.90641784667969
2026-04-03 22:00:00+00:00,25.800323486328125
2026-04-03 23:00:00+00:00,14.4642333984375
2026-04-04 00:00:00+00:00,7.6766357421875
2026-04-04 01:00:00+00:00,7.498291015625
2026-04-04 02:00:00+00:00,8.983901977539062
2026-04-04 03:00:00+00:00,14.0947265625
2026-04-04 04:00:00+00:00,19.8382568359375
2026-04-04 05:00:00+00:00,30.010597229003906
2026-04-04 06:00:00+00:00,48.7188720703125
2026-04-04 07:00:00+00:00,43.88441467285156
2026-04-04 08:00:00+00:00,26.71178436279297
2026-04-04 09:00:00+00:00,8.854957580566406
2026-04-04 10:00:00+00:00,3.2735824584960938
2026-04-04 11:00:00+00:00,2.7706985473632812
2026-04-04 12:00:00+00:00,3.4446029663085938
2026-04-04 13:00:00+00:00,10.603683471679688
2026-04-04 14:00:00+00:00,39.6099739074707
2026-04-04 15:00:00+00:00,86.21443176269531
2026-04-04 16:00:00+00:00,122.25898742675781
2026-04-04 17:00:00+00:00,155.1662139892578
2026-04-04 18:00:00+00:00,152.8852081298828
2026-04-04 19:00:00+00:00,127.0329818725586
2026-04-04 20:00:00+00:00,102.44664001464844
2026-04-04 21:00:00+00:00,85.69032287597656
2026-04-04 22:00:00+00:00,52.046573638916016
2026-04-04 23:00:00+00:00,40.13349533081055
2026-04-05 00:00:00+00:00,-9.478767395019531
2026-04-05 01:00:00+00:00,-12.366554260253906
2026-04-05 02:00:00+00:00,-15.627525329589844
2026-04-05 03:00:00+00:00,-17.046722412109375
2026-04-05 04:00:00+00:00,-18.35704803466797
2026-04-05 05:00:00+00:00,-22.372726440429688
2026-04-05 06:00:00+00:00,-26.750022888183594
2026-04-05 07:00:00+00:00,-30.581825256347656
2026-04-05 08:00:00+00:00,-33.09064483642578
2026-04-05 09:00:00+00:00,-36.639198303222656
2026-04-05 10:00:00+00:00,-37.805763244628906
2026-04-05 11:00:00+00:00,-38.590309143066406
2026-04-05 12:00:00+00:00,-38.636436462402344
2026-04-05 13:00:00+00:00,-36.38977813720703
2026-04-05 14:00:00+00:00,-32.71752166748047
2026-04-05 15:00:00+00:00,-7.7558441162109375
2026-04-05 16:00:00+00:00,15.345039367675781
2026-04-05 17:00:00+00:00,63.493431091308594
2026-04-05 18:00:00+00:00,80.3914794921875
2026-04-05 19:00:00+00:00,75.56304168701172
2026-04-05 20:00:00+00:00,67.47450256347656
2026-04-05 21:00:00+00:00,56.69023132324219
2026-04-05 22:00:00+00:00,42.83845138549805
2026-04-05 23:00:00+00:00,39.398624420166016
2026-04-06 00:00:00+00:00,8.656745910644531
2026-04-06 01:00:00+00:00,11.306625366210938
2026-04-06 02:00:00+00:00,17.40062713623047
2026-04-06 03:00:00+00:00,29.058589935302734
2026-04-06 04:00:00+00:00,37.98112487792969
2026-04-06 05:00:00+00:00,41.07616424560547
2026-04-06 06:00:00+00:00,32.03281021118164
2026-04-06 07:00:00+00:00,9.1656494140625
2026-04-06 08:00:00+00:00,-15.819808959960938
2026-04-06 09:00:00+00:00,-29.67889404296875
2026-04-06 10:00:00+00:00,-42.44879150390625
2026-04-06 11:00:00+00:00,-50.27894592285156
2026-04-06 12:00:00+00:00,-46.946258544921875
2026-04-06 13:00:00+00:00,-34.41063690185547
2026-04-06 14:00:00+00:00,-14.704307556152344
2026-04-06 15:00:00+00:00,23.855079650878906
2026-04-06 16:00:00+00:00,66.05464172363281
2026-04-06 17:00:00+00:00,115.4415054321289
2026-04-06 18:00:00+00:00,126.40512084960938
2026-04-06 19:00:00+00:00,120.4305191040039
2026-04-06 20:00:00+00:00,113.99006652832031
2026-04-06 21:00:00+00:00,104.8315658569336
2026-04-06 22:00:00+00:00,100.83494567871094
2026-04-06 23:00:00+00:00,101.24046325683594
2026-04-07 00:00:00+00:00,94.48140716552734
2026-04-07 01:00:00+00:00,94.6600570678711
2026-04-07 02:00:00+00:00,98.64079284667969
2026-04-07 03:00:00+00:00,117.41653442382812
2026-04-07 04:00:00+00:00,143.73736572265625
2026-04-07 05:00:00+00:00,154.4901885986328
2026-04-07 06:00:00+00:00,140.81375122070312
2026-04-07 07:00:00+00:00,108.85916137695312
2026-04-07 08:00:00+00:00,71.4964370727539
2026-04-07 09:00:00+00:00,46.11397171020508
2026-04-07 10:00:00+00:00,27.17745590209961
2026-04-07 11:00:00+00:00,15.155555725097656
2026-04-07 12:00:00+00:00,17.987960815429688
2026-04-07 13:00:00+00:00,30.12500762939453
2026-04-07 14:00:00+00:00,55.33608627319336
2026-04-07 15:00:00+00:00,98.23369598388672
2026-04-07 16:00:00+00:00,142.2906036376953
2026-04-07 17:00:00+00:00,179.57220458984375
2026-04-07 18:00:00+00:00,176.15130615234375
2026-04-07 19:00:00+00:00,154.05844116210938
2026-04-07 20:00:00+00:00,138.24713134765625
2026-04-07 21:00:00+00:00,126.23721313476562
2026-04-07 22:00:00+00:00,109.50057220458984
2026-04-07 23:00:00+00:00,104.324462890625
2026-04-08 00:00:00+00:00,94.48258209228516
2026-04-08 01:00:00+00:00,96.22595977783203
2026-04-08 02:00:00+00:00,100.631591796875
2026-04-08 03:00:00+00:00,119.08808898925781
2026-04-08 04:00:00+00:00,144.91644287109375
2026-04-08 05:00:00+00:00,156.4474639892578
2026-04-08 06:00:00+00:00,134.800537109375
2026-04-08 07:00:00+00:00,95.57071685791016
2026-04-08 08:00:00+00:00,52.95771408081055
2026-04-08 09:00:00+00:00,25.491413116455078
2026-04-08 10:00:00+00:00,5.4120330810546875
2026-04-08 11:00:00+00:00,-6.281501770019531
2026-04-08 12:00:00+00:00,-3.524627685546875
2026-04-08 13:00:00+00:00,11.888954162597656
2026-04-08 14:00:00+00:00,35.871219635009766
2026-04-08 15:00:00+00:00,83.35726165771484
2026-04-08 16:00:00+00:00,123.67789459228516
2026-04-08 17:00:00+00:00,164.6507568359375
2026-04-08 18:00:00+00:00,157.11102294921875
2026-04-08 19:00:00+00:00,125.97588348388672
2026-04-08 20:00:00+00:00,105.06292724609375
2026-04-08 21:00:00+00:00,89.39835357666016
2026-04-08 22:00:00+00:00,78.8630142211914
2026-04-08 23:00:00+00:00,81.52796936035156
2026-04-09 00:00:00+00:00,95.2840576171875
2026-04-09 01:00:00+00:00,97.49955749511719
2026-04-09 02:00:00+00:00,101.71774291992188
2026-04-09 03:00:00+00:00,116.15225982666016
2026-04-09 04:00:00+00:00,135.50999450683594
2026-04-09 05:00:00+00:00,153.24673461914062
2026-04-09 06:00:00+00:00,143.9654541015625
2026-04-09 07:00:00+00:00,115.51026916503906
2026-04-09 08:00:00+00:00,73.87645721435547
2026-04-09 09:00:00+00:00,33.47196960449219
2026-04-09 10:00:00+00:00,11.720901489257812
2026-04-09 11:00:00+00:00,1.359771728515625
2026-04-09 12:00:00+00:00,-0.44322967529296875
2026-04-09 13:00:00+00:00,15.128944396972656
2026-04-09 14:00:00+00:00,40.54621124267578
2026-04-09 15:00:00+00:00,98.05183410644531
2026-04-09 16:00:00+00:00,132.23992919921875
2026-04-09 17:00:00+00:00,158.6819305419922
2026-04-09 18:00:00+00:00,153.98211669921875
2026-04-09 19:00:00+00:00,129.23321533203125
2026-04-09 20:00:00+00:00,112.4840087890625
2026-04-09 21:00:00+00:00,93.08966827392578
2026-04-09 22:00:00+00:00,76.57266235351562
2026-04-09 23:00:00+00:00,71.89295196533203
2026-04-10 00:00:00+00:00,73.18748474121094
2026-04-10 01:00:00+00:00,70.56616973876953
2026-04-10 02:00:00+00:00,69.12911224365234
2026-04-10 03:00:00+00:00,75.47232818603516
2026-04-10 04:00:00+00:00,93.26315307617188
2026-04-10 05:00:00+00:00,112.12112426757812
2026-04-10 06:00:00+00:00,125.73422241210938
2026-04-10 07:00:00+00:00,122.38478088378906
2026-04-10 08:00:00+00:00,103.7195816040039
2026-04-10 09:00:00+00:00,85.78600311279297
2026-04-10 10:00:00+00:00,72.90542602539062
2026-04-10 11:00:00+00:00,61.94659423828125
2026-04-10 12:00:00+00:00,62.555416107177734
2026-04-10 13:00:00+00:00,70.15035247802734
2026-04-10 14:00:00+00:00,85.21022033691406
2026-04-10 15:00:00+00:00,115.05181884765625
2026-04-10 16:00:00+00:00,142.04705810546875
2026-04-10 17:00:00+00:00,175.11949157714844
2026-04-10 18:00:00+00:00,177.263916015625
2026-04-10 19:00:00+00:00,163.8690185546875
2026-04-10 20:00:00+00:00,152.0350341796875
2026-04-10 21:00:00+00:00,142.7614288330078
2026-04-10 22:00:00+00:00,130.34353637695312
2026-04-10 23:00:00+00:00,123.6861572265625
2026-04-11 00:00:00+00:00,115.20964050292969
2026-04-11 01:00:00+00:00,105.05467224121094
2026-04-11 02:00:00+00:00,95.88772583007812
2026-04-11 03:00:00+00:00,92.81022644042969
2026-04-11 04:00:00+00:00,94.10039520263672
2026-04-11 05:00:00+00:00,89.1954116821289
2026-04-11 06:00:00+00:00,72.57731628417969
2026-04-11 07:00:00+00:00,44.19049835205078
2026-04-11 08:00:00+00:00,13.472000122070312
2026-04-11 09:00:00+00:00,-16.960609436035156
2026-04-11 10:00:00+00:00,-37.78559112548828
2026-04-11 11:00:00+00:00,-49.16675567626953
2026-04-11 12:00:00+00:00,-49.08179473876953
2026-04-11 13:00:00+00:00,-35.07212829589844
2026-04-11 14:00:00+00:00,-11.933815002441406
2026-04-11 15:00:00+00:00,26.934898376464844
2026-04-11 16:00:00+00:00,58.52754211425781
2026-04-11 17:00:00+00:00,87.93743133544922
2026-04-11 18:00:00+00:00,84.911376953125
2026-04-11 19:00:00+00:00,66.21286010742188
2026-04-11 20:00:00+00:00,62.686771392822266
2026-04-11 21:00:00+00:00,63.958412170410156
2026-04-11 22:00:00+00:00,67.16900634765625
2026-04-11 23:00:00+00:00,70.93879699707031
2026-04-12 00:00:00+00:00,82.59080505371094
2026-04-12 01:00:00+00:00,85.95256805419922
2026-04-12 02:00:00+00:00,90.11560821533203
2026-04-12 03:00:00+00:00,95.85710144042969
2026-04-12 04:00:00+00:00,102.50453186035156
2026-04-12 05:00:00+00:00,105.11576843261719
2026-04-12 06:00:00+00:00,104.40045928955078
2026-04-12 07:00:00+00:00,98.31188201904297
2026-04-12 08:00:00+00:00,86.89483642578125
2026-04-12 09:00:00+00:00,75.61644744873047
2026-04-12 10:00:00+00:00,65.21341705322266
2026-04-12 11:00:00+00:00,56.961753845214844
2026-04-12 12:00:00+00:00,59.372344970703125
2026-04-12 13:00:00+00:00,72.7209243774414
2026-04-12 14:00:00+00:00,94.81532287597656
2026-04-12 15:00:00+00:00,119.1539535522461
2026-04-12 16:00:00+00:00,143.41159057617188
2026-04-12 17:00:00+00:00,161.0576629638672
2026-04-12 18:00:00+00:00,162.72796630859375
2026-04-12 19:00:00+00:00,153.33871459960938
2026-04-12 20:00:00+00:00,143.12393188476562
2026-04-12 21:00:00+00:00,133.67300415039062
2026-04-12 22:00:00+00:00,127.43663787841797
2026-04-12 23:00:00+00:00,121.16154479980469
2026-04-13 00:00:00+00:00,106.38285064697266
2026-04-13 01:00:00+00:00,104.53987121582031
2026-04-13 02:00:00+00:00,108.96402740478516
2026-04-13 03:00:00+00:00,120.81735229492188
2026-04-13 04:00:00+00:00,140.9881134033203
2026-04-13 05:00:00+00:00,151.0638427734375
2026-04-13 06:00:00+00:00,149.37222290039062
2026-04-13 07:00:00+00:00,137.75894165039062
2026-04-13 08:00:00+00:00,121.00253295898438
2026-04-13 09:00:00+00:00,103.33585357666016
2026-04-13 10:00:00+00:00,87.48233795166016
2026-04-13 11:00:00+00:00,78.90718841552734
2026-04-13 12:00:00+00:00,81.53643035888672
2026-04-13 13:00:00+00:00,92.89801025390625
2026-04-13 14:00:00+00:00,109.49752044677734
2026-04-13 15:00:00+00:00,128.5684356689453
2026-04-13 16:00:00+00:00,150.4447479248047
2026-04-13 17:00:00+00:00,162.30291748046875
2026-04-13 18:00:00+00:00,159.77017211914062
2026-04-13 19:00:00+00:00,148.48031616210938
2026-04-13 20:00:00+00:00,138.2288818359375
2026-04-13 21:00:00+00:00,131.18368530273438
2026-04-13 22:00:00+00:00,125.5303955078125
2026-04-13 23:00:00+00:00,120.81376647949219
2026-04-14 00:00:00+00:00,113.46832275390625
2026-04-14 01:00:00+00:00,113.67083740234375
2026-04-14 02:00:00+00:00,115.66961669921875
2026-04-14 03:00:00+00:00,122.79322814941406
2026-04-14 04:00:00+00:00,140.17613220214844
2026-04-14 05:00:00+00:00,156.764404296875
2026-04-14 06:00:00+00:00,165.06597900390625
2026-04-14 07:00:00+00:00,154.09112548828125
2026-04-14 08:00:00+00:00,136.29933166503906
2026-04-14 09:00:00+00:00,121.91949462890625
2026-04-14 10:00:00+00:00,113.08785247802734
2026-04-14 11:00:00+00:00,105.72276306152344
2026-04-14 12:00:00+00:00,107.97766876220703
2026-04-14 13:00:00+00:00,113.02694702148438
2026-04-14 14:00:00+00:00,121.91519165039062
2026-04-14 15:00:00+00:00,135.52215576171875
2026-04-14 16:00:00+00:00,157.668212890625
2026-04-14 17:00:00+00:00,183.80172729492188
2026-04-14 18:00:00+00:00,183.69155883789062
2026-04-14 19:00:00+00:00,164.78469848632812
2026-04-14 20:00:00+00:00,152.33120727539062
2026-04-14 21:00:00+00:00,144.05892944335938
2026-04-14 22:00:00+00:00,136.46144104003906
2026-04-14 23:00:00+00:00,132.03829956054688
2026-04-15 00:00:00+00:00,115.71795654296875
2026-04-15 01:00:00+00:00,111.72837829589844
2026-04-15 02:00:00+00:00,113.32633209228516
2026-04-15 03:00:00+00:00,123.36747741699219
2026-04-15 04:00:00+00:00,145.80905151367188
2026-04-15 05:00:00+00:00,162.68582153320312
2026-04-15 06:00:00+00:00,146.91192626953125
2026-04-15 07:00:00+00:00,115.03388977050781
2026-04-15 08:00:00+00:00,81.55113983154297
2026-04-15 09:00:00+00:00,57.87586975097656
2026-04-15 10:00:00+00:00,47.58737564086914
2026-04-15 11:00:00+00:00,46.63516616821289
2026-04-15 12:00:00+00:00,53.042579650878906
2026-04-15 13:00:00+00:00,70.30351257324219
2026-04-15 14:00:00+00:00,92.86730194091797
2026-04-15 15:00:00+00:00,126.78426361083984
2026-04-15 16:00:00+00:00,158.94381713867188
2026-04-15 17:00:00+00:00,194.7357177734375
2026-04-15 18:00:00+00:00,193.81033325195312
2026-04-15 19:00:00+00:00,166.51876831054688
2026-04-15 20:00:00+00:00,145.79855346679688
2026-04-15 21:00:00+00:00,130.35067749023438
2026-04-15 22:00:00+00:00,117.64591217041016
2026-04-15 23:00:00+00:00,115.25789642333984
2026-04-16 00:00:00+00:00,97.34004211425781
2026-04-16 01:00:00+00:00,95.069091796875
2026-04-16 02:00:00+00:00,95.7911605834961
2026-04-16 03:00:00+00:00,108.28816986083984
2026-04-16 04:00:00+00:00,131.96142578125
2026-04-16 05:00:00+00:00,147.86732482910156
2026-04-16 06:00:00+00:00,140.65390014648438
2026-04-16 07:00:00+00:00,117.84081268310547
2026-04-16 08:00:00+00:00,89.41966247558594
2026-04-16 09:00:00+00:00,67.44978332519531
2026-04-16 10:00:00+00:00,51.249935150146484
2026-04-16 11:00:00+00:00,43.319419860839844
2026-04-16 12:00:00+00:00,46.64059829711914
2026-04-16 13:00:00+00:00,57.80928421020508
2026-04-16 14:00:00+00:00,73.61314392089844
2026-04-16 15:00:00+00:00,105.3541488647461
2026-04-16 16:00:00+00:00,136.34292602539062
2026-04-16 17:00:00+00:00,182.40542602539062
2026-04-16 18:00:00+00:00,182.78651428222656
2026-04-16 19:00:00+00:00,157.7210693359375
2026-04-16 20:00:00+00:00,141.39840698242188
2026-04-16 21:00:00+00:00,131.0715789794922
2026-04-16 22:00:00+00:00,123.36604309082031
2026-04-16 23:00:00+00:00,121.78756713867188
2026-04-17 00:00:00+00:00,113.7771224975586
2026-04-17 01:00:00+00:00,112.43162536621094
2026-04-17 02:00:00+00:00,114.31853485107422
2026-04-17 03:00:00+00:00,125.33284759521484
2026-04-17 04:00:00+00:00,148.28182983398438
2026-04-17 05:00:00+00:00,157.45687866210938
2026-04-17 06:00:00+00:00,134.4697265625
2026-04-17 07:00:00+00:00,98.88555908203125
2026-04-17 08:00:00+00:00,68.61768341064453
2026-04-17 09:00:00+00:00,48.81264877319336
2026-04-17 10:00:00+00:00,37.55552673339844
2026-04-17 11:00:00+00:00,33.268497467041016
2026-04-17 12:00:00+00:00,42.70112228393555
2026-04-17 13:00:00+00:00,58.20670700073242
2026-04-17 14:00:00+00:00,76.64897918701172
2026-04-17 15:00:00+00:00,112.63668060302734
2026-04-17 16:00:00+00:00,140.61102294921875
2026-04-17 17:00:00+00:00,171.95724487304688
2026-04-17 18:00:00+00:00,170.70001220703125
2026-04-17 19:00:00+00:00,146.01058959960938
2026-04-17 20:00:00+00:00,129.30911254882812
2026-04-17 21:00:00+00:00,118.08131408691406
2026-04-17 22:00:00+00:00,108.21917724609375
2026-04-17 23:00:00+00:00,105.45133972167969
2026-04-18 00:00:00+00:00,105.05815124511719
2026-04-18 01:00:00+00:00,105.29409790039062
2026-04-18 02:00:00+00:00,105.94622802734375
2026-04-18 03:00:00+00:00,108.79707336425781
2026-04-18 04:00:00+00:00,112.66032409667969
2026-04-18 05:00:00+00:00,109.73394775390625
2026-04-18 06:00:00+00:00,93.60517883300781
2026-04-18 07:00:00+00:00,68.10179901123047
2026-04-18 08:00:00+00:00,44.053409576416016
2026-04-18 09:00:00+00:00,22.414016723632812
2026-04-18 10:00:00+00:00,8.400253295898438
2026-04-18 11:00:00+00:00,0.16429901123046875
2026-04-18 12:00:00+00:00,10.700798034667969
2026-04-18 13:00:00+00:00,31.87335968017578
2026-04-18 14:00:00+00:00,53.69924545288086
2026-04-18 15:00:00+00:00,84.26754760742188
2026-04-18 16:00:00+00:00,113.55858612060547
2026-04-18 17:00:00+00:00,146.51698303222656
2026-04-18 18:00:00+00:00,150.55081176757812
2026-04-18 19:00:00+00:00,135.84408569335938
2026-04-18 20:00:00+00:00,125.30162048339844
2026-04-18 21:00:00+00:00,117.83767700195312
2026-04-18 22:00:00+00:00,113.85279846191406
2026-04-18 23:00:00+00:00,109.71795654296875
2026-04-19 00:00:00+00:00,106.59248352050781
2026-04-19 01:00:00+00:00,106.26206970214844
2026-04-19 02:00:00+00:00,106.53981018066406
2026-04-19 03:00:00+00:00,104.76070404052734
2026-04-19 04:00:00+00:00,102.29438018798828
2026-04-19 05:00:00+00:00,97.95853424072266
2026-04-19 06:00:00+00:00,91.69287872314453
2026-04-19 07:00:00+00:00,79.96952819824219
2026-04-19 08:00:00+00:00,60.240814208984375
2026-04-19 09:00:00+00:00,38.75543975830078
2026-04-19 10:00:00+00:00,20.48841094970703
2026-04-19 11:00:00+00:00,2.4180145263671875
2026-04-19 12:00:00+00:00,-7.89874267578125
2026-04-19 13:00:00+00:00,-9.922866821289062
2026-04-19 14:00:00+00:00,1.0239715576171875
2026-04-19 15:00:00+00:00,37.380001068115234
2026-04-19 16:00:00+00:00,78.22821044921875
2026-04-19 17:00:00+00:00,111.26046752929688
2026-04-19 18:00:00+00:00,120.40895080566406
2026-04-19 19:00:00+00:00,116.49242401123047
2026-04-19 20:00:00+00:00,112.46830749511719
2026-04-19 21:00:00+00:00,101.52628326416016
2026-04-19 22:00:00+00:00,79.58424377441406
2026-04-19 23:00:00+00:00,76.43893432617188
2026-04-20 00:00:00+00:00,97.48027801513672
2026-04-20 01:00:00+00:00,96.50296783447266
2026-04-20 02:00:00+00:00,100.08397674560547
2026-04-20 03:00:00+00:00,112.62568664550781
2026-04-20 04:00:00+00:00,131.81500244140625
2026-04-20 05:00:00+00:00,138.18255615234375
2026-04-20 06:00:00+00:00,132.36785888671875
2026-04-20 07:00:00+00:00,114.84513092041016
2026-04-20 08:00:00+00:00,93.72077941894531
2026-04-20 09:00:00+00:00,76.72807312011719
2026-04-20 10:00:00+00:00,58.08311462402344
2026-04-20 11:00:00+00:00,50.33198165893555
2026-04-20 12:00:00+00:00,50.32937240600586
2026-04-20 13:00:00+00:00,57.37841796875
2026-04-20 14:00:00+00:00,76.09469604492188
2026-04-20 15:00:00+00:00,101.54244232177734
2026-04-20 16:00:00+00:00,119.01824951171875
2026-04-20 17:00:00+00:00,148.27993774414062
2026-04-20 18:00:00+00:00,151.58282470703125
2026-04-20 19:00:00+00:00,136.50985717773438
2026-04-20 20:00:00+00:00,126.24249267578125
2026-04-20 21:00:00+00:00,109.98584747314453
2026-04-20 22:00:00+00:00,103.14415740966797
2026-04-20 23:00:00+00:00,101.88258361816406
2026-04-21 00:00:00+00:00,97.57379913330078
2026-04-21 01:00:00+00:00,99.86356353759766
2026-04-21 02:00:00+00:00,103.68394470214844
2026-04-21 03:00:00+00:00,115.025390625
2026-04-21 04:00:00+00:00,131.74478149414062
2026-04-21 05:00:00+00:00,140.05152893066406
2026-04-21 06:00:00+00:00,131.31594848632812
2026-04-21 07:00:00+00:00,110.19102478027344
2026-04-21 08:00:00+00:00,83.22785186767578
2026-04-21 09:00:00+00:00,62.36640167236328
2026-04-21 10:00:00+00:00,41.56513214111328
2026-04-21 11:00:00+00:00,34.978084564208984
2026-04-21 12:00:00+00:00,38.37656784057617
2026-04-21 13:00:00+00:00,46.594993591308594
2026-04-21 14:00:00+00:00,68.84584045410156
2026-04-21 15:00:00+00:00,102.71829986572266
2026-04-21 16:00:00+00:00,129.95799255371094
2026-04-21 17:00:00+00:00,162.68386840820312
2026-04-21 18:00:00+00:00,162.99522399902344
2026-04-21 19:00:00+00:00,143.0909423828125
2026-04-21 20:00:00+00:00,131.90394592285156
2026-04-21 21:00:00+00:00,122.4725570678711
2026-04-21 22:00:00+00:00,118.49397277832031
2026-04-21 23:00:00+00:00,116.27269744873047
2026-04-22 00:00:00+00:00,103.77527618408203
2026-04-22 01:00:00+00:00,107.5159912109375
2026-04-22 02:00:00+00:00,108.23939514160156
2026-04-22 03:00:00+00:00,118.49040222167969
2026-04-22 04:00:00+00:00,133.0309295654297
2026-04-22 05:00:00+00:00,130.99359130859375
2026-04-22 06:00:00+00:00,105.34951782226562
2026-04-22 07:00:00+00:00,70.63688659667969
2026-04-22 08:00:00+00:00,28.513092041015625
2026-04-22 09:00:00+00:00,-2.7291717529296875
2026-04-22 10:00:00+00:00,-26.12480926513672
2026-04-22 11:00:00+00:00,-34.64635467529297
2026-04-22 12:00:00+00:00,-36.32318115234375
2026-04-22 13:00:00+00:00,-23.535690307617188
2026-04-22 14:00:00+00:00,2.5516204833984375
2026-04-22 15:00:00+00:00,58.56959533691406
2026-04-22 16:00:00+00:00,105.48888397216797
2026-04-22 17:00:00+00:00,145.6492156982422
2026-04-22 18:00:00+00:00,147.14727783203125
2026-04-22 19:00:00+00:00,128.0652618408203
2026-04-22 20:00:00+00:00,116.1484603881836
2026-04-22 21:00:00+00:00,103.17134094238281
2026-04-22 22:00:00+00:00,91.44364929199219
2026-04-22 23:00:00+00:00,89.21916961669922
2026-04-23 00:00:00+00:00,95.3611831665039
2026-04-23 01:00:00+00:00,93.02224731445312
2026-04-23 02:00:00+00:00,93.06371307373047
2026-04-23 03:00:00+00:00,104.12947845458984
2026-04-23 04:00:00+00:00,121.01953887939453
2026-04-23 05:00:00+00:00,122.32225036621094
2026-04-23 06:00:00+00:00,98.12332916259766
2026-04-23 07:00:00+00:00,65.09616088867188
2026-04-23 08:00:00+00:00,26.951244354248047
2026-04-23 09:00:00+00:00,-8.368492126464844
2026-04-23 10:00:00+00:00,-24.059852600097656
2026-04-23 11:00:00+00:00,-33.07891845703125
2026-04-23 12:00:00+00:00,-34.45887756347656
2026-04-23 13:00:00+00:00,-24.40033721923828
2026-04-23 14:00:00+00:00,-9.042778015136719
2026-04-23 15:00:00+00:00,28.538524627685547
2026-04-23 16:00:00+00:00,80.07083892822266
2026-04-23 17:00:00+00:00,121.37606811523438
2026-04-23 18:00:00+00:00,126.3826904296875
2026-04-23 19:00:00+00:00,114.13482666015625
2026-04-23 20:00:00+00:00,103.76541137695312
2026-04-23 21:00:00+00:00,94.7272720336914
2026-04-23 22:00:00+00:00,89.10179901123047
2026-04-23 23:00:00+00:00,88.34480285644531
2026-04-24 00:00:00+00:00,97.19123077392578
2026-04-24 01:00:00+00:00,98.78733825683594
2026-04-24 02:00:00+00:00,102.13105010986328
2026-04-24 03:00:00+00:00,112.79502868652344
2026-04-24 04:00:00+00:00,128.5513153076172
2026-04-24 05:00:00+00:00,133.25311279296875
2026-04-24 06:00:00+00:00,118.30247497558594
2026-04-24 07:00:00+00:00,83.31085968017578
2026-04-24 08:00:00+00:00,40.506690979003906
2026-04-24 09:00:00+00:00,16.224037170410156
2026-04-24 10:00:00+00:00,0.2669219970703125
2026-04-24 11:00:00+00:00,-18.69725799560547
2026-04-24 12:00:00+00:00,-23.161911010742188
2026-04-24 13:00:00+00:00,-9.643821716308594
2026-04-24 14:00:00+00:00,10.461784362792969
2026-04-24 15:00:00+00:00,43.66814422607422
2026-04-24 16:00:00+00:00,94.13240814208984
2026-04-24 17:00:00+00:00,128.2247772216797
2026-04-24 18:00:00+00:00,138.901123046875
2026-04-24 19:00:00+00:00,124.62432861328125
2026-04-24 20:00:00+00:00,111.58300018310547
2026-04-24 21:00:00+00:00,101.4291763305664
2026-04-24 22:00:00+00:00,96.80342102050781
2026-04-24 23:00:00+00:00,92.92330169677734
2026-04-25 00:00:00+00:00,90.81634521484375
2026-04-25 01:00:00+00:00,89.79862213134766
2026-04-25 02:00:00+00:00,89.50772857666016
2026-04-25 03:00:00+00:00,88.28677368164062
2026-04-25 04:00:00+00:00,83.16860961914062
2026-04-25 05:00:00+00:00,69.89932250976562
2026-04-25 06:00:00+00:00,50.24379348754883
2026-04-25 07:00:00+00:00,24.61520004272461
2026-04-25 08:00:00+00:00,-14.211746215820312
2026-04-25 09:00:00+00:00,-38.407997131347656
2026-04-25 10:00:00+00:00,-52.75776672363281
2026-04-25 11:00:00+00:00,-63.57289123535156
2026-04-25 12:00:00+00:00,-64.33555603027344
2026-04-25 13:00:00+00:00,-49.8482666015625
2026-04-25 14:00:00+00:00,-26.505393981933594
2026-04-25 15:00:00+00:00,3.7692794799804688
2026-04-25 16:00:00+00:00,32.277915954589844
2026-04-25 17:00:00+00:00,65.22254943847656
2026-04-25 18:00:00+00:00,74.25460815429688
2026-04-25 19:00:00+00:00,73.22874450683594
2026-04-25 20:00:00+00:00,68.63374328613281
2026-04-25 21:00:00+00:00,65.21105194091797
2026-04-25 22:00:00+00:00,66.92588806152344
2026-04-25 23:00:00+00:00,69.1490478515625
2026-04-26 00:00:00+00:00,88.00775909423828
2026-04-26 01:00:00+00:00,92.04002380371094
2026-04-26 02:00:00+00:00,98.67562866210938
2026-04-26 03:00:00+00:00,104.0824966430664
2026-04-26 04:00:00+00:00,105.08427429199219
2026-04-26 05:00:00+00:00,96.66635131835938
2026-04-26 06:00:00+00:00,72.76183319091797
2026-04-26 07:00:00+00:00,44.009796142578125
2026-04-26 08:00:00+00:00,5.404731750488281
2026-04-26 09:00:00+00:00,-21.429710388183594
2026-04-26 10:00:00+00:00,-34.267120361328125
2026-04-26 11:00:00+00:00,-45.776588439941406
2026-04-26 12:00:00+00:00,-43.26490783691406
2026-04-26 13:00:00+00:00,-24.88715362548828
2026-04-26 14:00:00+00:00,8.181137084960938
2026-04-26 15:00:00+00:00,63.650535583496094
2026-04-26 16:00:00+00:00,108.64481353759766
2026-04-26 17:00:00+00:00,141.77615356445312
2026-04-26 18:00:00+00:00,151.03546142578125
2026-04-26 19:00:00+00:00,143.25502014160156
2026-04-26 20:00:00+00:00,137.16143798828125
2026-04-26 21:00:00+00:00,127.16740417480469
2026-04-26 22:00:00+00:00,118.26004791259766
2026-04-26 23:00:00+00:00,114.0821533203125
2026-04-27 00:00:00+00:00,110.92240905761719
2026-04-27 01:00:00+00:00,110.69377136230469
2026-04-27 02:00:00+00:00,116.86775207519531
2026-04-27 03:00:00+00:00,131.6058807373047
2026-04-27 04:00:00+00:00,149.64430236816406
2026-04-27 05:00:00+00:00,150.95440673828125
2026-04-27 06:00:00+00:00,128.96417236328125
2026-04-27 07:00:00+00:00,89.30330657958984
2026-04-27 08:00:00+00:00,42.112998962402344
2026-04-27 09:00:00+00:00,5.426483154296875
2026-04-27 10:00:00+00:00,-15.567497253417969
2026-04-27 11:00:00+00:00,-26.949432373046875
2026-04-27 12:00:00+00:00,-26.211807250976562
2026-04-27 13:00:00+00:00,-0.42011260986328125
2026-04-27 14:00:00+00:00,37.68233108520508
2026-04-27 15:00:00+00:00,90.58594512939453
2026-04-27 16:00:00+00:00,135.9940185546875
2026-04-27 17:00:00+00:00,169.22930908203125
2026-04-27 18:00:00+00:00,169.06124877929688
2026-04-27 19:00:00+00:00,144.89569091796875
2026-04-27 20:00:00+00:00,129.43661499023438
2026-04-27 21:00:00+00:00,117.86250305175781
2026-04-27 22:00:00+00:00,108.5495376586914
2026-04-27 23:00:00+00:00,104.89757537841797
2026-04-28 00:00:00+00:00,105.16189575195312
2026-04-28 01:00:00+00:00,103.21681213378906
2026-04-28 02:00:00+00:00,103.54139709472656
2026-04-28 03:00:00+00:00,114.61170196533203
2026-04-28 04:00:00+00:00,130.4502410888672
2026-04-28 05:00:00+00:00,130.48068237304688
2026-04-28 06:00:00+00:00,117.56533813476562
2026-04-28 07:00:00+00:00,86.19292449951172
2026-04-28 08:00:00+00:00,40.73331069946289
2026-04-28 09:00:00+00:00,12.393829345703125
2026-04-28 10:00:00+00:00,-1.7923507690429688
2026-04-28 11:00:00+00:00,-19.056838989257812
2026-04-28 12:00:00+00:00,-20.887100219726562
2026-04-28 13:00:00+00:00,-6.823539733886719
2026-04-28 14:00:00+00:00,19.724998474121094
2026-04-28 15:00:00+00:00,54.829612731933594
2026-04-28 16:00:00+00:00,98.744873046875
2026-04-28 17:00:00+00:00,133.0374755859375
2026-04-28 18:00:00+00:00,139.68234252929688
2026-04-28 19:00:00+00:00,121.41488647460938
2026-04-28 20:00:00+00:00,108.26931762695312
2026-04-28 21:00:00+00:00,100.80297088623047
2026-04-28 22:00:00+00:00,98.1711654663086
2026-04-28 23:00:00+00:00,97.17074584960938
2026-04-29 00:00:00+00:00,96.59901428222656
2026-04-29 01:00:00+00:00,98.08901977539062
2026-04-29 02:00:00+00:00,102.54292297363281
2026-04-29 03:00:00+00:00,114.43777465820312
2026-04-29 04:00:00+00:00,127.11280822753906
2026-04-29 05:00:00+00:00,129.10585021972656
2026-04-29 06:00:00+00:00,107.89608764648438
2026-04-29 07:00:00+00:00,68.71975708007812
2026-04-29 08:00:00+00:00,13.657905578613281
2026-04-29 09:00:00+00:00,-13.076286315917969
2026-04-29 10:00:00+00:00,-24.360374450683594
2026-04-29 11:00:00+00:00,-34.335853576660156
2026-04-29 12:00:00+00:00,-33.88347625732422
2026-04-29 13:00:00+00:00,-22.901809692382812
2026-04-29 14:00:00+00:00,-1.1685333251953125
2026-04-29 15:00:00+00:00,42.53165817260742
2026-04-29 16:00:00+00:00,94.45771789550781
2026-04-29 17:00:00+00:00,131.63702392578125
2026-04-29 18:00:00+00:00,139.78256225585938
2026-04-29 19:00:00+00:00,124.61703491210938
2026-04-29 20:00:00+00:00,112.66526794433594
2026-04-29 21:00:00+00:00,103.92794799804688
2026-04-29 22:00:00+00:00,101.3333740234375
2026-04-29 23:00:00+00:00,100.60983276367188
2026-04-30 00:00:00+00:00,100.35652160644531
2026-04-30 01:00:00+00:00,102.20281982421875
2026-04-30 02:00:00+00:00,103.73749542236328
2026-04-30 03:00:00+00:00,113.70777893066406
2026-04-30 04:00:00+00:00,128.92913818359375
2026-04-30 05:00:00+00:00,124.58049774169922
2026-04-30 06:00:00+00:00,101.240234375
2026-04-30 07:00:00+00:00,57.347412109375
2026-04-30 08:00:00+00:00,-3.0400848388671875
2026-04-30 09:00:00+00:00,-22.756797790527344
2026-04-30 10:00:00+00:00,-31.699546813964844
2026-04-30 11:00:00+00:00,-45.72980499267578
2026-04-30 12:00:00+00:00,-45.66056823730469
2026-04-30 13:00:00+00:00,-30.859535217285156
2026-04-30 14:00:00+00:00,-8.578239440917969
2026-04-30 15:00:00+00:00,33.569087982177734
2026-04-30 16:00:00+00:00,93.2476806640625
2026-04-30 17:00:00+00:00,129.96434020996094
2026-04-30 18:00:00+00:00,143.65090942382812
2026-04-30 19:00:00+00:00,128.07815551757812
2026-04-30 20:00:00+00:00,115.43167114257812
2026-04-30 21:00:00+00:00,105.5977783203125
2026-04-30 22:00:00+00:00,101.68682098388672
2026-04-30 23:00:00+00:00,99.74996948242188
2026-05-01 00:00:00+00:00,101.87528228759766
2026-05-01 01:00:00+00:00,103.99777221679688
2026-05-01 02:00:00+00:00,106.87876892089844
2026-05-01 03:00:00+00:00,110.8327407836914
2026-05-01 04:00:00+00:00,112.33717346191406
2026-05-01 05:00:00+00:00,92.28097534179688
2026-05-01 06:00:00+00:00,66.65876770019531
2026-05-01 07:00:00+00:00,33.8317756652832
2026-05-01 08:00:00+00:00,-13.846786499023438
2026-05-01 09:00:00+00:00,-30.246688842773438
2026-05-01 10:00:00+00:00,-43.5440673828125
2026-05-01 11:00:00+00:00,-59.55279541015625
2026-05-01 12:00:00+00:00,-59.65962219238281
2026-05-01 13:00:00+00:00,-38.323341369628906
2026-05-01 14:00:00+00:00,-17.143394470214844
2026-05-01 15:00:00+00:00,23.09148406982422
2026-05-01 16:00:00+00:00,82.95397186279297
2026-05-01 17:00:00+00:00,125.359619140625
2026-05-01 18:00:00+00:00,137.72207641601562
2026-05-01 19:00:00+00:00,124.41798400878906
2026-05-01 20:00:00+00:00,108.51860046386719
2026-05-01 21:00:00+00:00,95.10591125488281
2026-05-01 22:00:00+00:00,91.35365295410156
2026-05-01 23:00:00+00:00,87.9843521118164
2026-05-02 00:00:00+00:00,91.796875
2026-05-02 01:00:00+00:00,88.4955825805664
2026-05-02 02:00:00+00:00,84.10991668701172
2026-05-02 03:00:00+00:00,80.59029388427734
2026-05-02 04:00:00+00:00,67.855224609375
2026-05-02 05:00:00+00:00,38.869110107421875
2026-05-02 06:00:00+00:00,-1.651123046875
2026-05-02 07:00:00+00:00,-23.46355438232422
2026-05-02 08:00:00+00:00,-47.344970703125
2026-05-02 09:00:00+00:00,-119.59935760498047
2026-05-02 10:00:00+00:00,-224.667724609375
2026-05-02 11:00:00+00:00,-335.7248840332031
2026-05-02 12:00:00+00:00,-334.2000732421875
2026-05-02 13:00:00+00:00,-198.10150146484375
2026-05-02 14:00:00+00:00,-60.715171813964844
2026-05-02 15:00:00+00:00,15.701400756835938
2026-05-02 16:00:00+00:00,78.95861053466797
2026-05-02 17:00:00+00:00,123.11792755126953
2026-05-02 18:00:00+00:00,137.39227294921875
2026-05-02 19:00:00+00:00,129.96630859375
2026-05-02 20:00:00+00:00,120.88359832763672
2026-05-02 21:00:00+00:00,113.90019989013672
2026-05-02 22:00:00+00:00,110.6239013671875
2026-05-02 23:00:00+00:00,106.793701171875
2026-05-03 00:00:00+00:00,117.01876831054688
2026-05-03 01:00:00+00:00,113.58075714111328
2026-05-03 02:00:00+00:00,113.54100036621094
2026-05-03 03:00:00+00:00,112.97706604003906
2026-05-03 04:00:00+00:00,106.49630737304688
2026-05-03 05:00:00+00:00,88.5971908569336
2026-05-03 06:00:00+00:00,62.40233612060547
2026-05-03 07:00:00+00:00,46.43523025512695
2026-05-03 08:00:00+00:00,25.895259857177734
2026-05-03 09:00:00+00:00,-5.574028015136719
2026-05-03 10:00:00+00:00,-40.984771728515625
2026-05-03 11:00:00+00:00,-63.024658203125
2026-05-03 12:00:00+00:00,-57.377105712890625
2026-05-03 13:00:00+00:00,-21.229774475097656
2026-05-03 14:00:00+00:00,17.951663970947266
2026-05-03 15:00:00+00:00,73.57536315917969
2026-05-03 16:00:00+00:00,114.5373306274414
2026-05-03 17:00:00+00:00,144.49502563476562
2026-05-03 18:00:00+00:00,156.89739990234375
2026-05-03 19:00:00+00:00,143.09869384765625
2026-05-03 20:00:00+00:00,130.5944366455078
2026-05-03 21:00:00+00:00,120.3960189819336
2026-05-03 22:00:00+00:00,116.9738540649414
2026-05-03 23:00:00+00:00,114.28522491455078
2026-05-04 00:00:00+00:00,103.77033233642578
2026-05-04 01:00:00+00:00,101.6142578125
2026-05-04 02:00:00+00:00,107.47183227539062
2026-05-04 03:00:00+00:00,122.94419860839844
2026-05-04 04:00:00+00:00,148.146240234375
2026-05-04 05:00:00+00:00,155.22476196289062
2026-05-04 06:00:00+00:00,143.09286499023438
2026-05-04 07:00:00+00:00,116.75081634521484
2026-05-04 08:00:00+00:00,85.69620513916016
2026-05-04 09:00:00+00:00,62.47011184692383
2026-05-04 10:00:00+00:00,52.87525939941406
2026-05-04 11:00:00+00:00,49.008827209472656
2026-05-04 12:00:00+00:00,57.35374450683594
2026-05-04 13:00:00+00:00,73.70919036865234
2026-05-04 14:00:00+00:00,107.14525604248047
2026-05-04 15:00:00+00:00,135.34776306152344
2026-05-04 16:00:00+00:00,153.27444458007812
2026-05-04 17:00:00+00:00,178.6061553955078
2026-05-04 18:00:00+00:00,183.89865112304688
2026-05-04 19:00:00+00:00,159.94210815429688
2026-05-04 20:00:00+00:00,143.09918212890625
2026-05-04 21:00:00+00:00,133.88442993164062
2026-05-04 22:00:00+00:00,127.91313934326172
2026-05-04 23:00:00+00:00,122.66319274902344
2026-05-05 00:00:00+00:00,118.9002685546875
2026-05-05 01:00:00+00:00,117.360107421875
2026-05-05 02:00:00+00:00,120.30282592773438
2026-05-05 03:00:00+00:00,128.68154907226562
2026-05-05 04:00:00+00:00,151.55441284179688
2026-05-05 05:00:00+00:00,163.09352111816406
2026-05-05 06:00:00+00:00,158.02554321289062
2026-05-05 07:00:00+00:00,138.61294555664062
2026-05-05 08:00:00+00:00,122.8248291015625
2026-05-05 09:00:00+00:00,108.12889862060547
2026-05-05 10:00:00+00:00,97.87730407714844
2026-05-05 11:00:00+00:00,93.92554473876953
2026-05-05 12:00:00+00:00,103.21236419677734
2026-05-05 13:00:00+00:00,109.91708374023438
2026-05-05 14:00:00+00:00,118.52420806884766
2026-05-05 15:00:00+00:00,131.73004150390625
2026-05-05 16:00:00+00:00,150.82464599609375
2026-05-05 17:00:00+00:00,188.116943359375
2026-05-05 18:00:00+00:00,188.65682983398438
2026-05-05 19:00:00+00:00,148.27713012695312
2026-05-05 20:00:00+00:00,128.25479125976562
2026-05-05 21:00:00+00:00,117.28547668457031
2026-05-05 22:00:00+00:00,106.50814819335938
2026-05-05 23:00:00+00:00,103.00760650634766
2026-05-06 00:00:00+00:00,106.99752807617188
2026-05-06 01:00:00+00:00,103.66810607910156
2026-05-06 02:00:00+00:00,105.77449798583984
2026-05-06 03:00:00+00:00,112.86726379394531
2026-05-06 04:00:00+00:00,128.20364379882812
2026-05-06 05:00:00+00:00,136.6786346435547
2026-05-06 06:00:00+00:00,132.5985107421875
2026-05-06 07:00:00+00:00,121.32672882080078
2026-05-06 08:00:00+00:00,112.24808502197266
2026-05-06 09:00:00+00:00,103.93087005615234
2026-05-06 10:00:00+00:00,96.49742126464844
2026-05-06 11:00:00+00:00,91.80582427978516
2026-05-06 12:00:00+00:00,93.84625244140625
2026-05-06 13:00:00+00:00,99.70645141601562
2026-05-06 14:00:00+00:00,109.81047058105469
2026-05-06 15:00:00+00:00,125.85662078857422
2026-05-06 16:00:00+00:00,139.77410888671875
2026-05-06 17:00:00+00:00,167.3504638671875
2026-05-06 18:00:00+00:00,169.69857788085938
2026-05-06 19:00:00+00:00,146.9273681640625
2026-05-06 20:00:00+00:00,131.63162231445312
2026-05-06 21:00:00+00:00,123.46388244628906
2026-05-06 22:00:00+00:00,119.15483856201172
2026-05-06 23:00:00+00:00,117.60134887695312
2026-05-07 00:00:00+00:00,115.95726776123047
2026-05-07 01:00:00+00:00,115.74642181396484
2026-05-07 02:00:00+00:00,118.73306274414062
2026-05-07 03:00:00+00:00,126.81422424316406
2026-05-07 04:00:00+00:00,142.43124389648438
2026-05-07 05:00:00+00:00,151.95346069335938
2026-05-07 06:00:00+00:00,151.7503662109375
2026-05-07 07:00:00+00:00,141.71609497070312
2026-05-07 08:00:00+00:00,130.41354370117188
2026-05-07 09:00:00+00:00,119.70071411132812
2026-05-07 10:00:00+00:00,111.36186218261719
2026-05-07 11:00:00+00:00,104.21049499511719
2026-05-07 12:00:00+00:00,103.5925521850586
2026-05-07 13:00:00+00:00,108.72229766845703
2026-05-07 14:00:00+00:00,117.141357421875
2026-05-07 15:00:00+00:00,132.71136474609375
2026-05-07 16:00:00+00:00,149.58148193359375
2026-05-07 17:00:00+00:00,180.6786651611328
2026-05-07 18:00:00+00:00,182.48355102539062
2026-05-07 19:00:00+00:00,162.54608154296875
2026-05-07 20:00:00+00:00,145.93223571777344
2026-05-07 21:00:00+00:00,135.35069274902344
2026-05-07 22:00:00+00:00,131.0955352783203
2026-05-07 23:00:00+00:00,127.15400695800781
2026-05-08 00:00:00+00:00,119.83110046386719
2026-05-08 01:00:00+00:00,118.99679565429688
2026-05-08 02:00:00+00:00,122.71401977539062
2026-05-08 03:00:00+00:00,132.84315490722656
2026-05-08 04:00:00+00:00,148.23399353027344
2026-05-08 05:00:00+00:00,149.62338256835938
2026-05-08 06:00:00+00:00,133.96218872070312
2026-05-08 07:00:00+00:00,107.26577758789062
2026-05-08 08:00:00+00:00,83.53128051757812
2026-05-08 09:00:00+00:00,69.02127075195312
2026-05-08 10:00:00+00:00,59.998130798339844
2026-05-08 11:00:00+00:00,53.05289840698242
2026-05-08 12:00:00+00:00,54.22649002075195
2026-05-08 13:00:00+00:00,66.28421020507812
2026-05-08 14:00:00+00:00,81.23387908935547
2026-05-08 15:00:00+00:00,106.57806396484375
2026-05-08 16:00:00+00:00,134.19546508789062
2026-05-08 17:00:00+00:00,162.93051147460938
2026-05-08 18:00:00+00:00,171.22352600097656
2026-05-08 19:00:00+00:00,149.36965942382812
2026-05-08 20:00:00+00:00,128.97769165039062
2026-05-08 21:00:00+00:00,119.07019805908203
2026-05-08 22:00:00+00:00,115.2178955078125
2026-05-08 23:00:00+00:00,113.36774444580078
2026-05-09 00:00:00+00:00,120.99163818359375
2026-05-09 01:00:00+00:00,119.9898681640625
2026-05-09 02:00:00+00:00,122.11223602294922
2026-05-09 03:00:00+00:00,121.74446105957031
2026-05-09 04:00:00+00:00,114.96649169921875
2026-05-09 05:00:00+00:00,100.4164810180664
2026-05-09 06:00:00+00:00,77.62312316894531
2026-05-09 07:00:00+00:00,53.22867202758789
2026-05-09 08:00:00+00:00,28.970699310302734
2026-05-09 09:00:00+00:00,12.291580200195312
2026-05-09 10:00:00+00:00,4.308906555175781
2026-05-09 11:00:00+00:00,1.4419174194335938
2026-05-09 12:00:00+00:00,8.349906921386719
2026-05-09 13:00:00+00:00,21.921104431152344
2026-05-09 14:00:00+00:00,43.38907241821289
2026-05-09 15:00:00+00:00,78.53343200683594
2026-05-09 16:00:00+00:00,111.72057342529297
2026-05-09 17:00:00+00:00,144.58627319335938
2026-05-09 18:00:00+00:00,157.62210083007812
2026-05-09 19:00:00+00:00,146.28274536132812
2026-05-09 20:00:00+00:00,134.45443725585938
2026-05-09 21:00:00+00:00,128.48175048828125
2026-05-09 22:00:00+00:00,127.43907165527344
2026-05-09 23:00:00+00:00,124.06856536865234
2026-05-10 00:00:00+00:00,124.157958984375
2026-05-10 01:00:00+00:00,121.68658447265625
2026-05-10 02:00:00+00:00,122.39326477050781
2026-05-10 03:00:00+00:00,121.55998229980469
2026-05-10 04:00:00+00:00,116.41160583496094
2026-05-10 05:00:00+00:00,101.30908203125
2026-05-10 06:00:00+00:00,77.18445587158203
2026-05-10 07:00:00+00:00,45.14346694946289
2026-05-10 08:00:00+00:00,16.925010681152344
2026-05-10 09:00:00+00:00,-1.04888916015625
2026-05-10 10:00:00+00:00,-12.931320190429688
2026-05-10 11:00:00+00:00,-22.967857360839844
2026-05-10 12:00:00+00:00,-18.679290771484375
2026-05-10 13:00:00+00:00,-0.31937408447265625
2026-05-10 14:00:00+00:00,32.18845748901367
2026-05-10 15:00:00+00:00,84.66500091552734
2026-05-10 16:00:00+00:00,116.10941314697266
2026-05-10 17:00:00+00:00,136.1812744140625
2026-05-10 18:00:00+00:00,143.1784210205078
2026-05-10 19:00:00+00:00,137.37506103515625
2026-05-10 20:00:00+00:00,131.7151336669922
2026-05-10 21:00:00+00:00,127.75823974609375
2026-05-10 22:00:00+00:00,125.7313461303711
2026-05-10 23:00:00+00:00,122.87664031982422
2026-05-11 00:00:00+00:00,111.23974609375
2026-05-11 01:00:00+00:00,111.24569702148438
2026-05-11 02:00:00+00:00,114.70735931396484
2026-05-11 03:00:00+00:00,125.462890625
2026-05-11 04:00:00+00:00,145.36996459960938
2026-05-11 05:00:00+00:00,155.05178833007812
2026-05-11 06:00:00+00:00,153.599609375
2026-05-11 07:00:00+00:00,141.98524475097656
2026-05-11 08:00:00+00:00,126.564208984375
2026-05-11 09:00:00+00:00,112.16854858398438
2026-05-11 10:00:00+00:00,97.45125579833984
2026-05-11 11:00:00+00:00,84.259033203125
2026-05-11 12:00:00+00:00,78.73084259033203
2026-05-11 13:00:00+00:00,80.58399963378906
2026-05-11 14:00:00+00:00,88.19295501708984
2026-05-11 15:00:00+00:00,101.0947265625
2026-05-11 16:00:00+00:00,115.17958068847656
2026-05-11 17:00:00+00:00,130.52780151367188
2026-05-11 18:00:00+00:00,134.85897827148438
2026-05-11 19:00:00+00:00,128.04605102539062
2026-05-11 20:00:00+00:00,118.55027770996094
2026-05-11 21:00:00+00:00,109.22541046142578
2026-05-11 22:00:00+00:00,104.21875762939453
2026-05-11 23:00:00+00:00,100.72367095947266
2026-05-12 00:00:00+00:00,95.0998306274414
2026-05-12 01:00:00+00:00,95.01567077636719
2026-05-12 02:00:00+00:00,97.01020812988281
2026-05-12 03:00:00+00:00,104.40609741210938
2026-05-12 04:00:00+00:00,115.78721618652344
2026-05-12 05:00:00+00:00,118.35302734375
2026-05-12 06:00:00+00:00,108.70618438720703
2026-05-12 07:00:00+00:00,88.98323059082031
2026-05-12 08:00:00+00:00,71.81700134277344
2026-05-12 09:00:00+00:00,62.53504180908203
2026-05-12 10:00:00+00:00,58.31560134887695
2026-05-12 11:00:00+00:00,51.8069953918457
2026-05-12 12:00:00+00:00,49.19232177734375
2026-05-12 13:00:00+00:00,54.5522346496582
2026-05-12 14:00:00+00:00,65.96634674072266
2026-05-12 15:00:00+00:00,90.66259765625
2026-05-12 16:00:00+00:00,109.86634063720703
2026-05-12 17:00:00+00:00,131.379150390625
2026-05-12 18:00:00+00:00,141.8972625732422
2026-05-12 19:00:00+00:00,134.99884033203125
2026-05-12 20:00:00+00:00,125.43838500976562
2026-05-12 21:00:00+00:00,115.72023010253906
2026-05-12 22:00:00+00:00,109.82212829589844
2026-05-12 23:00:00+00:00,106.45573425292969
2026-05-13 00:00:00+00:00,102.01197814941406
2026-05-13 01:00:00+00:00,100.92311096191406
2026-05-13 02:00:00+00:00,103.54753112792969
2026-05-13 03:00:00+00:00,113.2437515258789
2026-05-13 04:00:00+00:00,130.52914428710938
2026-05-13 05:00:00+00:00,138.17503356933594
2026-05-13 06:00:00+00:00,127.57827758789062
2026-05-13 07:00:00+00:00,107.88109588623047
2026-05-13 08:00:00+00:00,89.19261169433594
2026-05-13 09:00:00+00:00,79.9114990234375
2026-05-13 10:00:00+00:00,70.44075012207031
2026-05-13 11:00:00+00:00,61.6043701171875
2026-05-13 12:00:00+00:00,61.640769958496094
2026-05-13 13:00:00+00:00,74.20724487304688
2026-05-13 14:00:00+00:00,93.90030670166016
2026-05-13 15:00:00+00:00,117.02400207519531
2026-05-13 16:00:00+00:00,132.58287048339844
2026-05-13 17:00:00+00:00,155.01634216308594
2026-05-13 18:00:00+00:00,163.5987091064453
2026-05-13 19:00:00+00:00,150.043701171875
2026-05-13 20:00:00+00:00,136.64923095703125
2026-05-13 21:00:00+00:00,124.67915344238281
2026-05-13 22:00:00+00:00,116.82183837890625
2026-05-13 23:00:00+00:00,112.24071502685547
2026-05-14 00:00:00+00:00,117.79026794433594
2026-05-14 01:00:00+00:00,115.39256286621094
2026-05-14 02:00:00+00:00,114.5555648803711
2026-05-14 03:00:00+00:00,116.10454559326172
2026-05-14 04:00:00+00:00,118.27786254882812
2026-05-14 05:00:00+00:00,116.77731323242188
2026-05-14 06:00:00+00:00,106.68238067626953
2026-05-14 07:00:00+00:00,88.26941680908203
2026-05-14 08:00:00+00:00,74.57579040527344
2026-05-14 09:00:00+00:00,62.90848159790039
2026-05-14 10:00:00+00:00,52.746673583984375
2026-05-14 11:00:00+00:00,42.7541389465332
2026-05-14 12:00:00+00:00,42.29629898071289
2026-05-14 13:00:00+00:00,55.69379425048828
2026-05-14 14:00:00+00:00,74.28983306884766
2026-05-14 15:00:00+00:00,102.40530395507812
2026-05-14 16:00:00+00:00,127.30667114257812
2026-05-14 17:00:00+00:00,150.8660888671875
2026-05-14 18:00:00+00:00,164.4813232421875
2026-05-14 19:00:00+00:00,156.6886444091797
2026-05-14 20:00:00+00:00,145.18492126464844
2026-05-14 21:00:00+00:00,137.19192504882812
2026-05-14 22:00:00+00:00,135.8134002685547
2026-05-14 23:00:00+00:00,130.43011474609375
2026-05-15 00:00:00+00:00,129.94607543945312
2026-05-15 01:00:00+00:00,126.51419830322266
2026-05-15 02:00:00+00:00,127.477783203125
2026-05-15 03:00:00+00:00,132.97171020507812
2026-05-15 04:00:00+00:00,138.51025390625
2026-05-15 05:00:00+00:00,136.1431427001953
2026-05-15 06:00:00+00:00,123.67326354980469
2026-05-15 07:00:00+00:00,103.95352172851562
2026-05-15 08:00:00+00:00,84.46479034423828
2026-05-15 09:00:00+00:00,67.56375122070312
2026-05-15 10:00:00+00:00,53.46833038330078
2026-05-15 11:00:00+00:00,44.15459060668945
2026-05-15 12:00:00+00:00,42.42195510864258
2026-05-15 13:00:00+00:00,53.777557373046875
2026-05-15 14:00:00+00:00,73.91415405273438
2026-05-15 15:00:00+00:00,103.01469421386719
2026-05-15 16:00:00+00:00,124.15507507324219
2026-05-15 17:00:00+00:00,143.82806396484375
2026-05-15 18:00:00+00:00,154.14569091796875
2026-05-15 19:00:00+00:00,148.23919677734375
2026-05-15 20:00:00+00:00,138.54441833496094
2026-05-15 21:00:00+00:00,128.87452697753906
2026-05-15 22:00:00+00:00,124.4501953125
2026-05-15 23:00:00+00:00,120.29163360595703
2026-05-16 00:00:00+00:00,121.41546630859375
2026-05-16 01:00:00+00:00,115.26803588867188
2026-05-16 02:00:00+00:00,112.28025817871094
2026-05-16 03:00:00+00:00,109.64191436767578
2026-05-16 04:00:00+00:00,105.06333923339844
2026-05-16 05:00:00+00:00,96.28598022460938
2026-05-16 06:00:00+00:00,77.30680084228516
2026-05-16 07:00:00+00:00,48.67558288574219
2026-05-16 08:00:00+00:00,21.049999237060547
2026-05-16 09:00:00+00:00,1.7946014404296875
2026-05-16 10:00:00+00:00,-12.192047119140625
2026-05-16 11:00:00+00:00,-25.099098205566406
2026-05-16 12:00:00+00:00,-31.146621704101562
2026-05-16 13:00:00+00:00,-22.588333129882812
2026-05-16 14:00:00+00:00,6.1690826416015625
2026-05-16 15:00:00+00:00,60.0621223449707
2026-05-16 16:00:00+00:00,102.28571319580078
2026-05-16 17:00:00+00:00,133.44821166992188
2026-05-16 18:00:00+00:00,151.15350341796875
2026-05-16 19:00:00+00:00,150.05035400390625
2026-05-16 20:00:00+00:00,142.34927368164062
2026-05-16 21:00:00+00:00,135.22117614746094
2026-05-16 22:00:00+00:00,129.60643005371094
2026-05-16 23:00:00+00:00,124.55036926269531
2026-05-17 00:00:00+00:00,118.11585998535156
2026-05-17 01:00:00+00:00,117.47998046875
2026-05-17 02:00:00+00:00,118.53987884521484
2026-05-17 03:00:00+00:00,116.62641906738281
2026-05-17 04:00:00+00:00,109.66000366210938
2026-05-17 05:00:00+00:00,94.09294128417969
2026-05-17 06:00:00+00:00,69.73796081542969
2026-05-17 07:00:00+00:00,31.76464080810547
2026-05-17 08:00:00+00:00,7.83172607421875
2026-05-17 09:00:00+00:00,1.7719345092773438
2026-05-17 10:00:00+00:00,0.38883209228515625
2026-05-17 11:00:00+00:00,0.76727294921875
2026-05-17 12:00:00+00:00,4.563934326171875
2026-05-17 13:00:00+00:00,11.058509826660156
2026-05-17 14:00:00+00:00,34.668861389160156
2026-05-17 15:00:00+00:00,94.68499755859375
2026-05-17 16:00:00+00:00,125.88922119140625
2026-05-17 17:00:00+00:00,142.627197265625
2026-05-17 18:00:00+00:00,150.08851623535156
2026-05-17 19:00:00+00:00,147.46804809570312
2026-05-17 20:00:00+00:00,141.1299285888672
2026-05-17 21:00:00+00:00,133.93421936035156
2026-05-17 22:00:00+00:00,128.7252197265625
2026-05-17 23:00:00+00:00,123.2470703125
2026-05-18 00:00:00+00:00,120.14957427978516
2026-05-18 01:00:00+00:00,118.79859924316406
2026-05-18 02:00:00+00:00,120.3856201171875
2026-05-18 03:00:00+00:00,128.15060424804688
2026-05-18 04:00:00+00:00,140.6063232421875
2026-05-18 05:00:00+00:00,142.17062377929688
2026-05-18 06:00:00+00:00,133.76268005371094
2026-05-18 07:00:00+00:00,117.61422729492188
2026-05-18 08:00:00+00:00,104.1346206665039
2026-05-18 09:00:00+00:00,94.7093276977539
2026-05-18 10:00:00+00:00,86.78820037841797
2026-05-18 11:00:00+00:00,82.64497375488281
2026-05-18 12:00:00+00:00,85.85237884521484
2026-05-18 13:00:00+00:00,96.33738708496094
2026-05-18 14:00:00+00:00,111.09747314453125
2026-05-18 15:00:00+00:00,127.505615234375
2026-05-18 16:00:00+00:00,146.09381103515625
2026-05-18 17:00:00+00:00,163.29385375976562
2026-05-18 18:00:00+00:00,170.89840698242188
2026-05-18 19:00:00+00:00,160.67269897460938
2026-05-18 20:00:00+00:00,148.2421417236328
2026-05-18 21:00:00+00:00,139.31118774414062
2026-05-18 22:00:00+00:00,135.0890350341797
2026-05-18 23:00:00+00:00,130.5123748779297
2026-05-19 00:00:00+00:00,137.85401916503906
2026-05-19 01:00:00+00:00,135.08828735351562
2026-05-19 02:00:00+00:00,136.72984313964844
2026-05-19 03:00:00+00:00,143.99984741210938
2026-05-19 04:00:00+00:00,157.50555419921875
2026-05-19 05:00:00+00:00,157.50637817382812
2026-05-19 06:00:00+00:00,142.32235717773438
2026-05-19 07:00:00+00:00,118.19904327392578
2026-05-19 08:00:00+00:00,97.6914291381836
2026-05-19 09:00:00+00:00,85.60636901855469
2026-05-19 10:00:00+00:00,78.65861511230469
2026-05-19 11:00:00+00:00,74.40055084228516
2026-05-19 12:00:00+00:00,75.19404602050781
2026-05-19 13:00:00+00:00,86.55777740478516
2026-05-19 14:00:00+00:00,102.14356994628906
2026-05-19 15:00:00+00:00,121.52046966552734
2026-05-19 16:00:00+00:00,144.0064697265625
2026-05-19 17:00:00+00:00,166.06756591796875
2026-05-19 18:00:00+00:00,179.08433532714844
2026-05-19 19:00:00+00:00,161.35946655273438
2026-05-19 20:00:00+00:00,143.35690307617188
2026-05-19 21:00:00+00:00,132.72274780273438
2026-05-19 22:00:00+00:00,127.0738296508789
2026-05-19 23:00:00+00:00,123.46257019042969
2026-05-20 00:00:00+00:00,113.17948913574219
2026-05-20 01:00:00+00:00,111.72673797607422
2026-05-20 02:00:00+00:00,113.68809509277344
2026-05-20 03:00:00+00:00,120.186279296875
2026-05-20 04:00:00+00:00,134.1277618408203
2026-05-20 05:00:00+00:00,142.8348846435547
2026-05-20 06:00:00+00:00,138.75302124023438
2026-05-20 07:00:00+00:00,121.11799621582031
2026-05-20 08:00:00+00:00,102.18323516845703
2026-05-20 09:00:00+00:00,90.63457489013672
2026-05-20 10:00:00+00:00,80.82785034179688
2026-05-20 11:00:00+00:00,68.22835540771484
2026-05-20 12:00:00+00:00,65.40164947509766
2026-05-20 13:00:00+00:00,71.18754577636719
2026-05-20 14:00:00+00:00,84.91429138183594
2026-05-20 15:00:00+00:00,106.58870697021484
2026-05-20 16:00:00+00:00,126.80145263671875
2026-05-20 17:00:00+00:00,152.47500610351562
2026-05-20 18:00:00+00:00,167.85498046875
2026-05-20 19:00:00+00:00,158.7913818359375
2026-05-20 20:00:00+00:00,143.9681854248047
2026-05-20 21:00:00+00:00,131.03372192382812
2026-05-20 22:00:00+00:00,123.53168487548828
2026-05-20 23:00:00+00:00,118.74478912353516
2026-05-21 00:00:00+00:00,113.86458587646484
2026-05-21 01:00:00+00:00,111.92414855957031
2026-05-21 02:00:00+00:00,114.95034790039062
2026-05-21 03:00:00+00:00,125.4029541015625
2026-05-21 04:00:00+00:00,138.04061889648438
2026-05-21 05:00:00+00:00,135.6776580810547
2026-05-21 06:00:00+00:00,121.18972778320312
2026-05-21 07:00:00+00:00,98.55655670166016
2026-05-21 08:00:00+00:00,78.5579833984375
2026-05-21 09:00:00+00:00,64.82402801513672
2026-05-21 10:00:00+00:00,54.22211456298828
2026-05-21 11:00:00+00:00,45.095401763916016
2026-05-21 12:00:00+00:00,44.34037399291992
2026-05-21 13:00:00+00:00,55.948246002197266
2026-05-21 14:00:00+00:00,76.88360595703125
2026-05-21 15:00:00+00:00,107.17393493652344
2026-05-21 16:00:00+00:00,136.50050354003906
2026-05-21 17:00:00+00:00,163.21920776367188
2026-05-21 18:00:00+00:00,180.9209747314453
2026-05-21 19:00:00+00:00,170.55059814453125
2026-05-21 20:00:00+00:00,156.1048583984375
2026-05-21 21:00:00+00:00,147.6911163330078
2026-05-21 22:00:00+00:00,145.13211059570312
2026-05-21 23:00:00+00:00,139.00885009765625
2026-05-22 00:00:00+00:00,137.53433227539062
2026-05-22 01:00:00+00:00,134.95494079589844
2026-05-22 02:00:00+00:00,137.8446807861328
2026-05-22 03:00:00+00:00,143.5955810546875
2026-05-22 04:00:00+00:00,151.07431030273438
2026-05-22 05:00:00+00:00,144.2783660888672
2026-05-22 06:00:00+00:00,123.21310424804688
2026-05-22 07:00:00+00:00,88.59803771972656
2026-05-22 08:00:00+00:00,54.74186325073242
2026-05-22 09:00:00+00:00,31.373477935791016
2026-05-22 10:00:00+00:00,19.717308044433594
2026-05-22 11:00:00+00:00,13.3111572265625
2026-05-22 12:00:00+00:00,14.95697021484375
2026-05-22 13:00:00+00:00,31.78387451171875
2026-05-22 14:00:00+00:00,60.2322998046875
2026-05-22 15:00:00+00:00,100.68844604492188
2026-05-22 16:00:00+00:00,137.67572021484375
2026-05-22 17:00:00+00:00,163.8743133544922
2026-05-22 18:00:00+00:00,178.7116241455078
2026-05-22 19:00:00+00:00,170.34518432617188
2026-05-22 20:00:00+00:00,155.3026123046875
2026-05-22 21:00:00+00:00,144.76034545898438
2026-05-22 22:00:00+00:00,137.54476928710938
2026-05-22 23:00:00+00:00,131.03944396972656
2026-05-23 00:00:00+00:00,125.18283081054688
2026-05-23 01:00:00+00:00,121.84910583496094
2026-05-23 02:00:00+00:00,120.80337524414062
2026-05-23 03:00:00+00:00,117.86766815185547
2026-05-23 04:00:00+00:00,110.99470520019531
2026-05-23 05:00:00+00:00,94.19976806640625
2026-05-23 06:00:00+00:00,67.65339660644531
2026-05-23 07:00:00+00:00,33.12180709838867
2026-05-23 08:00:00+00:00,2.9267349243164062
2026-05-23 09:00:00+00:00,-14.921043395996094
2026-05-23 10:00:00+00:00,-28.69373321533203
2026-05-23 11:00:00+00:00,-36.318572998046875
2026-05-23 12:00:00+00:00,-32.787635803222656
2026-05-23 13:00:00+00:00,-15.80572509765625
2026-05-23 14:00:00+00:00,20.64849853515625
2026-05-23 15:00:00+00:00,83.16520690917969
2026-05-23 16:00:00+00:00,121.00654602050781
2026-05-23 17:00:00+00:00,150.3860321044922
2026-05-23 18:00:00+00:00,167.95046997070312
2026-05-23 19:00:00+00:00,161.05477905273438
2026-05-23 20:00:00+00:00,147.4857940673828
2026-05-23 21:00:00+00:00,138.73416137695312
2026-05-23 22:00:00+00:00,134.83517456054688
2026-05-23 23:00:00+00:00,128.80410766601562
2026-05-24 00:00:00+00:00,127.35760498046875
2026-05-24 01:00:00+00:00,123.80854797363281
2026-05-24 02:00:00+00:00,121.87425231933594
2026-05-24 03:00:00+00:00,116.96670532226562
2026-05-24 04:00:00+00:00,107.7464828491211
2026-05-24 05:00:00+00:00,87.79364013671875
2026-05-24 06:00:00+00:00,55.69947052001953
2026-05-24 07:00:00+00:00,12.524505615234375
2026-05-24 08:00:00+00:00,-17.01233673095703
2026-05-24 09:00:00+00:00,-30.941482543945312
2026-05-24 10:00:00+00:00,-40.37724304199219
2026-05-24 11:00:00+00:00,-47.77735900878906
2026-05-24 12:00:00+00:00,-50.699462890625
2026-05-24 13:00:00+00:00,-41.444915771484375
2026-05-24 14:00:00+00:00,-9.983238220214844
2026-05-24 15:00:00+00:00,54.89558410644531
2026-05-24 16:00:00+00:00,104.83766174316406
2026-05-24 17:00:00+00:00,136.36233520507812
2026-05-24 18:00:00+00:00,156.35101318359375
2026-05-24 19:00:00+00:00,153.7884979248047
2026-05-24 20:00:00+00:00,142.47262573242188
2026-05-24 21:00:00+00:00,132.76556396484375
2026-05-24 22:00:00+00:00,126.82041931152344
2026-05-24 23:00:00+00:00,120.6628646850586
2026-05-25 00:00:00+00:00,125.98873901367188
2026-05-25 01:00:00+00:00,123.90645599365234
2026-05-25 02:00:00+00:00,125.1340103149414
2026-05-25 03:00:00+00:00,125.25822448730469
2026-05-25 04:00:00+00:00,121.84033203125
2026-05-25 05:00:00+00:00,105.16974639892578
2026-05-25 06:00:00+00:00,73.49653625488281
2026-05-25 07:00:00+00:00,36.68257522583008
2026-05-25 08:00:00+00:00,5.1574249267578125
2026-05-25 09:00:00+00:00,-21.698989868164062
2026-05-25 10:00:00+00:00,-47.548912048339844
2026-05-25 11:00:00+00:00,-67.17584991455078
2026-05-25 12:00:00+00:00,-64.36890411376953
2026-05-25 13:00:00+00:00,-30.23162078857422
2026-05-25 14:00:00+00:00,4.0107421875
2026-05-25 15:00:00+00:00,48.260337829589844
2026-05-25 16:00:00+00:00,104.2443618774414
2026-05-25 17:00:00+00:00,142.1002197265625
2026-05-25 18:00:00+00:00,165.57077026367188
2026-05-25 19:00:00+00:00,160.5643310546875
2026-05-25 20:00:00+00:00,145.9700469970703
2026-05-25 21:00:00+00:00,135.56488037109375
2026-05-25 22:00:00+00:00,131.32000732421875
2026-05-25 23:00:00+00:00,125.91950225830078
2026-05-26 00:00:00+00:00,123.1420669555664
2026-05-26 01:00:00+00:00,122.76225280761719
2026-05-26 02:00:00+00:00,126.71015930175781
2026-05-26 03:00:00+00:00,135.2037353515625
2026-05-26 04:00:00+00:00,145.1587371826172
2026-05-26 05:00:00+00:00,139.23263549804688
2026-05-26 06:00:00+00:00,111.633544921875
2026-05-26 07:00:00+00:00,70.63911437988281
2026-05-26 08:00:00+00:00,32.73847579956055
2026-05-26 09:00:00+00:00,10.038276672363281
2026-05-26 10:00:00+00:00,-4.490333557128906
2026-05-26 11:00:00+00:00,-12.591537475585938
2026-05-26 12:00:00+00:00,-10.736640930175781
2026-05-26 13:00:00+00:00,6.7126007080078125
2026-05-26 14:00:00+00:00,33.73431396484375
2026-05-26 15:00:00+00:00,74.53633117675781
2026-05-26 16:00:00+00:00,128.91311645507812
2026-05-26 17:00:00+00:00,161.28829956054688
2026-05-26 18:00:00+00:00,179.62716674804688
2026-05-26 19:00:00+00:00,169.78822326660156
2026-05-26 20:00:00+00:00,148.98536682128906
2026-05-26 21:00:00+00:00,134.75726318359375
2026-05-26 22:00:00+00:00,128.2934112548828
2026-05-26 23:00:00+00:00,122.79186248779297
2026-05-27 00:00:00+00:00,118.6368637084961
2026-05-27 01:00:00+00:00,115.03610229492188
2026-05-27 02:00:00+00:00,115.30982971191406
2026-05-27 03:00:00+00:00,122.76428985595703
2026-05-27 04:00:00+00:00,135.63890075683594
2026-05-27 05:00:00+00:00,130.69158935546875
2026-05-27 06:00:00+00:00,106.68502807617188
2026-05-27 07:00:00+00:00,68.73290252685547
2026-05-27 08:00:00+00:00,30.82171630859375
2026-05-27 09:00:00+00:00,9.638519287109375
2026-05-27 10:00:00+00:00,-5.3587493896484375
2026-05-27 11:00:00+00:00,-15.964614868164062
2026-05-27 12:00:00+00:00,-17.21135711669922
2026-05-27 13:00:00+00:00,-4.836189270019531
2026-05-27 14:00:00+00:00,19.16210174560547
2026-05-27 15:00:00+00:00,59.92779541015625
2026-05-27 16:00:00+00:00,115.14625549316406
2026-05-27 17:00:00+00:00,154.958740234375
2026-05-27 18:00:00+00:00,179.35369873046875
2026-05-27 19:00:00+00:00,168.82192993164062
2026-05-27 20:00:00+00:00,150.87210083007812
2026-05-27 21:00:00+00:00,139.242919921875
2026-05-27 22:00:00+00:00,137.46109008789062
2026-05-27 23:00:00+00:00,131.0714111328125
2026-05-28 00:00:00+00:00,125.63629150390625
2026-05-28 01:00:00+00:00,126.2907485961914
2026-05-28 02:00:00+00:00,127.92086791992188
2026-05-28 03:00:00+00:00,134.36474609375
2026-05-28 04:00:00+00:00,144.57589721679688
2026-05-28 05:00:00+00:00,140.71588134765625
2026-05-28 06:00:00+00:00,115.67356872558594
2026-05-28 07:00:00+00:00,74.75102996826172
2026-05-28 08:00:00+00:00,33.901451110839844
2026-05-28 09:00:00+00:00,18.050262451171875
2026-05-28 10:00:00+00:00,8.708541870117188
2026-05-28 11:00:00+00:00,2.2233352661132812
2026-05-28 12:00:00+00:00,1.739654541015625
2026-05-28 13:00:00+00:00,12.684150695800781
2026-05-28 14:00:00+00:00,37.478981018066406
2026-05-28 15:00:00+00:00,80.34319305419922
2026-05-28 16:00:00+00:00,134.6000213623047
2026-05-28 17:00:00+00:00,172.73023986816406
2026-05-28 18:00:00+00:00,198.22219848632812
2026-05-28 19:00:00+00:00,188.83773803710938
2026-05-28 20:00:00+00:00,167.86636352539062
2026-05-28 21:00:00+00:00,155.28842163085938
2026-05-28 22:00:00+00:00,150.94338989257812
2026-05-28 23:00:00+00:00,142.9166259765625
2026-05-29 00:00:00+00:00,129.69064331054688
2026-05-29 01:00:00+00:00,126.2205810546875
2026-05-29 02:00:00+00:00,126.80368041992188
2026-05-29 03:00:00+00:00,130.86874389648438
2026-05-29 04:00:00+00:00,140.01620483398438
2026-05-29 05:00:00+00:00,130.84634399414062
2026-05-29 06:00:00+00:00,104.90899658203125
2026-05-29 07:00:00+00:00,61.080108642578125
2026-05-29 08:00:00+00:00,18.72308349609375
2026-05-29 09:00:00+00:00,-2.2526092529296875
2026-05-29 10:00:00+00:00,-11.902511596679688
2026-05-29 11:00:00+00:00,-14.436790466308594
2026-05-29 12:00:00+00:00,-11.793563842773438
2026-05-29 13:00:00+00:00,0.5516510009765625
2026-05-29 14:00:00+00:00,29.742568969726562
2026-05-29 15:00:00+00:00,81.3216552734375
2026-05-29 16:00:00+00:00,130.2791748046875
2026-05-29 17:00:00+00:00,170.257080078125
2026-05-29 18:00:00+00:00,200.3596954345703
2026-05-29 19:00:00+00:00,179.89361572265625
2026-05-29 20:00:00+00:00,153.9027862548828
2026-05-29 21:00:00+00:00,135.9347381591797
2026-05-29 22:00:00+00:00,131.77047729492188
2026-05-29 23:00:00+00:00,125.5076675415039
2026-05-30 00:00:00+00:00,121.04570770263672
2026-05-30 01:00:00+00:00,117.27848815917969
2026-05-30 02:00:00+00:00,115.5016860961914
2026-05-30 03:00:00+00:00,113.99687957763672
2026-05-30 04:00:00+00:00,112.34257507324219
2026-05-30 05:00:00+00:00,99.14192199707031
2026-05-30 06:00:00+00:00,72.73521423339844
2026-05-30 07:00:00+00:00,33.759910583496094
2026-05-30 08:00:00+00:00,1.707855224609375
2026-05-30 09:00:00+00:00,-16.39562225341797
2026-05-30 10:00:00+00:00,-28.537010192871094
2026-05-30 11:00:00+00:00,-36.10553741455078
2026-05-30 12:00:00+00:00,-35.97252655029297
2026-05-30 13:00:00+00:00,-25.600303649902344
2026-05-30 14:00:00+00:00,1.5936431884765625
2026-05-30 15:00:00+00:00,52.26720428466797
2026-05-30 16:00:00+00:00,112.23966217041016
2026-05-30 17:00:00+00:00,152.12615966796875
2026-05-30 18:00:00+00:00,187.84091186523438
2026-05-30 19:00:00+00:00,176.958251953125
2026-05-30 20:00:00+00:00,156.268310546875
2026-05-30 21:00:00+00:00,142.3546142578125
2026-05-30 22:00:00+00:00,138.30963134765625
2026-05-30 23:00:00+00:00,131.48825073242188
2026-05-31 00:00:00+00:00,125.02657318115234
2026-05-31 01:00:00+00:00,123.73796844482422
2026-05-31 02:00:00+00:00,123.78704833984375
2026-05-31 03:00:00+00:00,121.64775848388672
2026-05-31 04:00:00+00:00,116.56082153320312
2026-05-31 05:00:00+00:00,103.0877456665039
2026-05-31 06:00:00+00:00,79.0536880493164
2026-05-31 07:00:00+00:00,46.77813720703125
2026-05-31 08:00:00+00:00,30.497482299804688
2026-05-31 09:00:00+00:00,26.072463989257812
2026-05-31 10:00:00+00:00,22.254547119140625
2026-05-31 11:00:00+00:00,19.207855224609375
2026-05-31 12:00:00+00:00,18.033355712890625
2026-05-31 13:00:00+00:00,23.50646209716797
2026-05-31 14:00:00+00:00,45.351585388183594
2026-05-31 15:00:00+00:00,90.12320709228516
2026-05-31 16:00:00+00:00,123.34666442871094
2026-05-31 17:00:00+00:00,143.28707885742188
2026-05-31 18:00:00+00:00,156.5530242919922
2026-05-31 19:00:00+00:00,155.86965942382812
2026-05-31 20:00:00+00:00,148.17311096191406
2026-05-31 21:00:00+00:00,140.45956420898438
2026-05-31 22:00:00+00:00,135.77001953125
2026-05-31 23:00:00+00:00,129.6097869873047
2026-06-01 00:00:00+00:00,124.3282470703125
2026-06-01 01:00:00+00:00,122.87260437011719
2026-06-01 02:00:00+00:00,126.55855560302734
2026-06-01 03:00:00+00:00,138.23635864257812
2026-06-01 04:00:00+00:00,152.47288513183594
2026-06-01 05:00:00+00:00,152.20835876464844
2026-06-01 06:00:00+00:00,138.37591552734375
2026-06-01 07:00:00+00:00,109.93489837646484
2026-06-01 08:00:00+00:00,83.52967834472656
2026-06-01 09:00:00+00:00,67.40227508544922
2026-06-01 10:00:00+00:00,55.64628219604492
2026-06-01 11:00:00+00:00,51.715049743652344
2026-06-01 12:00:00+00:00,55.053401947021484
2026-06-01 13:00:00+00:00,66.3489990234375
2026-06-01 14:00:00+00:00,89.49446105957031
2026-06-01 15:00:00+00:00,120.99263000488281
2026-06-01 16:00:00+00:00,151.59890747070312
2026-06-01 17:00:00+00:00,185.3556365966797
2026-06-01 18:00:00+00:00,221.1074676513672
2026-06-01 19:00:00+00:00,201.5201873779297
2026-06-01 20:00:00+00:00,171.67933654785156
2026-06-01 21:00:00+00:00,152.74832153320312
2026-06-01 22:00:00+00:00,141.8343963623047
2026-06-01 23:00:00+00:00,132.1085662841797
2026-06-02 00:00:00+00:00,119.67976379394531
2026-06-02 01:00:00+00:00,116.94010162353516
2026-06-02 02:00:00+00:00,118.5589599609375
2026-06-02 03:00:00+00:00,122.88736724853516
2026-06-02 04:00:00+00:00,133.02256774902344
2026-06-02 05:00:00+00:00,133.5157012939453
2026-06-02 06:00:00+00:00,126.49858093261719
2026-06-02 07:00:00+00:00,104.91351318359375
2026-06-02 08:00:00+00:00,81.71574401855469
2026-06-02 09:00:00+00:00,67.5216064453125
2026-06-02 10:00:00+00:00,62.48773193359375
2026-06-02 11:00:00+00:00,63.192440032958984
2026-06-02 12:00:00+00:00,66.62889862060547
2026-06-02 13:00:00+00:00,78.9167251586914
2026-06-02 14:00:00+00:00,102.49057006835938
2026-06-02 15:00:00+00:00,126.82164764404297
2026-06-02 16:00:00+00:00,143.396728515625
2026-06-02 17:00:00+00:00,178.23248291015625
2026-06-02 18:00:00+00:00,218.46902465820312
2026-06-02 19:00:00+00:00,192.12860107421875
2026-06-02 20:00:00+00:00,152.239501953125
2026-06-02 21:00:00+00:00,132.12359619140625
2026-06-02 22:00:00+00:00,123.13645935058594
2026-06-02 23:00:00+00:00,117.92852783203125
2026-06-03 00:00:00+00:00,110.51600646972656
2026-06-03 01:00:00+00:00,110.86570739746094
2026-06-03 02:00:00+00:00,113.39946746826172
2026-06-03 03:00:00+00:00,120.33505249023438
2026-06-03 04:00:00+00:00,132.63169860839844
2026-06-03 05:00:00+00:00,135.73037719726562
2026-06-03 06:00:00+00:00,126.07444763183594
2026-06-03 07:00:00+00:00,107.34747314453125
2026-06-03 08:00:00+00:00,91.052978515625
2026-06-03 09:00:00+00:00,76.31303405761719
2026-06-03 10:00:00+00:00,63.91266632080078
2026-06-03 11:00:00+00:00,53.18980026245117
2026-06-03 12:00:00+00:00,50.468055725097656
2026-06-03 13:00:00+00:00,56.77143096923828
2026-06-03 14:00:00+00:00,74.8947982788086
2026-06-03 15:00:00+00:00,98.53791809082031
2026-06-03 16:00:00+00:00,124.19576263427734
2026-06-03 17:00:00+00:00,151.039794921875
2026-06-03 18:00:00+00:00,168.740478515625
2026-06-03 19:00:00+00:00,156.65048217773438
2026-06-03 20:00:00+00:00,129.58413696289062
2026-06-03 21:00:00+00:00,103.07482147216797
2026-06-03 22:00:00+00:00,78.35563659667969
2026-06-03 23:00:00+00:00,69.14566040039062
2026-06-04 00:00:00+00:00,75.13731384277344
2026-06-04 01:00:00+00:00,72.94977569580078
2026-06-04 02:00:00+00:00,73.49571228027344
2026-06-04 03:00:00+00:00,77.77637481689453
2026-06-04 04:00:00+00:00,82.57201385498047
2026-06-04 05:00:00+00:00,82.49535369873047
2026-06-04 06:00:00+00:00,74.20841217041016
2026-06-04 07:00:00+00:00,55.707679748535156
2026-06-04 08:00:00+00:00,36.967926025390625
2026-06-04 09:00:00+00:00,21.125030517578125
2026-06-04 10:00:00+00:00,8.77264404296875
2026-06-04 11:00:00+00:00,-0.0551910400390625
2026-06-04 12:00:00+00:00,1.1648941040039062
2026-06-04 13:00:00+00:00,16.271202087402344
2026-06-04 14:00:00+00:00,41.561859130859375
2026-06-04 15:00:00+00:00,70.11509704589844
2026-06-04 16:00:00+00:00,94.49691009521484
2026-06-04 17:00:00+00:00,108.31744384765625
2026-06-04 18:00:00+00:00,114.84916687011719
2026-06-04 19:00:00+00:00,110.01663208007812
2026-06-04 20:00:00+00:00,102.84249877929688
2026-06-04 21:00:00+00:00,94.63055419921875
2026-06-04 22:00:00+00:00,89.76325225830078
2026-06-04 23:00:00+00:00,86.54924011230469
2026-06-05 00:00:00+00:00,81.55902862548828
2026-06-05 01:00:00+00:00,82.92127990722656
2026-06-05 02:00:00+00:00,87.877197265625
2026-06-05 03:00:00+00:00,95.97966766357422
2026-06-05 04:00:00+00:00,105.72552490234375
2026-06-05 05:00:00+00:00,109.19331359863281
2026-06-05 06:00:00+00:00,104.86400604248047
2026-06-05 07:00:00+00:00,90.38709259033203
2026-06-05 08:00:00+00:00,74.89763641357422
2026-06-05 09:00:00+00:00,62.21855163574219
2026-06-05 10:00:00+00:00,49.263099670410156
2026-06-05 11:00:00+00:00,41.2709846496582
2026-06-05 12:00:00+00:00,42.04945755004883
2026-06-05 13:00:00+00:00,52.51847457885742
2026-06-05 14:00:00+00:00,74.35639953613281
2026-06-05 15:00:00+00:00,101.03143310546875
2026-06-05 16:00:00+00:00,127.64836883544922
2026-06-05 17:00:00+00:00,155.0263671875
2026-06-05 18:00:00+00:00,181.36688232421875
2026-06-05 19:00:00+00:00,179.07162475585938
2026-06-05 20:00:00+00:00,163.7733154296875
2026-06-05 21:00:00+00:00,152.1334991455078
2026-06-05 22:00:00+00:00,146.7674102783203
2026-06-05 23:00:00+00:00,139.62876892089844
2026-06-06 00:00:00+00:00,135.7791748046875
2026-06-06 01:00:00+00:00,135.19512939453125
2026-06-06 02:00:00+00:00,135.58628845214844
2026-06-06 03:00:00+00:00,133.0525360107422
2026-06-06 04:00:00+00:00,127.84024047851562
2026-06-06 05:00:00+00:00,115.7078857421875
2026-06-06 06:00:00+00:00,95.53872680664062
2026-06-06 07:00:00+00:00,59.53179168701172
2026-06-06 08:00:00+00:00,30.2877197265625
2026-06-06 09:00:00+00:00,21.554176330566406
2026-06-06 10:00:00+00:00,18.96784210205078
2026-06-06 11:00:00+00:00,16.899879455566406
2026-06-06 12:00:00+00:00,18.182518005371094
2026-06-06 13:00:00+00:00,25.061386108398438
2026-06-06 14:00:00+00:00,49.78474807739258
2026-06-06 15:00:00+00:00,92.22940063476562
2026-06-06 16:00:00+00:00,120.57704162597656
2026-06-06 17:00:00+00:00,141.12136840820312
2026-06-06 18:00:00+00:00,152.97952270507812
2026-06-06 19:00:00+00:00,150.01976013183594
2026-06-06 20:00:00+00:00,139.3451690673828
2026-06-06 21:00:00+00:00,126.42841339111328
2026-06-06 22:00:00+00:00,118.37770080566406
2026-06-06 23:00:00+00:00,111.494873046875
2026-06-07 00:00:00+00:00,96.90412902832031
2026-06-07 01:00:00+00:00,91.65335845947266
2026-06-07 02:00:00+00:00,87.29539489746094
2026-06-07 03:00:00+00:00,80.50408172607422
2026-06-07 04:00:00+00:00,70.60184478759766
2026-06-07 05:00:00+00:00,55.939453125
2026-06-07 06:00:00+00:00,33.530052185058594
2026-06-07 07:00:00+00:00,8.407035827636719
2026-06-07 08:00:00+00:00,-6.150115966796875
2026-06-07 09:00:00+00:00,-9.075210571289062
2026-06-07 10:00:00+00:00,-13.618324279785156
2026-06-07 11:00:00+00:00,-17.595779418945312
2026-06-07 12:00:00+00:00,-18.48394775390625
2026-06-07 13:00:00+00:00,-15.461799621582031
2026-06-07 14:00:00+00:00,5.113273620605469
2026-06-07 15:00:00+00:00,47.27991485595703
2026-06-07 16:00:00+00:00,76.17463684082031
2026-06-07 17:00:00+00:00,111.78125762939453
2026-06-07 18:00:00+00:00,135.7868194580078
2026-06-07 19:00:00+00:00,144.8424072265625
2026-06-07 20:00:00+00:00,142.05445861816406
2026-06-07 21:00:00+00:00,137.5602569580078
2026-06-07 22:00:00+00:00,135.6773681640625
2026-06-07 23:00:00+00:00,129.55198669433594
2026-06-08 00:00:00+00:00,126.69579315185547
2026-06-08 01:00:00+00:00,123.70620727539062
2026-06-08 02:00:00+00:00,125.70941925048828
2026-06-08 03:00:00+00:00,132.64712524414062
2026-06-08 04:00:00+00:00,141.67613220214844
2026-06-08 05:00:00+00:00,139.8246612548828
2026-06-08 06:00:00+00:00,126.911376953125
2026-06-08 07:00:00+00:00,103.072021484375
2026-06-08 08:00:00+00:00,80.18414306640625
2026-06-08 09:00:00+00:00,66.7513656616211
2026-06-08 10:00:00+00:00,60.40569305419922
2026-06-08 11:00:00+00:00,61.6661376953125
2026-06-08 12:00:00+00:00,67.21040344238281
2026-06-08 13:00:00+00:00,81.21468353271484
2026-06-08 14:00:00+00:00,103.64586639404297
2026-06-08 15:00:00+00:00,126.53276062011719
2026-06-08 16:00:00+00:00,149.1092987060547
2026-06-08 17:00:00+00:00,167.53335571289062
2026-06-08 18:00:00+00:00,179.85409545898438
2026-06-08 19:00:00+00:00,167.65135192871094
2026-06-08 20:00:00+00:00,148.52777099609375
2026-06-08 21:00:00+00:00,133.86483764648438
2026-06-08 22:00:00+00:00,124.85601806640625
2026-06-08 23:00:00+00:00,118.57799530029297
2026-06-09 00:00:00+00:00,111.20403289794922
2026-06-09 01:00:00+00:00,104.12104034423828
2026-06-09 02:00:00+00:00,101.26641845703125
2026-06-09 03:00:00+00:00,106.8934326171875
2026-06-09 04:00:00+00:00,122.3392105102539
2026-06-09 05:00:00+00:00,132.13665771484375
2026-06-09 06:00:00+00:00,129.57904052734375
2026-06-09 07:00:00+00:00,111.15943908691406
2026-06-09 08:00:00+00:00,88.87348937988281
2026-06-09 09:00:00+00:00,66.16036224365234
2026-06-09 10:00:00+00:00,46.36956787109375
2026-06-09 11:00:00+00:00,30.180984497070312
2026-06-09 12:00:00+00:00,22.745223999023438
2026-06-09 13:00:00+00:00,30.132293701171875
2026-06-09 14:00:00+00:00,52.4995231628418
2026-06-09 15:00:00+00:00,83.35004425048828
2026-06-09 16:00:00+00:00,119.78703308105469
2026-06-09 17:00:00+00:00,150.26553344726562
2026-06-09 18:00:00+00:00,169.65097045898438
2026-06-09 19:00:00+00:00,166.3191680908203
2026-06-09 20:00:00+00:00,150.48948669433594
2026-06-09 21:00:00+00:00,135.2001190185547
2026-06-09 22:00:00+00:00,123.79706573486328
2026-06-09 23:00:00+00:00,116.37238311767578
2026-06-10 00:00:00+00:00,112.7331771850586
2026-06-10 01:00:00+00:00,110.50138854980469
2026-06-10 02:00:00+00:00,113.24347686767578
2026-06-10 03:00:00+00:00,120.93620300292969
2026-06-10 04:00:00+00:00,132.79505920410156
2026-06-10 05:00:00+00:00,136.6072998046875
2026-06-10 06:00:00+00:00,128.86427307128906
2026-06-10 07:00:00+00:00,110.16265869140625
2026-06-10 08:00:00+00:00,92.04489135742188
2026-06-10 09:00:00+00:00,75.15716552734375
2026-06-10 10:00:00+00:00,65.78561401367188
2026-06-10 11:00:00+00:00,62.74100112915039
2026-06-10 12:00:00+00:00,66.00776672363281
2026-06-10 13:00:00+00:00,79.66242980957031
2026-06-10 14:00:00+00:00,102.11286926269531
2026-06-10 15:00:00+00:00,126.33423614501953
2026-06-10 16:00:00+00:00,148.46673583984375
2026-06-10 17:00:00+00:00,169.66305541992188
2026-06-10 18:00:00+00:00,188.61343383789062
2026-06-10 19:00:00+00:00,182.2464141845703
2026-06-10 20:00:00+00:00,166.5662841796875
2026-06-10 21:00:00+00:00,152.9256134033203
2026-06-10 22:00:00+00:00,146.2250213623047
2026-06-10 23:00:00+00:00,138.6906280517578
2026-06-11 00:00:00+00:00,133.07644653320312
2026-06-11 01:00:00+00:00,128.58819580078125
2026-06-11 02:00:00+00:00,128.4581756591797
2026-06-11 03:00:00+00:00,133.4270782470703
2026-06-11 04:00:00+00:00,144.90045166015625
2026-06-11 05:00:00+00:00,147.69137573242188
2026-06-11 06:00:00+00:00,138.5933074951172
2026-06-11 07:00:00+00:00,116.75052642822266
2026-06-11 08:00:00+00:00,95.75056457519531
2026-06-11 09:00:00+00:00,80.0330581665039
2026-06-11 10:00:00+00:00,65.79993438720703
2026-06-11 11:00:00+00:00,53.0737419128418
2026-06-11 12:00:00+00:00,45.16486358642578
2026-06-11 13:00:00+00:00,48.84077072143555
2026-06-11 14:00:00+00:00,72.08488464355469
2026-06-11 15:00:00+00:00,105.51998901367188
2026-06-11 16:00:00+00:00,134.1035614013672
2026-06-11 17:00:00+00:00,165.28871154785156
2026-06-11 18:00:00+00:00,192.86517333984375
2026-06-11 19:00:00+00:00,185.38221740722656
2026-06-11 20:00:00+00:00,162.12918090820312
2026-06-11 21:00:00+00:00,142.2624969482422
2026-06-11 22:00:00+00:00,130.27252197265625
2026-06-11 23:00:00+00:00,120.4789047241211
2026-06-12 00:00:00+00:00,99.41812133789062
2026-06-12 01:00:00+00:00,97.04653930664062
2026-06-12 02:00:00+00:00,99.26419067382812
2026-06-12 03:00:00+00:00,107.08262634277344
2026-06-12 04:00:00+00:00,120.16293334960938
2026-06-12 05:00:00+00:00,126.54228210449219
2026-06-12 06:00:00+00:00,125.98241424560547
2026-06-12 07:00:00+00:00,115.53898620605469
2026-06-12 08:00:00+00:00,101.1609878540039
2026-06-12 09:00:00+00:00,84.26617431640625
2026-06-12 10:00:00+00:00,68.2900161743164
2026-06-12 11:00:00+00:00,51.32380676269531
2026-06-12 12:00:00+00:00,40.57316970825195
2026-06-12 13:00:00+00:00,43.23649597167969
2026-06-12 14:00:00+00:00,59.345489501953125
2026-06-12 15:00:00+00:00,88.34176635742188
2026-06-12 16:00:00+00:00,109.21724700927734
2026-06-12 17:00:00+00:00,125.4405517578125
2026-06-12 18:00:00+00:00,136.42001342773438
2026-06-12 19:00:00+00:00,134.10922241210938
2026-06-12 20:00:00+00:00,124.049072265625
2026-06-12 21:00:00+00:00,111.8056640625
2026-06-12 22:00:00+00:00,100.152587890625
2026-06-12 23:00:00+00:00,93.93334197998047
2026-06-13 00:00:00+00:00,72.43496704101562
2026-06-13 01:00:00+00:00,69.6712417602539
2026-06-13 02:00:00+00:00,66.59576416015625
2026-06-13 03:00:00+00:00,62.65639114379883
2026-06-13 04:00:00+00:00,55.0028190612793
2026-06-13 05:00:00+00:00,41.94606018066406
2026-06-13 06:00:00+00:00,28.69145965576172
2026-06-13 07:00:00+00:00,16.94011688232422
2026-06-13 08:00:00+00:00,1.2800674438476562
2026-06-13 09:00:00+00:00,-7.512260437011719
2026-06-13 10:00:00+00:00,-17.04803466796875
2026-06-13 11:00:00+00:00,-26.450927734375
2026-06-13 12:00:00+00:00,-30.883132934570312
2026-06-13 13:00:00+00:00,-26.282203674316406
2026-06-13 14:00:00+00:00,-6.5102081298828125
2026-06-13 15:00:00+00:00,15.464347839355469
2026-06-13 16:00:00+00:00,25.813514709472656
2026-06-13 17:00:00+00:00,36.84445571899414
2026-06-13 18:00:00+00:00,58.76978302001953
2026-06-13 19:00:00+00:00,71.21939086914062
2026-06-13 20:00:00+00:00,72.15929412841797
2026-06-13 21:00:00+00:00,68.46492004394531
2026-06-13 22:00:00+00:00,65.6083984375
2026-06-13 23:00:00+00:00,62.583744049072266
2026-06-14 00:00:00+00:00,46.771697998046875
2026-06-14 01:00:00+00:00,42.42920684814453
2026-06-14 02:00:00+00:00,37.51791000366211
2026-06-14 03:00:00+00:00,29.590866088867188
2026-06-14 04:00:00+00:00,10.332489013671875
2026-06-14 05:00:00+00:00,-2.0787582397460938
2026-06-14 06:00:00+00:00,-7.9061126708984375
2026-06-14 07:00:00+00:00,-11.588661193847656
2026-06-14 08:00:00+00:00,-15.134025573730469
2026-06-14 09:00:00+00:00,-17.755462646484375
2026-06-14 10:00:00+00:00,-24.215049743652344
2026-06-14 11:00:00+00:00,-30.606124877929688
2026-06-14 12:00:00+00:00,-34.12091064453125
2026-06-14 13:00:00+00:00,-30.8331298828125
2026-06-14 14:00:00+00:00,-16.791709899902344
2026-06-14 15:00:00+00:00,1.3656997680664062
2026-06-14 16:00:00+00:00,15.413345336914062
2026-06-14 17:00:00+00:00,55.433712005615234
2026-06-14 18:00:00+00:00,85.53144073486328
2026-06-14 19:00:00+00:00,100.77552795410156
2026-06-14 20:00:00+00:00,102.43867492675781
2026-06-14 21:00:00+00:00,95.22402954101562
2026-06-14 22:00:00+00:00,86.0301513671875
2026-06-14 23:00:00+00:00,78.9621810913086
2026-06-15 00:00:00+00:00,88.27484130859375
2026-06-15 01:00:00+00:00,86.63296508789062
2026-06-15 02:00:00+00:00,89.63593292236328
2026-06-15 03:00:00+00:00,98.47590637207031
2026-06-15 04:00:00+00:00,108.49282836914062
2026-06-15 05:00:00+00:00,107.65815734863281
2026-06-15 06:00:00+00:00,93.9956283569336
2026-06-15 07:00:00+00:00,71.33148193359375
2026-06-15 08:00:00+00:00,54.459571838378906
2026-06-15 09:00:00+00:00,41.15238571166992
2026-06-15 10:00:00+00:00,26.78211212158203
2026-06-15 11:00:00+00:00,16.561538696289062
2026-06-15 12:00:00+00:00,12.386726379394531
2026-06-15 13:00:00+00:00,21.19232940673828
2026-06-15 14:00:00+00:00,37.47468948364258
2026-06-15 15:00:00+00:00,62.71212387084961
2026-06-15 16:00:00+00:00,85.8316879272461
2026-06-15 17:00:00+00:00,126.54825592041016
2026-06-15 18:00:00+00:00,151.9646759033203
2026-06-15 19:00:00+00:00,157.5126190185547
2026-06-15 20:00:00+00:00,150.89120483398438
2026-06-15 21:00:00+00:00,143.3583526611328
2026-06-15 22:00:00+00:00,139.8576202392578
2026-06-15 23:00:00+00:00,132.37075805664062
2026-06-16 00:00:00+00:00,117.24758911132812
2026-06-16 01:00:00+00:00,119.45066833496094
2026-06-16 02:00:00+00:00,122.40345001220703
2026-06-16 03:00:00+00:00,127.8385009765625
2026-06-16 04:00:00+00:00,136.29917907714844
2026-06-16 05:00:00+00:00,136.26104736328125
2026-06-16 06:00:00+00:00,130.9638214111328
2026-06-16 07:00:00+00:00,119.10527038574219
2026-06-16 08:00:00+00:00,106.80908203125
2026-06-16 09:00:00+00:00,94.05831146240234
2026-06-16 10:00:00+00:00,83.50863647460938
2026-06-16 11:00:00+00:00,76.60490417480469
2026-06-16 12:00:00+00:00,75.94441986083984
2026-06-16 13:00:00+00:00,83.93415832519531
2026-06-16 14:00:00+00:00,99.14168548583984
2026-06-16 15:00:00+00:00,120.58153533935547
2026-06-16 16:00:00+00:00,142.0687713623047
2026-06-16 17:00:00+00:00,169.28628540039062
2026-06-16 18:00:00+00:00,188.55996704101562
2026-06-16 19:00:00+00:00,180.8465576171875
2026-06-16 20:00:00+00:00,161.99952697753906
2026-06-16 21:00:00+00:00,148.80368041992188
2026-06-16 22:00:00+00:00,142.4063720703125
2026-06-16 23:00:00+00:00,135.91067504882812
2026-06-17 00:00:00+00:00,128.62831115722656
2026-06-17 01:00:00+00:00,124.14979553222656
2026-06-17 02:00:00+00:00,125.02626037597656
2026-06-17 03:00:00+00:00,130.60104370117188
2026-06-17 04:00:00+00:00,141.64236450195312
2026-06-17 05:00:00+00:00,140.18807983398438
2026-06-17 06:00:00+00:00,128.9079132080078
2026-06-17 07:00:00+00:00,104.79525756835938
2026-06-17 08:00:00+00:00,77.08380126953125
2026-06-17 09:00:00+00:00,57.454368591308594
2026-06-17 10:00:00+00:00,45.832923889160156
2026-06-17 11:00:00+00:00,42.40385818481445
2026-06-17 12:00:00+00:00,45.103885650634766
2026-06-17 13:00:00+00:00,56.667320251464844
2026-06-17 14:00:00+00:00,75.99168395996094
2026-06-17 15:00:00+00:00,101.79932403564453
2026-06-17 16:00:00+00:00,125.26200866699219
2026-06-17 17:00:00+00:00,150.46922302246094
2026-06-17 18:00:00+00:00,173.57293701171875
2026-06-17 19:00:00+00:00,170.5262451171875
2026-06-17 20:00:00+00:00,153.83578491210938
2026-06-17 21:00:00+00:00,135.439453125
2026-06-17 22:00:00+00:00,127.21690368652344
2026-06-17 23:00:00+00:00,120.20538330078125
2026-06-18 00:00:00+00:00,119.5275650024414
2026-06-18 01:00:00+00:00,116.668212890625
2026-06-18 02:00:00+00:00,117.04613494873047
2026-06-18 03:00:00+00:00,121.75210571289062
2026-06-18 04:00:00+00:00,132.45594787597656
2026-06-18 05:00:00+00:00,131.26417541503906
2026-06-18 06:00:00+00:00,114.4442138671875
2026-06-18 07:00:00+00:00,83.82342529296875
2026-06-18 08:00:00+00:00,53.4538459777832
2026-06-18 09:00:00+00:00,34.14625549316406
2026-06-18 10:00:00+00:00,23.2508544921875
2026-06-18 11:00:00+00:00,15.798828125
2026-06-18 12:00:00+00:00,17.16559600830078
2026-06-18 13:00:00+00:00,31.130924224853516
2026-06-18 14:00:00+00:00,54.1395378112793
2026-06-18 15:00:00+00:00,91.48434448242188
2026-06-18 16:00:00+00:00,125.97901916503906
2026-06-18 17:00:00+00:00,160.5782928466797
2026-06-18 18:00:00+00:00,184.93008422851562
2026-06-18 19:00:00+00:00,182.82420349121094
2026-06-18 20:00:00+00:00,163.79275512695312
2026-06-18 21:00:00+00:00,146.6508331298828
2026-06-18 22:00:00+00:00,138.3708953857422
2026-06-18 23:00:00+00:00,128.98159790039062
2026-06-19 00:00:00+00:00,122.04134368896484
2026-06-19 01:00:00+00:00,118.42086029052734
2026-06-19 02:00:00+00:00,119.43524169921875
2026-06-19 03:00:00+00:00,124.22796630859375
2026-06-19 04:00:00+00:00,133.099365234375
2026-06-19 05:00:00+00:00,130.9561767578125
2026-06-19 06:00:00+00:00,115.61187744140625
2026-06-19 07:00:00+00:00,87.68165588378906
2026-06-19 08:00:00+00:00,50.35969161987305
2026-06-19 09:00:00+00:00,29.2772216796875
2026-06-19 10:00:00+00:00,18.710464477539062
2026-06-19 11:00:00+00:00,13.369743347167969
2026-06-19 12:00:00+00:00,16.953598022460938
2026-06-19 13:00:00+00:00,31.640239715576172
2026-06-19 14:00:00+00:00,61.37856674194336
2026-06-19 15:00:00+00:00,98.57657623291016
2026-06-19 16:00:00+00:00,130.0589141845703
2026-06-19 17:00:00+00:00,177.43173217773438
2026-06-19 18:00:00+00:00,227.11428833007812
2026-06-19 19:00:00+00:00,204.9561767578125
2026-06-19 20:00:00+00:00,159.5282745361328
2026-06-19 21:00:00+00:00,130.8800811767578
2026-06-19 22:00:00+00:00,121.15132141113281
2026-06-19 23:00:00+00:00,116.85555267333984
2026-06-20 00:00:00+00:00,118.76045989990234
2026-06-20 01:00:00+00:00,117.76372528076172
2026-06-20 02:00:00+00:00,119.7393569946289
2026-06-20 03:00:00+00:00,118.7667465209961
2026-06-20 04:00:00+00:00,113.29135131835938
2026-06-20 05:00:00+00:00,100.88606262207031
2026-06-20 06:00:00+00:00,79.97650146484375
2026-06-20 07:00:00+00:00,48.7723388671875
2026-06-20 08:00:00+00:00,20.258560180664062
2026-06-20 09:00:00+00:00,5.004219055175781
2026-06-20 10:00:00+00:00,-3.1922836303710938
2026-06-20 11:00:00+00:00,-7.053260803222656
2026-06-20 12:00:00+00:00,-5.455635070800781
2026-06-20 13:00:00+00:00,2.6180496215820312
2026-06-20 14:00:00+00:00,26.510948181152344
2026-06-20 15:00:00+00:00,65.56708526611328
2026-06-20 16:00:00+00:00,110.62580108642578
2026-06-20 17:00:00+00:00,147.6490478515625
2026-06-20 18:00:00+00:00,173.39425659179688
2026-06-20 19:00:00+00:00,173.93362426757812
2026-06-20 20:00:00+00:00,157.33474731445312
2026-06-20 21:00:00+00:00,144.82534790039062
2026-06-20 22:00:00+00:00,139.23851013183594
2026-06-20 23:00:00+00:00,131.568603515625
2026-06-21 00:00:00+00:00,124.63453674316406
2026-06-21 01:00:00+00:00,122.9351806640625
2026-06-21 02:00:00+00:00,120.376220703125
2026-06-21 03:00:00+00:00,112.51560974121094
2026-06-21 04:00:00+00:00,102.51453399658203
2026-06-21 05:00:00+00:00,84.40564727783203
2026-06-21 06:00:00+00:00,58.929710388183594
2026-06-21 07:00:00+00:00,26.92082977294922
2026-06-21 08:00:00+00:00,0.701995849609375
2026-06-21 09:00:00+00:00,-13.79534912109375
2026-06-21 10:00:00+00:00,-20.102951049804688
2026-06-21 11:00:00+00:00,-22.953353881835938
2026-06-21 12:00:00+00:00,-17.857223510742188
2026-06-21 13:00:00+00:00,-1.164276123046875
2026-06-21 14:00:00+00:00,31.67169189453125
2026-06-21 15:00:00+00:00,69.71981811523438
2026-06-21 16:00:00+00:00,113.79949951171875
2026-06-21 17:00:00+00:00,148.53321838378906
2026-06-21 18:00:00+00:00,167.74801635742188
2026-06-21 19:00:00+00:00,165.5379638671875
2026-06-21 20:00:00+00:00,152.40811157226562
2026-06-21 21:00:00+00:00,139.18295288085938
2026-06-21 22:00:00+00:00,133.4202880859375
2026-06-21 23:00:00+00:00,126.92497253417969
2026-06-22 00:00:00+00:00,116.34369659423828
2026-06-22 01:00:00+00:00,117.01590728759766
2026-06-22 02:00:00+00:00,120.54144287109375
2026-06-22 03:00:00+00:00,130.3459930419922
2026-06-22 04:00:00+00:00,144.79078674316406
2026-06-22 05:00:00+00:00,145.59275817871094
2026-06-22 06:00:00+00:00,133.0998992919922
2026-06-22 07:00:00+00:00,105.06156921386719
2026-06-22 08:00:00+00:00,71.32069396972656
2026-06-22 09:00:00+00:00,50.328857421875
2026-06-22 10:00:00+00:00,38.41261672973633
2026-06-22 11:00:00+00:00,34.30900192260742
2026-06-22 12:00:00+00:00,38.47357940673828
2026-06-22 13:00:00+00:00,50.95916748046875
2026-06-22 14:00:00+00:00,73.26119995117188
2026-06-22 15:00:00+00:00,103.46607971191406
2026-06-22 16:00:00+00:00,133.54446411132812
2026-06-22 17:00:00+00:00,172.54981994628906
2026-06-22 18:00:00+00:00,204.88002014160156
2026-06-22 19:00:00+00:00,199.11761474609375
2026-06-22 20:00:00+00:00,174.9664764404297
2026-06-22 21:00:00+00:00,152.88072204589844
2026-06-22 22:00:00+00:00,144.49888610839844
2026-06-22 23:00:00+00:00,135.87860107421875
2026-06-23 00:00:00+00:00,132.26913452148438
2026-06-23 01:00:00+00:00,129.97177124023438
2026-06-23 02:00:00+00:00,131.0271759033203
2026-06-23 03:00:00+00:00,136.697265625
2026-06-23 04:00:00+00:00,148.54244995117188
2026-06-23 05:00:00+00:00,143.3376922607422
2026-06-23 06:00:00+00:00,127.04718017578125
2026-06-23 07:00:00+00:00,104.45270538330078
2026-06-23 08:00:00+00:00,76.1795883178711
2026-06-23 09:00:00+00:00,56.19978713989258
2026-06-23 10:00:00+00:00,45.52102279663086
2026-06-23 11:00:00+00:00,39.65324401855469
2026-06-23 12:00:00+00:00,44.127750396728516
2026-06-23 13:00:00+00:00,59.291568756103516
2026-06-23 14:00:00+00:00,85.03343963623047
2026-06-23 15:00:00+00:00,115.6144027709961
2026-06-23 16:00:00+00:00,146.5786895751953
2026-06-23 17:00:00+00:00,202.35409545898438
2026-06-23 18:00:00+00:00,273.68646240234375
2026-06-23 19:00:00+00:00,254.94705200195312
2026-06-23 20:00:00+00:00,192.22238159179688
2026-06-23 21:00:00+00:00,157.2412567138672
2026-06-23 22:00:00+00:00,147.28248596191406
2026-06-23 23:00:00+00:00,138.3260498046875
2026-06-24 00:00:00+00:00,140.27635192871094
2026-06-24 01:00:00+00:00,135.64752197265625
2026-06-24 02:00:00+00:00,136.15744018554688
2026-06-24 03:00:00+00:00,142.24920654296875
2026-06-24 04:00:00+00:00,155.8612060546875
2026-06-24 05:00:00+00:00,151.1341552734375
2026-06-24 06:00:00+00:00,131.4755401611328
2026-06-24 07:00:00+00:00,105.1850357055664
2026-06-24 08:00:00+00:00,73.46131134033203
2026-06-24 09:00:00+00:00,49.383453369140625
2026-06-24 10:00:00+00:00,37.06641387939453
2026-06-24 11:00:00+00:00,32.81853485107422
2026-06-24 12:00:00+00:00,39.5836181640625
2026-06-24 13:00:00+00:00,57.98649215698242
2026-06-24 14:00:00+00:00,86.4905014038086
2026-06-24 15:00:00+00:00,117.99730682373047
2026-06-24 16:00:00+00:00,157.5431365966797
2026-06-24 17:00:00+00:00,280.822509765625
2026-06-24 18:00:00+00:00,479.037353515625
2026-06-24 19:00:00+00:00,451.6180419921875
2026-06-24 20:00:00+00:00,270.37078857421875
2026-06-24 21:00:00+00:00,182.84414672851562
2026-06-24 22:00:00+00:00,163.3667449951172
2026-06-24 23:00:00+00:00,150.88067626953125
2026-06-25 00:00:00+00:00,141.09725952148438
2026-06-25 01:00:00+00:00,138.2071990966797
2026-06-25 02:00:00+00:00,139.1336669921875
2026-06-25 03:00:00+00:00,146.41619873046875
2026-06-25 04:00:00+00:00,165.0614471435547
2026-06-25 05:00:00+00:00,159.51116943359375
2026-06-25 06:00:00+00:00,137.89041137695312
2026-06-25 07:00:00+00:00,109.38504028320312
2026-06-25 08:00:00+00:00,79.01214599609375
2026-06-25 09:00:00+00:00,56.66554641723633
2026-06-25 10:00:00+00:00,45.33565902709961
2026-06-25 11:00:00+00:00,41.083919525146484
2026-06-25 12:00:00+00:00,46.519142150878906
2026-06-25 13:00:00+00:00,63.33535385131836
2026-06-25 14:00:00+00:00,89.17102813720703
2026-06-25 15:00:00+00:00,118.8173828125
2026-06-25 16:00:00+00:00,172.25450134277344
2026-06-25 17:00:00+00:00,367.47540283203125
2026-06-25 18:00:00+00:00,588.6189575195312
2026-06-25 19:00:00+00:00,554.4302978515625
2026-06-25 20:00:00+00:00,334.5096130371094
2026-06-25 21:00:00+00:00,200.14346313476562
2026-06-25 22:00:00+00:00,162.67662048339844
2026-06-25 23:00:00+00:00,145.8220672607422
2026-06-26 00:00:00+00:00,126.74980163574219
2026-06-26 01:00:00+00:00,124.65581512451172
2026-06-26 02:00:00+00:00,124.17935943603516
2026-06-26 03:00:00+00:00,129.6128387451172
2026-06-26 04:00:00+00:00,142.47897338867188
2026-06-26 05:00:00+00:00,138.7415313720703
2026-06-26 06:00:00+00:00,120.446044921875
2026-06-26 07:00:00+00:00,93.43798065185547
2026-06-26 08:00:00+00:00,66.77847290039062
2026-06-26 09:00:00+00:00,41.806488037109375
2026-06-26 10:00:00+00:00,25.292076110839844
2026-06-26 11:00:00+00:00,19.10613250732422
2026-06-26 12:00:00+00:00,24.721343994140625
2026-06-26 13:00:00+00:00,45.97728729248047
2026-06-26 14:00:00+00:00,74.58265686035156
2026-06-26 15:00:00+00:00,103.01190185546875
2026-06-26 16:00:00+00:00,136.75653076171875
2026-06-26 17:00:00+00:00,206.18463134765625
2026-06-26 18:00:00+00:00,278.8839111328125
2026-06-26 19:00:00+00:00,250.02633666992188
2026-06-26 20:00:00+00:00,184.1240234375
2026-06-26 21:00:00+00:00,147.5161895751953
2026-06-26 22:00:00+00:00,133.04864501953125
2026-06-26 23:00:00+00:00,125.66862487792969
2026-06-27 00:00:00+00:00,120.44244384765625
2026-06-27 01:00:00+00:00,118.63085174560547
2026-06-27 02:00:00+00:00,120.21105194091797
2026-06-27 03:00:00+00:00,119.93917846679688
2026-06-27 04:00:00+00:00,118.85279846191406
2026-06-27 05:00:00+00:00,106.76625061035156
2026-06-27 06:00:00+00:00,84.71249389648438
2026-06-27 07:00:00+00:00,48.10515594482422
2026-06-27 08:00:00+00:00,21.316810607910156
2026-06-27 09:00:00+00:00,10.747848510742188
2026-06-27 10:00:00+00:00,6.4775543212890625
2026-06-27 11:00:00+00:00,3.2131576538085938
2026-06-27 12:00:00+00:00,6.6127777099609375
2026-06-27 13:00:00+00:00,14.41595458984375
2026-06-27 14:00:00+00:00,41.810306549072266
2026-06-27 15:00:00+00:00,91.57966613769531
2026-06-27 16:00:00+00:00,129.6591796875
2026-06-27 17:00:00+00:00,174.73851013183594
2026-06-27 18:00:00+00:00,211.14561462402344
2026-06-27 19:00:00+00:00,208.917236328125
2026-06-27 20:00:00+00:00,179.67987060546875
2026-06-27 21:00:00+00:00,152.56471252441406
2026-06-27 22:00:00+00:00,138.6600341796875
2026-06-27 23:00:00+00:00,129.17933654785156
2026-06-28 00:00:00+00:00,121.02253723144531
2026-06-28 01:00:00+00:00,116.36671447753906
2026-06-28 02:00:00+00:00,114.51190185546875
2026-06-28 03:00:00+00:00,110.30292510986328
2026-06-28 04:00:00+00:00,103.28612518310547
2026-06-28 05:00:00+00:00,90.998291015625
2026-06-28 06:00:00+00:00,73.1722412109375
2026-06-28 07:00:00+00:00,37.31842803955078
2026-06-28 08:00:00+00:00,7.567695617675781
2026-06-28 09:00:00+00:00,0.13677215576171875
2026-06-28 10:00:00+00:00,-1.5507125854492188
2026-06-28 11:00:00+00:00,-3.65338134765625
2026-06-28 12:00:00+00:00,-3.8057632446289062
2026-06-28 13:00:00+00:00,-1.2271575927734375
2026-06-28 14:00:00+00:00,26.56493377685547
2026-06-28 15:00:00+00:00,84.19575500488281
2026-06-28 16:00:00+00:00,120.8115234375
2026-06-28 17:00:00+00:00,167.08035278320312
2026-06-28 18:00:00+00:00,207.81906127929688
2026-06-28 19:00:00+00:00,208.32003784179688
2026-06-28 20:00:00+00:00,180.27633666992188
2026-06-28 21:00:00+00:00,155.88880920410156
2026-06-28 22:00:00+00:00,144.93508911132812
2026-06-28 23:00:00+00:00,135.4166259765625
2026-06-29 00:00:00+00:00,114.4393539428711
2026-06-29 01:00:00+00:00,115.3892593383789
2026-06-29 02:00:00+00:00,118.78582763671875
2026-06-29 03:00:00+00:00,125.3858871459961
2026-06-29 04:00:00+00:00,138.77133178710938
2026-06-29 05:00:00+00:00,141.8332977294922
2026-06-29 06:00:00+00:00,135.6749267578125
2026-06-29 07:00:00+00:00,122.37323760986328
2026-06-29 08:00:00+00:00,106.13116455078125
2026-06-29 09:00:00+00:00,91.67923736572266
2026-06-29 10:00:00+00:00,78.95535278320312
2026-06-29 11:00:00+00:00,69.853759765625
2026-06-29 12:00:00+00:00,70.4010238647461
2026-06-29 13:00:00+00:00,81.39097595214844
2026-06-29 14:00:00+00:00,99.62674713134766
2026-06-29 15:00:00+00:00,119.69380950927734
2026-06-29 16:00:00+00:00,141.117431640625
2026-06-29 17:00:00+00:00,178.4561767578125
2026-06-29 18:00:00+00:00,233.8212432861328
2026-06-29 19:00:00+00:00,235.069091796875
2026-06-29 20:00:00+00:00,184.17181396484375
2026-06-29 21:00:00+00:00,157.265625
2026-06-29 22:00:00+00:00,144.79351806640625
2026-06-29 23:00:00+00:00,136.05442810058594
2026-06-30 00:00:00+00:00,135.45248413085938
2026-06-30 01:00:00+00:00,132.7896728515625
2026-06-30 02:00:00+00:00,132.34573364257812
2026-06-30 03:00:00+00:00,137.89732360839844
2026-06-30 04:00:00+00:00,154.82965087890625
2026-06-30 05:00:00+00:00,153.01702880859375
2026-06-30 06:00:00+00:00,138.499755859375
2026-06-30 07:00:00+00:00,121.40323638916016
2026-06-30 08:00:00+00:00,107.2503890991211
2026-06-30 09:00:00+00:00,95.06356811523438
2026-06-30 10:00:00+00:00,85.36297607421875
2026-06-30 11:00:00+00:00,80.9423599243164
2026-06-30 12:00:00+00:00,84.33065795898438
2026-06-30 13:00:00+00:00,98.138671875
2026-06-30 14:00:00+00:00,112.24303436279297
2026-06-30 15:00:00+00:00,125.42354583740234
2026-06-30 16:00:00+00:00,147.99362182617188
2026-06-30 17:00:00+00:00,214.53924560546875
2026-06-30 18:00:00+00:00,308.9666442871094
2026-06-30 19:00:00+00:00,308.4496154785156
2026-06-30 20:00:00+00:00,224.72109985351562
2026-06-30 21:00:00+00:00,169.67926025390625
