,forecast_eur_mwh
2026-01-08 00:00:00+00:00,80.83815002441406
2026-01-08 01:00:00+00:00,77.9627914428711
2026-01-08 02:00:00+00:00,75.9527587890625
2026-01-08 03:00:00+00:00,75.29390716552734
2026-01-08 04:00:00+00:00,77.69585418701172
2026-01-08 05:00:00+00:00,84.11360168457031
2026-01-08 06:00:00+00:00,93.26194763183594
2026-01-08 07:00:00+00:00,101.97069549560547
2026-01-08 08:00:00+00:00,104.13510131835938
2026-01-08 09:00:00+00:00,101.10726928710938
2026-01-08 10:00:00+00:00,96.7406005859375
2026-01-08 11:00:00+00:00,93.11150360107422
2026-01-08 12:00:00+00:00,91.591552734375
2026-01-08 13:00:00+00:00,92.73188018798828
2026-01-08 14:00:00+00:00,97.3772201538086
2026-01-08 15:00:00+00:00,104.78721618652344
2026-01-08 16:00:00+00:00,111.75613403320312
2026-01-08 17:00:00+00:00,113.7813949584961
2026-01-08 18:00:00+00:00,110.10211944580078
2026-01-08 19:00:00+00:00,101.7037582397461
2026-01-08 20:00:00+00:00,94.30963897705078
2026-01-08 21:00:00+00:00,89.45318603515625
2026-01-08 22:00:00+00:00,83.98876190185547
2026-01-08 23:00:00+00:00,79.47225189208984
2026-01-09 00:00:00+00:00,53.81052780151367
2026-01-09 01:00:00+00:00,49.453330993652344
2026-01-09 02:00:00+00:00,45.67799377441406
2026-01-09 03:00:00+00:00,44.740325927734375
2026-01-09 04:00:00+00:00,47.02790069580078
2026-01-09 05:00:00+00:00,55.5086669921875
2026-01-09 06:00:00+00:00,71.66049194335938
2026-01-09 07:00:00+00:00,85.91191101074219
2026-01-09 08:00:00+00:00,89.19625854492188
2026-01-09 09:00:00+00:00,85.33077239990234
2026-01-09 10:00:00+00:00,78.3025894165039
2026-01-09 11:00:00+00:00,71.73853302001953
2026-01-09 12:00:00+00:00,68.39641571044922
2026-01-09 13:00:00+00:00,69.15447235107422
2026-01-09 14:00:00+00:00,72.9989013671875
2026-01-09 15:00:00+00:00,80.27971649169922
2026-01-09 16:00:00+00:00,86.0644760131836
2026-01-09 17:00:00+00:00,89.89421844482422
2026-01-09 18:00:00+00:00,86.70252227783203
2026-01-09 19:00:00+00:00,79.51156616210938
2026-01-09 20:00:00+00:00,74.10737609863281
2026-01-09 21:00:00+00:00,70.64427185058594
2026-01-09 22:00:00+00:00,65.31867980957031
2026-01-09 23:00:00+00:00,60.706268310546875
2026-01-10 00:00:00+00:00,73.77432250976562
2026-01-10 01:00:00+00:00,72.80023193359375
2026-01-10 02:00:00+00:00,72.27841186523438
2026-01-10 03:00:00+00:00,71.38320922851562
2026-01-10 04:00:00+00:00,72.09384155273438
2026-01-10 05:00:00+00:00,73.88151550292969
2026-01-10 06:00:00+00:00,77.67039489746094
2026-01-10 07:00:00+00:00,84.41471862792969
2026-01-10 08:00:00+00:00,89.02011108398438
2026-01-10 09:00:00+00:00,90.26647186279297
2026-01-10 10:00:00+00:00,87.99462127685547
2026-01-10 11:00:00+00:00,86.27703094482422
2026-01-10 12:00:00+00:00,85.62564086914062
2026-01-10 13:00:00+00:00,87.16213989257812
2026-01-10 14:00:00+00:00,91.31591033935547
2026-01-10 15:00:00+00:00,97.0566177368164
2026-01-10 16:00:00+00:00,102.93265533447266
2026-01-10 17:00:00+00:00,104.28386688232422
2026-01-10 18:00:00+00:00,100.6436767578125
2026-01-10 19:00:00+00:00,94.56443786621094
2026-01-10 20:00:00+00:00,90.05947875976562
2026-01-10 21:00:00+00:00,87.80167388916016
2026-01-10 22:00:00+00:00,85.90157318115234
2026-01-10 23:00:00+00:00,84.78933715820312
2026-01-11 00:00:00+00:00,93.26290130615234
2026-01-11 01:00:00+00:00,91.33906555175781
2026-01-11 02:00:00+00:00,89.7479248046875
2026-01-11 03:00:00+00:00,88.90259552001953
2026-01-11 04:00:00+00:00,89.34962463378906
2026-01-11 05:00:00+00:00,93.22722625732422
2026-01-11 06:00:00+00:00,100.899658203125
2026-01-11 07:00:00+00:00,110.91426849365234
2026-01-11 08:00:00+00:00,114.00390625
2026-01-11 09:00:00+00:00,110.88065338134766
2026-01-11 10:00:00+00:00,106.2702407836914
2026-01-11 11:00:00+00:00,103.19436645507812
2026-01-11 12:00:00+00:00,101.67525482177734
2026-01-11 13:00:00+00:00,101.99026489257812
2026-01-11 14:00:00+00:00,105.88001251220703
2026-01-11 15:00:00+00:00,114.77151489257812
2026-01-11 16:00:00+00:00,129.89385986328125
2026-01-11 17:00:00+00:00,139.26272583007812
2026-01-11 18:00:00+00:00,134.95938110351562
2026-01-11 19:00:00+00:00,121.71497344970703
2026-01-11 20:00:00+00:00,109.64724731445312
2026-01-11 21:00:00+00:00,104.25424194335938
2026-01-11 22:00:00+00:00,98.65861511230469
2026-01-11 23:00:00+00:00,95.54708099365234
2026-01-12 00:00:00+00:00,74.45313262939453
2026-01-12 01:00:00+00:00,70.6471176147461
2026-01-12 02:00:00+00:00,67.76846313476562
2026-01-12 03:00:00+00:00,66.21282958984375
2026-01-12 04:00:00+00:00,67.97770690917969
2026-01-12 05:00:00+00:00,76.25677490234375
2026-01-12 06:00:00+00:00,89.34503173828125
2026-01-12 07:00:00+00:00,99.5955581665039
2026-01-12 08:00:00+00:00,100.77385711669922
2026-01-12 09:00:00+00:00,94.92073822021484
2026-01-12 10:00:00+00:00,90.06017303466797
2026-01-12 11:00:00+00:00,88.16728973388672
2026-01-12 12:00:00+00:00,83.86901092529297
2026-01-12 13:00:00+00:00,82.10568237304688
2026-01-12 14:00:00+00:00,85.78070831298828
2026-01-12 15:00:00+00:00,92.97145080566406
2026-01-12 16:00:00+00:00,102.49315643310547
2026-01-12 17:00:00+00:00,108.78053283691406
2026-01-12 18:00:00+00:00,105.42158508300781
2026-01-12 19:00:00+00:00,97.53949737548828
2026-01-12 20:00:00+00:00,92.39144134521484
2026-01-12 21:00:00+00:00,89.00433349609375
2026-01-12 22:00:00+00:00,83.532958984375
2026-01-12 23:00:00+00:00,78.51947021484375
2026-01-13 00:00:00+00:00,80.48355865478516
2026-01-13 01:00:00+00:00,77.33260345458984
2026-01-13 02:00:00+00:00,72.45902252197266
2026-01-13 03:00:00+00:00,70.5982894897461
2026-01-13 04:00:00+00:00,75.57171630859375
2026-01-13 05:00:00+00:00,87.555908203125
2026-01-13 06:00:00+00:00,103.23957824707031
2026-01-13 07:00:00+00:00,115.04750061035156
2026-01-13 08:00:00+00:00,114.26234436035156
2026-01-13 09:00:00+00:00,103.07648468017578
2026-01-13 10:00:00+00:00,95.38175201416016
2026-01-13 11:00:00+00:00,92.75138854980469
2026-01-13 12:00:00+00:00,89.71883392333984
2026-01-13 13:00:00+00:00,88.92369842529297
2026-01-13 14:00:00+00:00,92.48252868652344
2026-01-13 15:00:00+00:00,101.78885650634766
2026-01-13 16:00:00+00:00,114.4895248413086
2026-01-13 17:00:00+00:00,123.3825912475586
2026-01-13 18:00:00+00:00,119.23507690429688
2026-01-13 19:00:00+00:00,104.33122253417969
2026-01-13 20:00:00+00:00,95.90807342529297
2026-01-13 21:00:00+00:00,93.34066009521484
2026-01-13 22:00:00+00:00,88.12937927246094
2026-01-13 23:00:00+00:00,83.96966552734375
2026-01-14 00:00:00+00:00,93.5954818725586
2026-01-14 01:00:00+00:00,87.91053771972656
2026-01-14 02:00:00+00:00,83.28783416748047
2026-01-14 03:00:00+00:00,82.2489242553711
2026-01-14 04:00:00+00:00,85.06346130371094
2026-01-14 05:00:00+00:00,94.2425765991211
2026-01-14 06:00:00+00:00,105.70234680175781
2026-01-14 07:00:00+00:00,115.55342102050781
2026-01-14 08:00:00+00:00,115.59077453613281
2026-01-14 09:00:00+00:00,106.63716888427734
2026-01-14 10:00:00+00:00,99.18185424804688
2026-01-14 11:00:00+00:00,95.25482177734375
2026-01-14 12:00:00+00:00,92.64385986328125
2026-01-14 13:00:00+00:00,91.98270416259766
2026-01-14 14:00:00+00:00,95.0125961303711
2026-01-14 15:00:00+00:00,101.66140747070312
2026-01-14 16:00:00+00:00,115.144287109375
2026-01-14 17:00:00+00:00,122.57225036621094
2026-01-14 18:00:00+00:00,118.10877990722656
2026-01-14 19:00:00+00:00,106.53731536865234
2026-01-14 20:00:00+00:00,98.98855590820312
2026-01-14 21:00:00+00:00,95.55095672607422
2026-01-14 22:00:00+00:00,89.97432708740234
2026-01-14 23:00:00+00:00,88.68832397460938
2026-01-15 00:00:00+00:00,99.12700653076172
2026-01-15 01:00:00+00:00,95.0490951538086
2026-01-15 02:00:00+00:00,91.8799819946289
2026-01-15 03:00:00+00:00,92.12825012207031
2026-01-15 04:00:00+00:00,94.61681365966797
2026-01-15 05:00:00+00:00,105.0073013305664
2026-01-15 06:00:00+00:00,121.90703582763672
2026-01-15 07:00:00+00:00,142.0928192138672
2026-01-15 08:00:00+00:00,141.9113006591797
2026-01-15 09:00:00+00:00,128.59439086914062
2026-01-15 10:00:00+00:00,118.01652526855469
2026-01-15 11:00:00+00:00,112.17351531982422
2026-01-15 12:00:00+00:00,108.1794662475586
2026-01-15 13:00:00+00:00,108.30039978027344
2026-01-15 14:00:00+00:00,113.00170135498047
2026-01-15 15:00:00+00:00,122.94444274902344
2026-01-15 16:00:00+00:00,138.4203643798828
2026-01-15 17:00:00+00:00,152.48379516601562
2026-01-15 18:00:00+00:00,141.38092041015625
2026-01-15 19:00:00+00:00,117.9559326171875
2026-01-15 20:00:00+00:00,105.94086456298828
2026-01-15 21:00:00+00:00,100.88546752929688
2026-01-15 22:00:00+00:00,93.8998794555664
2026-01-15 23:00:00+00:00,94.114013671875
2026-01-16 00:00:00+00:00,81.67607879638672
2026-01-16 01:00:00+00:00,78.54398345947266
2026-01-16 02:00:00+00:00,75.51556396484375
2026-01-16 03:00:00+00:00,74.48338317871094
2026-01-16 04:00:00+00:00,77.24984741210938
2026-01-16 05:00:00+00:00,85.7941665649414
2026-01-16 06:00:00+00:00,97.76641082763672
2026-01-16 07:00:00+00:00,105.42528533935547
2026-01-16 08:00:00+00:00,104.74361419677734
2026-01-16 09:00:00+00:00,97.88996887207031
2026-01-16 10:00:00+00:00,92.14142608642578
2026-01-16 11:00:00+00:00,89.48313903808594
2026-01-16 12:00:00+00:00,87.461669921875
2026-01-16 13:00:00+00:00,87.47488403320312
2026-01-16 14:00:00+00:00,90.22956848144531
2026-01-16 15:00:00+00:00,96.3870620727539
2026-01-16 16:00:00+00:00,106.27383422851562
2026-01-16 17:00:00+00:00,109.79861450195312
2026-01-16 18:00:00+00:00,106.50579833984375
2026-01-16 19:00:00+00:00,97.59131622314453
2026-01-16 20:00:00+00:00,91.50851440429688
2026-01-16 21:00:00+00:00,89.06759643554688
2026-01-16 22:00:00+00:00,86.00579071044922
2026-01-16 23:00:00+00:00,84.13694763183594
2026-01-17 00:00:00+00:00,100.91090393066406
2026-01-17 01:00:00+00:00,98.36038970947266
2026-01-17 02:00:00+00:00,95.64186096191406
2026-01-17 03:00:00+00:00,94.51596069335938
2026-01-17 04:00:00+00:00,95.41010284423828
2026-01-17 05:00:00+00:00,98.24517822265625
2026-01-17 06:00:00+00:00,105.18583679199219
2026-01-17 07:00:00+00:00,113.19226837158203
2026-01-17 08:00:00+00:00,115.24024200439453
2026-01-17 09:00:00+00:00,113.04144287109375
2026-01-17 10:00:00+00:00,109.80061340332031
2026-01-17 11:00:00+00:00,107.85944366455078
2026-01-17 12:00:00+00:00,106.03971099853516
2026-01-17 13:00:00+00:00,106.18620300292969
2026-01-17 14:00:00+00:00,110.18348693847656
2026-01-17 15:00:00+00:00,116.54257202148438
2026-01-17 16:00:00+00:00,131.58181762695312
2026-01-17 17:00:00+00:00,136.58187866210938
2026-01-17 18:00:00+00:00,131.64622497558594
2026-01-17 19:00:00+00:00,119.71517181396484
2026-01-17 20:00:00+00:00,109.31243133544922
2026-01-17 21:00:00+00:00,105.61038208007812
2026-01-17 22:00:00+00:00,100.7538070678711
2026-01-17 23:00:00+00:00,99.67049407958984
2026-01-18 00:00:00+00:00,109.03983306884766
2026-01-18 01:00:00+00:00,105.7955322265625
2026-01-18 02:00:00+00:00,103.11864471435547
2026-01-18 03:00:00+00:00,101.21266174316406
2026-01-18 04:00:00+00:00,100.7728500366211
2026-01-18 05:00:00+00:00,100.94540405273438
2026-01-18 06:00:00+00:00,103.40934753417969
2026-01-18 07:00:00+00:00,108.5516586303711
2026-01-18 08:00:00+00:00,113.71448516845703
2026-01-18 09:00:00+00:00,113.93948364257812
2026-01-18 10:00:00+00:00,112.6381607055664
2026-01-18 11:00:00+00:00,111.01931762695312
2026-01-18 12:00:00+00:00,108.44058227539062
2026-01-18 13:00:00+00:00,108.2735824584961
2026-01-18 14:00:00+00:00,110.90653228759766
2026-01-18 15:00:00+00:00,115.3255615234375
2026-01-18 16:00:00+00:00,127.04104614257812
2026-01-18 17:00:00+00:00,133.3553466796875
2026-01-18 18:00:00+00:00,129.1168670654297
2026-01-18 19:00:00+00:00,118.45075988769531
2026-01-18 20:00:00+00:00,109.73490905761719
2026-01-18 21:00:00+00:00,105.96804809570312
2026-01-18 22:00:00+00:00,101.48649597167969
2026-01-18 23:00:00+00:00,100.85700988769531
2026-01-19 00:00:00+00:00,100.11750030517578
2026-01-19 01:00:00+00:00,96.6299057006836
2026-01-19 02:00:00+00:00,93.06819152832031
2026-01-19 03:00:00+00:00,92.27652740478516
2026-01-19 04:00:00+00:00,95.86786651611328
2026-01-19 05:00:00+00:00,107.28086853027344
2026-01-19 06:00:00+00:00,124.60128021240234
2026-01-19 07:00:00+00:00,136.4825439453125
2026-01-19 08:00:00+00:00,133.54241943359375
2026-01-19 09:00:00+00:00,121.9029541015625
2026-01-19 10:00:00+00:00,114.17791748046875
2026-01-19 11:00:00+00:00,109.61138153076172
2026-01-19 12:00:00+00:00,107.12690734863281
2026-01-19 13:00:00+00:00,108.22383117675781
2026-01-19 14:00:00+00:00,113.48681640625
2026-01-19 15:00:00+00:00,123.94792175292969
2026-01-19 16:00:00+00:00,139.5482635498047
2026-01-19 17:00:00+00:00,152.2816925048828
2026-01-19 18:00:00+00:00,144.45443725585938
2026-01-19 19:00:00+00:00,124.19490814208984
2026-01-19 20:00:00+00:00,113.30938720703125
2026-01-19 21:00:00+00:00,108.7448501586914
2026-01-19 22:00:00+00:00,101.16541290283203
2026-01-19 23:00:00+00:00,98.14093017578125
2026-01-20 00:00:00+00:00,101.98516082763672
2026-01-20 01:00:00+00:00,98.69010162353516
2026-01-20 02:00:00+00:00,96.17732238769531
2026-01-20 03:00:00+00:00,96.41320037841797
2026-01-20 04:00:00+00:00,100.83499145507812
2026-01-20 05:00:00+00:00,116.17479705810547
2026-01-20 06:00:00+00:00,138.14352416992188
2026-01-20 07:00:00+00:00,156.42327880859375
2026-01-20 08:00:00+00:00,152.8174591064453
2026-01-20 09:00:00+00:00,135.57997131347656
2026-01-20 10:00:00+00:00,123.14883422851562
2026-01-20 11:00:00+00:00,117.59282684326172
2026-01-20 12:00:00+00:00,116.21536254882812
2026-01-20 13:00:00+00:00,118.87098693847656
2026-01-20 14:00:00+00:00,123.70954895019531
2026-01-20 15:00:00+00:00,132.4967803955078
2026-01-20 16:00:00+00:00,148.36341857910156
2026-01-20 17:00:00+00:00,164.5100555419922
2026-01-20 18:00:00+00:00,154.69137573242188
2026-01-20 19:00:00+00:00,132.37484741210938
2026-01-20 20:00:00+00:00,119.77336120605469
2026-01-20 21:00:00+00:00,113.54763793945312
2026-01-20 22:00:00+00:00,104.5369644165039
2026-01-20 23:00:00+00:00,100.2525634765625
2026-01-21 00:00:00+00:00,84.10398864746094
2026-01-21 01:00:00+00:00,79.84154510498047
2026-01-21 02:00:00+00:00,75.76583862304688
2026-01-21 03:00:00+00:00,74.94221496582031
2026-01-21 04:00:00+00:00,78.81922912597656
2026-01-21 05:00:00+00:00,90.8729019165039
2026-01-21 06:00:00+00:00,108.8564224243164
2026-01-21 07:00:00+00:00,120.31523132324219
2026-01-21 08:00:00+00:00,118.35308074951172
2026-01-21 09:00:00+00:00,106.50870513916016
2026-01-21 10:00:00+00:00,97.52113342285156
2026-01-21 11:00:00+00:00,94.81855773925781
2026-01-21 12:00:00+00:00,92.22710418701172
2026-01-21 13:00:00+00:00,93.33404541015625
2026-01-21 14:00:00+00:00,97.92613983154297
2026-01-21 15:00:00+00:00,106.30451965332031
2026-01-21 16:00:00+00:00,120.45337677001953
2026-01-21 17:00:00+00:00,134.95303344726562
2026-01-21 18:00:00+00:00,130.56845092773438
2026-01-21 19:00:00+00:00,113.00416564941406
2026-01-21 20:00:00+00:00,102.88091278076172
2026-01-21 21:00:00+00:00,100.0658187866211
2026-01-21 22:00:00+00:00,92.63833618164062
2026-01-21 23:00:00+00:00,88.09452056884766
2026-01-22 00:00:00+00:00,28.25006866455078
2026-01-22 01:00:00+00:00,23.79120635986328
2026-01-22 02:00:00+00:00,18.94158172607422
2026-01-22 03:00:00+00:00,17.554122924804688
2026-01-22 04:00:00+00:00,22.9462890625
2026-01-22 05:00:00+00:00,44.62287902832031
2026-01-22 06:00:00+00:00,73.72346496582031
2026-01-22 07:00:00+00:00,87.39710235595703
2026-01-22 08:00:00+00:00,86.5220947265625
2026-01-22 09:00:00+00:00,77.85734558105469
2026-01-22 10:00:00+00:00,68.18597412109375
2026-01-22 11:00:00+00:00,62.35315704345703
2026-01-22 12:00:00+00:00,59.65419387817383
2026-01-22 13:00:00+00:00,62.868194580078125
2026-01-22 14:00:00+00:00,69.06376647949219
2026-01-22 15:00:00+00:00,77.87139129638672
2026-01-22 16:00:00+00:00,89.21574401855469
2026-01-22 17:00:00+00:00,103.21247863769531
2026-01-22 18:00:00+00:00,102.44556427001953
2026-01-22 19:00:00+00:00,90.58179473876953
2026-01-22 20:00:00+00:00,85.22648620605469
2026-01-22 21:00:00+00:00,83.76146697998047
2026-01-22 22:00:00+00:00,74.46422576904297
2026-01-22 23:00:00+00:00,63.03408432006836
2026-01-23 00:00:00+00:00,88.09415435791016
2026-01-23 01:00:00+00:00,83.37802124023438
2026-01-23 02:00:00+00:00,78.95745849609375
2026-01-23 03:00:00+00:00,77.7824935913086
2026-01-23 04:00:00+00:00,82.94125366210938
2026-01-23 05:00:00+00:00,95.67316436767578
2026-01-23 06:00:00+00:00,112.10932159423828
2026-01-23 07:00:00+00:00,122.74439239501953
2026-01-23 08:00:00+00:00,122.34046173095703
2026-01-23 09:00:00+00:00,111.45316314697266
2026-01-23 10:00:00+00:00,103.66105651855469
2026-01-23 11:00:00+00:00,99.92610931396484
2026-01-23 12:00:00+00:00,96.59913635253906
2026-01-23 13:00:00+00:00,97.5285415649414
2026-01-23 14:00:00+00:00,103.56426239013672
2026-01-23 15:00:00+00:00,110.3455810546875
2026-01-23 16:00:00+00:00,123.3463363647461
2026-01-23 17:00:00+00:00,131.81056213378906
2026-01-23 18:00:00+00:00,127.68521118164062
2026-01-23 19:00:00+00:00,113.60845947265625
2026-01-23 20:00:00+00:00,105.15018463134766
2026-01-23 21:00:00+00:00,103.01725769042969
2026-01-23 22:00:00+00:00,97.62386322021484
2026-01-23 23:00:00+00:00,93.40206909179688
2026-01-24 00:00:00+00:00,96.08932495117188
2026-01-24 01:00:00+00:00,92.2974853515625
2026-01-24 02:00:00+00:00,88.55874633789062
2026-01-24 03:00:00+00:00,87.02790832519531
2026-01-24 04:00:00+00:00,86.61438751220703
2026-01-24 05:00:00+00:00,88.14784240722656
2026-01-24 06:00:00+00:00,91.6510009765625
2026-01-24 07:00:00+00:00,98.446044921875
2026-01-24 08:00:00+00:00,101.7491683959961
2026-01-24 09:00:00+00:00,100.45767211914062
2026-01-24 10:00:00+00:00,98.0572280883789
2026-01-24 11:00:00+00:00,97.15406036376953
2026-01-24 12:00:00+00:00,95.44581604003906
2026-01-24 13:00:00+00:00,95.74954986572266
2026-01-24 14:00:00+00:00,99.44824981689453
2026-01-24 15:00:00+00:00,104.71827697753906
2026-01-24 16:00:00+00:00,116.59184265136719
2026-01-24 17:00:00+00:00,125.29462432861328
2026-01-24 18:00:00+00:00,123.53695678710938
2026-01-24 19:00:00+00:00,111.65531158447266
2026-01-24 20:00:00+00:00,103.59062194824219
2026-01-24 21:00:00+00:00,102.10631561279297
2026-01-24 22:00:00+00:00,99.58926391601562
2026-01-24 23:00:00+00:00,98.95301055908203
2026-01-25 00:00:00+00:00,92.18305969238281
2026-01-25 01:00:00+00:00,89.00279998779297
2026-01-25 02:00:00+00:00,86.72645568847656
2026-01-25 03:00:00+00:00,85.71382141113281
2026-01-25 04:00:00+00:00,85.4489517211914
2026-01-25 05:00:00+00:00,86.42620086669922
2026-01-25 06:00:00+00:00,89.74354553222656
2026-01-25 07:00:00+00:00,96.73201751708984
2026-01-25 08:00:00+00:00,99.00186157226562
2026-01-25 09:00:00+00:00,98.171630859375
2026-01-25 10:00:00+00:00,95.55900573730469
2026-01-25 11:00:00+00:00,94.23968505859375
2026-01-25 12:00:00+00:00,91.67578125
2026-01-25 13:00:00+00:00,90.96468353271484
2026-01-25 14:00:00+00:00,94.19465637207031
2026-01-25 15:00:00+00:00,100.19729614257812
2026-01-25 16:00:00+00:00,113.31510925292969
2026-01-25 17:00:00+00:00,128.03472900390625
2026-01-25 18:00:00+00:00,126.59324645996094
2026-01-25 19:00:00+00:00,114.81585693359375
2026-01-25 20:00:00+00:00,109.03657531738281
2026-01-25 21:00:00+00:00,106.09935760498047
2026-01-25 22:00:00+00:00,97.60295104980469
2026-01-25 23:00:00+00:00,92.95118713378906
2026-01-26 00:00:00+00:00,103.07150268554688
2026-01-26 01:00:00+00:00,98.42935943603516
2026-01-26 02:00:00+00:00,93.41368865966797
2026-01-26 03:00:00+00:00,91.70951080322266
2026-01-26 04:00:00+00:00,95.98938751220703
2026-01-26 05:00:00+00:00,109.66378021240234
2026-01-26 06:00:00+00:00,127.40505981445312
2026-01-26 07:00:00+00:00,139.1389923095703
2026-01-26 08:00:00+00:00,136.10235595703125
2026-01-26 09:00:00+00:00,124.37489318847656
2026-01-26 10:00:00+00:00,114.87079620361328
2026-01-26 11:00:00+00:00,110.62779235839844
2026-01-26 12:00:00+00:00,106.98959350585938
2026-01-26 13:00:00+00:00,108.05472564697266
2026-01-26 14:00:00+00:00,112.24420928955078
2026-01-26 15:00:00+00:00,118.9408950805664
2026-01-26 16:00:00+00:00,132.2222900390625
2026-01-26 17:00:00+00:00,147.75120544433594
2026-01-26 18:00:00+00:00,143.10678100585938
2026-01-26 19:00:00+00:00,127.28326416015625
2026-01-26 20:00:00+00:00,117.28736877441406
2026-01-26 21:00:00+00:00,114.57835388183594
2026-01-26 22:00:00+00:00,106.90583801269531
2026-01-26 23:00:00+00:00,102.62499237060547
2026-01-27 00:00:00+00:00,85.0285873413086
2026-01-27 01:00:00+00:00,80.39834594726562
2026-01-27 02:00:00+00:00,73.40742492675781
2026-01-27 03:00:00+00:00,71.57625579833984
2026-01-27 04:00:00+00:00,79.12320709228516
2026-01-27 05:00:00+00:00,96.82615661621094
2026-01-27 06:00:00+00:00,115.07512664794922
2026-01-27 07:00:00+00:00,125.6240234375
2026-01-27 08:00:00+00:00,126.55812072753906
2026-01-27 09:00:00+00:00,114.31649017333984
2026-01-27 10:00:00+00:00,104.97101593017578
2026-01-27 11:00:00+00:00,100.77898406982422
2026-01-27 12:00:00+00:00,95.90501403808594
2026-01-27 13:00:00+00:00,95.76932525634766
2026-01-27 14:00:00+00:00,100.62911987304688
2026-01-27 15:00:00+00:00,106.0062255859375
2026-01-27 16:00:00+00:00,118.61952209472656
2026-01-27 17:00:00+00:00,137.75526428222656
2026-01-27 18:00:00+00:00,133.12017822265625
2026-01-27 19:00:00+00:00,115.57743835449219
2026-01-27 20:00:00+00:00,108.07202911376953
2026-01-27 21:00:00+00:00,106.59573364257812
2026-01-27 22:00:00+00:00,98.57914733886719
2026-01-27 23:00:00+00:00,92.07266235351562
2026-01-28 00:00:00+00:00,98.77379608154297
2026-01-28 01:00:00+00:00,93.23426818847656
2026-01-28 02:00:00+00:00,85.1058578491211
2026-01-28 03:00:00+00:00,83.07695007324219
2026-01-28 04:00:00+00:00,89.3515853881836
2026-01-28 05:00:00+00:00,105.67500305175781
2026-01-28 06:00:00+00:00,124.88815307617188
2026-01-28 07:00:00+00:00,137.27784729003906
2026-01-28 08:00:00+00:00,135.30828857421875
2026-01-28 09:00:00+00:00,124.96208953857422
2026-01-28 10:00:00+00:00,114.97300720214844
2026-01-28 11:00:00+00:00,112.40225982666016
2026-01-28 12:00:00+00:00,107.10870361328125
2026-01-28 13:00:00+00:00,108.27782440185547
2026-01-28 14:00:00+00:00,112.62553405761719
2026-01-28 15:00:00+00:00,117.18932342529297
2026-01-28 16:00:00+00:00,128.737548828125
2026-01-28 17:00:00+00:00,146.63296508789062
2026-01-28 18:00:00+00:00,144.39627075195312
2026-01-28 19:00:00+00:00,127.21969604492188
2026-01-28 20:00:00+00:00,117.87240600585938
2026-01-28 21:00:00+00:00,116.46728515625
2026-01-28 22:00:00+00:00,110.04647827148438
2026-01-28 23:00:00+00:00,103.85391235351562
2026-01-29 00:00:00+00:00,104.38264465332031
2026-01-29 01:00:00+00:00,100.34491729736328
2026-01-29 02:00:00+00:00,92.40990447998047
2026-01-29 03:00:00+00:00,91.34002685546875
2026-01-29 04:00:00+00:00,98.2445068359375
2026-01-29 05:00:00+00:00,114.8353500366211
2026-01-29 06:00:00+00:00,135.61471557617188
2026-01-29 07:00:00+00:00,152.0909423828125
2026-01-29 08:00:00+00:00,151.45037841796875
2026-01-29 09:00:00+00:00,137.317626953125
2026-01-29 10:00:00+00:00,124.41949462890625
2026-01-29 11:00:00+00:00,121.18722534179688
2026-01-29 12:00:00+00:00,114.87645721435547
2026-01-29 13:00:00+00:00,114.6360855102539
2026-01-29 14:00:00+00:00,120.12760162353516
2026-01-29 15:00:00+00:00,127.62118530273438
2026-01-29 16:00:00+00:00,138.75225830078125
2026-01-29 17:00:00+00:00,158.3135528564453
2026-01-29 18:00:00+00:00,151.13919067382812
2026-01-29 19:00:00+00:00,131.9559783935547
2026-01-29 20:00:00+00:00,121.13681030273438
2026-01-29 21:00:00+00:00,118.79564666748047
2026-01-29 22:00:00+00:00,112.14930725097656
2026-01-29 23:00:00+00:00,107.6189956665039
2026-01-30 00:00:00+00:00,106.98664855957031
2026-01-30 01:00:00+00:00,101.42572784423828
2026-01-30 02:00:00+00:00,94.15530395507812
2026-01-30 03:00:00+00:00,92.85952758789062
2026-01-30 04:00:00+00:00,98.87871551513672
2026-01-30 05:00:00+00:00,110.89018249511719
2026-01-30 06:00:00+00:00,128.72898864746094
2026-01-30 07:00:00+00:00,146.47145080566406
2026-01-30 08:00:00+00:00,146.41867065429688
2026-01-30 09:00:00+00:00,133.97845458984375
2026-01-30 10:00:00+00:00,122.30972290039062
2026-01-30 11:00:00+00:00,119.22186279296875
2026-01-30 12:00:00+00:00,112.3002700805664
2026-01-30 13:00:00+00:00,112.44567108154297
2026-01-30 14:00:00+00:00,116.66442108154297
2026-01-30 15:00:00+00:00,122.69766998291016
2026-01-30 16:00:00+00:00,137.35191345214844
2026-01-30 17:00:00+00:00,149.63259887695312
2026-01-30 18:00:00+00:00,143.62498474121094
2026-01-30 19:00:00+00:00,125.85520935058594
2026-01-30 20:00:00+00:00,115.26306915283203
2026-01-30 21:00:00+00:00,116.09236145019531
2026-01-30 22:00:00+00:00,109.43893432617188
2026-01-30 23:00:00+00:00,109.44947814941406
2026-01-31 00:00:00+00:00,96.97061920166016
2026-01-31 01:00:00+00:00,92.12741088867188
2026-01-31 02:00:00+00:00,89.70500183105469
2026-01-31 03:00:00+00:00,87.6480484008789
2026-01-31 04:00:00+00:00,87.4600830078125
2026-01-31 05:00:00+00:00,89.08453369140625
2026-01-31 06:00:00+00:00,95.18898010253906
2026-01-31 07:00:00+00:00,103.67505645751953
2026-01-31 08:00:00+00:00,108.59331512451172
2026-01-31 09:00:00+00:00,108.20730590820312
2026-01-31 10:00:00+00:00,105.1094970703125
2026-01-31 11:00:00+00:00,102.39302062988281
2026-01-31 12:00:00+00:00,97.53006744384766
2026-01-31 13:00:00+00:00,96.13065338134766
2026-01-31 14:00:00+00:00,100.11741638183594
2026-01-31 15:00:00+00:00,104.18647003173828
2026-01-31 16:00:00+00:00,114.94844818115234
2026-01-31 17:00:00+00:00,126.08403015136719
2026-01-31 18:00:00+00:00,124.34837341308594
2026-01-31 19:00:00+00:00,111.77625274658203
2026-01-31 20:00:00+00:00,104.71868896484375
2026-01-31 21:00:00+00:00,104.39485168457031
2026-01-31 22:00:00+00:00,101.1363754272461
2026-01-31 23:00:00+00:00,100.58434295654297
2026-02-01 00:00:00+00:00,106.43508911132812
2026-02-01 01:00:00+00:00,102.9646224975586
2026-02-01 02:00:00+00:00,99.36329650878906
2026-02-01 03:00:00+00:00,97.97193145751953
2026-02-01 04:00:00+00:00,97.06149291992188
2026-02-01 05:00:00+00:00,97.95710754394531
2026-02-01 06:00:00+00:00,100.90481567382812
2026-02-01 07:00:00+00:00,105.01432800292969
2026-02-01 08:00:00+00:00,108.14181518554688
2026-02-01 09:00:00+00:00,108.11255645751953
2026-02-01 10:00:00+00:00,106.59541320800781
2026-02-01 11:00:00+00:00,105.92505645751953
2026-02-01 12:00:00+00:00,103.11973571777344
2026-02-01 13:00:00+00:00,102.78388977050781
2026-02-01 14:00:00+00:00,105.86589050292969
2026-02-01 15:00:00+00:00,110.34913635253906
2026-02-01 16:00:00+00:00,120.5479965209961
2026-02-01 17:00:00+00:00,136.06129455566406
2026-02-01 18:00:00+00:00,134.04949951171875
2026-02-01 19:00:00+00:00,121.96051025390625
2026-02-01 20:00:00+00:00,114.09754943847656
2026-02-01 21:00:00+00:00,111.71691131591797
2026-02-01 22:00:00+00:00,104.99141693115234
2026-02-01 23:00:00+00:00,102.07466125488281
2026-02-02 00:00:00+00:00,100.36392211914062
2026-02-02 01:00:00+00:00,96.97669982910156
2026-02-02 02:00:00+00:00,90.58196258544922
2026-02-02 03:00:00+00:00,88.5995864868164
2026-02-02 04:00:00+00:00,93.74525451660156
2026-02-02 05:00:00+00:00,107.72918701171875
2026-02-02 06:00:00+00:00,127.39430236816406
2026-02-02 07:00:00+00:00,144.20645141601562
2026-02-02 08:00:00+00:00,140.84005737304688
2026-02-02 09:00:00+00:00,125.8734130859375
2026-02-02 10:00:00+00:00,113.63671875
2026-02-02 11:00:00+00:00,109.42728424072266
2026-02-02 12:00:00+00:00,104.70870208740234
2026-02-02 13:00:00+00:00,103.90296936035156
2026-02-02 14:00:00+00:00,108.154541015625
2026-02-02 15:00:00+00:00,113.25823211669922
2026-02-02 16:00:00+00:00,125.08541870117188
2026-02-02 17:00:00+00:00,145.7095489501953
2026-02-02 18:00:00+00:00,139.15533447265625
2026-02-02 19:00:00+00:00,120.41232299804688
2026-02-02 20:00:00+00:00,111.032470703125
2026-02-02 21:00:00+00:00,109.69163513183594
2026-02-02 22:00:00+00:00,102.53401184082031
2026-02-02 23:00:00+00:00,98.15589904785156
2026-02-03 00:00:00+00:00,67.59330749511719
2026-02-03 01:00:00+00:00,61.918521881103516
2026-02-03 02:00:00+00:00,54.94812774658203
2026-02-03 03:00:00+00:00,53.34980010986328
2026-02-03 04:00:00+00:00,60.24387741088867
2026-02-03 05:00:00+00:00,81.06500244140625
2026-02-03 06:00:00+00:00,101.42325592041016
2026-02-03 07:00:00+00:00,111.71524810791016
2026-02-03 08:00:00+00:00,110.27792358398438
2026-02-03 09:00:00+00:00,102.22453308105469
2026-02-03 10:00:00+00:00,93.71746826171875
2026-02-03 11:00:00+00:00,90.18002319335938
2026-02-03 12:00:00+00:00,85.44562530517578
2026-02-03 13:00:00+00:00,84.9903564453125
2026-02-03 14:00:00+00:00,88.34064483642578
2026-02-03 15:00:00+00:00,92.1948471069336
2026-02-03 16:00:00+00:00,102.11199188232422
2026-02-03 17:00:00+00:00,117.05171203613281
2026-02-03 18:00:00+00:00,115.3023681640625
2026-02-03 19:00:00+00:00,103.05846405029297
2026-02-03 20:00:00+00:00,95.92078399658203
2026-02-03 21:00:00+00:00,96.152099609375
2026-02-03 22:00:00+00:00,89.44099426269531
2026-02-03 23:00:00+00:00,82.92572021484375
2026-02-04 00:00:00+00:00,78.90678405761719
2026-02-04 01:00:00+00:00,74.57449340820312
2026-02-04 02:00:00+00:00,64.77120971679688
2026-02-04 03:00:00+00:00,62.8311767578125
2026-02-04 04:00:00+00:00,72.12462615966797
2026-02-04 05:00:00+00:00,91.72001647949219
2026-02-04 06:00:00+00:00,110.49945831298828
2026-02-04 07:00:00+00:00,121.64042663574219
2026-02-04 08:00:00+00:00,122.00363159179688
2026-02-04 09:00:00+00:00,110.10700988769531
2026-02-04 10:00:00+00:00,99.45923614501953
2026-02-04 11:00:00+00:00,92.55044555664062
2026-02-04 12:00:00+00:00,88.603515625
2026-02-04 13:00:00+00:00,88.99267578125
2026-02-04 14:00:00+00:00,92.92037200927734
2026-02-04 15:00:00+00:00,98.41089630126953
2026-02-04 16:00:00+00:00,108.852783203125
2026-02-04 17:00:00+00:00,127.68418884277344
2026-02-04 18:00:00+00:00,124.67953491210938
2026-02-04 19:00:00+00:00,109.37127685546875
2026-02-04 20:00:00+00:00,100.46540069580078
2026-02-04 21:00:00+00:00,99.65400695800781
2026-02-04 22:00:00+00:00,93.21846008300781
2026-02-04 23:00:00+00:00,86.62893676757812
2026-02-05 00:00:00+00:00,57.11649703979492
2026-02-05 01:00:00+00:00,51.903377532958984
2026-02-05 02:00:00+00:00,40.84151840209961
2026-02-05 03:00:00+00:00,39.74253463745117
2026-02-05 04:00:00+00:00,52.30366897583008
2026-02-05 05:00:00+00:00,75.53395080566406
2026-02-05 06:00:00+00:00,97.375732421875
2026-02-05 07:00:00+00:00,108.37877655029297
2026-02-05 08:00:00+00:00,106.58771514892578
2026-02-05 09:00:00+00:00,96.34827423095703
2026-02-05 10:00:00+00:00,87.70304107666016
2026-02-05 11:00:00+00:00,80.51197814941406
2026-02-05 12:00:00+00:00,74.14974212646484
2026-02-05 13:00:00+00:00,74.86469268798828
2026-02-05 14:00:00+00:00,80.3118896484375
2026-02-05 15:00:00+00:00,86.816650390625
2026-02-05 16:00:00+00:00,98.23704528808594
2026-02-05 17:00:00+00:00,115.46636962890625
2026-02-05 18:00:00+00:00,113.43819427490234
2026-02-05 19:00:00+00:00,98.78644561767578
2026-02-05 20:00:00+00:00,90.6965560913086
2026-02-05 21:00:00+00:00,91.41485595703125
2026-02-05 22:00:00+00:00,83.5426025390625
2026-02-05 23:00:00+00:00,75.98416137695312
2026-02-06 00:00:00+00:00,74.17056274414062
2026-02-06 01:00:00+00:00,67.08750915527344
2026-02-06 02:00:00+00:00,56.0459098815918
2026-02-06 03:00:00+00:00,53.17856216430664
2026-02-06 04:00:00+00:00,63.63753890991211
2026-02-06 05:00:00+00:00,78.38591766357422
2026-02-06 06:00:00+00:00,94.13472747802734
2026-02-06 07:00:00+00:00,104.35772705078125
2026-02-06 08:00:00+00:00,103.42898559570312
2026-02-06 09:00:00+00:00,95.6397476196289
2026-02-06 10:00:00+00:00,90.5956039428711
2026-02-06 11:00:00+00:00,88.12516021728516
2026-02-06 12:00:00+00:00,80.33001708984375
2026-02-06 13:00:00+00:00,80.00750732421875
2026-02-06 14:00:00+00:00,85.54817962646484
2026-02-06 15:00:00+00:00,89.47478485107422
2026-02-06 16:00:00+00:00,101.36627197265625
2026-02-06 17:00:00+00:00,112.05509185791016
2026-02-06 18:00:00+00:00,106.8743667602539
2026-02-06 19:00:00+00:00,96.30181121826172
2026-02-06 20:00:00+00:00,90.05068969726562
2026-02-06 21:00:00+00:00,89.70628356933594
2026-02-06 22:00:00+00:00,84.3106689453125
2026-02-06 23:00:00+00:00,82.86925506591797
2026-02-07 00:00:00+00:00,77.8507080078125
2026-02-07 01:00:00+00:00,71.99983215332031
2026-02-07 02:00:00+00:00,67.09379577636719
2026-02-07 03:00:00+00:00,66.24154663085938
2026-02-07 04:00:00+00:00,68.45777893066406
2026-02-07 05:00:00+00:00,73.62834930419922
2026-02-07 06:00:00+00:00,82.89434814453125
2026-02-07 07:00:00+00:00,92.35586547851562
2026-02-07 08:00:00+00:00,96.20393371582031
2026-02-07 09:00:00+00:00,95.80616760253906
2026-02-07 10:00:00+00:00,92.35648345947266
2026-02-07 11:00:00+00:00,89.08081817626953
2026-02-07 12:00:00+00:00,83.94813537597656
2026-02-07 13:00:00+00:00,83.34333801269531
2026-02-07 14:00:00+00:00,87.3469009399414
2026-02-07 15:00:00+00:00,92.77808380126953
2026-02-07 16:00:00+00:00,105.42076110839844
2026-02-07 17:00:00+00:00,121.11054229736328
2026-02-07 18:00:00+00:00,120.55149841308594
2026-02-07 19:00:00+00:00,107.42182159423828
2026-02-07 20:00:00+00:00,98.75590515136719
2026-02-07 21:00:00+00:00,97.31814575195312
2026-02-07 22:00:00+00:00,93.85004425048828
2026-02-07 23:00:00+00:00,91.10881042480469
2026-02-08 00:00:00+00:00,87.11966705322266
2026-02-08 01:00:00+00:00,77.47777557373047
2026-02-08 02:00:00+00:00,68.58885955810547
2026-02-08 03:00:00+00:00,65.38688659667969
2026-02-08 04:00:00+00:00,66.51510620117188
2026-02-08 05:00:00+00:00,70.34795379638672
2026-02-08 06:00:00+00:00,75.71080780029297
2026-02-08 07:00:00+00:00,79.77635955810547
2026-02-08 08:00:00+00:00,80.23847961425781
2026-02-08 09:00:00+00:00,78.9266128540039
2026-02-08 10:00:00+00:00,77.11499786376953
2026-02-08 11:00:00+00:00,75.00951385498047
2026-02-08 12:00:00+00:00,68.74301147460938
2026-02-08 13:00:00+00:00,66.69917297363281
2026-02-08 14:00:00+00:00,73.07444763183594
2026-02-08 15:00:00+00:00,81.68846130371094
2026-02-08 16:00:00+00:00,96.80878448486328
2026-02-08 17:00:00+00:00,114.5264892578125
2026-02-08 18:00:00+00:00,113.6620864868164
2026-02-08 19:00:00+00:00,102.34124755859375
2026-02-08 20:00:00+00:00,96.49242401123047
2026-02-08 21:00:00+00:00,96.17236328125
2026-02-08 22:00:00+00:00,89.77273559570312
2026-02-08 23:00:00+00:00,83.83892822265625
2026-02-09 00:00:00+00:00,73.9338150024414
2026-02-09 01:00:00+00:00,65.85166931152344
2026-02-09 02:00:00+00:00,50.089263916015625
2026-02-09 03:00:00+00:00,46.46259307861328
2026-02-09 04:00:00+00:00,60.81764221191406
2026-02-09 05:00:00+00:00,83.1744613647461
2026-02-09 06:00:00+00:00,106.89726257324219
2026-02-09 07:00:00+00:00,119.68535614013672
2026-02-09 08:00:00+00:00,113.1148910522461
2026-02-09 09:00:00+00:00,95.85228729248047
2026-02-09 10:00:00+00:00,84.59039306640625
2026-02-09 11:00:00+00:00,79.03463745117188
2026-02-09 12:00:00+00:00,71.36030578613281
2026-02-09 13:00:00+00:00,69.95091247558594
2026-02-09 14:00:00+00:00,76.39021301269531
2026-02-09 15:00:00+00:00,83.27293395996094
2026-02-09 16:00:00+00:00,100.087890625
2026-02-09 17:00:00+00:00,126.24710845947266
2026-02-09 18:00:00+00:00,124.48265075683594
2026-02-09 19:00:00+00:00,104.86096954345703
2026-02-09 20:00:00+00:00,94.95899963378906
2026-02-09 21:00:00+00:00,98.69098663330078
2026-02-09 22:00:00+00:00,92.0960922241211
2026-02-09 23:00:00+00:00,80.07424926757812
2026-02-10 00:00:00+00:00,32.72456359863281
2026-02-10 01:00:00+00:00,25.235572814941406
2026-02-10 02:00:00+00:00,7.795219421386719
2026-02-10 03:00:00+00:00,3.998138427734375
2026-02-10 04:00:00+00:00,24.778854370117188
2026-02-10 05:00:00+00:00,57.4544792175293
2026-02-10 06:00:00+00:00,85.80423736572266
2026-02-10 07:00:00+00:00,101.479736328125
2026-02-10 08:00:00+00:00,96.9715347290039
2026-02-10 09:00:00+00:00,82.3759994506836
2026-02-10 10:00:00+00:00,73.9697036743164
2026-02-10 11:00:00+00:00,66.65153503417969
2026-02-10 12:00:00+00:00,57.69761276245117
2026-02-10 13:00:00+00:00,57.25625228881836
2026-02-10 14:00:00+00:00,62.45375061035156
2026-02-10 15:00:00+00:00,67.862548828125
2026-02-10 16:00:00+00:00,85.82280731201172
2026-02-10 17:00:00+00:00,113.20843505859375
2026-02-10 18:00:00+00:00,110.99335479736328
2026-02-10 19:00:00+00:00,91.00557708740234
2026-02-10 20:00:00+00:00,79.89552307128906
2026-02-10 21:00:00+00:00,80.75691223144531
2026-02-10 22:00:00+00:00,73.6860580444336
2026-02-10 23:00:00+00:00,65.9337387084961
2026-02-11 00:00:00+00:00,11.883949279785156
2026-02-11 01:00:00+00:00,9.177986145019531
2026-02-11 02:00:00+00:00,0.35208892822265625
2026-02-11 03:00:00+00:00,-0.7924957275390625
2026-02-11 04:00:00+00:00,15.952980041503906
2026-02-11 05:00:00+00:00,48.711814880371094
2026-02-11 06:00:00+00:00,80.00145721435547
2026-02-11 07:00:00+00:00,98.00165557861328
2026-02-11 08:00:00+00:00,93.58535766601562
2026-02-11 09:00:00+00:00,78.061279296875
2026-02-11 10:00:00+00:00,68.28944396972656
2026-02-11 11:00:00+00:00,61.18390655517578
2026-02-11 12:00:00+00:00,48.76352310180664
2026-02-11 13:00:00+00:00,47.985233306884766
2026-02-11 14:00:00+00:00,52.466468811035156
2026-02-11 15:00:00+00:00,56.53431701660156
2026-02-11 16:00:00+00:00,75.30034637451172
2026-02-11 17:00:00+00:00,101.9087142944336
2026-02-11 18:00:00+00:00,99.22187042236328
2026-02-11 19:00:00+00:00,76.92440795898438
2026-02-11 20:00:00+00:00,63.97307586669922
2026-02-11 21:00:00+00:00,68.04279327392578
2026-02-11 22:00:00+00:00,60.7234001159668
2026-02-11 23:00:00+00:00,50.166629791259766
2026-02-12 00:00:00+00:00,13.128425598144531
2026-02-12 01:00:00+00:00,11.068183898925781
2026-02-12 02:00:00+00:00,7.8474578857421875
2026-02-12 03:00:00+00:00,6.5462493896484375
2026-02-12 04:00:00+00:00,10.6219482421875
2026-02-12 05:00:00+00:00,27.93341827392578
2026-02-12 06:00:00+00:00,51.706871032714844
2026-02-12 07:00:00+00:00,70.59258270263672
2026-02-12 08:00:00+00:00,64.55982971191406
2026-02-12 09:00:00+00:00,47.8917350769043
2026-02-12 10:00:00+00:00,38.64738845825195
2026-02-12 11:00:00+00:00,34.75770950317383
2026-02-12 12:00:00+00:00,27.79364013671875
2026-02-12 13:00:00+00:00,27.220741271972656
2026-02-12 14:00:00+00:00,34.26849365234375
2026-02-12 15:00:00+00:00,39.69682693481445
2026-02-12 16:00:00+00:00,60.78655242919922
2026-02-12 17:00:00+00:00,82.78948974609375
2026-02-12 18:00:00+00:00,83.13616943359375
2026-02-12 19:00:00+00:00,60.3430061340332
2026-02-12 20:00:00+00:00,46.367496490478516
2026-02-12 21:00:00+00:00,47.163822174072266
2026-02-12 22:00:00+00:00,42.20736312866211
2026-02-12 23:00:00+00:00,39.947059631347656
2026-02-13 00:00:00+00:00,15.099151611328125
2026-02-13 01:00:00+00:00,8.878669738769531
2026-02-13 02:00:00+00:00,4.6868438720703125
2026-02-13 03:00:00+00:00,3.4038162231445312
2026-02-13 04:00:00+00:00,5.8578033447265625
2026-02-13 05:00:00+00:00,15.332969665527344
2026-02-13 06:00:00+00:00,34.087318420410156
2026-02-13 07:00:00+00:00,50.84892654418945
2026-02-13 08:00:00+00:00,46.66740798950195
2026-02-13 09:00:00+00:00,30.668563842773438
2026-02-13 10:00:00+00:00,21.100250244140625
2026-02-13 11:00:00+00:00,15.637039184570312
2026-02-13 12:00:00+00:00,9.624366760253906
2026-02-13 13:00:00+00:00,10.421546936035156
2026-02-13 14:00:00+00:00,12.627220153808594
2026-02-13 15:00:00+00:00,16.763824462890625
2026-02-13 16:00:00+00:00,31.929954528808594
2026-02-13 17:00:00+00:00,47.96955871582031
2026-02-13 18:00:00+00:00,49.45722579956055
2026-02-13 19:00:00+00:00,37.313926696777344
2026-02-13 20:00:00+00:00,27.80154037475586
2026-02-13 21:00:00+00:00,26.833892822265625
2026-02-13 22:00:00+00:00,22.467872619628906
2026-02-13 23:00:00+00:00,22.76532745361328
2026-02-14 00:00:00+00:00,27.290111541748047
2026-02-14 01:00:00+00:00,21.25257110595703
2026-02-14 02:00:00+00:00,18.670997619628906
2026-02-14 03:00:00+00:00,17.61621856689453
2026-02-14 04:00:00+00:00,20.132736206054688
2026-02-14 05:00:00+00:00,26.856456756591797
2026-02-14 06:00:00+00:00,43.288421630859375
2026-02-14 07:00:00+00:00,56.65310287475586
2026-02-14 08:00:00+00:00,59.56015396118164
2026-02-14 09:00:00+00:00,53.49261474609375
2026-02-14 10:00:00+00:00,47.346885681152344
2026-02-14 11:00:00+00:00,43.20226287841797
2026-02-14 12:00:00+00:00,35.45575714111328
2026-02-14 13:00:00+00:00,33.2896614074707
2026-02-14 14:00:00+00:00,37.20879364013672
2026-02-14 15:00:00+00:00,41.5385627746582
2026-02-14 16:00:00+00:00,60.93136215209961
2026-02-14 17:00:00+00:00,88.19892120361328
2026-02-14 18:00:00+00:00,89.46945190429688
2026-02-14 19:00:00+00:00,65.5598373413086
2026-02-14 20:00:00+00:00,48.7340087890625
2026-02-14 21:00:00+00:00,49.941314697265625
2026-02-14 22:00:00+00:00,47.031986236572266
2026-02-14 23:00:00+00:00,44.18785858154297
2026-02-15 00:00:00+00:00,60.42332077026367
2026-02-15 01:00:00+00:00,44.909873962402344
2026-02-15 02:00:00+00:00,32.348148345947266
2026-02-15 03:00:00+00:00,29.773845672607422
2026-02-15 04:00:00+00:00,30.6322021484375
2026-02-15 05:00:00+00:00,35.11949920654297
2026-02-15 06:00:00+00:00,45.264671325683594
2026-02-15 07:00:00+00:00,52.8609619140625
2026-02-15 08:00:00+00:00,52.78211975097656
2026-02-15 09:00:00+00:00,43.63858413696289
2026-02-15 10:00:00+00:00,38.651851654052734
2026-02-15 11:00:00+00:00,37.329036712646484
2026-02-15 12:00:00+00:00,30.392044067382812
2026-02-15 13:00:00+00:00,28.2158203125
2026-02-15 14:00:00+00:00,36.890052795410156
2026-02-15 15:00:00+00:00,47.21857452392578
2026-02-15 16:00:00+00:00,73.7047119140625
2026-02-15 17:00:00+00:00,109.79267883300781
2026-02-15 18:00:00+00:00,112.88737487792969
2026-02-15 19:00:00+00:00,94.1875
2026-02-15 20:00:00+00:00,80.34471130371094
2026-02-15 21:00:00+00:00,81.16030883789062
2026-02-15 22:00:00+00:00,72.75481414794922
2026-02-15 23:00:00+00:00,60.99803924560547
2026-02-16 00:00:00+00:00,3.4449234008789062
2026-02-16 01:00:00+00:00,2.9140472412109375
2026-02-16 02:00:00+00:00,2.4762039184570312
2026-02-16 03:00:00+00:00,1.982421875
2026-02-16 04:00:00+00:00,1.8922042846679688
2026-02-16 05:00:00+00:00,4.49951171875
2026-02-16 06:00:00+00:00,17.72607421875
2026-02-16 07:00:00+00:00,34.998165130615234
2026-02-16 08:00:00+00:00,31.329299926757812
2026-02-16 09:00:00+00:00,13.970298767089844
2026-02-16 10:00:00+00:00,11.19439697265625
2026-02-16 11:00:00+00:00,7.744850158691406
2026-02-16 12:00:00+00:00,5.8704986572265625
2026-02-16 13:00:00+00:00,6.978118896484375
2026-02-16 14:00:00+00:00,6.5400390625
2026-02-16 15:00:00+00:00,8.001937866210938
2026-02-16 16:00:00+00:00,19.982879638671875
2026-02-16 17:00:00+00:00,44.05105972290039
2026-02-16 18:00:00+00:00,49.01720428466797
2026-02-16 19:00:00+00:00,28.623287200927734
2026-02-16 20:00:00+00:00,15.573829650878906
2026-02-16 21:00:00+00:00,15.368988037109375
2026-02-16 22:00:00+00:00,10.238471984863281
2026-02-16 23:00:00+00:00,9.935478210449219
2026-02-17 00:00:00+00:00,4.665000915527344
2026-02-17 01:00:00+00:00,4.136970520019531
2026-02-17 02:00:00+00:00,2.9287872314453125
2026-02-17 03:00:00+00:00,2.048309326171875
2026-02-17 04:00:00+00:00,2.2176971435546875
2026-02-17 05:00:00+00:00,8.788101196289062
2026-02-17 06:00:00+00:00,28.611289978027344
2026-02-17 07:00:00+00:00,43.10882568359375
2026-02-17 08:00:00+00:00,42.950958251953125
2026-02-17 09:00:00+00:00,21.911285400390625
2026-02-17 10:00:00+00:00,13.479782104492188
2026-02-17 11:00:00+00:00,8.085075378417969
2026-02-17 12:00:00+00:00,5.9008636474609375
2026-02-17 13:00:00+00:00,6.986106872558594
2026-02-17 14:00:00+00:00,6.573890686035156
2026-02-17 15:00:00+00:00,8.724746704101562
2026-02-17 16:00:00+00:00,25.572895050048828
2026-02-17 17:00:00+00:00,57.45800018310547
2026-02-17 18:00:00+00:00,66.97129821777344
2026-02-17 19:00:00+00:00,39.16035842895508
2026-02-17 20:00:00+00:00,21.025745391845703
2026-02-17 21:00:00+00:00,21.811492919921875
2026-02-17 22:00:00+00:00,14.464813232421875
2026-02-17 23:00:00+00:00,12.308090209960938
2026-02-18 00:00:00+00:00,48.158966064453125
2026-02-18 01:00:00+00:00,40.556922912597656
2026-02-18 02:00:00+00:00,22.174640655517578
2026-02-18 03:00:00+00:00,17.094066619873047
2026-02-18 04:00:00+00:00,37.37678909301758
2026-02-18 05:00:00+00:00,71.77881622314453
2026-02-18 06:00:00+00:00,97.89629364013672
2026-02-18 07:00:00+00:00,116.56861877441406
2026-02-18 08:00:00+00:00,113.39582824707031
2026-02-18 09:00:00+00:00,89.08804321289062
2026-02-18 10:00:00+00:00,79.12925720214844
2026-02-18 11:00:00+00:00,73.35838317871094
2026-02-18 12:00:00+00:00,62.18880844116211
2026-02-18 13:00:00+00:00,63.129249572753906
2026-02-18 14:00:00+00:00,68.2076187133789
2026-02-18 15:00:00+00:00,70.15608978271484
2026-02-18 16:00:00+00:00,86.98523712158203
2026-02-18 17:00:00+00:00,120.83256530761719
2026-02-18 18:00:00+00:00,121.12042236328125
2026-02-18 19:00:00+00:00,95.968505859375
2026-02-18 20:00:00+00:00,80.23385620117188
2026-02-18 21:00:00+00:00,76.3673095703125
2026-02-18 22:00:00+00:00,66.30162811279297
2026-02-18 23:00:00+00:00,54.33433151245117
2026-02-19 00:00:00+00:00,6.22686767578125
2026-02-19 01:00:00+00:00,5.2323760986328125
2026-02-19 02:00:00+00:00,4.10406494140625
2026-02-19 03:00:00+00:00,3.5286788940429688
2026-02-19 04:00:00+00:00,4.1265869140625
2026-02-19 05:00:00+00:00,12.559207916259766
2026-02-19 06:00:00+00:00,35.103824615478516
2026-02-19 07:00:00+00:00,49.8101921081543
2026-02-19 08:00:00+00:00,44.24198532104492
2026-02-19 09:00:00+00:00,23.5977783203125
2026-02-19 10:00:00+00:00,17.22842788696289
2026-02-19 11:00:00+00:00,12.63467025756836
2026-02-19 12:00:00+00:00,8.720344543457031
2026-02-19 13:00:00+00:00,9.963203430175781
2026-02-19 14:00:00+00:00,12.05197525024414
2026-02-19 15:00:00+00:00,15.646350860595703
2026-02-19 16:00:00+00:00,27.942764282226562
2026-02-19 17:00:00+00:00,53.573699951171875
2026-02-19 18:00:00+00:00,62.07427215576172
2026-02-19 19:00:00+00:00,40.75880813598633
2026-02-19 20:00:00+00:00,26.528484344482422
2026-02-19 21:00:00+00:00,25.780879974365234
2026-02-19 22:00:00+00:00,17.961227416992188
2026-02-19 23:00:00+00:00,13.540470123291016
2026-02-20 00:00:00+00:00,17.544456481933594
2026-02-20 01:00:00+00:00,12.182693481445312
2026-02-20 02:00:00+00:00,7.083702087402344
2026-02-20 03:00:00+00:00,6.397361755371094
2026-02-20 04:00:00+00:00,13.571624755859375
2026-02-20 05:00:00+00:00,33.37620544433594
2026-02-20 06:00:00+00:00,61.669151306152344
2026-02-20 07:00:00+00:00,78.82831573486328
2026-02-20 08:00:00+00:00,73.38665771484375
2026-02-20 09:00:00+00:00,53.07788848876953
2026-02-20 10:00:00+00:00,44.533042907714844
2026-02-20 11:00:00+00:00,39.43321228027344
2026-02-20 12:00:00+00:00,28.608047485351562
2026-02-20 13:00:00+00:00,28.23320770263672
2026-02-20 14:00:00+00:00,34.19389724731445
2026-02-20 15:00:00+00:00,38.28175354003906
2026-02-20 16:00:00+00:00,55.703277587890625
2026-02-20 17:00:00+00:00,90.83941650390625
2026-02-20 18:00:00+00:00,96.29722595214844
2026-02-20 19:00:00+00:00,71.34466552734375
2026-02-20 20:00:00+00:00,54.63982391357422
2026-02-20 21:00:00+00:00,54.02520751953125
2026-02-20 22:00:00+00:00,50.350563049316406
2026-02-20 23:00:00+00:00,41.816627502441406
2026-02-21 00:00:00+00:00,17.381031036376953
2026-02-21 01:00:00+00:00,10.767314910888672
2026-02-21 02:00:00+00:00,7.2845916748046875
2026-02-21 03:00:00+00:00,7.1360931396484375
2026-02-21 04:00:00+00:00,9.384986877441406
2026-02-21 05:00:00+00:00,14.048351287841797
2026-02-21 06:00:00+00:00,26.991680145263672
2026-02-21 07:00:00+00:00,36.920265197753906
2026-02-21 08:00:00+00:00,36.33676528930664
2026-02-21 09:00:00+00:00,25.699874877929688
2026-02-21 10:00:00+00:00,20.73377227783203
2026-02-21 11:00:00+00:00,17.651206970214844
2026-02-21 12:00:00+00:00,12.847274780273438
2026-02-21 13:00:00+00:00,13.139522552490234
2026-02-21 14:00:00+00:00,16.23373031616211
2026-02-21 15:00:00+00:00,21.818897247314453
2026-02-21 16:00:00+00:00,40.924522399902344
2026-02-21 17:00:00+00:00,75.99717712402344
2026-02-21 18:00:00+00:00,89.61492919921875
2026-02-21 19:00:00+00:00,66.56517791748047
2026-02-21 20:00:00+00:00,52.72325897216797
2026-02-21 21:00:00+00:00,52.484039306640625
2026-02-21 22:00:00+00:00,48.1873779296875
2026-02-21 23:00:00+00:00,37.647117614746094
2026-02-22 00:00:00+00:00,4.866085052490234
2026-02-22 01:00:00+00:00,4.424343109130859
2026-02-22 02:00:00+00:00,3.7798233032226562
2026-02-22 03:00:00+00:00,3.7282180786132812
2026-02-22 04:00:00+00:00,3.8841323852539062
2026-02-22 05:00:00+00:00,4.674167633056641
2026-02-22 06:00:00+00:00,5.741603851318359
2026-02-22 07:00:00+00:00,6.731132507324219
2026-02-22 08:00:00+00:00,5.9210205078125
2026-02-22 09:00:00+00:00,5.416873931884766
2026-02-22 10:00:00+00:00,4.839908599853516
2026-02-22 11:00:00+00:00,5.412178039550781
2026-02-22 12:00:00+00:00,5.135444641113281
2026-02-22 13:00:00+00:00,4.5817718505859375
2026-02-22 14:00:00+00:00,4.688446044921875
2026-02-22 15:00:00+00:00,4.801887512207031
2026-02-22 16:00:00+00:00,15.68203353881836
2026-02-22 17:00:00+00:00,45.53533172607422
2026-02-22 18:00:00+00:00,60.2603645324707
2026-02-22 19:00:00+00:00,38.366188049316406
2026-02-22 20:00:00+00:00,23.31170654296875
2026-02-22 21:00:00+00:00,20.14019012451172
2026-02-22 22:00:00+00:00,12.130596160888672
2026-02-22 23:00:00+00:00,8.923343658447266
2026-02-23 00:00:00+00:00,7.316703796386719
2026-02-23 01:00:00+00:00,5.2830352783203125
2026-02-23 02:00:00+00:00,3.7250404357910156
2026-02-23 03:00:00+00:00,3.625560760498047
2026-02-23 04:00:00+00:00,5.4048004150390625
2026-02-23 05:00:00+00:00,19.989669799804688
2026-02-23 06:00:00+00:00,48.198020935058594
2026-02-23 07:00:00+00:00,65.88080596923828
2026-02-23 08:00:00+00:00,58.450828552246094
2026-02-23 09:00:00+00:00,30.82366180419922
2026-02-23 10:00:00+00:00,20.612110137939453
2026-02-23 11:00:00+00:00,15.622112274169922
2026-02-23 12:00:00+00:00,8.76641845703125
2026-02-23 13:00:00+00:00,9.736602783203125
2026-02-23 14:00:00+00:00,12.00418472290039
2026-02-23 15:00:00+00:00,15.047760009765625
2026-02-23 16:00:00+00:00,31.944652557373047
2026-02-23 17:00:00+00:00,65.7217025756836
2026-02-23 18:00:00+00:00,82.5591049194336
2026-02-23 19:00:00+00:00,52.91351318359375
2026-02-23 20:00:00+00:00,32.39530944824219
2026-02-23 21:00:00+00:00,29.61212158203125
2026-02-23 22:00:00+00:00,22.60968017578125
2026-02-23 23:00:00+00:00,15.410079956054688
2026-02-24 00:00:00+00:00,26.854293823242188
2026-02-24 01:00:00+00:00,24.659374237060547
2026-02-24 02:00:00+00:00,13.315990447998047
2026-02-24 03:00:00+00:00,11.792285919189453
2026-02-24 04:00:00+00:00,24.05712890625
2026-02-24 05:00:00+00:00,40.1380615234375
2026-02-24 06:00:00+00:00,80.42131805419922
2026-02-24 07:00:00+00:00,93.50345611572266
2026-02-24 08:00:00+00:00,71.739501953125
2026-02-24 09:00:00+00:00,44.27369689941406
2026-02-24 10:00:00+00:00,30.052043914794922
2026-02-24 11:00:00+00:00,25.182037353515625
2026-02-24 12:00:00+00:00,18.174747467041016
2026-02-24 13:00:00+00:00,19.63321304321289
2026-02-24 14:00:00+00:00,25.471294403076172
2026-02-24 15:00:00+00:00,29.61370849609375
2026-02-24 16:00:00+00:00,45.208248138427734
2026-02-24 17:00:00+00:00,82.0569839477539
2026-02-24 18:00:00+00:00,103.53630828857422
2026-02-24 19:00:00+00:00,74.18964385986328
2026-02-24 20:00:00+00:00,47.66394805908203
2026-02-24 21:00:00+00:00,44.37138366699219
2026-02-24 22:00:00+00:00,34.313880920410156
2026-02-24 23:00:00+00:00,24.64879608154297
2026-02-25 00:00:00+00:00,12.627708435058594
2026-02-25 01:00:00+00:00,9.429561614990234
2026-02-25 02:00:00+00:00,7.256160736083984
2026-02-25 03:00:00+00:00,7.209068298339844
2026-02-25 04:00:00+00:00,10.855613708496094
2026-02-25 05:00:00+00:00,23.00140380859375
2026-02-25 06:00:00+00:00,60.36833572387695
2026-02-25 07:00:00+00:00,60.595951080322266
2026-02-25 08:00:00+00:00,35.04503631591797
2026-02-25 09:00:00+00:00,14.280048370361328
2026-02-25 10:00:00+00:00,10.352149963378906
2026-02-25 11:00:00+00:00,7.913871765136719
2026-02-25 12:00:00+00:00,6.567405700683594
2026-02-25 13:00:00+00:00,6.730609893798828
2026-02-25 14:00:00+00:00,6.6649322509765625
2026-02-25 15:00:00+00:00,9.068775177001953
2026-02-25 16:00:00+00:00,20.064990997314453
2026-02-25 17:00:00+00:00,58.48031997680664
2026-02-25 18:00:00+00:00,90.196044921875
2026-02-25 19:00:00+00:00,60.749473571777344
2026-02-25 20:00:00+00:00,30.833940505981445
2026-02-25 21:00:00+00:00,28.325342178344727
2026-02-25 22:00:00+00:00,21.532943725585938
2026-02-25 23:00:00+00:00,14.846038818359375
2026-02-26 00:00:00+00:00,22.3935546875
2026-02-26 01:00:00+00:00,18.755741119384766
2026-02-26 02:00:00+00:00,13.228809356689453
2026-02-26 03:00:00+00:00,13.116035461425781
2026-02-26 04:00:00+00:00,18.034542083740234
2026-02-26 05:00:00+00:00,31.445783615112305
2026-02-26 06:00:00+00:00,76.26018524169922
2026-02-26 07:00:00+00:00,71.53104400634766
2026-02-26 08:00:00+00:00,37.62305450439453
2026-02-26 09:00:00+00:00,19.64099884033203
2026-02-26 10:00:00+00:00,14.852458953857422
2026-02-26 11:00:00+00:00,12.02371597290039
2026-02-26 12:00:00+00:00,8.832447052001953
2026-02-26 13:00:00+00:00,9.147930145263672
2026-02-26 14:00:00+00:00,9.565128326416016
2026-02-26 15:00:00+00:00,12.994529724121094
2026-02-26 16:00:00+00:00,24.533143997192383
2026-02-26 17:00:00+00:00,65.5196533203125
2026-02-26 18:00:00+00:00,102.90711975097656
2026-02-26 19:00:00+00:00,71.5208740234375
2026-02-26 20:00:00+00:00,40.06966018676758
2026-02-26 21:00:00+00:00,39.06996154785156
2026-02-26 22:00:00+00:00,30.379167556762695
2026-02-26 23:00:00+00:00,23.764854431152344
2026-02-27 00:00:00+00:00,6.432552337646484
2026-02-27 01:00:00+00:00,4.829410552978516
2026-02-27 02:00:00+00:00,3.6870384216308594
2026-02-27 03:00:00+00:00,3.6628875732421875
2026-02-27 04:00:00+00:00,5.9339141845703125
2026-02-27 05:00:00+00:00,15.557109832763672
2026-02-27 06:00:00+00:00,56.55655288696289
2026-02-27 07:00:00+00:00,53.10878372192383
2026-02-27 08:00:00+00:00,18.977954864501953
2026-02-27 09:00:00+00:00,9.814250946044922
2026-02-27 10:00:00+00:00,3.0786590576171875
2026-02-27 11:00:00+00:00,2.9967727661132812
2026-02-27 12:00:00+00:00,2.5236129760742188
2026-02-27 13:00:00+00:00,2.753887176513672
2026-02-27 14:00:00+00:00,2.8493728637695312
2026-02-27 15:00:00+00:00,3.3535194396972656
2026-02-27 16:00:00+00:00,11.514137268066406
2026-02-27 17:00:00+00:00,45.60142517089844
2026-02-27 18:00:00+00:00,81.85669708251953
2026-02-27 19:00:00+00:00,44.665565490722656
2026-02-27 20:00:00+00:00,24.390941619873047
2026-02-27 21:00:00+00:00,25.167831420898438
2026-02-27 22:00:00+00:00,18.742008209228516
2026-02-27 23:00:00+00:00,11.706619262695312
2026-02-28 00:00:00+00:00,14.48931884765625
2026-02-28 01:00:00+00:00,8.009624481201172
2026-02-28 02:00:00+00:00,3.4295196533203125
2026-02-28 03:00:00+00:00,3.0767784118652344
2026-02-28 04:00:00+00:00,4.167957305908203
2026-02-28 05:00:00+00:00,7.774745941162109
2026-02-28 06:00:00+00:00,11.320804595947266
2026-02-28 07:00:00+00:00,9.946029663085938
2026-02-28 08:00:00+00:00,3.5525856018066406
2026-02-28 09:00:00+00:00,2.6741485595703125
2026-02-28 10:00:00+00:00,2.2078628540039062
2026-02-28 11:00:00+00:00,2.4562644958496094
2026-02-28 12:00:00+00:00,2.2500953674316406
2026-02-28 13:00:00+00:00,2.014598846435547
2026-02-28 14:00:00+00:00,2.0661697387695312
2026-02-28 15:00:00+00:00,2.3034896850585938
2026-02-28 16:00:00+00:00,10.888938903808594
2026-02-28 17:00:00+00:00,43.31013870239258
2026-02-28 18:00:00+00:00,76.7168197631836
2026-02-28 19:00:00+00:00,41.1195068359375
2026-02-28 20:00:00+00:00,21.50972557067871
2026-02-28 21:00:00+00:00,30.819286346435547
2026-02-28 22:00:00+00:00,26.035703659057617
2026-02-28 23:00:00+00:00,16.49797821044922
2026-03-01 00:00:00+00:00,23.789955139160156
2026-03-01 01:00:00+00:00,16.447288513183594
2026-03-01 02:00:00+00:00,6.737091064453125
2026-03-01 03:00:00+00:00,5.509189605712891
2026-03-01 04:00:00+00:00,5.725727081298828
2026-03-01 05:00:00+00:00,7.705718994140625
2026-03-01 06:00:00+00:00,9.749858856201172
2026-03-01 07:00:00+00:00,8.396186828613281
2026-03-01 08:00:00+00:00,3.5114402770996094
2026-03-01 09:00:00+00:00,2.448436737060547
2026-03-01 10:00:00+00:00,1.747589111328125
2026-03-01 11:00:00+00:00,2.2848243713378906
2026-03-01 12:00:00+00:00,2.1811866760253906
2026-03-01 13:00:00+00:00,1.8480949401855469
2026-03-01 14:00:00+00:00,2.1176719665527344
2026-03-01 15:00:00+00:00,2.6455535888671875
2026-03-01 16:00:00+00:00,15.95887565612793
2026-03-01 17:00:00+00:00,42.831153869628906
2026-03-01 18:00:00+00:00,73.24515533447266
2026-03-01 19:00:00+00:00,49.394081115722656
2026-03-01 20:00:00+00:00,24.7797908782959
2026-03-01 21:00:00+00:00,28.627201080322266
2026-03-01 22:00:00+00:00,27.32552719116211
2026-03-01 23:00:00+00:00,19.184906005859375
2026-03-02 00:00:00+00:00,13.555192947387695
2026-03-02 01:00:00+00:00,11.989173889160156
2026-03-02 02:00:00+00:00,8.503101348876953
2026-03-02 03:00:00+00:00,9.201831817626953
2026-03-02 04:00:00+00:00,12.672859191894531
2026-03-02 05:00:00+00:00,21.802968978881836
2026-03-02 06:00:00+00:00,45.75762176513672
2026-03-02 07:00:00+00:00,42.725154876708984
2026-03-02 08:00:00+00:00,19.894018173217773
2026-03-02 09:00:00+00:00,10.140037536621094
2026-03-02 10:00:00+00:00,4.830162048339844
2026-03-02 11:00:00+00:00,3.149078369140625
2026-03-02 12:00:00+00:00,2.0522003173828125
2026-03-02 13:00:00+00:00,1.9998855590820312
2026-03-02 14:00:00+00:00,2.3162841796875
2026-03-02 15:00:00+00:00,5.482429504394531
2026-03-02 16:00:00+00:00,19.836767196655273
2026-03-02 17:00:00+00:00,45.1164665222168
2026-03-02 18:00:00+00:00,76.44192504882812
2026-03-02 19:00:00+00:00,51.05429458618164
2026-03-02 20:00:00+00:00,29.539005279541016
2026-03-02 21:00:00+00:00,28.573074340820312
2026-03-02 22:00:00+00:00,22.350391387939453
2026-03-02 23:00:00+00:00,17.14455223083496
2026-03-03 00:00:00+00:00,41.35904312133789
2026-03-03 01:00:00+00:00,35.23073959350586
2026-03-03 02:00:00+00:00,24.649738311767578
2026-03-03 03:00:00+00:00,23.48122787475586
2026-03-03 04:00:00+00:00,32.697322845458984
2026-03-03 05:00:00+00:00,48.57777786254883
2026-03-03 06:00:00+00:00,82.4035415649414
2026-03-03 07:00:00+00:00,85.24020385742188
2026-03-03 08:00:00+00:00,56.852386474609375
2026-03-03 09:00:00+00:00,35.19820785522461
2026-03-03 10:00:00+00:00,25.84111213684082
2026-03-03 11:00:00+00:00,21.270923614501953
2026-03-03 12:00:00+00:00,16.481508255004883
2026-03-03 13:00:00+00:00,16.94363784790039
2026-03-03 14:00:00+00:00,20.516096115112305
2026-03-03 15:00:00+00:00,28.196435928344727
2026-03-03 16:00:00+00:00,45.91218948364258
2026-03-03 17:00:00+00:00,89.48745727539062
2026-03-03 18:00:00+00:00,108.17887115478516
2026-03-03 19:00:00+00:00,79.97796630859375
2026-03-03 20:00:00+00:00,53.661033630371094
2026-03-03 21:00:00+00:00,49.29808044433594
2026-03-03 22:00:00+00:00,43.53929901123047
2026-03-03 23:00:00+00:00,36.36421203613281
2026-03-04 00:00:00+00:00,61.874916076660156
2026-03-04 01:00:00+00:00,53.66063690185547
2026-03-04 02:00:00+00:00,37.89387130737305
2026-03-04 03:00:00+00:00,37.962196350097656
2026-03-04 04:00:00+00:00,48.02312469482422
2026-03-04 05:00:00+00:00,73.62266540527344
2026-03-04 06:00:00+00:00,117.85148620605469
2026-03-04 07:00:00+00:00,124.11726379394531
2026-03-04 08:00:00+00:00,92.45291137695312
2026-03-04 09:00:00+00:00,57.91923141479492
2026-03-04 10:00:00+00:00,46.82130432128906
2026-03-04 11:00:00+00:00,41.20043182373047
2026-03-04 12:00:00+00:00,28.482982635498047
2026-03-04 13:00:00+00:00,28.30525016784668
2026-03-04 14:00:00+00:00,37.37599182128906
2026-03-04 15:00:00+00:00,43.97518539428711
2026-03-04 16:00:00+00:00,60.54414367675781
2026-03-04 17:00:00+00:00,106.32846069335938
2026-03-04 18:00:00+00:00,131.34913635253906
2026-03-04 19:00:00+00:00,96.79427337646484
2026-03-04 20:00:00+00:00,67.01705932617188
2026-03-04 21:00:00+00:00,60.47761535644531
2026-03-04 22:00:00+00:00,53.76822280883789
2026-03-04 23:00:00+00:00,52.05366134643555
2026-03-05 00:00:00+00:00,85.23359680175781
2026-03-05 01:00:00+00:00,73.77765655517578
2026-03-05 02:00:00+00:00,54.4544677734375
2026-03-05 03:00:00+00:00,51.541229248046875
2026-03-05 04:00:00+00:00,64.3707504272461
2026-03-05 05:00:00+00:00,95.02616882324219
2026-03-05 06:00:00+00:00,167.08056640625
2026-03-05 07:00:00+00:00,167.05935668945312
2026-03-05 08:00:00+00:00,102.79056549072266
2026-03-05 09:00:00+00:00,62.37474060058594
2026-03-05 10:00:00+00:00,44.446353912353516
2026-03-05 11:00:00+00:00,33.752830505371094
2026-03-05 12:00:00+00:00,17.60116958618164
2026-03-05 13:00:00+00:00,19.000207901000977
2026-03-05 14:00:00+00:00,29.59766387939453
2026-03-05 15:00:00+00:00,40.53034591674805
2026-03-05 16:00:00+00:00,62.591888427734375
2026-03-05 17:00:00+00:00,115.39068603515625
2026-03-05 18:00:00+00:00,172.5921630859375
2026-03-05 19:00:00+00:00,124.90352630615234
2026-03-05 20:00:00+00:00,81.78166198730469
2026-03-05 21:00:00+00:00,74.52598571777344
2026-03-05 22:00:00+00:00,68.20381164550781
2026-03-05 23:00:00+00:00,72.32161712646484
2026-03-06 00:00:00+00:00,54.040767669677734
2026-03-06 01:00:00+00:00,49.01667022705078
2026-03-06 02:00:00+00:00,39.52672576904297
2026-03-06 03:00:00+00:00,39.00577163696289
2026-03-06 04:00:00+00:00,48.67022705078125
2026-03-06 05:00:00+00:00,71.37214660644531
2026-03-06 06:00:00+00:00,116.9285888671875
2026-03-06 07:00:00+00:00,118.43124389648438
2026-03-06 08:00:00+00:00,77.345703125
2026-03-06 09:00:00+00:00,50.09954071044922
2026-03-06 10:00:00+00:00,32.65057373046875
2026-03-06 11:00:00+00:00,22.41166114807129
2026-03-06 12:00:00+00:00,13.86689567565918
2026-03-06 13:00:00+00:00,17.946352005004883
2026-03-06 14:00:00+00:00,29.26717758178711
2026-03-06 15:00:00+00:00,42.44729232788086
2026-03-06 16:00:00+00:00,61.867557525634766
2026-03-06 17:00:00+00:00,99.65470123291016
2026-03-06 18:00:00+00:00,132.36045837402344
2026-03-06 19:00:00+00:00,98.42965698242188
2026-03-06 20:00:00+00:00,73.00399017333984
2026-03-06 21:00:00+00:00,70.45901489257812
2026-03-06 22:00:00+00:00,65.14214324951172
2026-03-06 23:00:00+00:00,57.53778076171875
2026-03-07 00:00:00+00:00,67.61030578613281
2026-03-07 01:00:00+00:00,59.776702880859375
2026-03-07 02:00:00+00:00,53.06047058105469
2026-03-07 03:00:00+00:00,49.75783157348633
2026-03-07 04:00:00+00:00,50.36455154418945
2026-03-07 05:00:00+00:00,53.60890197753906
2026-03-07 06:00:00+00:00,57.07898712158203
2026-03-07 07:00:00+00:00,56.76506042480469
2026-03-07 08:00:00+00:00,47.70283508300781
2026-03-07 09:00:00+00:00,38.05112075805664
2026-03-07 10:00:00+00:00,31.858871459960938
2026-03-07 11:00:00+00:00,28.514013290405273
2026-03-07 12:00:00+00:00,26.236848831176758
2026-03-07 13:00:00+00:00,26.168621063232422
2026-03-07 14:00:00+00:00,32.24657440185547
2026-03-07 15:00:00+00:00,42.24583435058594
2026-03-07 16:00:00+00:00,58.16994094848633
2026-03-07 17:00:00+00:00,95.14678955078125
2026-03-07 18:00:00+00:00,124.6160888671875
2026-03-07 19:00:00+00:00,96.61474609375
2026-03-07 20:00:00+00:00,84.99042510986328
2026-03-07 21:00:00+00:00,86.72522735595703
2026-03-07 22:00:00+00:00,82.45409393310547
2026-03-07 23:00:00+00:00,74.45791625976562
2026-03-08 00:00:00+00:00,99.61604309082031
2026-03-08 01:00:00+00:00,89.048828125
2026-03-08 02:00:00+00:00,76.73182678222656
2026-03-08 03:00:00+00:00,72.85337829589844
2026-03-08 04:00:00+00:00,72.86629486083984
2026-03-08 05:00:00+00:00,75.78158569335938
2026-03-08 06:00:00+00:00,82.21177673339844
2026-03-08 07:00:00+00:00,80.73068237304688
2026-03-08 08:00:00+00:00,70.42097473144531
2026-03-08 09:00:00+00:00,59.099578857421875
2026-03-08 10:00:00+00:00,51.42920684814453
2026-03-08 11:00:00+00:00,46.455711364746094
2026-03-08 12:00:00+00:00,43.077911376953125
2026-03-08 13:00:00+00:00,44.53791809082031
2026-03-08 14:00:00+00:00,51.870147705078125
2026-03-08 15:00:00+00:00,58.975433349609375
2026-03-08 16:00:00+00:00,74.80459594726562
2026-03-08 17:00:00+00:00,109.02488708496094
2026-03-08 18:00:00+00:00,143.581298828125
2026-03-08 19:00:00+00:00,119.3604507446289
2026-03-08 20:00:00+00:00,93.07704162597656
2026-03-08 21:00:00+00:00,89.63243103027344
2026-03-08 22:00:00+00:00,88.35031127929688
2026-03-08 23:00:00+00:00,85.92500305175781
2026-03-09 00:00:00+00:00,104.50521850585938
2026-03-09 01:00:00+00:00,98.67291259765625
2026-03-09 02:00:00+00:00,90.6259765625
2026-03-09 03:00:00+00:00,88.68634033203125
2026-03-09 04:00:00+00:00,94.49948120117188
2026-03-09 05:00:00+00:00,111.74441528320312
2026-03-09 06:00:00+00:00,141.0561065673828
2026-03-09 07:00:00+00:00,141.78065490722656
2026-03-09 08:00:00+00:00,107.380615234375
2026-03-09 09:00:00+00:00,75.79507446289062
2026-03-09 10:00:00+00:00,54.8499755859375
2026-03-09 11:00:00+00:00,35.96031951904297
2026-03-09 12:00:00+00:00,25.278034210205078
2026-03-09 13:00:00+00:00,35.61017990112305
2026-03-09 14:00:00+00:00,50.420501708984375
2026-03-09 15:00:00+00:00,65.74808502197266
2026-03-09 16:00:00+00:00,85.30950927734375
2026-03-09 17:00:00+00:00,136.7947235107422
2026-03-09 18:00:00+00:00,172.48843383789062
2026-03-09 19:00:00+00:00,150.41944885253906
2026-03-09 20:00:00+00:00,120.90559387207031
2026-03-09 21:00:00+00:00,110.68061828613281
2026-03-09 22:00:00+00:00,105.3243408203125
2026-03-09 23:00:00+00:00,101.07928466796875
2026-03-10 00:00:00+00:00,131.71665954589844
2026-03-10 01:00:00+00:00,120.11004638671875
2026-03-10 02:00:00+00:00,104.22908020019531
2026-03-10 03:00:00+00:00,102.18486022949219
2026-03-10 04:00:00+00:00,111.62277221679688
2026-03-10 05:00:00+00:00,128.99398803710938
2026-03-10 06:00:00+00:00,160.43544006347656
2026-03-10 07:00:00+00:00,162.00387573242188
2026-03-10 08:00:00+00:00,133.35897827148438
2026-03-10 09:00:00+00:00,108.4271011352539
2026-03-10 10:00:00+00:00,92.79704284667969
2026-03-10 11:00:00+00:00,79.46287536621094
2026-03-10 12:00:00+00:00,68.51881408691406
2026-03-10 13:00:00+00:00,69.65353393554688
2026-03-10 14:00:00+00:00,78.49158477783203
2026-03-10 15:00:00+00:00,87.29337310791016
2026-03-10 16:00:00+00:00,97.46878051757812
2026-03-10 17:00:00+00:00,149.0521240234375
2026-03-10 18:00:00+00:00,184.6064453125
2026-03-10 19:00:00+00:00,150.51339721679688
2026-03-10 20:00:00+00:00,116.54854583740234
2026-03-10 21:00:00+00:00,105.57207489013672
2026-03-10 22:00:00+00:00,97.85665130615234
2026-03-10 23:00:00+00:00,94.15803527832031
2026-03-11 00:00:00+00:00,5.320075988769531
2026-03-11 01:00:00+00:00,6.02899169921875
2026-03-11 02:00:00+00:00,6.528858184814453
2026-03-11 03:00:00+00:00,8.907474517822266
2026-03-11 04:00:00+00:00,20.813993453979492
2026-03-11 05:00:00+00:00,46.014122009277344
2026-03-11 06:00:00+00:00,80.60282897949219
2026-03-11 07:00:00+00:00,88.7720947265625
2026-03-11 08:00:00+00:00,63.84388732910156
2026-03-11 09:00:00+00:00,41.396583557128906
2026-03-11 10:00:00+00:00,25.542558670043945
2026-03-11 11:00:00+00:00,19.110111236572266
2026-03-11 12:00:00+00:00,14.36538314819336
2026-03-11 13:00:00+00:00,16.37038230895996
2026-03-11 14:00:00+00:00,23.486061096191406
2026-03-11 15:00:00+00:00,33.503211975097656
2026-03-11 16:00:00+00:00,56.833316802978516
2026-03-11 17:00:00+00:00,107.27582550048828
2026-03-11 18:00:00+00:00,150.77969360351562
2026-03-11 19:00:00+00:00,112.83985137939453
2026-03-11 20:00:00+00:00,82.43954467773438
2026-03-11 21:00:00+00:00,72.91172790527344
2026-03-11 22:00:00+00:00,65.5560302734375
2026-03-11 23:00:00+00:00,57.41546630859375
2026-03-12 00:00:00+00:00,67.47016143798828
2026-03-12 01:00:00+00:00,62.683502197265625
2026-03-12 02:00:00+00:00,52.23153305053711
2026-03-12 03:00:00+00:00,51.63243103027344
2026-03-12 04:00:00+00:00,61.182647705078125
2026-03-12 05:00:00+00:00,78.53936004638672
2026-03-12 06:00:00+00:00,112.9666748046875
2026-03-12 07:00:00+00:00,124.30622863769531
2026-03-12 08:00:00+00:00,93.7243423461914
2026-03-12 09:00:00+00:00,73.622314453125
2026-03-12 10:00:00+00:00,62.203147888183594
2026-03-12 11:00:00+00:00,53.809226989746094
2026-03-12 12:00:00+00:00,48.7668571472168
2026-03-12 13:00:00+00:00,51.559635162353516
2026-03-12 14:00:00+00:00,60.152618408203125
2026-03-12 15:00:00+00:00,68.9532699584961
2026-03-12 16:00:00+00:00,82.05917358398438
2026-03-12 17:00:00+00:00,125.78987121582031
2026-03-12 18:00:00+00:00,159.1290283203125
2026-03-12 19:00:00+00:00,131.2335968017578
2026-03-12 20:00:00+00:00,98.60809326171875
2026-03-12 21:00:00+00:00,91.66323852539062
2026-03-12 22:00:00+00:00,83.81519317626953
2026-03-12 23:00:00+00:00,72.1082763671875
2026-03-13 00:00:00+00:00,7.0338287353515625
2026-03-13 01:00:00+00:00,5.6767578125
2026-03-13 02:00:00+00:00,4.098968505859375
2026-03-13 03:00:00+00:00,3.8597259521484375
2026-03-13 04:00:00+00:00,8.010143280029297
2026-03-13 05:00:00+00:00,28.737884521484375
2026-03-13 06:00:00+00:00,52.612449645996094
2026-03-13 07:00:00+00:00,56.804325103759766
2026-03-13 08:00:00+00:00,34.93868637084961
2026-03-13 09:00:00+00:00,11.219886779785156
2026-03-13 10:00:00+00:00,4.925899505615234
2026-03-13 11:00:00+00:00,3.5876998901367188
2026-03-13 12:00:00+00:00,3.1997756958007812
2026-03-13 13:00:00+00:00,4.652496337890625
2026-03-13 14:00:00+00:00,6.282573699951172
2026-03-13 15:00:00+00:00,12.00942611694336
2026-03-13 16:00:00+00:00,27.81959342956543
2026-03-13 17:00:00+00:00,68.51820373535156
2026-03-13 18:00:00+00:00,100.563720703125
2026-03-13 19:00:00+00:00,67.10096740722656
2026-03-13 20:00:00+00:00,44.249305725097656
2026-03-13 21:00:00+00:00,45.32899856567383
2026-03-13 22:00:00+00:00,40.85892868041992
2026-03-13 23:00:00+00:00,31.49989128112793
2026-03-14 00:00:00+00:00,110.45669555664062
2026-03-14 01:00:00+00:00,97.10176086425781
2026-03-14 02:00:00+00:00,84.81092071533203
2026-03-14 03:00:00+00:00,79.83021545410156
2026-03-14 04:00:00+00:00,80.6056137084961
2026-03-14 05:00:00+00:00,83.97000122070312
2026-03-14 06:00:00+00:00,86.94911193847656
2026-03-14 07:00:00+00:00,82.98736572265625
2026-03-14 08:00:00+00:00,68.61457061767578
2026-03-14 09:00:00+00:00,52.41179275512695
2026-03-14 10:00:00+00:00,40.64933395385742
2026-03-14 11:00:00+00:00,33.715389251708984
2026-03-14 12:00:00+00:00,29.952472686767578
2026-03-14 13:00:00+00:00,31.002500534057617
2026-03-14 14:00:00+00:00,38.16236877441406
2026-03-14 15:00:00+00:00,44.917694091796875
2026-03-14 16:00:00+00:00,57.41853332519531
2026-03-14 17:00:00+00:00,91.6663818359375
2026-03-14 18:00:00+00:00,127.6064224243164
2026-03-14 19:00:00+00:00,102.82073974609375
2026-03-14 20:00:00+00:00,86.06980895996094
2026-03-14 21:00:00+00:00,83.73542785644531
2026-03-14 22:00:00+00:00,78.02093505859375
2026-03-14 23:00:00+00:00,71.92243957519531
2026-03-15 00:00:00+00:00,138.0460662841797
2026-03-15 01:00:00+00:00,125.19398498535156
2026-03-15 02:00:00+00:00,111.75888061523438
2026-03-15 03:00:00+00:00,109.40160369873047
2026-03-15 04:00:00+00:00,111.05906677246094
2026-03-15 05:00:00+00:00,113.21507263183594
2026-03-15 06:00:00+00:00,114.97720336914062
2026-03-15 07:00:00+00:00,111.30509948730469
2026-03-15 08:00:00+00:00,97.31503295898438
2026-03-15 09:00:00+00:00,80.04085540771484
2026-03-15 10:00:00+00:00,67.24608612060547
2026-03-15 11:00:00+00:00,58.028438568115234
2026-03-15 12:00:00+00:00,53.08125686645508
2026-03-15 13:00:00+00:00,51.963340759277344
2026-03-15 14:00:00+00:00,57.60298538208008
2026-03-15 15:00:00+00:00,66.36026763916016
2026-03-15 16:00:00+00:00,79.44447326660156
2026-03-15 17:00:00+00:00,126.98067474365234
2026-03-15 18:00:00+00:00,155.0675048828125
2026-03-15 19:00:00+00:00,132.26077270507812
2026-03-15 20:00:00+00:00,113.55394744873047
2026-03-15 21:00:00+00:00,107.22030639648438
2026-03-15 22:00:00+00:00,102.71312713623047
2026-03-15 23:00:00+00:00,98.63379669189453
2026-03-16 00:00:00+00:00,17.72846031188965
2026-03-16 01:00:00+00:00,14.745269775390625
2026-03-16 02:00:00+00:00,9.517284393310547
2026-03-16 03:00:00+00:00,9.821170806884766
2026-03-16 04:00:00+00:00,16.62469482421875
2026-03-16 05:00:00+00:00,37.56509780883789
2026-03-16 06:00:00+00:00,70.22573852539062
2026-03-16 07:00:00+00:00,74.58766174316406
2026-03-16 08:00:00+00:00,41.049312591552734
2026-03-16 09:00:00+00:00,17.22934341430664
2026-03-16 10:00:00+00:00,10.020584106445312
2026-03-16 11:00:00+00:00,7.3253173828125
2026-03-16 12:00:00+00:00,5.5909423828125
2026-03-16 13:00:00+00:00,7.306774139404297
2026-03-16 14:00:00+00:00,9.078556060791016
2026-03-16 15:00:00+00:00,21.172502517700195
2026-03-16 16:00:00+00:00,47.314510345458984
2026-03-16 17:00:00+00:00,97.31094360351562
2026-03-16 18:00:00+00:00,141.13003540039062
2026-03-16 19:00:00+00:00,104.55693054199219
2026-03-16 20:00:00+00:00,71.23343658447266
2026-03-16 21:00:00+00:00,67.08219909667969
2026-03-16 22:00:00+00:00,57.390106201171875
2026-03-16 23:00:00+00:00,47.871089935302734
2026-03-17 00:00:00+00:00,107.99131774902344
2026-03-17 01:00:00+00:00,96.39070129394531
2026-03-17 02:00:00+00:00,80.82677459716797
2026-03-17 03:00:00+00:00,79.92609405517578
2026-03-17 04:00:00+00:00,94.00651550292969
2026-03-17 05:00:00+00:00,117.56521606445312
2026-03-17 06:00:00+00:00,147.51756286621094
2026-03-17 07:00:00+00:00,149.55909729003906
2026-03-17 08:00:00+00:00,114.7088623046875
2026-03-17 09:00:00+00:00,85.07847595214844
2026-03-17 10:00:00+00:00,66.22327423095703
2026-03-17 11:00:00+00:00,57.50788116455078
2026-03-17 12:00:00+00:00,51.73149871826172
2026-03-17 13:00:00+00:00,53.570892333984375
2026-03-17 14:00:00+00:00,62.49129867553711
2026-03-17 15:00:00+00:00,73.7196273803711
2026-03-17 16:00:00+00:00,98.06193542480469
2026-03-17 17:00:00+00:00,155.4987335205078
2026-03-17 18:00:00+00:00,185.25149536132812
2026-03-17 19:00:00+00:00,152.739990234375
2026-03-17 20:00:00+00:00,122.94200134277344
2026-03-17 21:00:00+00:00,114.39932250976562
2026-03-17 22:00:00+00:00,102.12039947509766
2026-03-17 23:00:00+00:00,97.66436767578125
2026-03-18 00:00:00+00:00,25.426326751708984
2026-03-18 01:00:00+00:00,20.46504020690918
2026-03-18 02:00:00+00:00,14.260181427001953
2026-03-18 03:00:00+00:00,14.688957214355469
2026-03-18 04:00:00+00:00,27.889142990112305
2026-03-18 05:00:00+00:00,58.870121002197266
2026-03-18 06:00:00+00:00,98.61976623535156
2026-03-18 07:00:00+00:00,97.90522766113281
2026-03-18 08:00:00+00:00,53.24725341796875
2026-03-18 09:00:00+00:00,19.546306610107422
2026-03-18 10:00:00+00:00,9.351348876953125
2026-03-18 11:00:00+00:00,6.922218322753906
2026-03-18 12:00:00+00:00,5.598060607910156
2026-03-18 13:00:00+00:00,7.121463775634766
2026-03-18 14:00:00+00:00,10.652362823486328
2026-03-18 15:00:00+00:00,20.46876335144043
2026-03-18 16:00:00+00:00,60.93354797363281
2026-03-18 17:00:00+00:00,129.6595458984375
2026-03-18 18:00:00+00:00,171.7508544921875
2026-03-18 19:00:00+00:00,137.82675170898438
2026-03-18 20:00:00+00:00,98.29483032226562
2026-03-18 21:00:00+00:00,90.769287109375
2026-03-18 22:00:00+00:00,78.2479476928711
2026-03-18 23:00:00+00:00,72.79135131835938
2026-03-19 00:00:00+00:00,23.87777328491211
2026-03-19 01:00:00+00:00,20.433517456054688
2026-03-19 02:00:00+00:00,13.915855407714844
2026-03-19 03:00:00+00:00,14.838573455810547
2026-03-19 04:00:00+00:00,20.231996536254883
2026-03-19 05:00:00+00:00,37.83967971801758
2026-03-19 06:00:00+00:00,61.53948974609375
2026-03-19 07:00:00+00:00,59.22562789916992
2026-03-19 08:00:00+00:00,26.587589263916016
2026-03-19 09:00:00+00:00,9.556774139404297
2026-03-19 10:00:00+00:00,4.737953186035156
2026-03-19 11:00:00+00:00,4.3436126708984375
2026-03-19 12:00:00+00:00,3.7409095764160156
2026-03-19 13:00:00+00:00,4.137977600097656
2026-03-19 14:00:00+00:00,4.644676208496094
2026-03-19 15:00:00+00:00,8.044246673583984
2026-03-19 16:00:00+00:00,29.667015075683594
2026-03-19 17:00:00+00:00,74.3729248046875
2026-03-19 18:00:00+00:00,108.16368103027344
2026-03-19 19:00:00+00:00,80.02272033691406
2026-03-19 20:00:00+00:00,54.04381561279297
2026-03-19 21:00:00+00:00,52.04929733276367
2026-03-19 22:00:00+00:00,42.78708267211914
2026-03-19 23:00:00+00:00,37.5892219543457
2026-03-20 00:00:00+00:00,57.294315338134766
2026-03-20 01:00:00+00:00,52.83425521850586
2026-03-20 02:00:00+00:00,46.47200393676758
2026-03-20 03:00:00+00:00,46.014869689941406
2026-03-20 04:00:00+00:00,54.00618362426758
2026-03-20 05:00:00+00:00,70.34330749511719
2026-03-20 06:00:00+00:00,94.0751953125
2026-03-20 07:00:00+00:00,93.80809020996094
2026-03-20 08:00:00+00:00,63.294593811035156
2026-03-20 09:00:00+00:00,39.34239959716797
2026-03-20 10:00:00+00:00,30.229278564453125
2026-03-20 11:00:00+00:00,25.322168350219727
2026-03-20 12:00:00+00:00,19.915306091308594
2026-03-20 13:00:00+00:00,21.42596435546875
2026-03-20 14:00:00+00:00,26.182462692260742
2026-03-20 15:00:00+00:00,35.26250457763672
2026-03-20 16:00:00+00:00,64.25468444824219
2026-03-20 17:00:00+00:00,107.25996398925781
2026-03-20 18:00:00+00:00,137.5624542236328
2026-03-20 19:00:00+00:00,114.17866516113281
2026-03-20 20:00:00+00:00,94.6363296508789
2026-03-20 21:00:00+00:00,90.60270690917969
2026-03-20 22:00:00+00:00,87.00765991210938
2026-03-20 23:00:00+00:00,83.12223815917969
2026-03-21 00:00:00+00:00,49.75193786621094
2026-03-21 01:00:00+00:00,42.23745346069336
2026-03-21 02:00:00+00:00,32.18871307373047
2026-03-21 03:00:00+00:00,33.17432403564453
2026-03-21 04:00:00+00:00,42.199195861816406
2026-03-21 05:00:00+00:00,51.633155822753906
2026-03-21 06:00:00+00:00,58.96874237060547
2026-03-21 07:00:00+00:00,48.895904541015625
2026-03-21 08:00:00+00:00,26.383535385131836
2026-03-21 09:00:00+00:00,6.297096252441406
2026-03-21 10:00:00+00:00,1.3639106750488281
2026-03-21 11:00:00+00:00,1.7197990417480469
2026-03-21 12:00:00+00:00,0.7511672973632812
2026-03-21 13:00:00+00:00,0.4099311828613281
2026-03-21 14:00:00+00:00,1.9044876098632812
2026-03-21 15:00:00+00:00,5.064693450927734
2026-03-21 16:00:00+00:00,40.29924774169922
2026-03-21 17:00:00+00:00,88.13432312011719
2026-03-21 18:00:00+00:00,115.98538208007812
2026-03-21 19:00:00+00:00,89.33366394042969
2026-03-21 20:00:00+00:00,72.67436218261719
2026-03-21 21:00:00+00:00,72.41215515136719
2026-03-21 22:00:00+00:00,68.10684204101562
2026-03-21 23:00:00+00:00,61.916473388671875
2026-03-22 00:00:00+00:00,70.13142395019531
2026-03-22 01:00:00+00:00,60.45664978027344
2026-03-22 02:00:00+00:00,50.60512924194336
2026-03-22 03:00:00+00:00,47.55729675292969
2026-03-22 04:00:00+00:00,49.80740737915039
2026-03-22 05:00:00+00:00,51.332763671875
2026-03-22 06:00:00+00:00,49.601959228515625
2026-03-22 07:00:00+00:00,39.60170364379883
2026-03-22 08:00:00+00:00,20.356178283691406
2026-03-22 09:00:00+00:00,6.9602508544921875
2026-03-22 10:00:00+00:00,3.1698150634765625
2026-03-22 11:00:00+00:00,3.2736473083496094
2026-03-22 12:00:00+00:00,2.526744842529297
2026-03-22 13:00:00+00:00,1.9386711120605469
2026-03-22 14:00:00+00:00,2.466907501220703
2026-03-22 15:00:00+00:00,3.3122940063476562
2026-03-22 16:00:00+00:00,30.51203727722168
2026-03-22 17:00:00+00:00,78.30601501464844
2026-03-22 18:00:00+00:00,114.06044006347656
2026-03-22 19:00:00+00:00,85.8447265625
2026-03-22 20:00:00+00:00,66.46111297607422
2026-03-22 21:00:00+00:00,63.64527893066406
2026-03-22 22:00:00+00:00,53.58319854736328
2026-03-22 23:00:00+00:00,48.03171920776367
2026-03-23 00:00:00+00:00,58.7887077331543
2026-03-23 01:00:00+00:00,51.07109069824219
2026-03-23 02:00:00+00:00,41.65070343017578
2026-03-23 03:00:00+00:00,43.328189849853516
2026-03-23 04:00:00+00:00,53.525543212890625
2026-03-23 05:00:00+00:00,73.29084777832031
2026-03-23 06:00:00+00:00,98.64227294921875
2026-03-23 07:00:00+00:00,84.09471130371094
2026-03-23 08:00:00+00:00,44.98811340332031
2026-03-23 09:00:00+00:00,14.916934967041016
2026-03-23 10:00:00+00:00,6.117389678955078
2026-03-23 11:00:00+00:00,4.534610748291016
2026-03-23 12:00:00+00:00,3.3911972045898438
2026-03-23 13:00:00+00:00,3.5202980041503906
2026-03-23 14:00:00+00:00,4.443767547607422
2026-03-23 15:00:00+00:00,9.534687042236328
2026-03-23 16:00:00+00:00,48.77526092529297
2026-03-23 17:00:00+00:00,100.85734558105469
2026-03-23 18:00:00+00:00,137.01663208007812
2026-03-23 19:00:00+00:00,101.163818359375
2026-03-23 20:00:00+00:00,78.23323822021484
2026-03-23 21:00:00+00:00,75.52845764160156
2026-03-23 22:00:00+00:00,62.84487533569336
2026-03-23 23:00:00+00:00,58.65933609008789
2026-03-24 00:00:00+00:00,76.466552734375
2026-03-24 01:00:00+00:00,71.65038299560547
2026-03-24 02:00:00+00:00,55.67021942138672
2026-03-24 03:00:00+00:00,55.01474380493164
2026-03-24 04:00:00+00:00,71.62438201904297
2026-03-24 05:00:00+00:00,108.33131408691406
2026-03-24 06:00:00+00:00,153.03001403808594
2026-03-24 07:00:00+00:00,134.6180877685547
2026-03-24 08:00:00+00:00,73.38902282714844
2026-03-24 09:00:00+00:00,33.5670051574707
2026-03-24 10:00:00+00:00,17.22919464111328
2026-03-24 11:00:00+00:00,13.261466979980469
2026-03-24 12:00:00+00:00,7.988151550292969
2026-03-24 13:00:00+00:00,9.693004608154297
2026-03-24 14:00:00+00:00,13.137374877929688
2026-03-24 15:00:00+00:00,25.757780075073242
2026-03-24 16:00:00+00:00,71.42127990722656
2026-03-24 17:00:00+00:00,135.540283203125
2026-03-24 18:00:00+00:00,181.4950714111328
2026-03-24 19:00:00+00:00,144.573974609375
2026-03-24 20:00:00+00:00,106.9018783569336
2026-03-24 21:00:00+00:00,101.81343841552734
2026-03-24 22:00:00+00:00,85.4350357055664
2026-03-24 23:00:00+00:00,75.3577880859375
2026-03-25 00:00:00+00:00,3.8476638793945312
2026-03-25 01:00:00+00:00,3.979137420654297
2026-03-25 02:00:00+00:00,3.3673019409179688
2026-03-25 03:00:00+00:00,3.1806564331054688
2026-03-25 04:00:00+00:00,5.442325592041016
2026-03-25 05:00:00+00:00,26.36176109313965
2026-03-25 06:00:00+00:00,49.14007568359375
2026-03-25 07:00:00+00:00,41.902767181396484
2026-03-25 08:00:00+00:00,11.592636108398438
2026-03-25 09:00:00+00:00,3.062957763671875
2026-03-25 10:00:00+00:00,2.0124664306640625
2026-03-25 11:00:00+00:00,2.196666717529297
2026-03-25 12:00:00+00:00,2.0948753356933594
2026-03-25 13:00:00+00:00,2.296375274658203
2026-03-25 14:00:00+00:00,2.4423599243164062
2026-03-25 15:00:00+00:00,3.27392578125
2026-03-25 16:00:00+00:00,15.753406524658203
2026-03-25 17:00:00+00:00,61.52542495727539
2026-03-25 18:00:00+00:00,101.42317199707031
2026-03-25 19:00:00+00:00,70.44581604003906
2026-03-25 20:00:00+00:00,41.89039611816406
2026-03-25 21:00:00+00:00,41.57146453857422
2026-03-25 22:00:00+00:00,29.892108917236328
2026-03-25 23:00:00+00:00,21.606674194335938
2026-03-26 00:00:00+00:00,68.15068054199219
2026-03-26 01:00:00+00:00,63.41644287109375
2026-03-26 02:00:00+00:00,51.29313659667969
2026-03-26 03:00:00+00:00,50.609737396240234
2026-03-26 04:00:00+00:00,60.005531311035156
2026-03-26 05:00:00+00:00,80.12005615234375
2026-03-26 06:00:00+00:00,105.1046142578125
2026-03-26 07:00:00+00:00,93.16529846191406
2026-03-26 08:00:00+00:00,56.31471633911133
2026-03-26 09:00:00+00:00,22.068675994873047
2026-03-26 10:00:00+00:00,12.033790588378906
2026-03-26 11:00:00+00:00,9.810317993164062
2026-03-26 12:00:00+00:00,7.1834564208984375
2026-03-26 13:00:00+00:00,8.088977813720703
2026-03-26 14:00:00+00:00,10.162689208984375
2026-03-26 15:00:00+00:00,18.463241577148438
2026-03-26 16:00:00+00:00,50.20893478393555
2026-03-26 17:00:00+00:00,102.52569580078125
2026-03-26 18:00:00+00:00,142.29745483398438
2026-03-26 19:00:00+00:00,110.54286193847656
2026-03-26 20:00:00+00:00,85.0448226928711
2026-03-26 21:00:00+00:00,81.22440338134766
2026-03-26 22:00:00+00:00,71.47732543945312
2026-03-26 23:00:00+00:00,65.61139678955078
2026-03-27 00:00:00+00:00,120.40245819091797
2026-03-27 01:00:00+00:00,112.00569152832031
2026-03-27 02:00:00+00:00,97.18281555175781
2026-03-27 03:00:00+00:00,97.6080322265625
2026-03-27 04:00:00+00:00,108.43223571777344
2026-03-27 05:00:00+00:00,134.13299560546875
2026-03-27 06:00:00+00:00,157.3350067138672
2026-03-27 07:00:00+00:00,144.40196228027344
2026-03-27 08:00:00+00:00,94.75374603271484
2026-03-27 09:00:00+00:00,51.349586486816406
2026-03-27 10:00:00+00:00,32.2135009765625
2026-03-27 11:00:00+00:00,27.041391372680664
2026-03-27 12:00:00+00:00,20.64382553100586
2026-03-27 13:00:00+00:00,22.52761459350586
2026-03-27 14:00:00+00:00,29.687929153442383
2026-03-27 15:00:00+00:00,45.66128921508789
2026-03-27 16:00:00+00:00,84.4737319946289
2026-03-27 17:00:00+00:00,140.43569946289062
2026-03-27 18:00:00+00:00,169.74136352539062
2026-03-27 19:00:00+00:00,140.2310791015625
2026-03-27 20:00:00+00:00,116.6452865600586
2026-03-27 21:00:00+00:00,114.82498931884766
2026-03-27 22:00:00+00:00,111.85823822021484
2026-03-27 23:00:00+00:00,104.51783752441406
2026-03-28 00:00:00+00:00,89.74278259277344
2026-03-28 01:00:00+00:00,81.45648193359375
2026-03-28 02:00:00+00:00,69.71904754638672
2026-03-28 03:00:00+00:00,67.70997619628906
2026-03-28 04:00:00+00:00,71.93728637695312
2026-03-28 05:00:00+00:00,77.46003723144531
2026-03-28 06:00:00+00:00,79.88462829589844
2026-03-28 07:00:00+00:00,74.35736083984375
2026-03-28 08:00:00+00:00,56.049285888671875
2026-03-28 09:00:00+00:00,34.542510986328125
2026-03-28 10:00:00+00:00,21.490264892578125
2026-03-28 11:00:00+00:00,15.426799774169922
2026-03-28 12:00:00+00:00,9.171207427978516
2026-03-28 13:00:00+00:00,8.744621276855469
2026-03-28 14:00:00+00:00,11.059154510498047
2026-03-28 15:00:00+00:00,17.344593048095703
2026-03-28 16:00:00+00:00,45.83738708496094
2026-03-28 17:00:00+00:00,91.88520812988281
2026-03-28 18:00:00+00:00,123.34603881835938
2026-03-28 19:00:00+00:00,104.834716796875
2026-03-28 20:00:00+00:00,89.68756103515625
2026-03-28 21:00:00+00:00,87.6619644165039
2026-03-28 22:00:00+00:00,83.08758544921875
2026-03-28 23:00:00+00:00,81.57697296142578
2026-03-29 00:00:00+00:00,93.98440551757812
2026-03-29 01:00:00+00:00,84.22752380371094
2026-03-29 02:00:00+00:00,74.06192779541016
2026-03-29 03:00:00+00:00,70.66287231445312
2026-03-29 04:00:00+00:00,72.9562759399414
2026-03-29 05:00:00+00:00,77.03125
2026-03-29 06:00:00+00:00,77.53054809570312
2026-03-29 07:00:00+00:00,67.26109313964844
2026-03-29 08:00:00+00:00,41.442718505859375
2026-03-29 09:00:00+00:00,14.583457946777344
2026-03-29 10:00:00+00:00,7.224681854248047
2026-03-29 11:00:00+00:00,6.243518829345703
2026-03-29 12:00:00+00:00,4.3657379150390625
2026-03-29 13:00:00+00:00,3.9311866760253906
2026-03-29 14:00:00+00:00,5.701938629150391
2026-03-29 15:00:00+00:00,11.354900360107422
2026-03-29 16:00:00+00:00,47.47459030151367
2026-03-29 17:00:00+00:00,107.73465728759766
2026-03-29 18:00:00+00:00,144.35227966308594
2026-03-29 19:00:00+00:00,114.3841552734375
2026-03-29 20:00:00+00:00,91.75460815429688
2026-03-29 21:00:00+00:00,89.91158294677734
2026-03-29 22:00:00+00:00,81.93504333496094
2026-03-29 23:00:00+00:00,72.23597717285156
2026-03-30 00:00:00+00:00,4.480735778808594
2026-03-30 01:00:00+00:00,4.738655090332031
2026-03-30 02:00:00+00:00,4.437938690185547
2026-03-30 03:00:00+00:00,4.374111175537109
2026-03-30 04:00:00+00:00,6.97796630859375
2026-03-30 05:00:00+00:00,25.593841552734375
2026-03-30 06:00:00+00:00,47.81480026245117
2026-03-30 07:00:00+00:00,40.615936279296875
2026-03-30 08:00:00+00:00,13.78274154663086
2026-03-30 09:00:00+00:00,5.110569000244141
2026-03-30 10:00:00+00:00,3.9940147399902344
2026-03-30 11:00:00+00:00,4.121650695800781
2026-03-30 12:00:00+00:00,3.837932586669922
2026-03-30 13:00:00+00:00,4.0405731201171875
2026-03-30 14:00:00+00:00,4.28375244140625
2026-03-30 15:00:00+00:00,5.138938903808594
2026-03-30 16:00:00+00:00,21.195907592773438
2026-03-30 17:00:00+00:00,73.54734802246094
2026-03-30 18:00:00+00:00,104.10249328613281
2026-03-30 19:00:00+00:00,71.35443115234375
2026-03-30 20:00:00+00:00,49.486305236816406
2026-03-30 21:00:00+00:00,47.04578399658203
2026-03-30 22:00:00+00:00,36.14719009399414
2026-03-30 23:00:00+00:00,27.819625854492188
2026-03-31 00:00:00+00:00,88.1386947631836
2026-03-31 01:00:00+00:00,84.0564193725586
2026-03-31 02:00:00+00:00,69.32589721679688
2026-03-31 03:00:00+00:00,71.0794677734375
2026-03-31 04:00:00+00:00,83.0313720703125
2026-03-31 05:00:00+00:00,110.80362701416016
2026-03-31 06:00:00+00:00,138.1905517578125
2026-03-31 07:00:00+00:00,127.87785339355469
2026-03-31 08:00:00+00:00,80.41899871826172
2026-03-31 09:00:00+00:00,36.28746795654297
2026-03-31 10:00:00+00:00,20.72915267944336
2026-03-31 11:00:00+00:00,15.024528503417969
2026-03-31 12:00:00+00:00,10.850509643554688
2026-03-31 13:00:00+00:00,11.914630889892578
2026-03-31 14:00:00+00:00,17.99520492553711
2026-03-31 15:00:00+00:00,26.302654266357422
2026-03-31 16:00:00+00:00,65.1459732055664
2026-03-31 17:00:00+00:00,124.93733215332031
2026-03-31 18:00:00+00:00,158.59385681152344
2026-03-31 19:00:00+00:00,125.17967224121094
2026-03-31 20:00:00+00:00,97.1819076538086
2026-03-31 21:00:00+00:00,93.69436645507812
2026-03-31 22:00:00+00:00,82.59046936035156
2026-03-31 23:00:00+00:00,73.66981506347656
2026-04-01 00:00:00+00:00,122.50741577148438
2026-04-01 01:00:00+00:00,113.77235412597656
2026-04-01 02:00:00+00:00,102.78285217285156
2026-04-01 03:00:00+00:00,104.07905578613281
2026-04-01 04:00:00+00:00,114.76902770996094
2026-04-01 05:00:00+00:00,132.39712524414062
2026-04-01 06:00:00+00:00,150.79766845703125
2026-04-01 07:00:00+00:00,142.7850341796875
2026-04-01 08:00:00+00:00,107.65335083007812
2026-04-01 09:00:00+00:00,77.08152770996094
2026-04-01 10:00:00+00:00,62.09684753417969
2026-04-01 11:00:00+00:00,52.1895637512207
2026-04-01 12:00:00+00:00,45.741859436035156
2026-04-01 13:00:00+00:00,46.771873474121094
2026-04-01 14:00:00+00:00,52.62093734741211
2026-04-01 15:00:00+00:00,63.85981750488281
2026-04-01 16:00:00+00:00,90.67389678955078
2026-04-01 17:00:00+00:00,142.90060424804688
2026-04-01 18:00:00+00:00,166.3194580078125
2026-04-01 19:00:00+00:00,136.5138702392578
2026-04-01 20:00:00+00:00,119.6370849609375
2026-04-01 21:00:00+00:00,113.1435546875
2026-04-01 22:00:00+00:00,104.34846496582031
2026-04-01 23:00:00+00:00,98.23088073730469
2026-04-02 00:00:00+00:00,113.31140899658203
2026-04-02 01:00:00+00:00,109.40049743652344
2026-04-02 02:00:00+00:00,100.54100799560547
2026-04-02 03:00:00+00:00,98.4732666015625
2026-04-02 04:00:00+00:00,108.97386932373047
2026-04-02 05:00:00+00:00,131.20269775390625
2026-04-02 06:00:00+00:00,152.52902221679688
2026-04-02 07:00:00+00:00,141.62619018554688
2026-04-02 08:00:00+00:00,102.42816162109375
2026-04-02 09:00:00+00:00,72.03395080566406
2026-04-02 10:00:00+00:00,54.19551086425781
2026-04-02 11:00:00+00:00,41.60220718383789
2026-04-02 12:00:00+00:00,34.08586502075195
2026-04-02 13:00:00+00:00,38.8179931640625
2026-04-02 14:00:00+00:00,50.27922821044922
2026-04-02 15:00:00+00:00,63.7286262512207
2026-04-02 16:00:00+00:00,91.48360443115234
2026-04-02 17:00:00+00:00,140.13494873046875
2026-04-02 18:00:00+00:00,158.0445556640625
2026-04-02 19:00:00+00:00,131.83705139160156
2026-04-02 20:00:00+00:00,111.77433776855469
2026-04-02 21:00:00+00:00,105.6515884399414
2026-04-02 22:00:00+00:00,97.13170623779297
2026-04-02 23:00:00+00:00,90.68771362304688
2026-04-03 00:00:00+00:00,115.36729431152344
2026-04-03 01:00:00+00:00,110.71095275878906
2026-04-03 02:00:00+00:00,104.7236328125
2026-04-03 03:00:00+00:00,104.56918334960938
2026-04-03 04:00:00+00:00,113.471923828125
2026-04-03 05:00:00+00:00,132.03793334960938
2026-04-03 06:00:00+00:00,143.22286987304688
2026-04-03 07:00:00+00:00,132.88043212890625
2026-04-03 08:00:00+00:00,105.95729064941406
2026-04-03 09:00:00+00:00,88.01797485351562
2026-04-03 10:00:00+00:00,76.63762664794922
2026-04-03 11:00:00+00:00,64.60304260253906
2026-04-03 12:00:00+00:00,57.97486877441406
2026-04-03 13:00:00+00:00,55.95303726196289
2026-04-03 14:00:00+00:00,60.836097717285156
2026-04-03 15:00:00+00:00,73.18690490722656
2026-04-03 16:00:00+00:00,92.72952270507812
2026-04-03 17:00:00+00:00,139.6074676513672
2026-04-03 18:00:00+00:00,151.6904296875
2026-04-03 19:00:00+00:00,130.02456665039062
2026-04-03 20:00:00+00:00,118.88481140136719
2026-04-03 21:00:00+00:00,115.53499603271484
2026-04-03 22:00:00+00:00,112.69952392578125
2026-04-03 23:00:00+00:00,108.83894348144531
2026-04-04 00:00:00+00:00,19.29723358154297
2026-04-04 01:00:00+00:00,13.478946685791016
2026-04-04 02:00:00+00:00,9.954448699951172
2026-04-04 03:00:00+00:00,11.99420166015625
2026-04-04 04:00:00+00:00,24.60626220703125
2026-04-04 05:00:00+00:00,40.24766540527344
2026-04-04 06:00:00+00:00,44.315574645996094
2026-04-04 07:00:00+00:00,34.97198486328125
2026-04-04 08:00:00+00:00,15.790760040283203
2026-04-04 09:00:00+00:00,6.0332489013671875
2026-04-04 10:00:00+00:00,2.7134857177734375
2026-04-04 11:00:00+00:00,3.3667984008789062
2026-04-04 12:00:00+00:00,2.9954299926757812
2026-04-04 13:00:00+00:00,2.8891830444335938
2026-04-04 14:00:00+00:00,3.3063735961914062
2026-04-04 15:00:00+00:00,4.803977966308594
2026-04-04 16:00:00+00:00,24.61309051513672
2026-04-04 17:00:00+00:00,67.33685302734375
2026-04-04 18:00:00+00:00,87.678955078125
2026-04-04 19:00:00+00:00,72.26720428466797
2026-04-04 20:00:00+00:00,59.66085433959961
2026-04-04 21:00:00+00:00,57.71513366699219
2026-04-04 22:00:00+00:00,53.64495086669922
2026-04-04 23:00:00+00:00,53.68770980834961
2026-04-05 00:00:00+00:00,2.6358489990234375
2026-04-05 01:00:00+00:00,3.0035629272460938
2026-04-05 02:00:00+00:00,2.7124862670898438
2026-04-05 03:00:00+00:00,2.9388275146484375
2026-04-05 04:00:00+00:00,5.287830352783203
2026-04-05 05:00:00+00:00,10.47475814819336
2026-04-05 06:00:00+00:00,12.708320617675781
2026-04-05 07:00:00+00:00,7.875499725341797
2026-04-05 08:00:00+00:00,3.211456298828125
2026-04-05 09:00:00+00:00,2.5080032348632812
2026-04-05 10:00:00+00:00,2.1043777465820312
2026-04-05 11:00:00+00:00,2.1773910522460938
2026-04-05 12:00:00+00:00,2.1795196533203125
2026-04-05 13:00:00+00:00,2.0561981201171875
2026-04-05 14:00:00+00:00,2.2621536254882812
2026-04-05 15:00:00+00:00,1.97314453125
2026-04-05 16:00:00+00:00,7.536109924316406
2026-04-05 17:00:00+00:00,43.76628875732422
2026-04-05 18:00:00+00:00,61.207462310791016
2026-04-05 19:00:00+00:00,38.873504638671875
2026-04-05 20:00:00+00:00,30.602596282958984
2026-04-05 21:00:00+00:00,27.561603546142578
2026-04-05 22:00:00+00:00,17.370296478271484
2026-04-05 23:00:00+00:00,14.378173828125
2026-04-06 00:00:00+00:00,37.70983123779297
2026-04-06 01:00:00+00:00,34.67902755737305
2026-04-06 02:00:00+00:00,32.76256561279297
2026-04-06 03:00:00+00:00,35.95816421508789
2026-04-06 04:00:00+00:00,50.98660659790039
2026-04-06 05:00:00+00:00,71.40148162841797
2026-04-06 06:00:00+00:00,82.40819549560547
2026-04-06 07:00:00+00:00,73.83586120605469
2026-04-06 08:00:00+00:00,54.27153778076172
2026-04-06 09:00:00+00:00,36.11408233642578
2026-04-06 10:00:00+00:00,23.476360321044922
2026-04-06 11:00:00+00:00,13.689388275146484
2026-04-06 12:00:00+00:00,8.937053680419922
2026-04-06 13:00:00+00:00,11.3927001953125
2026-04-06 14:00:00+00:00,18.581512451171875
2026-04-06 15:00:00+00:00,32.87721633911133
2026-04-06 16:00:00+00:00,56.5861930847168
2026-04-06 17:00:00+00:00,93.75379180908203
2026-04-06 18:00:00+00:00,102.42042541503906
2026-04-06 19:00:00+00:00,89.01927185058594
2026-04-06 20:00:00+00:00,82.23033905029297
2026-04-06 21:00:00+00:00,74.02850341796875
2026-04-06 22:00:00+00:00,65.26913452148438
2026-04-06 23:00:00+00:00,61.019691467285156
2026-04-07 00:00:00+00:00,26.37317657470703
2026-04-07 01:00:00+00:00,25.36529541015625
2026-04-07 02:00:00+00:00,25.10309600830078
2026-04-07 03:00:00+00:00,25.68790054321289
2026-04-07 04:00:00+00:00,29.673181533813477
2026-04-07 05:00:00+00:00,34.211524963378906
2026-04-07 06:00:00+00:00,33.775428771972656
2026-04-07 07:00:00+00:00,24.788902282714844
2026-04-07 08:00:00+00:00,8.826663970947266
2026-04-07 09:00:00+00:00,-10.258949279785156
2026-04-07 10:00:00+00:00,-28.991851806640625
2026-04-07 11:00:00+00:00,-43.59672546386719
2026-04-07 12:00:00+00:00,-50.43450927734375
2026-04-07 13:00:00+00:00,-37.42808532714844
2026-04-07 14:00:00+00:00,-16.200035095214844
2026-04-07 15:00:00+00:00,3.8892059326171875
2026-04-07 16:00:00+00:00,21.303207397460938
2026-04-07 17:00:00+00:00,48.16232681274414
2026-04-07 18:00:00+00:00,61.58847427368164
2026-04-07 19:00:00+00:00,61.02992248535156
2026-04-07 20:00:00+00:00,57.054168701171875
2026-04-07 21:00:00+00:00,48.040855407714844
2026-04-07 22:00:00+00:00,38.96845626831055
2026-04-07 23:00:00+00:00,34.80558776855469
2026-04-08 00:00:00+00:00,53.574440002441406
2026-04-08 01:00:00+00:00,50.161376953125
2026-04-08 02:00:00+00:00,49.73268127441406
2026-04-08 03:00:00+00:00,52.540245056152344
2026-04-08 04:00:00+00:00,66.16410064697266
2026-04-08 05:00:00+00:00,85.34931182861328
2026-04-08 06:00:00+00:00,97.06934356689453
2026-04-08 07:00:00+00:00,76.92074584960938
2026-04-08 08:00:00+00:00,48.383663177490234
2026-04-08 09:00:00+00:00,29.224401473999023
2026-04-08 10:00:00+00:00,18.90251922607422
2026-04-08 11:00:00+00:00,10.017044067382812
2026-04-08 12:00:00+00:00,5.198280334472656
2026-04-08 13:00:00+00:00,7.094852447509766
2026-04-08 14:00:00+00:00,14.084274291992188
2026-04-08 15:00:00+00:00,27.96487045288086
2026-04-08 16:00:00+00:00,51.77305603027344
2026-04-08 17:00:00+00:00,84.70623016357422
2026-04-08 18:00:00+00:00,98.53785705566406
2026-04-08 19:00:00+00:00,92.2626953125
2026-04-08 20:00:00+00:00,81.90884399414062
2026-04-08 21:00:00+00:00,72.20516967773438
2026-04-08 22:00:00+00:00,64.01026153564453
2026-04-08 23:00:00+00:00,58.427738189697266
2026-04-09 00:00:00+00:00,84.47742462158203
2026-04-09 01:00:00+00:00,78.6055679321289
2026-04-09 02:00:00+00:00,74.7266616821289
2026-04-09 03:00:00+00:00,77.42047119140625
2026-04-09 04:00:00+00:00,90.41004180908203
2026-04-09 05:00:00+00:00,108.8414306640625
2026-04-09 06:00:00+00:00,118.62651062011719
2026-04-09 07:00:00+00:00,91.39407348632812
2026-04-09 08:00:00+00:00,55.657596588134766
2026-04-09 09:00:00+00:00,26.04808807373047
2026-04-09 10:00:00+00:00,10.922233581542969
2026-04-09 11:00:00+00:00,0.10240936279296875
2026-04-09 12:00:00+00:00,-2.3773345947265625
2026-04-09 13:00:00+00:00,1.6529197692871094
2026-04-09 14:00:00+00:00,9.077606201171875
2026-04-09 15:00:00+00:00,20.93911361694336
2026-04-09 16:00:00+00:00,50.04512023925781
2026-04-09 17:00:00+00:00,97.81625366210938
2026-04-09 18:00:00+00:00,120.42340087890625
2026-04-09 19:00:00+00:00,114.64837646484375
2026-04-09 20:00:00+00:00,100.40794372558594
2026-04-09 21:00:00+00:00,86.24980163574219
2026-04-09 22:00:00+00:00,76.02578735351562
2026-04-09 23:00:00+00:00,69.74925231933594
2026-04-10 00:00:00+00:00,12.7764892578125
2026-04-10 01:00:00+00:00,10.104972839355469
2026-04-10 02:00:00+00:00,9.922447204589844
2026-04-10 03:00:00+00:00,13.145545959472656
2026-04-10 04:00:00+00:00,25.836986541748047
2026-04-10 05:00:00+00:00,43.18788146972656
2026-04-10 06:00:00+00:00,54.431575775146484
2026-04-10 07:00:00+00:00,31.65726089477539
2026-04-10 08:00:00+00:00,8.018486022949219
2026-04-10 09:00:00+00:00,-3.7945785522460938
2026-04-10 10:00:00+00:00,-9.651565551757812
2026-04-10 11:00:00+00:00,-13.238288879394531
2026-04-10 12:00:00+00:00,-15.037452697753906
2026-04-10 13:00:00+00:00,-13.018699645996094
2026-04-10 14:00:00+00:00,-8.6824951171875
2026-04-10 15:00:00+00:00,-2.298938751220703
2026-04-10 16:00:00+00:00,18.221099853515625
2026-04-10 17:00:00+00:00,47.260780334472656
2026-04-10 18:00:00+00:00,65.83580780029297
2026-04-10 19:00:00+00:00,55.19552993774414
2026-04-10 20:00:00+00:00,50.29094696044922
2026-04-10 21:00:00+00:00,44.630714416503906
2026-04-10 22:00:00+00:00,34.31730651855469
2026-04-10 23:00:00+00:00,29.929309844970703
2026-04-11 00:00:00+00:00,17.91771697998047
2026-04-11 01:00:00+00:00,14.88906478881836
2026-04-11 02:00:00+00:00,12.983386993408203
2026-04-11 03:00:00+00:00,14.76156234741211
2026-04-11 04:00:00+00:00,19.868793487548828
2026-04-11 05:00:00+00:00,26.27690887451172
2026-04-11 06:00:00+00:00,28.043006896972656
2026-04-11 07:00:00+00:00,20.015213012695312
2026-04-11 08:00:00+00:00,7.544990539550781
2026-04-11 09:00:00+00:00,-1.3048782348632812
2026-04-11 10:00:00+00:00,-7.206729888916016
2026-04-11 11:00:00+00:00,-9.03531265258789
2026-04-11 12:00:00+00:00,-9.083797454833984
2026-04-11 13:00:00+00:00,-8.521305084228516
2026-04-11 14:00:00+00:00,-5.634647369384766
2026-04-11 15:00:00+00:00,-1.5734710693359375
2026-04-11 16:00:00+00:00,14.062393188476562
2026-04-11 17:00:00+00:00,44.649940490722656
2026-04-11 18:00:00+00:00,66.94609832763672
2026-04-11 19:00:00+00:00,63.07413101196289
2026-04-11 20:00:00+00:00,57.63469696044922
2026-04-11 21:00:00+00:00,51.14177322387695
2026-04-11 22:00:00+00:00,40.81309509277344
2026-04-11 23:00:00+00:00,34.44501495361328
2026-04-12 00:00:00+00:00,7.834232330322266
2026-04-12 01:00:00+00:00,5.583515167236328
2026-04-12 02:00:00+00:00,4.692249298095703
2026-04-12 03:00:00+00:00,5.0200958251953125
2026-04-12 04:00:00+00:00,6.100822448730469
2026-04-12 05:00:00+00:00,7.764232635498047
2026-04-12 06:00:00+00:00,6.346431732177734
2026-04-12 07:00:00+00:00,0.06061553955078125
2026-04-12 08:00:00+00:00,-7.827198028564453
2026-04-12 09:00:00+00:00,-13.319427490234375
2026-04-12 10:00:00+00:00,-18.314346313476562
2026-04-12 11:00:00+00:00,-21.116912841796875
2026-04-12 12:00:00+00:00,-21.77581024169922
2026-04-12 13:00:00+00:00,-19.741317749023438
2026-04-12 14:00:00+00:00,-13.516311645507812
2026-04-12 15:00:00+00:00,-5.202827453613281
2026-04-12 16:00:00+00:00,13.901172637939453
2026-04-12 17:00:00+00:00,34.902706146240234
2026-04-12 18:00:00+00:00,47.5814208984375
2026-04-12 19:00:00+00:00,45.248165130615234
2026-04-12 20:00:00+00:00,40.21865463256836
2026-04-12 21:00:00+00:00,34.1964111328125
2026-04-12 22:00:00+00:00,26.658727645874023
2026-04-12 23:00:00+00:00,22.647945404052734
2026-04-13 00:00:00+00:00,109.26023864746094
2026-04-13 01:00:00+00:00,103.44456481933594
2026-04-13 02:00:00+00:00,100.2906723022461
2026-04-13 03:00:00+00:00,105.58882141113281
2026-04-13 04:00:00+00:00,119.97222900390625
2026-04-13 05:00:00+00:00,137.25454711914062
2026-04-13 06:00:00+00:00,143.07449340820312
2026-04-13 07:00:00+00:00,126.72384643554688
2026-04-13 08:00:00+00:00,91.10054016113281
2026-04-13 09:00:00+00:00,64.89578247070312
2026-04-13 10:00:00+00:00,49.91028594970703
2026-04-13 11:00:00+00:00,39.54547119140625
2026-04-13 12:00:00+00:00,37.45549774169922
2026-04-13 13:00:00+00:00,40.74935531616211
2026-04-13 14:00:00+00:00,48.288848876953125
2026-04-13 15:00:00+00:00,61.47941970825195
2026-04-13 16:00:00+00:00,91.3385009765625
2026-04-13 17:00:00+00:00,133.08615112304688
2026-04-13 18:00:00+00:00,144.7249755859375
2026-04-13 19:00:00+00:00,137.68421936035156
2026-04-13 20:00:00+00:00,125.34059143066406
2026-04-13 21:00:00+00:00,113.10018157958984
2026-04-13 22:00:00+00:00,99.8049087524414
2026-04-13 23:00:00+00:00,91.96171569824219
2026-04-14 00:00:00+00:00,107.56551361083984
2026-04-14 01:00:00+00:00,101.26066589355469
2026-04-14 02:00:00+00:00,99.16864013671875
2026-04-14 03:00:00+00:00,104.95603942871094
2026-04-14 04:00:00+00:00,122.21659851074219
2026-04-14 05:00:00+00:00,140.0519561767578
2026-04-14 06:00:00+00:00,146.43797302246094
2026-04-14 07:00:00+00:00,135.72349548339844
2026-04-14 08:00:00+00:00,108.5650634765625
2026-04-14 09:00:00+00:00,89.768310546875
2026-04-14 10:00:00+00:00,77.0169906616211
2026-04-14 11:00:00+00:00,62.18836212158203
2026-04-14 12:00:00+00:00,57.76461410522461
2026-04-14 13:00:00+00:00,56.89747619628906
2026-04-14 14:00:00+00:00,59.861793518066406
2026-04-14 15:00:00+00:00,74.02384948730469
2026-04-14 16:00:00+00:00,99.16288757324219
2026-04-14 17:00:00+00:00,132.87384033203125
2026-04-14 18:00:00+00:00,138.88519287109375
2026-04-14 19:00:00+00:00,127.00784301757812
2026-04-14 20:00:00+00:00,118.86084747314453
2026-04-14 21:00:00+00:00,109.72311401367188
2026-04-14 22:00:00+00:00,102.13512420654297
2026-04-14 23:00:00+00:00,96.64386749267578
2026-04-15 00:00:00+00:00,84.69084167480469
2026-04-15 01:00:00+00:00,79.37197875976562
2026-04-15 02:00:00+00:00,75.890625
2026-04-15 03:00:00+00:00,81.1400375366211
2026-04-15 04:00:00+00:00,97.27545166015625
2026-04-15 05:00:00+00:00,119.34219360351562
2026-04-15 06:00:00+00:00,127.69364929199219
2026-04-15 07:00:00+00:00,104.54833984375
2026-04-15 08:00:00+00:00,67.4276351928711
2026-04-15 09:00:00+00:00,37.15157699584961
2026-04-15 10:00:00+00:00,26.5634708404541
2026-04-15 11:00:00+00:00,17.39822006225586
2026-04-15 12:00:00+00:00,11.923282623291016
2026-04-15 13:00:00+00:00,12.65340805053711
2026-04-15 14:00:00+00:00,16.671401977539062
2026-04-15 15:00:00+00:00,35.19512176513672
2026-04-15 16:00:00+00:00,72.70042419433594
2026-04-15 17:00:00+00:00,109.43739318847656
2026-04-15 18:00:00+00:00,121.54179382324219
2026-04-15 19:00:00+00:00,112.8242416381836
2026-04-15 20:00:00+00:00,103.63526916503906
2026-04-15 21:00:00+00:00,94.71366882324219
2026-04-15 22:00:00+00:00,83.78577423095703
2026-04-15 23:00:00+00:00,77.15596771240234
2026-04-16 00:00:00+00:00,85.41378784179688
2026-04-16 01:00:00+00:00,78.0307846069336
2026-04-16 02:00:00+00:00,76.71841430664062
2026-04-16 03:00:00+00:00,83.60978698730469
2026-04-16 04:00:00+00:00,99.81757354736328
2026-04-16 05:00:00+00:00,123.10321044921875
2026-04-16 06:00:00+00:00,130.93463134765625
2026-04-16 07:00:00+00:00,110.73191833496094
2026-04-16 08:00:00+00:00,64.06378173828125
2026-04-16 09:00:00+00:00,31.1866455078125
2026-04-16 10:00:00+00:00,22.97949981689453
2026-04-16 11:00:00+00:00,16.308094024658203
2026-04-16 12:00:00+00:00,11.764625549316406
2026-04-16 13:00:00+00:00,12.811450958251953
2026-04-16 14:00:00+00:00,17.72895050048828
2026-04-16 15:00:00+00:00,32.28569030761719
2026-04-16 16:00:00+00:00,70.9954833984375
2026-04-16 17:00:00+00:00,114.61725616455078
2026-04-16 18:00:00+00:00,126.89228057861328
2026-04-16 19:00:00+00:00,121.45431518554688
2026-04-16 20:00:00+00:00,112.43484497070312
2026-04-16 21:00:00+00:00,104.61784362792969
2026-04-16 22:00:00+00:00,97.14598846435547
2026-04-16 23:00:00+00:00,90.46395874023438
2026-04-17 00:00:00+00:00,105.07279968261719
2026-04-17 01:00:00+00:00,100.00028991699219
2026-04-17 02:00:00+00:00,99.40708923339844
2026-04-17 03:00:00+00:00,99.36637115478516
2026-04-17 04:00:00+00:00,112.20964813232422
2026-04-17 05:00:00+00:00,125.68843078613281
2026-04-17 06:00:00+00:00,131.16661071777344
2026-04-17 07:00:00+00:00,119.41267395019531
2026-04-17 08:00:00+00:00,72.47901153564453
2026-04-17 09:00:00+00:00,31.80526351928711
2026-04-17 10:00:00+00:00,25.436195373535156
2026-04-17 11:00:00+00:00,15.556171417236328
2026-04-17 12:00:00+00:00,10.236324310302734
2026-04-17 13:00:00+00:00,10.771305084228516
2026-04-17 14:00:00+00:00,13.104625701904297
2026-04-17 15:00:00+00:00,32.57573699951172
2026-04-17 16:00:00+00:00,72.49384307861328
2026-04-17 17:00:00+00:00,109.75022888183594
2026-04-17 18:00:00+00:00,123.48727416992188
2026-04-17 19:00:00+00:00,121.69666290283203
2026-04-17 20:00:00+00:00,114.2325439453125
2026-04-17 21:00:00+00:00,101.497314453125
2026-04-17 22:00:00+00:00,91.45001220703125
2026-04-17 23:00:00+00:00,81.13497161865234
2026-04-18 00:00:00+00:00,88.4039306640625
2026-04-18 01:00:00+00:00,80.80044555664062
2026-04-18 02:00:00+00:00,75.80400085449219
2026-04-18 03:00:00+00:00,75.7095718383789
2026-04-18 04:00:00+00:00,81.1002197265625
2026-04-18 05:00:00+00:00,85.2494888305664
2026-04-18 06:00:00+00:00,83.71282958984375
2026-04-18 07:00:00+00:00,66.7022933959961
2026-04-18 08:00:00+00:00,34.731040954589844
2026-04-18 09:00:00+00:00,16.51363754272461
2026-04-18 10:00:00+00:00,7.408668518066406
2026-04-18 11:00:00+00:00,2.827838897705078
2026-04-18 12:00:00+00:00,0.8428192138671875
2026-04-18 13:00:00+00:00,0.3945770263671875
2026-04-18 14:00:00+00:00,4.034923553466797
2026-04-18 15:00:00+00:00,14.693103790283203
2026-04-18 16:00:00+00:00,47.05419158935547
2026-04-18 17:00:00+00:00,78.72059631347656
2026-04-18 18:00:00+00:00,99.88971710205078
2026-04-18 19:00:00+00:00,102.2449951171875
2026-04-18 20:00:00+00:00,98.92530822753906
2026-04-18 21:00:00+00:00,92.271484375
2026-04-18 22:00:00+00:00,87.41374206542969
2026-04-18 23:00:00+00:00,82.0820083618164
2026-04-19 00:00:00+00:00,51.69110870361328
2026-04-19 01:00:00+00:00,46.56721878051758
2026-04-19 02:00:00+00:00,43.93060302734375
2026-04-19 03:00:00+00:00,44.95598220825195
2026-04-19 04:00:00+00:00,49.44442367553711
2026-04-19 05:00:00+00:00,50.60002136230469
2026-04-19 06:00:00+00:00,42.165069580078125
2026-04-19 07:00:00+00:00,19.865264892578125
2026-04-19 08:00:00+00:00,5.173210144042969
2026-04-19 09:00:00+00:00,-0.2895698547363281
2026-04-19 10:00:00+00:00,-2.722705841064453
2026-04-19 11:00:00+00:00,-3.37249755859375
2026-04-19 12:00:00+00:00,-3.6694107055664062
2026-04-19 13:00:00+00:00,-3.2380714416503906
2026-04-19 14:00:00+00:00,0.3187980651855469
2026-04-19 15:00:00+00:00,8.727897644042969
2026-04-19 16:00:00+00:00,45.559207916259766
2026-04-19 17:00:00+00:00,76.96733093261719
2026-04-19 18:00:00+00:00,94.48098754882812
2026-04-19 19:00:00+00:00,96.60791015625
2026-04-19 20:00:00+00:00,91.84842681884766
2026-04-19 21:00:00+00:00,84.47236633300781
2026-04-19 22:00:00+00:00,76.34953308105469
2026-04-19 23:00:00+00:00,71.40252685546875
2026-04-20 00:00:00+00:00,19.357845306396484
2026-04-20 01:00:00+00:00,17.562610626220703
2026-04-20 02:00:00+00:00,17.826263427734375
2026-04-20 03:00:00+00:00,22.499042510986328
2026-04-20 04:00:00+00:00,36.218658447265625
2026-04-20 05:00:00+00:00,61.97507095336914
2026-04-20 06:00:00+00:00,72.47529602050781
2026-04-20 07:00:00+00:00,48.89106369018555
2026-04-20 08:00:00+00:00,18.87374496459961
2026-04-20 09:00:00+00:00,5.167560577392578
2026-04-20 10:00:00+00:00,0.7067527770996094
2026-04-20 11:00:00+00:00,-2.512981414794922
2026-04-20 12:00:00+00:00,-4.490966796875
2026-04-20 13:00:00+00:00,-4.199760437011719
2026-04-20 14:00:00+00:00,-1.6583213806152344
2026-04-20 15:00:00+00:00,4.6358642578125
2026-04-20 16:00:00+00:00,16.652416229248047
2026-04-20 17:00:00+00:00,42.47309112548828
2026-04-20 18:00:00+00:00,66.57655334472656
2026-04-20 19:00:00+00:00,56.2703857421875
2026-04-20 20:00:00+00:00,51.322593688964844
2026-04-20 21:00:00+00:00,45.082435607910156
2026-04-20 22:00:00+00:00,35.785682678222656
2026-04-20 23:00:00+00:00,31.65886116027832
2026-04-21 00:00:00+00:00,17.146739959716797
2026-04-21 01:00:00+00:00,13.626102447509766
2026-04-21 02:00:00+00:00,13.120983123779297
2026-04-21 03:00:00+00:00,14.71206283569336
2026-04-21 04:00:00+00:00,24.00530242919922
2026-04-21 05:00:00+00:00,53.182167053222656
2026-04-21 06:00:00+00:00,51.614288330078125
2026-04-21 07:00:00+00:00,26.005247116088867
2026-04-21 08:00:00+00:00,10.705757141113281
2026-04-21 09:00:00+00:00,3.0775909423828125
2026-04-21 10:00:00+00:00,-0.818267822265625
2026-04-21 11:00:00+00:00,-2.8448257446289062
2026-04-21 12:00:00+00:00,-4.227123260498047
2026-04-21 13:00:00+00:00,-4.2267303466796875
2026-04-21 14:00:00+00:00,-2.609455108642578
2026-04-21 15:00:00+00:00,2.932819366455078
2026-04-21 16:00:00+00:00,15.28354263305664
2026-04-21 17:00:00+00:00,47.92267608642578
2026-04-21 18:00:00+00:00,66.56114959716797
2026-04-21 19:00:00+00:00,51.50471878051758
2026-04-21 20:00:00+00:00,46.499488830566406
2026-04-21 21:00:00+00:00,39.4022102355957
2026-04-21 22:00:00+00:00,30.338462829589844
2026-04-21 23:00:00+00:00,28.61260414123535
2026-04-22 00:00:00+00:00,18.227519989013672
2026-04-22 01:00:00+00:00,13.593605041503906
2026-04-22 02:00:00+00:00,12.283435821533203
2026-04-22 03:00:00+00:00,13.4990234375
2026-04-22 04:00:00+00:00,31.945253372192383
2026-04-22 05:00:00+00:00,59.784263610839844
2026-04-22 06:00:00+00:00,30.773366928100586
2026-04-22 07:00:00+00:00,11.91769027709961
2026-04-22 08:00:00+00:00,6.466220855712891
2026-04-22 09:00:00+00:00,3.916553497314453
2026-04-22 10:00:00+00:00,2.8815155029296875
2026-04-22 11:00:00+00:00,2.316852569580078
2026-04-22 12:00:00+00:00,1.747406005859375
2026-04-22 13:00:00+00:00,1.3305320739746094
2026-04-22 14:00:00+00:00,1.6007537841796875
2026-04-22 15:00:00+00:00,3.9425277709960938
2026-04-22 16:00:00+00:00,13.075096130371094
2026-04-22 17:00:00+00:00,41.4002685546875
2026-04-22 18:00:00+00:00,55.66461181640625
2026-04-22 19:00:00+00:00,39.44725799560547
2026-04-22 20:00:00+00:00,39.55792236328125
2026-04-22 21:00:00+00:00,30.43001365661621
2026-04-22 22:00:00+00:00,26.870765686035156
2026-04-22 23:00:00+00:00,26.12185287475586
2026-04-23 00:00:00+00:00,28.190616607666016
2026-04-23 01:00:00+00:00,18.48694610595703
2026-04-23 02:00:00+00:00,14.954544067382812
2026-04-23 03:00:00+00:00,18.982677459716797
2026-04-23 04:00:00+00:00,36.426815032958984
2026-04-23 05:00:00+00:00,54.87278366088867
2026-04-23 06:00:00+00:00,43.91210174560547
2026-04-23 07:00:00+00:00,22.164348602294922
2026-04-23 08:00:00+00:00,9.24591064453125
2026-04-23 09:00:00+00:00,4.409614562988281
2026-04-23 10:00:00+00:00,1.4001350402832031
2026-04-23 11:00:00+00:00,-0.6630821228027344
2026-04-23 12:00:00+00:00,-2.0107955932617188
2026-04-23 13:00:00+00:00,-1.7887229919433594
2026-04-23 14:00:00+00:00,-0.7112388610839844
2026-04-23 15:00:00+00:00,3.6794090270996094
2026-04-23 16:00:00+00:00,11.582992553710938
2026-04-23 17:00:00+00:00,40.79347610473633
2026-04-23 18:00:00+00:00,48.664058685302734
2026-04-23 19:00:00+00:00,40.94269561767578
2026-04-23 20:00:00+00:00,38.65314483642578
2026-04-23 21:00:00+00:00,32.326499938964844
2026-04-23 22:00:00+00:00,29.723237991333008
2026-04-23 23:00:00+00:00,27.602296829223633
2026-04-24 00:00:00+00:00,17.16515350341797
2026-04-24 01:00:00+00:00,11.2027587890625
2026-04-24 02:00:00+00:00,10.012229919433594
2026-04-24 03:00:00+00:00,15.100536346435547
2026-04-24 04:00:00+00:00,33.57898712158203
2026-04-24 05:00:00+00:00,53.82745361328125
2026-04-24 06:00:00+00:00,42.76264953613281
2026-04-24 07:00:00+00:00,17.255691528320312
2026-04-24 08:00:00+00:00,5.030727386474609
2026-04-24 09:00:00+00:00,0.521240234375
2026-04-24 10:00:00+00:00,-5.230461120605469
2026-04-24 11:00:00+00:00,-11.489566802978516
2026-04-24 12:00:00+00:00,-13.377994537353516
2026-04-24 13:00:00+00:00,-8.363128662109375
2026-04-24 14:00:00+00:00,-4.306922912597656
2026-04-24 15:00:00+00:00,1.3200340270996094
2026-04-24 16:00:00+00:00,13.192588806152344
2026-04-24 17:00:00+00:00,34.314857482910156
2026-04-24 18:00:00+00:00,46.18494415283203
2026-04-24 19:00:00+00:00,42.2279167175293
2026-04-24 20:00:00+00:00,39.789737701416016
2026-04-24 21:00:00+00:00,32.38279724121094
2026-04-24 22:00:00+00:00,26.09284210205078
2026-04-24 23:00:00+00:00,22.502098083496094
2026-04-25 00:00:00+00:00,56.07265090942383
2026-04-25 01:00:00+00:00,48.0405158996582
2026-04-25 02:00:00+00:00,44.40139389038086
2026-04-25 03:00:00+00:00,45.97119903564453
2026-04-25 04:00:00+00:00,51.29056930541992
2026-04-25 05:00:00+00:00,53.933441162109375
2026-04-25 06:00:00+00:00,50.018123626708984
2026-04-25 07:00:00+00:00,33.07040786743164
2026-04-25 08:00:00+00:00,15.236892700195312
2026-04-25 09:00:00+00:00,5.152645111083984
2026-04-25 10:00:00+00:00,0.49510955810546875
2026-04-25 11:00:00+00:00,-1.6072616577148438
2026-04-25 12:00:00+00:00,-2.510021209716797
2026-04-25 13:00:00+00:00,-1.9739341735839844
2026-04-25 14:00:00+00:00,0.6707572937011719
2026-04-25 15:00:00+00:00,9.129375457763672
2026-04-25 16:00:00+00:00,28.872615814208984
2026-04-25 17:00:00+00:00,58.569557189941406
2026-04-25 18:00:00+00:00,75.5093994140625
2026-04-25 19:00:00+00:00,76.32494354248047
2026-04-25 20:00:00+00:00,72.19666290283203
2026-04-25 21:00:00+00:00,65.60842895507812
2026-04-25 22:00:00+00:00,59.10521697998047
2026-04-25 23:00:00+00:00,54.69906234741211
2026-04-26 00:00:00+00:00,26.159284591674805
2026-04-26 01:00:00+00:00,19.9624080657959
2026-04-26 02:00:00+00:00,18.801551818847656
2026-04-26 03:00:00+00:00,20.405231475830078
2026-04-26 04:00:00+00:00,23.48409080505371
2026-04-26 05:00:00+00:00,23.00596809387207
2026-04-26 06:00:00+00:00,18.634767532348633
2026-04-26 07:00:00+00:00,7.546623229980469
2026-04-26 08:00:00+00:00,-6.693382263183594
2026-04-26 09:00:00+00:00,-18.96579360961914
2026-04-26 10:00:00+00:00,-30.30556869506836
2026-04-26 11:00:00+00:00,-41.26028060913086
2026-04-26 12:00:00+00:00,-46.31113052368164
2026-04-26 13:00:00+00:00,-34.4084587097168
2026-04-26 14:00:00+00:00,-20.545169830322266
2026-04-26 15:00:00+00:00,-2.7891006469726562
2026-04-26 16:00:00+00:00,17.800994873046875
2026-04-26 17:00:00+00:00,47.978858947753906
2026-04-26 18:00:00+00:00,58.500587463378906
2026-04-26 19:00:00+00:00,58.17406463623047
2026-04-26 20:00:00+00:00,55.107059478759766
2026-04-26 21:00:00+00:00,45.35844039916992
2026-04-26 22:00:00+00:00,38.8549919128418
2026-04-26 23:00:00+00:00,33.477386474609375
2026-04-27 00:00:00+00:00,37.11207962036133
2026-04-27 01:00:00+00:00,32.51589584350586
2026-04-27 02:00:00+00:00,34.055419921875
2026-04-27 03:00:00+00:00,37.71824645996094
2026-04-27 04:00:00+00:00,41.22150421142578
2026-04-27 05:00:00+00:00,44.958839416503906
2026-04-27 06:00:00+00:00,42.71366500854492
2026-04-27 07:00:00+00:00,24.268251419067383
2026-04-27 08:00:00+00:00,-0.7639694213867188
2026-04-27 09:00:00+00:00,-34.166709899902344
2026-04-27 10:00:00+00:00,-80.90128326416016
2026-04-27 11:00:00+00:00,-142.935546875
2026-04-27 12:00:00+00:00,-151.62954711914062
2026-04-27 13:00:00+00:00,-82.92581939697266
2026-04-27 14:00:00+00:00,-20.035354614257812
2026-04-27 15:00:00+00:00,5.910495758056641
2026-04-27 16:00:00+00:00,16.46796989440918
2026-04-27 17:00:00+00:00,42.400211334228516
2026-04-27 18:00:00+00:00,51.071834564208984
2026-04-27 19:00:00+00:00,57.54129409790039
2026-04-27 20:00:00+00:00,58.8957633972168
2026-04-27 21:00:00+00:00,51.84563446044922
2026-04-27 22:00:00+00:00,39.55225372314453
2026-04-27 23:00:00+00:00,34.85430145263672
2026-04-28 00:00:00+00:00,28.91804313659668
2026-04-28 01:00:00+00:00,23.55385971069336
2026-04-28 02:00:00+00:00,22.371967315673828
2026-04-28 03:00:00+00:00,32.89448928833008
2026-04-28 04:00:00+00:00,54.401451110839844
2026-04-28 05:00:00+00:00,74.1926498413086
2026-04-28 06:00:00+00:00,66.37576293945312
2026-04-28 07:00:00+00:00,28.741374969482422
2026-04-28 08:00:00+00:00,11.004871368408203
2026-04-28 09:00:00+00:00,4.983257293701172
2026-04-28 10:00:00+00:00,-0.17998886108398438
2026-04-28 11:00:00+00:00,-7.076385498046875
2026-04-28 12:00:00+00:00,-9.009750366210938
2026-04-28 13:00:00+00:00,-3.5509109497070312
2026-04-28 14:00:00+00:00,0.33452606201171875
2026-04-28 15:00:00+00:00,6.4243316650390625
2026-04-28 16:00:00+00:00,20.977502822875977
2026-04-28 17:00:00+00:00,45.97100830078125
2026-04-28 18:00:00+00:00,51.1429443359375
2026-04-28 19:00:00+00:00,47.91155242919922
2026-04-28 20:00:00+00:00,47.38627243041992
2026-04-28 21:00:00+00:00,36.10965347290039
2026-04-28 22:00:00+00:00,33.979305267333984
2026-04-28 23:00:00+00:00,30.145526885986328
2026-04-29 00:00:00+00:00,14.07821273803711
2026-04-29 01:00:00+00:00,9.322433471679688
2026-04-29 02:00:00+00:00,8.898914337158203
2026-04-29 03:00:00+00:00,14.932235717773438
2026-04-29 04:00:00+00:00,31.594881057739258
2026-04-29 05:00:00+00:00,49.67619323730469
2026-04-29 06:00:00+00:00,45.725669860839844
2026-04-29 07:00:00+00:00,18.571863174438477
2026-04-29 08:00:00+00:00,3.261119842529297
2026-04-29 09:00:00+00:00,0.07229995727539062
2026-04-29 10:00:00+00:00,-5.1052398681640625
2026-04-29 11:00:00+00:00,-12.109294891357422
2026-04-29 12:00:00+00:00,-11.969215393066406
2026-04-29 13:00:00+00:00,-5.8133392333984375
2026-04-29 14:00:00+00:00,-2.3929786682128906
2026-04-29 15:00:00+00:00,1.1283149719238281
2026-04-29 16:00:00+00:00,16.23027801513672
2026-04-29 17:00:00+00:00,41.156307220458984
2026-04-29 18:00:00+00:00,41.38936233520508
2026-04-29 19:00:00+00:00,34.428714752197266
2026-04-29 20:00:00+00:00,33.89973449707031
2026-04-29 21:00:00+00:00,27.049341201782227
2026-04-29 22:00:00+00:00,27.895591735839844
2026-04-29 23:00:00+00:00,25.895404815673828
2026-04-30 00:00:00+00:00,10.32945442199707
2026-04-30 01:00:00+00:00,6.206501007080078
2026-04-30 02:00:00+00:00,6.488958358764648
2026-04-30 03:00:00+00:00,12.098066329956055
2026-04-30 04:00:00+00:00,21.24994659423828
2026-04-30 05:00:00+00:00,40.356624603271484
2026-04-30 06:00:00+00:00,36.2176628112793
2026-04-30 07:00:00+00:00,12.913980484008789
2026-04-30 08:00:00+00:00,0.7907142639160156
2026-04-30 09:00:00+00:00,-3.5526809692382812
2026-04-30 10:00:00+00:00,-11.009471893310547
2026-04-30 11:00:00+00:00,-26.16968536376953
2026-04-30 12:00:00+00:00,-27.397377014160156
2026-04-30 13:00:00+00:00,-15.136909484863281
2026-04-30 14:00:00+00:00,-5.7830963134765625
2026-04-30 15:00:00+00:00,-0.5333938598632812
2026-04-30 16:00:00+00:00,14.229011535644531
2026-04-30 17:00:00+00:00,38.60677719116211
2026-04-30 18:00:00+00:00,38.05839157104492
2026-04-30 19:00:00+00:00,35.70661544799805
2026-04-30 20:00:00+00:00,36.16122817993164
2026-04-30 21:00:00+00:00,27.885337829589844
2026-04-30 22:00:00+00:00,28.498083114624023
2026-04-30 23:00:00+00:00,23.787986755371094
2026-05-01 00:00:00+00:00,30.166770935058594
2026-05-01 01:00:00+00:00,22.86984634399414
2026-05-01 02:00:00+00:00,21.411556243896484
2026-05-01 03:00:00+00:00,26.108129501342773
2026-05-01 04:00:00+00:00,38.05556106567383
2026-05-01 05:00:00+00:00,52.30194091796875
2026-05-01 06:00:00+00:00,46.757850646972656
2026-05-01 07:00:00+00:00,26.220504760742188
2026-05-01 08:00:00+00:00,10.885396957397461
2026-05-01 09:00:00+00:00,4.475311279296875
2026-05-01 10:00:00+00:00,-3.8002662658691406
2026-05-01 11:00:00+00:00,-16.05672836303711
2026-05-01 12:00:00+00:00,-18.327281951904297
2026-05-01 13:00:00+00:00,-8.03567886352539
2026-05-01 14:00:00+00:00,0.35100555419921875
2026-05-01 15:00:00+00:00,8.153392791748047
2026-05-01 16:00:00+00:00,24.336200714111328
2026-05-01 17:00:00+00:00,49.8926887512207
2026-05-01 18:00:00+00:00,56.89888381958008
2026-05-01 19:00:00+00:00,57.84808349609375
2026-05-01 20:00:00+00:00,57.95948791503906
2026-05-01 21:00:00+00:00,50.39286804199219
2026-05-01 22:00:00+00:00,42.61678695678711
2026-05-01 23:00:00+00:00,37.03876495361328
2026-05-02 00:00:00+00:00,62.93788146972656
2026-05-02 01:00:00+00:00,53.47520065307617
2026-05-02 02:00:00+00:00,52.046295166015625
2026-05-02 03:00:00+00:00,52.63667297363281
2026-05-02 04:00:00+00:00,48.922271728515625
2026-05-02 05:00:00+00:00,41.71003723144531
2026-05-02 06:00:00+00:00,31.757740020751953
2026-05-02 07:00:00+00:00,14.369599342346191
2026-05-02 08:00:00+00:00,-11.714288711547852
2026-05-02 09:00:00+00:00,-57.17144775390625
2026-05-02 10:00:00+00:00,-127.65943145751953
2026-05-02 11:00:00+00:00,-250.4678955078125
2026-05-02 12:00:00+00:00,-272.796142578125
2026-05-02 13:00:00+00:00,-158.40155029296875
2026-05-02 14:00:00+00:00,-37.79423522949219
2026-05-02 15:00:00+00:00,3.6157073974609375
2026-05-02 16:00:00+00:00,23.836841583251953
2026-05-02 17:00:00+00:00,56.47772216796875
2026-05-02 18:00:00+00:00,69.0201187133789
2026-05-02 19:00:00+00:00,73.18885040283203
2026-05-02 20:00:00+00:00,75.536376953125
2026-05-02 21:00:00+00:00,69.16984558105469
2026-05-02 22:00:00+00:00,57.32350158691406
2026-05-02 23:00:00+00:00,48.83643341064453
2026-05-03 00:00:00+00:00,41.068931579589844
2026-05-03 01:00:00+00:00,35.300750732421875
2026-05-03 02:00:00+00:00,33.72793197631836
2026-05-03 03:00:00+00:00,32.9825325012207
2026-05-03 04:00:00+00:00,29.87689971923828
2026-05-03 05:00:00+00:00,28.041967391967773
2026-05-03 06:00:00+00:00,22.52211570739746
2026-05-03 07:00:00+00:00,12.286861419677734
2026-05-03 08:00:00+00:00,-4.1419830322265625
2026-05-03 09:00:00+00:00,-26.22616958618164
2026-05-03 10:00:00+00:00,-54.261653900146484
2026-05-03 11:00:00+00:00,-91.01399230957031
2026-05-03 12:00:00+00:00,-90.268798828125
2026-05-03 13:00:00+00:00,-45.3873405456543
2026-05-03 14:00:00+00:00,-13.061088562011719
2026-05-03 15:00:00+00:00,7.99127197265625
2026-05-03 16:00:00+00:00,22.350727081298828
2026-05-03 17:00:00+00:00,53.590789794921875
2026-05-03 18:00:00+00:00,65.83505249023438
2026-05-03 19:00:00+00:00,72.0418701171875
2026-05-03 20:00:00+00:00,73.07613372802734
2026-05-03 21:00:00+00:00,64.63555908203125
2026-05-03 22:00:00+00:00,55.79151916503906
2026-05-03 23:00:00+00:00,46.502532958984375
2026-05-04 00:00:00+00:00,95.2320556640625
2026-05-04 01:00:00+00:00,86.09495544433594
2026-05-04 02:00:00+00:00,83.73738861083984
2026-05-04 03:00:00+00:00,88.61575317382812
2026-05-04 04:00:00+00:00,96.11033630371094
2026-05-04 05:00:00+00:00,104.02776336669922
2026-05-04 06:00:00+00:00,103.8792953491211
2026-05-04 07:00:00+00:00,79.91133880615234
2026-05-04 08:00:00+00:00,36.848873138427734
2026-05-04 09:00:00+00:00,14.485368728637695
2026-05-04 10:00:00+00:00,9.692487716674805
2026-05-04 11:00:00+00:00,4.849208831787109
2026-05-04 12:00:00+00:00,3.4442577362060547
2026-05-04 13:00:00+00:00,4.743953704833984
2026-05-04 14:00:00+00:00,7.825538635253906
2026-05-04 15:00:00+00:00,17.70730209350586
2026-05-04 16:00:00+00:00,45.448211669921875
2026-05-04 17:00:00+00:00,86.58151245117188
2026-05-04 18:00:00+00:00,98.42219543457031
2026-05-04 19:00:00+00:00,100.07029724121094
2026-05-04 20:00:00+00:00,96.39022064208984
2026-05-04 21:00:00+00:00,87.01342010498047
2026-05-04 22:00:00+00:00,84.14047241210938
2026-05-04 23:00:00+00:00,74.39218139648438
2026-05-05 00:00:00+00:00,94.01348876953125
2026-05-05 01:00:00+00:00,89.1492919921875
2026-05-05 02:00:00+00:00,88.35010528564453
2026-05-05 03:00:00+00:00,93.70036315917969
2026-05-05 04:00:00+00:00,106.52583312988281
2026-05-05 05:00:00+00:00,119.14918518066406
2026-05-05 06:00:00+00:00,120.73882293701172
2026-05-05 07:00:00+00:00,104.21723175048828
2026-05-05 08:00:00+00:00,71.84019470214844
2026-05-05 09:00:00+00:00,52.098175048828125
2026-05-05 10:00:00+00:00,41.89737319946289
2026-05-05 11:00:00+00:00,33.54375076293945
2026-05-05 12:00:00+00:00,34.71232986450195
2026-05-05 13:00:00+00:00,34.32179641723633
2026-05-05 14:00:00+00:00,34.84009552001953
2026-05-05 15:00:00+00:00,40.299644470214844
2026-05-05 16:00:00+00:00,64.81018829345703
2026-05-05 17:00:00+00:00,104.42042541503906
2026-05-05 18:00:00+00:00,107.32302856445312
2026-05-05 19:00:00+00:00,109.26338958740234
2026-05-05 20:00:00+00:00,106.7344741821289
2026-05-05 21:00:00+00:00,96.54790496826172
2026-05-05 22:00:00+00:00,88.9028549194336
2026-05-05 23:00:00+00:00,81.75146484375
2026-05-06 00:00:00+00:00,95.03140258789062
2026-05-06 01:00:00+00:00,88.23690795898438
2026-05-06 02:00:00+00:00,86.64762878417969
2026-05-06 03:00:00+00:00,92.68819427490234
2026-05-06 04:00:00+00:00,103.12803649902344
2026-05-06 05:00:00+00:00,117.86900329589844
2026-05-06 06:00:00+00:00,119.43510437011719
2026-05-06 07:00:00+00:00,109.64749145507812
2026-05-06 08:00:00+00:00,80.9727554321289
2026-05-06 09:00:00+00:00,55.68450927734375
2026-05-06 10:00:00+00:00,48.722511291503906
2026-05-06 11:00:00+00:00,38.56185531616211
2026-05-06 12:00:00+00:00,38.97401809692383
2026-05-06 13:00:00+00:00,35.44895553588867
2026-05-06 14:00:00+00:00,30.39212417602539
2026-05-06 15:00:00+00:00,43.862159729003906
2026-05-06 16:00:00+00:00,76.77284240722656
2026-05-06 17:00:00+00:00,114.09272766113281
2026-05-06 18:00:00+00:00,107.212646484375
2026-05-06 19:00:00+00:00,108.906005859375
2026-05-06 20:00:00+00:00,108.51747131347656
2026-05-06 21:00:00+00:00,100.31133270263672
2026-05-06 22:00:00+00:00,99.81535339355469
2026-05-06 23:00:00+00:00,91.87506103515625
2026-05-07 00:00:00+00:00,105.76382446289062
2026-05-07 01:00:00+00:00,101.49075317382812
2026-05-07 02:00:00+00:00,100.94593811035156
2026-05-07 03:00:00+00:00,106.58841705322266
2026-05-07 04:00:00+00:00,120.6037826538086
2026-05-07 05:00:00+00:00,134.11419677734375
2026-05-07 06:00:00+00:00,134.88873291015625
2026-05-07 07:00:00+00:00,129.06065368652344
2026-05-07 08:00:00+00:00,113.52459716796875
2026-05-07 09:00:00+00:00,99.66474914550781
2026-05-07 10:00:00+00:00,91.30485534667969
2026-05-07 11:00:00+00:00,80.83879089355469
2026-05-07 12:00:00+00:00,80.94058227539062
2026-05-07 13:00:00+00:00,77.85940551757812
2026-05-07 14:00:00+00:00,70.06558227539062
2026-05-07 15:00:00+00:00,75.9949722290039
2026-05-07 16:00:00+00:00,105.47665405273438
2026-05-07 17:00:00+00:00,133.77984619140625
2026-05-07 18:00:00+00:00,131.3746795654297
2026-05-07 19:00:00+00:00,131.2423095703125
2026-05-07 20:00:00+00:00,127.79698181152344
2026-05-07 21:00:00+00:00,119.7809829711914
2026-05-07 22:00:00+00:00,116.80745697021484
2026-05-07 23:00:00+00:00,110.1323013305664
2026-05-08 00:00:00+00:00,96.34939575195312
2026-05-08 01:00:00+00:00,89.7349853515625
2026-05-08 02:00:00+00:00,88.435302734375
2026-05-08 03:00:00+00:00,95.56356811523438
2026-05-08 04:00:00+00:00,108.15016174316406
2026-05-08 05:00:00+00:00,121.86514282226562
2026-05-08 06:00:00+00:00,123.03245544433594
2026-05-08 07:00:00+00:00,101.81584167480469
2026-05-08 08:00:00+00:00,75.48102569580078
2026-05-08 09:00:00+00:00,59.18689727783203
2026-05-08 10:00:00+00:00,51.92606735229492
2026-05-08 11:00:00+00:00,40.22615432739258
2026-05-08 12:00:00+00:00,40.912940979003906
2026-05-08 13:00:00+00:00,39.796844482421875
2026-05-08 14:00:00+00:00,40.2486572265625
2026-05-08 15:00:00+00:00,52.255126953125
2026-05-08 16:00:00+00:00,81.83349609375
2026-05-08 17:00:00+00:00,125.20399475097656
2026-05-08 18:00:00+00:00,127.83657836914062
2026-05-08 19:00:00+00:00,131.42794799804688
2026-05-08 20:00:00+00:00,129.4075469970703
2026-05-08 21:00:00+00:00,118.82984924316406
2026-05-08 22:00:00+00:00,109.75204467773438
2026-05-08 23:00:00+00:00,100.14823150634766
2026-05-09 00:00:00+00:00,39.711090087890625
2026-05-09 01:00:00+00:00,34.52614212036133
2026-05-09 02:00:00+00:00,33.943023681640625
2026-05-09 03:00:00+00:00,36.76634216308594
2026-05-09 04:00:00+00:00,40.77878189086914
2026-05-09 05:00:00+00:00,41.58461380004883
2026-05-09 06:00:00+00:00,32.485836029052734
2026-05-09 07:00:00+00:00,13.913253784179688
2026-05-09 08:00:00+00:00,2.804901123046875
2026-05-09 09:00:00+00:00,-0.9352989196777344
2026-05-09 10:00:00+00:00,-5.438442230224609
2026-05-09 11:00:00+00:00,-9.982486724853516
2026-05-09 12:00:00+00:00,-11.524662017822266
2026-05-09 13:00:00+00:00,-8.35799789428711
2026-05-09 14:00:00+00:00,-4.694545745849609
2026-05-09 15:00:00+00:00,0.9056968688964844
2026-05-09 16:00:00+00:00,20.785959243774414
2026-05-09 17:00:00+00:00,49.5394172668457
2026-05-09 18:00:00+00:00,71.99169921875
2026-05-09 19:00:00+00:00,78.05935668945312
2026-05-09 20:00:00+00:00,79.40644836425781
2026-05-09 21:00:00+00:00,69.9773941040039
2026-05-09 22:00:00+00:00,55.98949432373047
2026-05-09 23:00:00+00:00,46.353519439697266
2026-05-10 00:00:00+00:00,23.89139747619629
2026-05-10 01:00:00+00:00,18.35747528076172
2026-05-10 02:00:00+00:00,17.167072296142578
2026-05-10 03:00:00+00:00,19.15217399597168
2026-05-10 04:00:00+00:00,20.472307205200195
2026-05-10 05:00:00+00:00,21.653976440429688
2026-05-10 06:00:00+00:00,20.021556854248047
2026-05-10 07:00:00+00:00,13.292354583740234
2026-05-10 08:00:00+00:00,8.624496459960938
2026-05-10 09:00:00+00:00,6.670757293701172
2026-05-10 10:00:00+00:00,4.427406311035156
2026-05-10 11:00:00+00:00,2.9656944274902344
2026-05-10 12:00:00+00:00,1.9537811279296875
2026-05-10 13:00:00+00:00,2.500904083251953
2026-05-10 14:00:00+00:00,2.5490036010742188
2026-05-10 15:00:00+00:00,6.259014129638672
2026-05-10 16:00:00+00:00,24.14977264404297
2026-05-10 17:00:00+00:00,60.06822967529297
2026-05-10 18:00:00+00:00,73.64718627929688
2026-05-10 19:00:00+00:00,72.61517333984375
2026-05-10 20:00:00+00:00,70.11186981201172
2026-05-10 21:00:00+00:00,58.303157806396484
2026-05-10 22:00:00+00:00,48.277183532714844
2026-05-10 23:00:00+00:00,41.2692985534668
2026-05-11 00:00:00+00:00,27.913726806640625
2026-05-11 01:00:00+00:00,20.69855499267578
2026-05-11 02:00:00+00:00,19.143003463745117
2026-05-11 03:00:00+00:00,23.781909942626953
2026-05-11 04:00:00+00:00,37.15475082397461
2026-05-11 05:00:00+00:00,54.23269271850586
2026-05-11 06:00:00+00:00,43.988128662109375
2026-05-11 07:00:00+00:00,23.539148330688477
2026-05-11 08:00:00+00:00,12.550909042358398
2026-05-11 09:00:00+00:00,9.454971313476562
2026-05-11 10:00:00+00:00,7.158481597900391
2026-05-11 11:00:00+00:00,6.375755310058594
2026-05-11 12:00:00+00:00,5.951473236083984
2026-05-11 13:00:00+00:00,4.862571716308594
2026-05-11 14:00:00+00:00,4.775062561035156
2026-05-11 15:00:00+00:00,7.944976806640625
2026-05-11 16:00:00+00:00,24.73899269104004
2026-05-11 17:00:00+00:00,55.65581512451172
2026-05-11 18:00:00+00:00,67.17861938476562
2026-05-11 19:00:00+00:00,70.94931030273438
2026-05-11 20:00:00+00:00,71.52068328857422
2026-05-11 21:00:00+00:00,56.282745361328125
2026-05-11 22:00:00+00:00,43.04328918457031
2026-05-11 23:00:00+00:00,40.355743408203125
2026-05-12 00:00:00+00:00,74.048583984375
2026-05-12 01:00:00+00:00,64.25192260742188
2026-05-12 02:00:00+00:00,61.59602355957031
2026-05-12 03:00:00+00:00,67.58988189697266
2026-05-12 04:00:00+00:00,83.01414489746094
2026-05-12 05:00:00+00:00,97.94572448730469
2026-05-12 06:00:00+00:00,99.31657409667969
2026-05-12 07:00:00+00:00,78.11775207519531
2026-05-12 08:00:00+00:00,37.24479675292969
2026-05-12 09:00:00+00:00,18.113842010498047
2026-05-12 10:00:00+00:00,14.253780364990234
2026-05-12 11:00:00+00:00,10.277107238769531
2026-05-12 12:00:00+00:00,8.734975814819336
2026-05-12 13:00:00+00:00,7.799676895141602
2026-05-12 14:00:00+00:00,7.660593032836914
2026-05-12 15:00:00+00:00,14.003028869628906
2026-05-12 16:00:00+00:00,52.15323257446289
2026-05-12 17:00:00+00:00,99.31816101074219
2026-05-12 18:00:00+00:00,112.74223327636719
2026-05-12 19:00:00+00:00,114.28521728515625
2026-05-12 20:00:00+00:00,110.75263977050781
2026-05-12 21:00:00+00:00,97.63731384277344
2026-05-12 22:00:00+00:00,86.9087905883789
2026-05-12 23:00:00+00:00,78.06199645996094
2026-05-13 00:00:00+00:00,74.97761535644531
2026-05-13 01:00:00+00:00,68.98556518554688
2026-05-13 02:00:00+00:00,70.15762329101562
2026-05-13 03:00:00+00:00,76.79499816894531
2026-05-13 04:00:00+00:00,94.06411743164062
2026-05-13 05:00:00+00:00,105.25882720947266
2026-05-13 06:00:00+00:00,105.26052856445312
2026-05-13 07:00:00+00:00,82.37606811523438
2026-05-13 08:00:00+00:00,31.920156478881836
2026-05-13 09:00:00+00:00,12.65839958190918
2026-05-13 10:00:00+00:00,8.363609313964844
2026-05-13 11:00:00+00:00,4.745037078857422
2026-05-13 12:00:00+00:00,2.530048370361328
2026-05-13 13:00:00+00:00,2.204204559326172
2026-05-13 14:00:00+00:00,3.796520233154297
2026-05-13 15:00:00+00:00,11.360504150390625
2026-05-13 16:00:00+00:00,52.227108001708984
2026-05-13 17:00:00+00:00,100.70293426513672
2026-05-13 18:00:00+00:00,110.69346618652344
2026-05-13 19:00:00+00:00,113.68375396728516
2026-05-13 20:00:00+00:00,110.49942016601562
2026-05-13 21:00:00+00:00,96.96754455566406
2026-05-13 22:00:00+00:00,80.51750183105469
2026-05-13 23:00:00+00:00,75.10699462890625
2026-05-14 00:00:00+00:00,10.788593292236328
2026-05-14 01:00:00+00:00,7.519140243530273
2026-05-14 02:00:00+00:00,8.988916397094727
2026-05-14 03:00:00+00:00,13.927745819091797
2026-05-14 04:00:00+00:00,24.673559188842773
2026-05-14 05:00:00+00:00,42.77568054199219
2026-05-14 06:00:00+00:00,40.36444854736328
2026-05-14 07:00:00+00:00,18.1723575592041
2026-05-14 08:00:00+00:00,5.213014602661133
2026-05-14 09:00:00+00:00,1.5136451721191406
2026-05-14 10:00:00+00:00,-2.2428131103515625
2026-05-14 11:00:00+00:00,-4.292842864990234
2026-05-14 12:00:00+00:00,-5.347301483154297
2026-05-14 13:00:00+00:00,-3.8363876342773438
2026-05-14 14:00:00+00:00,-2.3756942749023438
2026-05-14 15:00:00+00:00,2.156993865966797
2026-05-14 16:00:00+00:00,15.049861907958984
2026-05-14 17:00:00+00:00,43.77705001831055
2026-05-14 18:00:00+00:00,59.225494384765625
2026-05-14 19:00:00+00:00,61.18528747558594
2026-05-14 20:00:00+00:00,66.94412231445312
2026-05-14 21:00:00+00:00,53.302696228027344
2026-05-14 22:00:00+00:00,33.273380279541016
2026-05-14 23:00:00+00:00,29.918617248535156
2026-05-15 00:00:00+00:00,56.636085510253906
2026-05-15 01:00:00+00:00,43.1295051574707
2026-05-15 02:00:00+00:00,40.46232604980469
2026-05-15 03:00:00+00:00,48.136295318603516
2026-05-15 04:00:00+00:00,62.8736572265625
2026-05-15 05:00:00+00:00,74.79827880859375
2026-05-15 06:00:00+00:00,65.75791931152344
2026-05-15 07:00:00+00:00,35.98174285888672
2026-05-15 08:00:00+00:00,12.505882263183594
2026-05-15 09:00:00+00:00,7.500204086303711
2026-05-15 10:00:00+00:00,4.978654861450195
2026-05-15 11:00:00+00:00,3.618917465209961
2026-05-15 12:00:00+00:00,2.646451950073242
2026-05-15 13:00:00+00:00,2.9421234130859375
2026-05-15 14:00:00+00:00,3.7461166381835938
2026-05-15 15:00:00+00:00,7.423620223999023
2026-05-15 16:00:00+00:00,28.083263397216797
2026-05-15 17:00:00+00:00,65.60423278808594
2026-05-15 18:00:00+00:00,91.84814453125
2026-05-15 19:00:00+00:00,98.12201690673828
2026-05-15 20:00:00+00:00,97.07240295410156
2026-05-15 21:00:00+00:00,87.00808715820312
2026-05-15 22:00:00+00:00,69.89570617675781
2026-05-15 23:00:00+00:00,60.82994079589844
2026-05-16 00:00:00+00:00,67.00315856933594
2026-05-16 01:00:00+00:00,54.417884826660156
2026-05-16 02:00:00+00:00,50.51726531982422
2026-05-16 03:00:00+00:00,54.333221435546875
2026-05-16 04:00:00+00:00,60.33346176147461
2026-05-16 05:00:00+00:00,62.517696380615234
2026-05-16 06:00:00+00:00,51.67271423339844
2026-05-16 07:00:00+00:00,29.426496505737305
2026-05-16 08:00:00+00:00,8.862113952636719
2026-05-16 09:00:00+00:00,3.5427169799804688
2026-05-16 10:00:00+00:00,1.2648658752441406
2026-05-16 11:00:00+00:00,0.4631690979003906
2026-05-16 12:00:00+00:00,-0.11156082153320312
2026-05-16 13:00:00+00:00,-0.16461563110351562
2026-05-16 14:00:00+00:00,0.14643096923828125
2026-05-16 15:00:00+00:00,3.0002384185791016
2026-05-16 16:00:00+00:00,21.558063507080078
2026-05-16 17:00:00+00:00,49.68080520629883
2026-05-16 18:00:00+00:00,75.83587646484375
2026-05-16 19:00:00+00:00,88.75482177734375
2026-05-16 20:00:00+00:00,90.05810546875
2026-05-16 21:00:00+00:00,82.25312805175781
2026-05-16 22:00:00+00:00,70.25889587402344
2026-05-16 23:00:00+00:00,59.522701263427734
2026-05-17 00:00:00+00:00,74.76422119140625
2026-05-17 01:00:00+00:00,64.60618591308594
2026-05-17 02:00:00+00:00,58.086822509765625
2026-05-17 03:00:00+00:00,57.66542434692383
2026-05-17 04:00:00+00:00,59.955665588378906
2026-05-17 05:00:00+00:00,59.977935791015625
2026-05-17 06:00:00+00:00,49.86463928222656
2026-05-17 07:00:00+00:00,26.772403717041016
2026-05-17 08:00:00+00:00,8.637788772583008
2026-05-17 09:00:00+00:00,4.359161376953125
2026-05-17 10:00:00+00:00,2.9874210357666016
2026-05-17 11:00:00+00:00,2.255218505859375
2026-05-17 12:00:00+00:00,1.5682182312011719
2026-05-17 13:00:00+00:00,0.5536727905273438
2026-05-17 14:00:00+00:00,0.5237464904785156
2026-05-17 15:00:00+00:00,3.288816452026367
2026-05-17 16:00:00+00:00,28.76926612854004
2026-05-17 17:00:00+00:00,72.90257263183594
2026-05-17 18:00:00+00:00,90.22008514404297
2026-05-17 19:00:00+00:00,98.06808471679688
2026-05-17 20:00:00+00:00,98.56382751464844
2026-05-17 21:00:00+00:00,92.00033569335938
2026-05-17 22:00:00+00:00,80.47904205322266
2026-05-17 23:00:00+00:00,70.93434143066406
2026-05-18 00:00:00+00:00,73.75079345703125
2026-05-18 01:00:00+00:00,62.6014404296875
2026-05-18 02:00:00+00:00,59.899681091308594
2026-05-18 03:00:00+00:00,66.43895721435547
2026-05-18 04:00:00+00:00,77.80681610107422
2026-05-18 05:00:00+00:00,85.54734802246094
2026-05-18 06:00:00+00:00,75.26031494140625
2026-05-18 07:00:00+00:00,47.25477600097656
2026-05-18 08:00:00+00:00,19.14965057373047
2026-05-18 09:00:00+00:00,9.761112213134766
2026-05-18 10:00:00+00:00,5.913373947143555
2026-05-18 11:00:00+00:00,3.7289180755615234
2026-05-18 12:00:00+00:00,2.0335159301757812
2026-05-18 13:00:00+00:00,1.2604446411132812
2026-05-18 14:00:00+00:00,1.0844955444335938
2026-05-18 15:00:00+00:00,5.926004409790039
2026-05-18 16:00:00+00:00,49.4516716003418
2026-05-18 17:00:00+00:00,84.90191650390625
2026-05-18 18:00:00+00:00,98.76627349853516
2026-05-18 19:00:00+00:00,106.21957397460938
2026-05-18 20:00:00+00:00,104.33985900878906
2026-05-18 21:00:00+00:00,95.76912689208984
2026-05-18 22:00:00+00:00,82.59298706054688
2026-05-18 23:00:00+00:00,75.11320495605469
2026-05-19 00:00:00+00:00,61.73463821411133
2026-05-19 01:00:00+00:00,53.45387268066406
2026-05-19 02:00:00+00:00,54.60069274902344
2026-05-19 03:00:00+00:00,63.291908264160156
2026-05-19 04:00:00+00:00,78.44720458984375
2026-05-19 05:00:00+00:00,92.8332290649414
2026-05-19 06:00:00+00:00,85.31288146972656
2026-05-19 07:00:00+00:00,62.856903076171875
2026-05-19 08:00:00+00:00,38.11882781982422
2026-05-19 09:00:00+00:00,27.544527053833008
2026-05-19 10:00:00+00:00,25.276275634765625
2026-05-19 11:00:00+00:00,18.024885177612305
2026-05-19 12:00:00+00:00,15.265544891357422
2026-05-19 13:00:00+00:00,11.170980453491211
2026-05-19 14:00:00+00:00,9.76426887512207
2026-05-19 15:00:00+00:00,15.215702056884766
2026-05-19 16:00:00+00:00,47.444252014160156
2026-05-19 17:00:00+00:00,86.30158996582031
2026-05-19 18:00:00+00:00,96.15689086914062
2026-05-19 19:00:00+00:00,105.94017028808594
2026-05-19 20:00:00+00:00,105.02079772949219
2026-05-19 21:00:00+00:00,92.12615966796875
2026-05-19 22:00:00+00:00,78.81072998046875
2026-05-19 23:00:00+00:00,70.67073059082031
2026-05-20 00:00:00+00:00,66.02703857421875
2026-05-20 01:00:00+00:00,56.57261276245117
2026-05-20 02:00:00+00:00,52.28512191772461
2026-05-20 03:00:00+00:00,57.08599090576172
2026-05-20 04:00:00+00:00,66.45713806152344
2026-05-20 05:00:00+00:00,76.46870422363281
2026-05-20 06:00:00+00:00,70.87442016601562
2026-05-20 07:00:00+00:00,50.37999725341797
2026-05-20 08:00:00+00:00,20.982887268066406
2026-05-20 09:00:00+00:00,12.210540771484375
2026-05-20 10:00:00+00:00,10.091012954711914
2026-05-20 11:00:00+00:00,6.209085464477539
2026-05-20 12:00:00+00:00,4.619941711425781
2026-05-20 13:00:00+00:00,4.146339416503906
2026-05-20 14:00:00+00:00,3.9505653381347656
2026-05-20 15:00:00+00:00,7.350202560424805
2026-05-20 16:00:00+00:00,34.24230194091797
2026-05-20 17:00:00+00:00,70.71867370605469
2026-05-20 18:00:00+00:00,86.19584655761719
2026-05-20 19:00:00+00:00,92.60130310058594
2026-05-20 20:00:00+00:00,94.77677917480469
2026-05-20 21:00:00+00:00,86.05795288085938
2026-05-20 22:00:00+00:00,75.08291625976562
2026-05-20 23:00:00+00:00,69.89923095703125
2026-05-21 00:00:00+00:00,89.970703125
2026-05-21 01:00:00+00:00,80.0008316040039
2026-05-21 02:00:00+00:00,76.82568359375
2026-05-21 03:00:00+00:00,83.44630432128906
2026-05-21 04:00:00+00:00,95.37457275390625
2026-05-21 05:00:00+00:00,106.760498046875
2026-05-21 06:00:00+00:00,100.8673095703125
2026-05-21 07:00:00+00:00,76.7629623413086
2026-05-21 08:00:00+00:00,40.48162841796875
2026-05-21 09:00:00+00:00,24.935871124267578
2026-05-21 10:00:00+00:00,23.085838317871094
2026-05-21 11:00:00+00:00,16.53721046447754
2026-05-21 12:00:00+00:00,12.59332275390625
2026-05-21 13:00:00+00:00,9.461139678955078
2026-05-21 14:00:00+00:00,8.775367736816406
2026-05-21 15:00:00+00:00,14.835556030273438
2026-05-21 16:00:00+00:00,50.278076171875
2026-05-21 17:00:00+00:00,96.52413940429688
2026-05-21 18:00:00+00:00,113.4393310546875
2026-05-21 19:00:00+00:00,120.57304382324219
2026-05-21 20:00:00+00:00,120.83177185058594
2026-05-21 21:00:00+00:00,113.51075744628906
2026-05-21 22:00:00+00:00,103.22441101074219
2026-05-21 23:00:00+00:00,95.47537231445312
2026-05-22 00:00:00+00:00,87.24148559570312
2026-05-22 01:00:00+00:00,77.81924438476562
2026-05-22 02:00:00+00:00,72.31483459472656
2026-05-22 03:00:00+00:00,80.02801513671875
2026-05-22 04:00:00+00:00,89.47020721435547
2026-05-22 05:00:00+00:00,95.72518920898438
2026-05-22 06:00:00+00:00,81.56547546386719
2026-05-22 07:00:00+00:00,37.41770553588867
2026-05-22 08:00:00+00:00,10.26885986328125
2026-05-22 09:00:00+00:00,5.6152191162109375
2026-05-22 10:00:00+00:00,4.707832336425781
2026-05-22 11:00:00+00:00,2.772686004638672
2026-05-22 12:00:00+00:00,2.2054367065429688
2026-05-22 13:00:00+00:00,1.2929344177246094
2026-05-22 14:00:00+00:00,0.45374298095703125
2026-05-22 15:00:00+00:00,4.301113128662109
2026-05-22 16:00:00+00:00,37.581878662109375
2026-05-22 17:00:00+00:00,80.56266784667969
2026-05-22 18:00:00+00:00,98.35848999023438
2026-05-22 19:00:00+00:00,109.33705139160156
2026-05-22 20:00:00+00:00,109.29861450195312
2026-05-22 21:00:00+00:00,101.860107421875
2026-05-22 22:00:00+00:00,95.72760009765625
2026-05-22 23:00:00+00:00,87.15592956542969
2026-05-23 00:00:00+00:00,66.29350280761719
2026-05-23 01:00:00+00:00,60.351280212402344
2026-05-23 02:00:00+00:00,60.16914367675781
2026-05-23 03:00:00+00:00,64.31280517578125
2026-05-23 04:00:00+00:00,68.57393646240234
2026-05-23 05:00:00+00:00,67.78638458251953
2026-05-23 06:00:00+00:00,48.46311950683594
2026-05-23 07:00:00+00:00,14.792682647705078
2026-05-23 08:00:00+00:00,3.2142868041992188
2026-05-23 09:00:00+00:00,2.0056228637695312
2026-05-23 10:00:00+00:00,1.9026069641113281
2026-05-23 11:00:00+00:00,1.6389884948730469
2026-05-23 12:00:00+00:00,1.5676460266113281
2026-05-23 13:00:00+00:00,0.975555419921875
2026-05-23 14:00:00+00:00,0.5204010009765625
2026-05-23 15:00:00+00:00,1.874542236328125
2026-05-23 16:00:00+00:00,32.33556365966797
2026-05-23 17:00:00+00:00,74.3526611328125
2026-05-23 18:00:00+00:00,92.49826049804688
2026-05-23 19:00:00+00:00,100.70243072509766
2026-05-23 20:00:00+00:00,102.41911315917969
2026-05-23 21:00:00+00:00,97.72628784179688
2026-05-23 22:00:00+00:00,89.79461669921875
2026-05-23 23:00:00+00:00,79.3848648071289
2026-05-24 00:00:00+00:00,22.020219802856445
2026-05-24 01:00:00+00:00,18.49771499633789
2026-05-24 02:00:00+00:00,19.1760311126709
2026-05-24 03:00:00+00:00,20.13391876220703
2026-05-24 04:00:00+00:00,20.753324508666992
2026-05-24 05:00:00+00:00,21.494152069091797
2026-05-24 06:00:00+00:00,15.005882263183594
2026-05-24 07:00:00+00:00,3.9597129821777344
2026-05-24 08:00:00+00:00,-3.0877723693847656
2026-05-24 09:00:00+00:00,-4.934238433837891
2026-05-24 10:00:00+00:00,-7.234630584716797
2026-05-24 11:00:00+00:00,-8.27536392211914
2026-05-24 12:00:00+00:00,-9.420269012451172
2026-05-24 13:00:00+00:00,-8.835296630859375
2026-05-24 14:00:00+00:00,-6.8839569091796875
2026-05-24 15:00:00+00:00,-3.2541656494140625
2026-05-24 16:00:00+00:00,21.648386001586914
2026-05-24 17:00:00+00:00,53.98666000366211
2026-05-24 18:00:00+00:00,72.94613647460938
2026-05-24 19:00:00+00:00,88.76377868652344
2026-05-24 20:00:00+00:00,90.9586181640625
2026-05-24 21:00:00+00:00,78.73754119873047
2026-05-24 22:00:00+00:00,67.10591125488281
2026-05-24 23:00:00+00:00,55.75507354736328
2026-05-25 00:00:00+00:00,23.603591918945312
2026-05-25 01:00:00+00:00,19.92749786376953
2026-05-25 02:00:00+00:00,19.279327392578125
2026-05-25 03:00:00+00:00,23.5313777923584
2026-05-25 04:00:00+00:00,30.819286346435547
2026-05-25 05:00:00+00:00,43.111297607421875
2026-05-25 06:00:00+00:00,34.81492233276367
2026-05-25 07:00:00+00:00,16.22905158996582
2026-05-25 08:00:00+00:00,4.547706604003906
2026-05-25 09:00:00+00:00,-2.3476829528808594
2026-05-25 10:00:00+00:00,-11.319133758544922
2026-05-25 11:00:00+00:00,-22.546764373779297
2026-05-25 12:00:00+00:00,-21.304889678955078
2026-05-25 13:00:00+00:00,-10.269706726074219
2026-05-25 14:00:00+00:00,-5.6902618408203125
2026-05-25 15:00:00+00:00,-0.5174522399902344
2026-05-25 16:00:00+00:00,19.817724227905273
2026-05-25 17:00:00+00:00,46.9467658996582
2026-05-25 18:00:00+00:00,66.15477752685547
2026-05-25 19:00:00+00:00,82.34159088134766
2026-05-25 20:00:00+00:00,85.43028259277344
2026-05-25 21:00:00+00:00,71.41543579101562
2026-05-25 22:00:00+00:00,57.564815521240234
2026-05-25 23:00:00+00:00,48.63520050048828
2026-05-26 00:00:00+00:00,75.26673126220703
2026-05-26 01:00:00+00:00,67.88351440429688
2026-05-26 02:00:00+00:00,64.48751068115234
2026-05-26 03:00:00+00:00,68.97441101074219
2026-05-26 04:00:00+00:00,77.56782531738281
2026-05-26 05:00:00+00:00,82.4776611328125
2026-05-26 06:00:00+00:00,69.02903747558594
2026-05-26 07:00:00+00:00,34.889984130859375
2026-05-26 08:00:00+00:00,13.55427360534668
2026-05-26 09:00:00+00:00,8.299938201904297
2026-05-26 10:00:00+00:00,5.404445648193359
2026-05-26 11:00:00+00:00,1.4300689697265625
2026-05-26 12:00:00+00:00,0.559051513671875
2026-05-26 13:00:00+00:00,2.1924667358398438
2026-05-26 14:00:00+00:00,3.9231300354003906
2026-05-26 15:00:00+00:00,9.421253204345703
2026-05-26 16:00:00+00:00,41.14231872558594
2026-05-26 17:00:00+00:00,70.40724182128906
2026-05-26 18:00:00+00:00,92.02163696289062
2026-05-26 19:00:00+00:00,105.19038391113281
2026-05-26 20:00:00+00:00,106.53852844238281
2026-05-26 21:00:00+00:00,94.69403076171875
2026-05-26 22:00:00+00:00,85.41551971435547
2026-05-26 23:00:00+00:00,76.49469757080078
2026-05-27 00:00:00+00:00,113.38674926757812
2026-05-27 01:00:00+00:00,107.40818786621094
2026-05-27 02:00:00+00:00,106.69652557373047
2026-05-27 03:00:00+00:00,112.67070007324219
2026-05-27 04:00:00+00:00,123.37301635742188
2026-05-27 05:00:00+00:00,125.49653625488281
2026-05-27 06:00:00+00:00,105.13177490234375
2026-05-27 07:00:00+00:00,45.10850143432617
2026-05-27 08:00:00+00:00,20.82929801940918
2026-05-27 09:00:00+00:00,17.334686279296875
2026-05-27 10:00:00+00:00,15.75625991821289
2026-05-27 11:00:00+00:00,11.529720306396484
2026-05-27 12:00:00+00:00,11.415210723876953
2026-05-27 13:00:00+00:00,10.928672790527344
2026-05-27 14:00:00+00:00,11.927330017089844
2026-05-27 15:00:00+00:00,21.00065040588379
2026-05-27 16:00:00+00:00,74.492919921875
2026-05-27 17:00:00+00:00,117.99920654296875
2026-05-27 18:00:00+00:00,133.64968872070312
2026-05-27 19:00:00+00:00,139.8472900390625
2026-05-27 20:00:00+00:00,138.84085083007812
2026-05-27 21:00:00+00:00,128.9825897216797
2026-05-27 22:00:00+00:00,124.23173522949219
2026-05-27 23:00:00+00:00,115.32511901855469
2026-05-28 00:00:00+00:00,96.24978637695312
2026-05-28 01:00:00+00:00,87.57875061035156
2026-05-28 02:00:00+00:00,85.28519439697266
2026-05-28 03:00:00+00:00,94.20841217041016
2026-05-28 04:00:00+00:00,104.31319427490234
2026-05-28 05:00:00+00:00,105.28085327148438
2026-05-28 06:00:00+00:00,81.56735229492188
2026-05-28 07:00:00+00:00,27.343547821044922
2026-05-28 08:00:00+00:00,3.4166030883789062
2026-05-28 09:00:00+00:00,0.9074134826660156
2026-05-28 10:00:00+00:00,0.21049880981445312
2026-05-28 11:00:00+00:00,-0.7512130737304688
2026-05-28 12:00:00+00:00,-0.7918434143066406
2026-05-28 13:00:00+00:00,-1.6010894775390625
2026-05-28 14:00:00+00:00,-0.3268852233886719
2026-05-28 15:00:00+00:00,9.609500885009766
2026-05-28 16:00:00+00:00,54.68635940551758
2026-05-28 17:00:00+00:00,97.31246948242188
2026-05-28 18:00:00+00:00,110.19880676269531
2026-05-28 19:00:00+00:00,120.59698486328125
2026-05-28 20:00:00+00:00,120.76924133300781
2026-05-28 21:00:00+00:00,108.79627990722656
2026-05-28 22:00:00+00:00,100.59693908691406
2026-05-28 23:00:00+00:00,93.11013793945312
2026-05-29 00:00:00+00:00,115.76466369628906
2026-05-29 01:00:00+00:00,107.60950469970703
2026-05-29 02:00:00+00:00,109.02546691894531
2026-05-29 03:00:00+00:00,118.13960266113281
2026-05-29 04:00:00+00:00,126.67924499511719
2026-05-29 05:00:00+00:00,126.88265991210938
2026-05-29 06:00:00+00:00,107.00416564941406
2026-05-29 07:00:00+00:00,54.57938766479492
2026-05-29 08:00:00+00:00,19.402210235595703
2026-05-29 09:00:00+00:00,11.996898651123047
2026-05-29 10:00:00+00:00,8.851364135742188
2026-05-29 11:00:00+00:00,7.047149658203125
2026-05-29 12:00:00+00:00,6.6498565673828125
2026-05-29 13:00:00+00:00,8.147647857666016
2026-05-29 14:00:00+00:00,13.738487243652344
2026-05-29 15:00:00+00:00,35.80863571166992
2026-05-29 16:00:00+00:00,81.76588439941406
2026-05-29 17:00:00+00:00,122.06674194335938
2026-05-29 18:00:00+00:00,133.9521026611328
2026-05-29 19:00:00+00:00,141.0882110595703
2026-05-29 20:00:00+00:00,141.14842224121094
2026-05-29 21:00:00+00:00,130.39944458007812
2026-05-29 22:00:00+00:00,121.36280822753906
2026-05-29 23:00:00+00:00,109.75592041015625
2026-05-30 00:00:00+00:00,107.54308319091797
2026-05-30 01:00:00+00:00,102.7666015625
2026-05-30 02:00:00+00:00,102.84909057617188
2026-05-30 03:00:00+00:00,105.07084655761719
2026-05-30 04:00:00+00:00,106.51252746582031
2026-05-30 05:00:00+00:00,100.93016052246094
2026-05-30 06:00:00+00:00,80.09234619140625
2026-05-30 07:00:00+00:00,40.42463684082031
2026-05-30 08:00:00+00:00,12.84322738647461
2026-05-30 09:00:00+00:00,4.205352783203125
2026-05-30 10:00:00+00:00,-0.271087646484375
2026-05-30 11:00:00+00:00,-3.0193443298339844
2026-05-30 12:00:00+00:00,-2.975452423095703
2026-05-30 13:00:00+00:00,-0.7129096984863281
2026-05-30 14:00:00+00:00,6.105690002441406
2026-05-30 15:00:00+00:00,22.952526092529297
2026-05-30 16:00:00+00:00,50.716190338134766
2026-05-30 17:00:00+00:00,88.54412841796875
2026-05-30 18:00:00+00:00,101.80606842041016
2026-05-30 19:00:00+00:00,121.18426513671875
2026-05-30 20:00:00+00:00,124.94187927246094
2026-05-30 21:00:00+00:00,113.65333557128906
2026-05-30 22:00:00+00:00,103.34977722167969
2026-05-30 23:00:00+00:00,90.69818115234375
2026-05-31 00:00:00+00:00,86.27281951904297
2026-05-31 01:00:00+00:00,77.87767028808594
2026-05-31 02:00:00+00:00,74.2339859008789
2026-05-31 03:00:00+00:00,73.17273712158203
2026-05-31 04:00:00+00:00,70.08312225341797
2026-05-31 05:00:00+00:00,60.0008659362793
2026-05-31 06:00:00+00:00,40.859657287597656
2026-05-31 07:00:00+00:00,14.652938842773438
2026-05-31 08:00:00+00:00,2.748016357421875
2026-05-31 09:00:00+00:00,0.4443244934082031
2026-05-31 10:00:00+00:00,-0.9988899230957031
2026-05-31 11:00:00+00:00,-1.2874679565429688
2026-05-31 12:00:00+00:00,-1.3974189758300781
2026-05-31 13:00:00+00:00,-1.9217338562011719
2026-05-31 14:00:00+00:00,-0.14173126220703125
2026-05-31 15:00:00+00:00,5.497669219970703
2026-05-31 16:00:00+00:00,42.46434020996094
2026-05-31 17:00:00+00:00,79.41485595703125
2026-05-31 18:00:00+00:00,95.2784423828125
2026-05-31 19:00:00+00:00,106.06303405761719
2026-05-31 20:00:00+00:00,108.33413696289062
2026-05-31 21:00:00+00:00,98.84544372558594
2026-05-31 22:00:00+00:00,91.63066101074219
2026-05-31 23:00:00+00:00,85.26602172851562
2026-06-01 00:00:00+00:00,33.04563903808594
2026-06-01 01:00:00+00:00,26.65619468688965
2026-06-01 02:00:00+00:00,25.82600975036621
2026-06-01 03:00:00+00:00,30.72797966003418
2026-06-01 04:00:00+00:00,39.81664276123047
2026-06-01 05:00:00+00:00,43.45173645019531
2026-06-01 06:00:00+00:00,34.661231994628906
2026-06-01 07:00:00+00:00,13.049198150634766
2026-06-01 08:00:00+00:00,2.9245223999023438
2026-06-01 09:00:00+00:00,1.0104293823242188
2026-06-01 10:00:00+00:00,-0.6049385070800781
2026-06-01 11:00:00+00:00,-1.0666656494140625
2026-06-01 12:00:00+00:00,-1.7559013366699219
2026-06-01 13:00:00+00:00,-1.6323089599609375
2026-06-01 14:00:00+00:00,0.7168083190917969
2026-06-01 15:00:00+00:00,10.669490814208984
2026-06-01 16:00:00+00:00,30.899486541748047
2026-06-01 17:00:00+00:00,60.394840240478516
2026-06-01 18:00:00+00:00,85.21617889404297
2026-06-01 19:00:00+00:00,102.93763732910156
2026-06-01 20:00:00+00:00,104.79267883300781
2026-06-01 21:00:00+00:00,90.87012481689453
2026-06-01 22:00:00+00:00,78.80016326904297
2026-06-01 23:00:00+00:00,69.93235778808594
2026-06-02 00:00:00+00:00,39.0401611328125
2026-06-02 01:00:00+00:00,29.710071563720703
2026-06-02 02:00:00+00:00,35.10477066040039
2026-06-02 03:00:00+00:00,46.219024658203125
2026-06-02 04:00:00+00:00,67.55713653564453
2026-06-02 05:00:00+00:00,100.21084594726562
2026-06-02 06:00:00+00:00,88.7956314086914
2026-06-02 07:00:00+00:00,43.84148406982422
2026-06-02 08:00:00+00:00,14.546184539794922
2026-06-02 09:00:00+00:00,7.319271087646484
2026-06-02 10:00:00+00:00,5.4472198486328125
2026-06-02 11:00:00+00:00,4.045444488525391
2026-06-02 12:00:00+00:00,3.2980003356933594
2026-06-02 13:00:00+00:00,2.4714393615722656
2026-06-02 14:00:00+00:00,2.5792884826660156
2026-06-02 15:00:00+00:00,12.395103454589844
2026-06-02 16:00:00+00:00,40.8903694152832
2026-06-02 17:00:00+00:00,99.20018768310547
2026-06-02 18:00:00+00:00,112.06517028808594
2026-06-02 19:00:00+00:00,125.06520080566406
2026-06-02 20:00:00+00:00,126.82192993164062
2026-06-02 21:00:00+00:00,115.65971374511719
2026-06-02 22:00:00+00:00,92.53739929199219
2026-06-02 23:00:00+00:00,79.29011535644531
2026-06-03 00:00:00+00:00,14.368610382080078
2026-06-03 01:00:00+00:00,8.323928833007812
2026-06-03 02:00:00+00:00,8.833358764648438
2026-06-03 03:00:00+00:00,12.062614440917969
2026-06-03 04:00:00+00:00,21.212791442871094
2026-06-03 05:00:00+00:00,38.97395324707031
2026-06-03 06:00:00+00:00,38.161293029785156
2026-06-03 07:00:00+00:00,18.96257781982422
2026-06-03 08:00:00+00:00,6.1009521484375
2026-06-03 09:00:00+00:00,4.506893157958984
2026-06-03 10:00:00+00:00,4.555511474609375
2026-06-03 11:00:00+00:00,3.0534400939941406
2026-06-03 12:00:00+00:00,1.7782478332519531
2026-06-03 13:00:00+00:00,1.3413810729980469
2026-06-03 14:00:00+00:00,1.8309364318847656
2026-06-03 15:00:00+00:00,3.3937759399414062
2026-06-03 16:00:00+00:00,14.422637939453125
2026-06-03 17:00:00+00:00,36.09342575073242
2026-06-03 18:00:00+00:00,57.626792907714844
2026-06-03 19:00:00+00:00,73.38127136230469
2026-06-03 20:00:00+00:00,83.31503295898438
2026-06-03 21:00:00+00:00,68.03225708007812
2026-06-03 22:00:00+00:00,40.16302490234375
2026-06-03 23:00:00+00:00,40.92193603515625
2026-06-04 00:00:00+00:00,9.65750503540039
2026-06-04 01:00:00+00:00,6.318672180175781
2026-06-04 02:00:00+00:00,6.085483551025391
2026-06-04 03:00:00+00:00,9.931758880615234
2026-06-04 04:00:00+00:00,12.48492431640625
2026-06-04 05:00:00+00:00,21.79623794555664
2026-06-04 06:00:00+00:00,21.284530639648438
2026-06-04 07:00:00+00:00,7.0149688720703125
2026-06-04 08:00:00+00:00,2.826751708984375
2026-06-04 09:00:00+00:00,2.7533531188964844
2026-06-04 10:00:00+00:00,2.0665321350097656
2026-06-04 11:00:00+00:00,1.5942649841308594
2026-06-04 12:00:00+00:00,1.3948135375976562
2026-06-04 13:00:00+00:00,1.5548019409179688
2026-06-04 14:00:00+00:00,1.4137725830078125
2026-06-04 15:00:00+00:00,1.8616180419921875
2026-06-04 16:00:00+00:00,4.216163635253906
2026-06-04 17:00:00+00:00,18.162221908569336
2026-06-04 18:00:00+00:00,24.46013832092285
2026-06-04 19:00:00+00:00,25.027259826660156
2026-06-04 20:00:00+00:00,37.53191375732422
2026-06-04 21:00:00+00:00,31.081026077270508
2026-06-04 22:00:00+00:00,19.646202087402344
2026-06-04 23:00:00+00:00,20.493484497070312
2026-06-05 00:00:00+00:00,16.186180114746094
2026-06-05 01:00:00+00:00,8.38357925415039
2026-06-05 02:00:00+00:00,6.569004058837891
2026-06-05 03:00:00+00:00,11.841590881347656
2026-06-05 04:00:00+00:00,17.07880210876465
2026-06-05 05:00:00+00:00,26.5678653717041
2026-06-05 06:00:00+00:00,27.235034942626953
2026-06-05 07:00:00+00:00,9.061275482177734
2026-06-05 08:00:00+00:00,2.674175262451172
2026-06-05 09:00:00+00:00,1.9817886352539062
2026-06-05 10:00:00+00:00,1.7143211364746094
2026-06-05 11:00:00+00:00,1.4407615661621094
2026-06-05 12:00:00+00:00,1.2495002746582031
2026-06-05 13:00:00+00:00,1.1631011962890625
2026-06-05 14:00:00+00:00,0.4138145446777344
2026-06-05 15:00:00+00:00,1.3328018188476562
2026-06-05 16:00:00+00:00,2.51654052734375
2026-06-05 17:00:00+00:00,16.436986923217773
2026-06-05 18:00:00+00:00,21.468624114990234
2026-06-05 19:00:00+00:00,26.12566566467285
2026-06-05 20:00:00+00:00,39.667327880859375
2026-06-05 21:00:00+00:00,34.53325653076172
2026-06-05 22:00:00+00:00,23.18936538696289
2026-06-05 23:00:00+00:00,23.58036994934082
2026-06-06 00:00:00+00:00,24.552724838256836
2026-06-06 01:00:00+00:00,15.898664474487305
2026-06-06 02:00:00+00:00,15.132064819335938
2026-06-06 03:00:00+00:00,19.59345817565918
2026-06-06 04:00:00+00:00,23.07807159423828
2026-06-06 05:00:00+00:00,33.58669662475586
2026-06-06 06:00:00+00:00,33.67435073852539
2026-06-06 07:00:00+00:00,12.440898895263672
2026-06-06 08:00:00+00:00,3.7863807678222656
2026-06-06 09:00:00+00:00,2.3319129943847656
2026-06-06 10:00:00+00:00,1.5584068298339844
2026-06-06 11:00:00+00:00,1.1802253723144531
2026-06-06 12:00:00+00:00,1.0024681091308594
2026-06-06 13:00:00+00:00,1.1174125671386719
2026-06-06 14:00:00+00:00,0.7709693908691406
2026-06-06 15:00:00+00:00,2.850811004638672
2026-06-06 16:00:00+00:00,15.931648254394531
2026-06-06 17:00:00+00:00,48.066410064697266
2026-06-06 18:00:00+00:00,74.72496032714844
2026-06-06 19:00:00+00:00,89.74485778808594
2026-06-06 20:00:00+00:00,92.43981170654297
2026-06-06 21:00:00+00:00,83.7073745727539
2026-06-06 22:00:00+00:00,61.893394470214844
2026-06-06 23:00:00+00:00,44.454254150390625
2026-06-07 00:00:00+00:00,10.467937469482422
2026-06-07 01:00:00+00:00,7.567100524902344
2026-06-07 02:00:00+00:00,6.102912902832031
2026-06-07 03:00:00+00:00,6.700096130371094
2026-06-07 04:00:00+00:00,7.690982818603516
2026-06-07 05:00:00+00:00,8.461082458496094
2026-06-07 06:00:00+00:00,7.4355926513671875
2026-06-07 07:00:00+00:00,3.412708282470703
2026-06-07 08:00:00+00:00,1.5079612731933594
2026-06-07 09:00:00+00:00,1.2396965026855469
2026-06-07 10:00:00+00:00,0.9071235656738281
2026-06-07 11:00:00+00:00,0.6974334716796875
2026-06-07 12:00:00+00:00,0.7077217102050781
2026-06-07 13:00:00+00:00,0.6394767761230469
2026-06-07 14:00:00+00:00,0.5322532653808594
2026-06-07 15:00:00+00:00,1.4610481262207031
2026-06-07 16:00:00+00:00,4.75225830078125
2026-06-07 17:00:00+00:00,18.34183120727539
2026-06-07 18:00:00+00:00,33.03485107421875
2026-06-07 19:00:00+00:00,44.7728271484375
2026-06-07 20:00:00+00:00,56.726375579833984
2026-06-07 21:00:00+00:00,43.70127868652344
2026-06-07 22:00:00+00:00,24.924760818481445
2026-06-07 23:00:00+00:00,20.800914764404297
2026-06-08 00:00:00+00:00,24.612834930419922
2026-06-08 01:00:00+00:00,16.999324798583984
2026-06-08 02:00:00+00:00,17.44640350341797
2026-06-08 03:00:00+00:00,23.533857345581055
2026-06-08 04:00:00+00:00,38.73338317871094
2026-06-08 05:00:00+00:00,66.0224838256836
2026-06-08 06:00:00+00:00,62.24407196044922
2026-06-08 07:00:00+00:00,24.342941284179688
2026-06-08 08:00:00+00:00,4.336894989013672
2026-06-08 09:00:00+00:00,0.42779541015625
2026-06-08 10:00:00+00:00,-0.6076126098632812
2026-06-08 11:00:00+00:00,-2.1499977111816406
2026-06-08 12:00:00+00:00,-2.3671188354492188
2026-06-08 13:00:00+00:00,-2.3611907958984375
2026-06-08 14:00:00+00:00,-1.8180618286132812
2026-06-08 15:00:00+00:00,5.6386871337890625
2026-06-08 16:00:00+00:00,24.138582229614258
2026-06-08 17:00:00+00:00,67.06015014648438
2026-06-08 18:00:00+00:00,92.12980651855469
2026-06-08 19:00:00+00:00,104.79293060302734
2026-06-08 20:00:00+00:00,108.4294204711914
2026-06-08 21:00:00+00:00,97.14857482910156
2026-06-08 22:00:00+00:00,69.60633850097656
2026-06-08 23:00:00+00:00,56.67426300048828
2026-06-09 00:00:00+00:00,26.3399658203125
2026-06-09 01:00:00+00:00,18.888004302978516
2026-06-09 02:00:00+00:00,18.32522964477539
2026-06-09 03:00:00+00:00,23.518634796142578
2026-06-09 04:00:00+00:00,30.127944946289062
2026-06-09 05:00:00+00:00,55.50706481933594
2026-06-09 06:00:00+00:00,61.023460388183594
2026-06-09 07:00:00+00:00,25.25595474243164
2026-06-09 08:00:00+00:00,7.752841949462891
2026-06-09 09:00:00+00:00,5.1955108642578125
2026-06-09 10:00:00+00:00,4.114673614501953
2026-06-09 11:00:00+00:00,2.8245582580566406
2026-06-09 12:00:00+00:00,2.0685653686523438
2026-06-09 13:00:00+00:00,1.5223350524902344
2026-06-09 14:00:00+00:00,0.9468345642089844
2026-06-09 15:00:00+00:00,3.071666717529297
2026-06-09 16:00:00+00:00,13.168281555175781
2026-06-09 17:00:00+00:00,43.99257278442383
2026-06-09 18:00:00+00:00,64.85523223876953
2026-06-09 19:00:00+00:00,69.79383850097656
2026-06-09 20:00:00+00:00,86.03437805175781
2026-06-09 21:00:00+00:00,77.04664611816406
2026-06-09 22:00:00+00:00,50.91368865966797
2026-06-09 23:00:00+00:00,42.48570251464844
2026-06-10 00:00:00+00:00,59.946807861328125
2026-06-10 01:00:00+00:00,45.306766510009766
2026-06-10 02:00:00+00:00,42.61672592163086
2026-06-10 03:00:00+00:00,47.97172546386719
2026-06-10 04:00:00+00:00,59.241241455078125
2026-06-10 05:00:00+00:00,82.97576904296875
2026-06-10 06:00:00+00:00,74.51127624511719
2026-06-10 07:00:00+00:00,25.56488609313965
2026-06-10 08:00:00+00:00,5.194561004638672
2026-06-10 09:00:00+00:00,3.8736839294433594
2026-06-10 10:00:00+00:00,3.4646987915039062
2026-06-10 11:00:00+00:00,2.7027320861816406
2026-06-10 12:00:00+00:00,2.2112808227539062
2026-06-10 13:00:00+00:00,1.7623634338378906
2026-06-10 14:00:00+00:00,1.1953125
2026-06-10 15:00:00+00:00,2.3397483825683594
2026-06-10 16:00:00+00:00,21.139381408691406
2026-06-10 17:00:00+00:00,62.73759460449219
2026-06-10 18:00:00+00:00,92.32931518554688
2026-06-10 19:00:00+00:00,103.67749786376953
2026-06-10 20:00:00+00:00,108.88693237304688
2026-06-10 21:00:00+00:00,100.92654418945312
2026-06-10 22:00:00+00:00,84.9325180053711
2026-06-10 23:00:00+00:00,76.08575439453125
2026-06-11 00:00:00+00:00,9.392234802246094
2026-06-11 01:00:00+00:00,6.819370269775391
2026-06-11 02:00:00+00:00,8.6572265625
2026-06-11 03:00:00+00:00,15.422412872314453
2026-06-11 04:00:00+00:00,24.686336517333984
2026-06-11 05:00:00+00:00,42.316864013671875
2026-06-11 06:00:00+00:00,37.32434844970703
2026-06-11 07:00:00+00:00,9.902336120605469
2026-06-11 08:00:00+00:00,3.1568069458007812
2026-06-11 09:00:00+00:00,2.7073287963867188
2026-06-11 10:00:00+00:00,1.9130516052246094
2026-06-11 11:00:00+00:00,1.469635009765625
2026-06-11 12:00:00+00:00,1.12554931640625
2026-06-11 13:00:00+00:00,0.7227630615234375
2026-06-11 14:00:00+00:00,0.1647491455078125
2026-06-11 15:00:00+00:00,1.1244277954101562
2026-06-11 16:00:00+00:00,7.922214508056641
2026-06-11 17:00:00+00:00,28.880455017089844
2026-06-11 18:00:00+00:00,58.63274383544922
2026-06-11 19:00:00+00:00,72.03450012207031
2026-06-11 20:00:00+00:00,82.27689361572266
2026-06-11 21:00:00+00:00,73.41297912597656
2026-06-11 22:00:00+00:00,47.84314727783203
2026-06-11 23:00:00+00:00,37.5382194519043
2026-06-12 00:00:00+00:00,18.40633201599121
2026-06-12 01:00:00+00:00,12.479490280151367
2026-06-12 02:00:00+00:00,9.915538787841797
2026-06-12 03:00:00+00:00,13.615619659423828
2026-06-12 04:00:00+00:00,18.126800537109375
2026-06-12 05:00:00+00:00,32.56053161621094
2026-06-12 06:00:00+00:00,30.552261352539062
2026-06-12 07:00:00+00:00,10.991683959960938
2026-06-12 08:00:00+00:00,4.233097076416016
2026-06-12 09:00:00+00:00,3.7959671020507812
2026-06-12 10:00:00+00:00,3.452899932861328
2026-06-12 11:00:00+00:00,2.8543624877929688
2026-06-12 12:00:00+00:00,2.571880340576172
2026-06-12 13:00:00+00:00,2.3157920837402344
2026-06-12 14:00:00+00:00,1.7734603881835938
2026-06-12 15:00:00+00:00,2.5320167541503906
2026-06-12 16:00:00+00:00,5.4680023193359375
2026-06-12 17:00:00+00:00,20.24660873413086
2026-06-12 18:00:00+00:00,33.90669631958008
2026-06-12 19:00:00+00:00,41.964298248291016
2026-06-12 20:00:00+00:00,54.4243049621582
2026-06-12 21:00:00+00:00,50.22873306274414
2026-06-12 22:00:00+00:00,43.31020736694336
2026-06-12 23:00:00+00:00,36.72843933105469
2026-06-13 00:00:00+00:00,57.95977783203125
2026-06-13 01:00:00+00:00,45.44411087036133
2026-06-13 02:00:00+00:00,40.280853271484375
2026-06-13 03:00:00+00:00,40.377628326416016
2026-06-13 04:00:00+00:00,42.26119613647461
2026-06-13 05:00:00+00:00,45.05357360839844
2026-06-13 06:00:00+00:00,30.268455505371094
2026-06-13 07:00:00+00:00,3.9263458251953125
2026-06-13 08:00:00+00:00,-0.2955894470214844
2026-06-13 09:00:00+00:00,-0.8112106323242188
2026-06-13 10:00:00+00:00,-1.4803428649902344
2026-06-13 11:00:00+00:00,-2.0726966857910156
2026-06-13 12:00:00+00:00,-2.6498260498046875
2026-06-13 13:00:00+00:00,-2.348003387451172
2026-06-13 14:00:00+00:00,-2.5757217407226562
2026-06-13 15:00:00+00:00,-1.6574516296386719
2026-06-13 16:00:00+00:00,8.587448120117188
2026-06-13 17:00:00+00:00,38.66644287109375
2026-06-13 18:00:00+00:00,69.60935974121094
2026-06-13 19:00:00+00:00,88.56687927246094
2026-06-13 20:00:00+00:00,91.16958618164062
2026-06-13 21:00:00+00:00,84.76066589355469
2026-06-13 22:00:00+00:00,70.81602478027344
2026-06-13 23:00:00+00:00,58.59417724609375
2026-06-14 00:00:00+00:00,38.62396240234375
2026-06-14 01:00:00+00:00,28.431011199951172
2026-06-14 02:00:00+00:00,23.368242263793945
2026-06-14 03:00:00+00:00,19.942380905151367
2026-06-14 04:00:00+00:00,14.259927749633789
2026-06-14 05:00:00+00:00,9.08509635925293
2026-06-14 06:00:00+00:00,0.4572715759277344
2026-06-14 07:00:00+00:00,-6.453395843505859
2026-06-14 08:00:00+00:00,-10.021060943603516
2026-06-14 09:00:00+00:00,-12.035987854003906
2026-06-14 10:00:00+00:00,-15.953483581542969
2026-06-14 11:00:00+00:00,-18.757549285888672
2026-06-14 12:00:00+00:00,-20.43783187866211
2026-06-14 13:00:00+00:00,-17.927200317382812
2026-06-14 14:00:00+00:00,-14.665679931640625
2026-06-14 15:00:00+00:00,-9.643302917480469
2026-06-14 16:00:00+00:00,-0.4271430969238281
2026-06-14 17:00:00+00:00,33.26696014404297
2026-06-14 18:00:00+00:00,75.55776977539062
2026-06-14 19:00:00+00:00,85.98919677734375
2026-06-14 20:00:00+00:00,93.29728698730469
2026-06-14 21:00:00+00:00,87.32340240478516
2026-06-14 22:00:00+00:00,63.74494934082031
2026-06-14 23:00:00+00:00,49.472816467285156
2026-06-15 00:00:00+00:00,75.27391052246094
2026-06-15 01:00:00+00:00,59.60667419433594
2026-06-15 02:00:00+00:00,57.290103912353516
2026-06-15 03:00:00+00:00,62.65337371826172
2026-06-15 04:00:00+00:00,72.57149505615234
2026-06-15 05:00:00+00:00,89.24581146240234
2026-06-15 06:00:00+00:00,73.92512512207031
2026-06-15 07:00:00+00:00,23.47453498840332
2026-06-15 08:00:00+00:00,4.948490142822266
2026-06-15 09:00:00+00:00,2.460285186767578
2026-06-15 10:00:00+00:00,-0.12486648559570312
2026-06-15 11:00:00+00:00,-1.9377670288085938
2026-06-15 12:00:00+00:00,-2.7046966552734375
2026-06-15 13:00:00+00:00,-3.2472572326660156
2026-06-15 14:00:00+00:00,-2.756061553955078
2026-06-15 15:00:00+00:00,1.7641372680664062
2026-06-15 16:00:00+00:00,18.259157180786133
2026-06-15 17:00:00+00:00,76.34068298339844
2026-06-15 18:00:00+00:00,108.25746154785156
2026-06-15 19:00:00+00:00,111.60965728759766
2026-06-15 20:00:00+00:00,111.51676177978516
2026-06-15 21:00:00+00:00,104.1072998046875
2026-06-15 22:00:00+00:00,91.45219421386719
2026-06-15 23:00:00+00:00,78.49507141113281
2026-06-16 00:00:00+00:00,108.89332580566406
2026-06-16 01:00:00+00:00,100.55210876464844
2026-06-16 02:00:00+00:00,101.43344116210938
2026-06-16 03:00:00+00:00,111.85523986816406
2026-06-16 04:00:00+00:00,117.85671997070312
2026-06-16 05:00:00+00:00,117.71334838867188
2026-06-16 06:00:00+00:00,106.3935546875
2026-06-16 07:00:00+00:00,60.40082931518555
2026-06-16 08:00:00+00:00,13.026466369628906
2026-06-16 09:00:00+00:00,4.765037536621094
2026-06-16 10:00:00+00:00,3.0793418884277344
2026-06-16 11:00:00+00:00,2.2477989196777344
2026-06-16 12:00:00+00:00,1.7967414855957031
2026-06-16 13:00:00+00:00,1.2506980895996094
2026-06-16 14:00:00+00:00,5.112789154052734
2026-06-16 15:00:00+00:00,41.20280456542969
2026-06-16 16:00:00+00:00,74.9932861328125
2026-06-16 17:00:00+00:00,120.67637634277344
2026-06-16 18:00:00+00:00,133.00900268554688
2026-06-16 19:00:00+00:00,138.4032440185547
2026-06-16 20:00:00+00:00,136.5985870361328
2026-06-16 21:00:00+00:00,124.14320373535156
2026-06-16 22:00:00+00:00,114.07093811035156
2026-06-16 23:00:00+00:00,108.41114807128906
2026-06-17 00:00:00+00:00,120.43232727050781
2026-06-17 01:00:00+00:00,108.73786926269531
2026-06-17 02:00:00+00:00,108.36355590820312
2026-06-17 03:00:00+00:00,122.70034790039062
2026-06-17 04:00:00+00:00,130.26980590820312
2026-06-17 05:00:00+00:00,130.08389282226562
2026-06-17 06:00:00+00:00,120.82269287109375
2026-06-17 07:00:00+00:00,84.20357513427734
2026-06-17 08:00:00+00:00,43.1378288269043
2026-06-17 09:00:00+00:00,25.995773315429688
2026-06-17 10:00:00+00:00,21.62318992614746
2026-06-17 11:00:00+00:00,16.304542541503906
2026-06-17 12:00:00+00:00,14.933984756469727
2026-06-17 13:00:00+00:00,16.90934181213379
2026-06-17 14:00:00+00:00,30.180458068847656
2026-06-17 15:00:00+00:00,59.15220642089844
2026-06-17 16:00:00+00:00,98.08241271972656
2026-06-17 17:00:00+00:00,135.4082489013672
2026-06-17 18:00:00+00:00,139.5689239501953
2026-06-17 19:00:00+00:00,141.8587188720703
2026-06-17 20:00:00+00:00,142.47898864746094
2026-06-17 21:00:00+00:00,134.4093475341797
2026-06-17 22:00:00+00:00,126.49226379394531
2026-06-17 23:00:00+00:00,120.6285400390625
2026-06-18 00:00:00+00:00,115.63015747070312
2026-06-18 01:00:00+00:00,108.51408386230469
2026-06-18 02:00:00+00:00,107.37711334228516
2026-06-18 03:00:00+00:00,114.30282592773438
2026-06-18 04:00:00+00:00,117.1280517578125
2026-06-18 05:00:00+00:00,117.49888610839844
2026-06-18 06:00:00+00:00,105.94747161865234
2026-06-18 07:00:00+00:00,77.43440246582031
2026-06-18 08:00:00+00:00,46.88502502441406
2026-06-18 09:00:00+00:00,33.32421112060547
2026-06-18 10:00:00+00:00,25.05451011657715
2026-06-18 11:00:00+00:00,12.943729400634766
2026-06-18 12:00:00+00:00,15.920286178588867
2026-06-18 13:00:00+00:00,22.33122444152832
2026-06-18 14:00:00+00:00,35.04815673828125
2026-06-18 15:00:00+00:00,59.183876037597656
2026-06-18 16:00:00+00:00,83.07504272460938
2026-06-18 17:00:00+00:00,118.58610534667969
2026-06-18 18:00:00+00:00,131.26953125
2026-06-18 19:00:00+00:00,136.10525512695312
2026-06-18 20:00:00+00:00,136.63414001464844
2026-06-18 21:00:00+00:00,125.34909057617188
2026-06-18 22:00:00+00:00,114.2034912109375
2026-06-18 23:00:00+00:00,107.99383544921875
2026-06-19 00:00:00+00:00,115.40724182128906
2026-06-19 01:00:00+00:00,107.50907135009766
2026-06-19 02:00:00+00:00,105.88037109375
2026-06-19 03:00:00+00:00,112.911376953125
2026-06-19 04:00:00+00:00,118.75607299804688
2026-06-19 05:00:00+00:00,119.20045471191406
2026-06-19 06:00:00+00:00,109.68121337890625
2026-06-19 07:00:00+00:00,85.0782470703125
2026-06-19 08:00:00+00:00,49.72588348388672
2026-06-19 09:00:00+00:00,29.563228607177734
2026-06-19 10:00:00+00:00,22.64427947998047
2026-06-19 11:00:00+00:00,13.317449569702148
2026-06-19 12:00:00+00:00,17.98233413696289
2026-06-19 13:00:00+00:00,29.543420791625977
2026-06-19 14:00:00+00:00,45.559207916259766
2026-06-19 15:00:00+00:00,75.00749206542969
2026-06-19 16:00:00+00:00,95.86165618896484
2026-06-19 17:00:00+00:00,118.7945556640625
2026-06-19 18:00:00+00:00,128.77867126464844
2026-06-19 19:00:00+00:00,134.07122802734375
2026-06-19 20:00:00+00:00,135.0291748046875
2026-06-19 21:00:00+00:00,128.3618621826172
2026-06-19 22:00:00+00:00,118.52699279785156
2026-06-19 23:00:00+00:00,108.61161804199219
2026-06-20 00:00:00+00:00,113.4359130859375
2026-06-20 01:00:00+00:00,101.96886444091797
2026-06-20 02:00:00+00:00,95.72118377685547
2026-06-20 03:00:00+00:00,95.6455307006836
2026-06-20 04:00:00+00:00,93.31167602539062
2026-06-20 05:00:00+00:00,88.40211486816406
2026-06-20 06:00:00+00:00,70.94660186767578
2026-06-20 07:00:00+00:00,43.11121368408203
2026-06-20 08:00:00+00:00,26.477828979492188
2026-06-20 09:00:00+00:00,17.377399444580078
2026-06-20 10:00:00+00:00,10.772674560546875
2026-06-20 11:00:00+00:00,0.5903358459472656
2026-06-20 12:00:00+00:00,1.2563209533691406
2026-06-20 13:00:00+00:00,8.510292053222656
2026-06-20 14:00:00+00:00,17.17461395263672
2026-06-20 15:00:00+00:00,31.853179931640625
2026-06-20 16:00:00+00:00,50.09174346923828
2026-06-20 17:00:00+00:00,82.44438171386719
2026-06-20 18:00:00+00:00,109.92311096191406
2026-06-20 19:00:00+00:00,121.36061096191406
2026-06-20 20:00:00+00:00,125.4765625
2026-06-20 21:00:00+00:00,119.53739929199219
2026-06-20 22:00:00+00:00,107.9847183227539
2026-06-20 23:00:00+00:00,94.20771026611328
2026-06-21 00:00:00+00:00,108.36177825927734
2026-06-21 01:00:00+00:00,97.52597045898438
2026-06-21 02:00:00+00:00,90.02288818359375
2026-06-21 03:00:00+00:00,81.96986389160156
2026-06-21 04:00:00+00:00,76.72682189941406
2026-06-21 05:00:00+00:00,67.77420806884766
2026-06-21 06:00:00+00:00,47.3365478515625
2026-06-21 07:00:00+00:00,18.317867279052734
2026-06-21 08:00:00+00:00,3.0600051879882812
2026-06-21 09:00:00+00:00,-1.5045585632324219
2026-06-21 10:00:00+00:00,-5.809764862060547
2026-06-21 11:00:00+00:00,-8.892723083496094
2026-06-21 12:00:00+00:00,-10.381698608398438
2026-06-21 13:00:00+00:00,-8.283130645751953
2026-06-21 14:00:00+00:00,1.5970649719238281
2026-06-21 15:00:00+00:00,27.399442672729492
2026-06-21 16:00:00+00:00,57.634674072265625
2026-06-21 17:00:00+00:00,91.5826644897461
2026-06-21 18:00:00+00:00,112.85951232910156
2026-06-21 19:00:00+00:00,119.47660827636719
2026-06-21 20:00:00+00:00,121.69635009765625
2026-06-21 21:00:00+00:00,114.90985107421875
2026-06-21 22:00:00+00:00,106.49043273925781
2026-06-21 23:00:00+00:00,98.63569641113281
2026-06-22 00:00:00+00:00,109.2977066040039
2026-06-22 01:00:00+00:00,98.83644104003906
2026-06-22 02:00:00+00:00,95.23518371582031
2026-06-22 03:00:00+00:00,102.26142883300781
2026-06-22 04:00:00+00:00,110.9832992553711
2026-06-22 05:00:00+00:00,116.22338104248047
2026-06-22 06:00:00+00:00,106.26234436035156
2026-06-22 07:00:00+00:00,73.35698699951172
2026-06-22 08:00:00+00:00,36.12541961669922
2026-06-22 09:00:00+00:00,19.604171752929688
2026-06-22 10:00:00+00:00,12.957378387451172
2026-06-22 11:00:00+00:00,7.882724761962891
2026-06-22 12:00:00+00:00,8.522968292236328
2026-06-22 13:00:00+00:00,13.951602935791016
2026-06-22 14:00:00+00:00,25.77093505859375
2026-06-22 15:00:00+00:00,61.87884521484375
2026-06-22 16:00:00+00:00,96.02497863769531
2026-06-22 17:00:00+00:00,114.10916900634766
2026-06-22 18:00:00+00:00,123.9935073852539
2026-06-22 19:00:00+00:00,129.8121337890625
2026-06-22 20:00:00+00:00,130.97113037109375
2026-06-22 21:00:00+00:00,122.58821105957031
2026-06-22 22:00:00+00:00,113.84716796875
2026-06-22 23:00:00+00:00,109.1513671875
2026-06-23 00:00:00+00:00,119.32872772216797
2026-06-23 01:00:00+00:00,111.36451721191406
2026-06-23 02:00:00+00:00,108.62276458740234
2026-06-23 03:00:00+00:00,120.4841537475586
2026-06-23 04:00:00+00:00,129.22943115234375
2026-06-23 05:00:00+00:00,133.63348388671875
2026-06-23 06:00:00+00:00,122.6197738647461
2026-06-23 07:00:00+00:00,97.05079650878906
2026-06-23 08:00:00+00:00,69.14996337890625
2026-06-23 09:00:00+00:00,51.59267044067383
2026-06-23 10:00:00+00:00,39.31962585449219
2026-06-23 11:00:00+00:00,27.04948616027832
2026-06-23 12:00:00+00:00,35.49721908569336
2026-06-23 13:00:00+00:00,46.35285568237305
2026-06-23 14:00:00+00:00,63.783084869384766
2026-06-23 15:00:00+00:00,92.60871887207031
2026-06-23 16:00:00+00:00,119.76478576660156
2026-06-23 17:00:00+00:00,147.20632934570312
2026-06-23 18:00:00+00:00,152.559814453125
2026-06-23 19:00:00+00:00,155.37777709960938
2026-06-23 20:00:00+00:00,154.51971435546875
2026-06-23 21:00:00+00:00,138.27394104003906
2026-06-23 22:00:00+00:00,130.93194580078125
2026-06-23 23:00:00+00:00,123.80626678466797
2026-06-24 00:00:00+00:00,129.62107849121094
2026-06-24 01:00:00+00:00,121.392822265625
2026-06-24 02:00:00+00:00,121.76901245117188
2026-06-24 03:00:00+00:00,131.09913635253906
2026-06-24 04:00:00+00:00,141.4567413330078
2026-06-24 05:00:00+00:00,145.0589141845703
2026-06-24 06:00:00+00:00,137.17491149902344
2026-06-24 07:00:00+00:00,118.01710510253906
2026-06-24 08:00:00+00:00,97.59715270996094
2026-06-24 09:00:00+00:00,76.96205139160156
2026-06-24 10:00:00+00:00,68.61237335205078
2026-06-24 11:00:00+00:00,64.6593017578125
2026-06-24 12:00:00+00:00,76.79833984375
2026-06-24 13:00:00+00:00,91.4705810546875
2026-06-24 14:00:00+00:00,105.63656616210938
2026-06-24 15:00:00+00:00,126.49790954589844
2026-06-24 16:00:00+00:00,156.97402954101562
2026-06-24 17:00:00+00:00,202.8440399169922
2026-06-24 18:00:00+00:00,209.64578247070312
2026-06-24 19:00:00+00:00,201.2720489501953
2026-06-24 20:00:00+00:00,189.8621826171875
2026-06-24 21:00:00+00:00,162.9638671875
2026-06-24 22:00:00+00:00,152.10475158691406
2026-06-24 23:00:00+00:00,142.3013153076172
2026-06-25 00:00:00+00:00,119.58128356933594
2026-06-25 01:00:00+00:00,115.43700408935547
2026-06-25 02:00:00+00:00,114.77610778808594
2026-06-25 03:00:00+00:00,121.32099151611328
2026-06-25 04:00:00+00:00,133.43667602539062
2026-06-25 05:00:00+00:00,138.88812255859375
2026-06-25 06:00:00+00:00,132.23696899414062
2026-06-25 07:00:00+00:00,114.51795959472656
2026-06-25 08:00:00+00:00,101.26397705078125
2026-06-25 09:00:00+00:00,90.2402114868164
2026-06-25 10:00:00+00:00,85.67813110351562
2026-06-25 11:00:00+00:00,80.8748779296875
2026-06-25 12:00:00+00:00,85.2926025390625
2026-06-25 13:00:00+00:00,90.94258880615234
2026-06-25 14:00:00+00:00,100.76487731933594
2026-06-25 15:00:00+00:00,121.95050048828125
2026-06-25 16:00:00+00:00,164.56625366210938
2026-06-25 17:00:00+00:00,244.629150390625
2026-06-25 18:00:00+00:00,251.6279296875
2026-06-25 19:00:00+00:00,231.5596923828125
2026-06-25 20:00:00+00:00,216.4821014404297
2026-06-25 21:00:00+00:00,174.9736328125
2026-06-25 22:00:00+00:00,153.93789672851562
2026-06-25 23:00:00+00:00,135.47645568847656
2026-06-26 00:00:00+00:00,110.55921936035156
2026-06-26 01:00:00+00:00,103.12042236328125
2026-06-26 02:00:00+00:00,101.45101928710938
2026-06-26 03:00:00+00:00,106.68429565429688
2026-06-26 04:00:00+00:00,114.16510009765625
2026-06-26 05:00:00+00:00,118.64389038085938
2026-06-26 06:00:00+00:00,111.73153686523438
2026-06-26 07:00:00+00:00,92.9561767578125
2026-06-26 08:00:00+00:00,75.63766479492188
2026-06-26 09:00:00+00:00,61.933326721191406
2026-06-26 10:00:00+00:00,52.15117645263672
2026-06-26 11:00:00+00:00,47.2684326171875
2026-06-26 12:00:00+00:00,52.50654602050781
2026-06-26 13:00:00+00:00,61.845726013183594
2026-06-26 14:00:00+00:00,73.35198974609375
2026-06-26 15:00:00+00:00,94.11019897460938
2026-06-26 16:00:00+00:00,123.72895812988281
2026-06-26 17:00:00+00:00,171.2564697265625
2026-06-26 18:00:00+00:00,169.15081787109375
2026-06-26 19:00:00+00:00,166.06427001953125
2026-06-26 20:00:00+00:00,161.16036987304688
2026-06-26 21:00:00+00:00,137.30557250976562
2026-06-26 22:00:00+00:00,127.61717224121094
2026-06-26 23:00:00+00:00,121.15849304199219
2026-06-27 00:00:00+00:00,120.1158447265625
2026-06-27 01:00:00+00:00,116.31817626953125
2026-06-27 02:00:00+00:00,114.30030822753906
2026-06-27 03:00:00+00:00,114.90995025634766
2026-06-27 04:00:00+00:00,117.59660339355469
2026-06-27 05:00:00+00:00,113.38130187988281
2026-06-27 06:00:00+00:00,96.37504577636719
2026-06-27 07:00:00+00:00,71.92354583740234
2026-06-27 08:00:00+00:00,54.317955017089844
2026-06-27 09:00:00+00:00,46.03038024902344
2026-06-27 10:00:00+00:00,40.145843505859375
2026-06-27 11:00:00+00:00,35.82269287109375
2026-06-27 12:00:00+00:00,36.77901077270508
2026-06-27 13:00:00+00:00,42.323020935058594
2026-06-27 14:00:00+00:00,52.784671783447266
2026-06-27 15:00:00+00:00,76.61378479003906
2026-06-27 16:00:00+00:00,115.9413070678711
2026-06-27 17:00:00+00:00,152.05914306640625
2026-06-27 18:00:00+00:00,166.10903930664062
2026-06-27 19:00:00+00:00,170.66864013671875
2026-06-27 20:00:00+00:00,164.9915771484375
2026-06-27 21:00:00+00:00,145.94210815429688
2026-06-27 22:00:00+00:00,133.6414794921875
2026-06-27 23:00:00+00:00,123.41748046875
2026-06-28 00:00:00+00:00,110.68933868408203
2026-06-28 01:00:00+00:00,98.7665023803711
2026-06-28 02:00:00+00:00,89.015380859375
2026-06-28 03:00:00+00:00,80.0381088256836
2026-06-28 04:00:00+00:00,75.29957580566406
2026-06-28 05:00:00+00:00,65.35739135742188
2026-06-28 06:00:00+00:00,41.277164459228516
2026-06-28 07:00:00+00:00,21.152828216552734
2026-06-28 08:00:00+00:00,13.086166381835938
2026-06-28 09:00:00+00:00,12.132209777832031
2026-06-28 10:00:00+00:00,9.328384399414062
2026-06-28 11:00:00+00:00,6.609336853027344
2026-06-28 12:00:00+00:00,5.5025177001953125
2026-06-28 13:00:00+00:00,9.951263427734375
2026-06-28 14:00:00+00:00,23.466053009033203
2026-06-28 15:00:00+00:00,51.39442443847656
2026-06-28 16:00:00+00:00,96.93128204345703
2026-06-28 17:00:00+00:00,135.98080444335938
2026-06-28 18:00:00+00:00,144.6592254638672
2026-06-28 19:00:00+00:00,150.1107635498047
2026-06-28 20:00:00+00:00,155.14996337890625
2026-06-28 21:00:00+00:00,139.52345275878906
2026-06-28 22:00:00+00:00,129.68270874023438
2026-06-28 23:00:00+00:00,121.46359252929688
2026-06-29 00:00:00+00:00,100.21361541748047
2026-06-29 01:00:00+00:00,96.79736328125
2026-06-29 02:00:00+00:00,97.42727661132812
2026-06-29 03:00:00+00:00,105.57841491699219
2026-06-29 04:00:00+00:00,115.07795715332031
2026-06-29 05:00:00+00:00,120.37687683105469
2026-06-29 06:00:00+00:00,110.91229248046875
2026-06-29 07:00:00+00:00,90.86988067626953
2026-06-29 08:00:00+00:00,63.57932662963867
2026-06-29 09:00:00+00:00,46.290748596191406
2026-06-29 10:00:00+00:00,32.03382873535156
2026-06-29 11:00:00+00:00,23.86004638671875
2026-06-29 12:00:00+00:00,29.981914520263672
2026-06-29 13:00:00+00:00,43.16876220703125
2026-06-29 14:00:00+00:00,57.70419692993164
2026-06-29 15:00:00+00:00,83.97428894042969
2026-06-29 16:00:00+00:00,115.10598754882812
2026-06-29 17:00:00+00:00,150.58444213867188
2026-06-29 18:00:00+00:00,152.0299072265625
2026-06-29 19:00:00+00:00,152.1049041748047
2026-06-29 20:00:00+00:00,149.69915771484375
2026-06-29 21:00:00+00:00,131.9979248046875
2026-06-29 22:00:00+00:00,122.95364379882812
2026-06-29 23:00:00+00:00,115.90045166015625
2026-06-30 00:00:00+00:00,111.13690185546875
2026-06-30 01:00:00+00:00,106.77304077148438
2026-06-30 02:00:00+00:00,104.61844635009766
2026-06-30 03:00:00+00:00,112.17425537109375
2026-06-30 04:00:00+00:00,124.23928833007812
2026-06-30 05:00:00+00:00,131.36074829101562
2026-06-30 06:00:00+00:00,126.53402709960938
2026-06-30 07:00:00+00:00,111.66448974609375
2026-06-30 08:00:00+00:00,98.73162841796875
2026-06-30 09:00:00+00:00,87.31536102294922
2026-06-30 10:00:00+00:00,76.32696533203125
2026-06-30 11:00:00+00:00,65.36186218261719
2026-06-30 12:00:00+00:00,72.26925659179688
2026-06-30 13:00:00+00:00,85.9171142578125
2026-06-30 14:00:00+00:00,95.37223052978516
2026-06-30 15:00:00+00:00,111.75418090820312
2026-06-30 16:00:00+00:00,133.8263397216797
2026-06-30 17:00:00+00:00,189.89474487304688
2026-06-30 18:00:00+00:00,188.33993530273438
2026-06-30 19:00:00+00:00,171.67181396484375
2026-06-30 20:00:00+00:00,172.70144653320312
2026-06-30 21:00:00+00:00,142.65121459960938
