,forecast_eur_mwh
2026-01-08 00:00:00+00:00,78.24313354492188
2026-01-08 01:00:00+00:00,75.61663055419922
2026-01-08 02:00:00+00:00,73.82072448730469
2026-01-08 03:00:00+00:00,72.8594970703125
2026-01-08 04:00:00+00:00,76.19309997558594
2026-01-08 05:00:00+00:00,84.37049102783203
2026-01-08 06:00:00+00:00,95.38890838623047
2026-01-08 07:00:00+00:00,103.73511505126953
2026-01-08 08:00:00+00:00,105.38358306884766
2026-01-08 09:00:00+00:00,101.50509643554688
2026-01-08 10:00:00+00:00,97.12503051757812
2026-01-08 11:00:00+00:00,93.02019500732422
2026-01-08 12:00:00+00:00,91.07756805419922
2026-01-08 13:00:00+00:00,91.5223617553711
2026-01-08 14:00:00+00:00,95.91751098632812
2026-01-08 15:00:00+00:00,102.64704132080078
2026-01-08 16:00:00+00:00,112.41063690185547
2026-01-08 17:00:00+00:00,114.90293884277344
2026-01-08 18:00:00+00:00,110.90122985839844
2026-01-08 19:00:00+00:00,98.9749755859375
2026-01-08 20:00:00+00:00,89.15955352783203
2026-01-08 21:00:00+00:00,83.37208557128906
2026-01-08 22:00:00+00:00,76.67903137207031
2026-01-08 23:00:00+00:00,71.17581939697266
2026-01-09 00:00:00+00:00,52.60874557495117
2026-01-09 01:00:00+00:00,48.70450210571289
2026-01-09 02:00:00+00:00,44.836971282958984
2026-01-09 03:00:00+00:00,44.889461517333984
2026-01-09 04:00:00+00:00,48.35893630981445
2026-01-09 05:00:00+00:00,58.3624382019043
2026-01-09 06:00:00+00:00,78.02476501464844
2026-01-09 07:00:00+00:00,95.81907653808594
2026-01-09 08:00:00+00:00,98.73335266113281
2026-01-09 09:00:00+00:00,92.45520782470703
2026-01-09 10:00:00+00:00,81.96434020996094
2026-01-09 11:00:00+00:00,73.76643371582031
2026-01-09 12:00:00+00:00,68.68318176269531
2026-01-09 13:00:00+00:00,68.15281677246094
2026-01-09 14:00:00+00:00,69.59354400634766
2026-01-09 15:00:00+00:00,73.1727066040039
2026-01-09 16:00:00+00:00,82.17557525634766
2026-01-09 17:00:00+00:00,85.82472229003906
2026-01-09 18:00:00+00:00,83.87014770507812
2026-01-09 19:00:00+00:00,76.51439666748047
2026-01-09 20:00:00+00:00,71.17366027832031
2026-01-09 21:00:00+00:00,68.08236694335938
2026-01-09 22:00:00+00:00,63.10465621948242
2026-01-09 23:00:00+00:00,57.00440216064453
2026-01-10 00:00:00+00:00,69.43692016601562
2026-01-10 01:00:00+00:00,66.05013275146484
2026-01-10 02:00:00+00:00,62.8665885925293
2026-01-10 03:00:00+00:00,60.35771560668945
2026-01-10 04:00:00+00:00,62.77098083496094
2026-01-10 05:00:00+00:00,68.61241912841797
2026-01-10 06:00:00+00:00,75.05654907226562
2026-01-10 07:00:00+00:00,82.1673355102539
2026-01-10 08:00:00+00:00,86.63800811767578
2026-01-10 09:00:00+00:00,87.35366821289062
2026-01-10 10:00:00+00:00,83.34979248046875
2026-01-10 11:00:00+00:00,81.94921875
2026-01-10 12:00:00+00:00,80.82231140136719
2026-01-10 13:00:00+00:00,81.12686157226562
2026-01-10 14:00:00+00:00,85.7804946899414
2026-01-10 15:00:00+00:00,91.24043273925781
2026-01-10 16:00:00+00:00,99.5912094116211
2026-01-10 17:00:00+00:00,101.79342651367188
2026-01-10 18:00:00+00:00,98.9176254272461
2026-01-10 19:00:00+00:00,93.15145111083984
2026-01-10 20:00:00+00:00,88.2750473022461
2026-01-10 21:00:00+00:00,86.53687286376953
2026-01-10 22:00:00+00:00,84.73604583740234
2026-01-10 23:00:00+00:00,84.02739715576172
2026-01-11 00:00:00+00:00,92.7385482788086
2026-01-11 01:00:00+00:00,90.0213394165039
2026-01-11 02:00:00+00:00,85.53313446044922
2026-01-11 03:00:00+00:00,82.25436401367188
2026-01-11 04:00:00+00:00,80.78450775146484
2026-01-11 05:00:00+00:00,83.37486267089844
2026-01-11 06:00:00+00:00,89.01451110839844
2026-01-11 07:00:00+00:00,95.41841888427734
2026-01-11 08:00:00+00:00,95.87651062011719
2026-01-11 09:00:00+00:00,89.71862030029297
2026-01-11 10:00:00+00:00,85.3646469116211
2026-01-11 11:00:00+00:00,83.40612030029297
2026-01-11 12:00:00+00:00,82.78398132324219
2026-01-11 13:00:00+00:00,83.19625854492188
2026-01-11 14:00:00+00:00,86.61061096191406
2026-01-11 15:00:00+00:00,92.24807739257812
2026-01-11 16:00:00+00:00,103.9242935180664
2026-01-11 17:00:00+00:00,112.36720275878906
2026-01-11 18:00:00+00:00,110.15751647949219
2026-01-11 19:00:00+00:00,98.07222747802734
2026-01-11 20:00:00+00:00,88.50576782226562
2026-01-11 21:00:00+00:00,84.35723114013672
2026-01-11 22:00:00+00:00,78.46711730957031
2026-01-11 23:00:00+00:00,73.18424224853516
2026-01-12 00:00:00+00:00,74.05036163330078
2026-01-12 01:00:00+00:00,70.85762786865234
2026-01-12 02:00:00+00:00,67.50739288330078
2026-01-12 03:00:00+00:00,65.42881774902344
2026-01-12 04:00:00+00:00,68.49842071533203
2026-01-12 05:00:00+00:00,78.13269805908203
2026-01-12 06:00:00+00:00,91.90763854980469
2026-01-12 07:00:00+00:00,103.81946563720703
2026-01-12 08:00:00+00:00,104.34393310546875
2026-01-12 09:00:00+00:00,95.6218032836914
2026-01-12 10:00:00+00:00,88.06106567382812
2026-01-12 11:00:00+00:00,86.65733337402344
2026-01-12 12:00:00+00:00,81.09144592285156
2026-01-12 13:00:00+00:00,78.4117660522461
2026-01-12 14:00:00+00:00,82.07848358154297
2026-01-12 15:00:00+00:00,87.71109008789062
2026-01-12 16:00:00+00:00,99.60560607910156
2026-01-12 17:00:00+00:00,108.17143249511719
2026-01-12 18:00:00+00:00,106.2523422241211
2026-01-12 19:00:00+00:00,96.00123596191406
2026-01-12 20:00:00+00:00,90.2658920288086
2026-01-12 21:00:00+00:00,87.82653045654297
2026-01-12 22:00:00+00:00,82.52033996582031
2026-01-12 23:00:00+00:00,79.03982543945312
2026-01-13 00:00:00+00:00,79.70439910888672
2026-01-13 01:00:00+00:00,75.5862045288086
2026-01-13 02:00:00+00:00,69.5308837890625
2026-01-13 03:00:00+00:00,67.61863708496094
2026-01-13 04:00:00+00:00,73.47247314453125
2026-01-13 05:00:00+00:00,86.48536682128906
2026-01-13 06:00:00+00:00,102.0420913696289
2026-01-13 07:00:00+00:00,111.69805908203125
2026-01-13 08:00:00+00:00,108.17364501953125
2026-01-13 09:00:00+00:00,96.49270629882812
2026-01-13 10:00:00+00:00,88.91715240478516
2026-01-13 11:00:00+00:00,89.02750396728516
2026-01-13 12:00:00+00:00,86.95018005371094
2026-01-13 13:00:00+00:00,85.56950378417969
2026-01-13 14:00:00+00:00,88.11247253417969
2026-01-13 15:00:00+00:00,95.92806243896484
2026-01-13 16:00:00+00:00,108.94453430175781
2026-01-13 17:00:00+00:00,116.93183898925781
2026-01-13 18:00:00+00:00,113.75241088867188
2026-01-13 19:00:00+00:00,98.47595977783203
2026-01-13 20:00:00+00:00,89.20712280273438
2026-01-13 21:00:00+00:00,87.0489730834961
2026-01-13 22:00:00+00:00,81.95789337158203
2026-01-13 23:00:00+00:00,79.06686401367188
2026-01-14 00:00:00+00:00,90.0524673461914
2026-01-14 01:00:00+00:00,82.92571258544922
2026-01-14 02:00:00+00:00,77.18309020996094
2026-01-14 03:00:00+00:00,74.68257141113281
2026-01-14 04:00:00+00:00,78.82919311523438
2026-01-14 05:00:00+00:00,89.33733367919922
2026-01-14 06:00:00+00:00,102.21858215332031
2026-01-14 07:00:00+00:00,113.26631164550781
2026-01-14 08:00:00+00:00,113.06639099121094
2026-01-14 09:00:00+00:00,101.31590270996094
2026-01-14 10:00:00+00:00,93.29293060302734
2026-01-14 11:00:00+00:00,90.1701889038086
2026-01-14 12:00:00+00:00,87.51402282714844
2026-01-14 13:00:00+00:00,86.87845611572266
2026-01-14 14:00:00+00:00,90.24735260009766
2026-01-14 15:00:00+00:00,95.67343139648438
2026-01-14 16:00:00+00:00,107.13037109375
2026-01-14 17:00:00+00:00,116.61402893066406
2026-01-14 18:00:00+00:00,112.2626953125
2026-01-14 19:00:00+00:00,100.6216049194336
2026-01-14 20:00:00+00:00,92.91039276123047
2026-01-14 21:00:00+00:00,89.81041717529297
2026-01-14 22:00:00+00:00,83.51853942871094
2026-01-14 23:00:00+00:00,81.92864990234375
2026-01-15 00:00:00+00:00,94.45884704589844
2026-01-15 01:00:00+00:00,88.06727600097656
2026-01-15 02:00:00+00:00,85.29193115234375
2026-01-15 03:00:00+00:00,85.73326873779297
2026-01-15 04:00:00+00:00,88.72552490234375
2026-01-15 05:00:00+00:00,99.63916778564453
2026-01-15 06:00:00+00:00,115.68499755859375
2026-01-15 07:00:00+00:00,135.82171630859375
2026-01-15 08:00:00+00:00,134.881103515625
2026-01-15 09:00:00+00:00,120.23674774169922
2026-01-15 10:00:00+00:00,108.17565155029297
2026-01-15 11:00:00+00:00,102.2614974975586
2026-01-15 12:00:00+00:00,97.62174987792969
2026-01-15 13:00:00+00:00,97.24421691894531
2026-01-15 14:00:00+00:00,101.4675064086914
2026-01-15 15:00:00+00:00,107.83795928955078
2026-01-15 16:00:00+00:00,119.188720703125
2026-01-15 17:00:00+00:00,130.65020751953125
2026-01-15 18:00:00+00:00,121.41085052490234
2026-01-15 19:00:00+00:00,100.56918334960938
2026-01-15 20:00:00+00:00,89.93507385253906
2026-01-15 21:00:00+00:00,84.83345794677734
2026-01-15 22:00:00+00:00,78.48445129394531
2026-01-15 23:00:00+00:00,79.79010009765625
2026-01-16 00:00:00+00:00,81.38096618652344
2026-01-16 01:00:00+00:00,78.999755859375
2026-01-16 02:00:00+00:00,76.64727783203125
2026-01-16 03:00:00+00:00,75.79740142822266
2026-01-16 04:00:00+00:00,79.56623077392578
2026-01-16 05:00:00+00:00,90.072998046875
2026-01-16 06:00:00+00:00,104.2249755859375
2026-01-16 07:00:00+00:00,113.76664733886719
2026-01-16 08:00:00+00:00,112.2657470703125
2026-01-16 09:00:00+00:00,104.1766586303711
2026-01-16 10:00:00+00:00,98.34646606445312
2026-01-16 11:00:00+00:00,95.28590393066406
2026-01-16 12:00:00+00:00,92.68080139160156
2026-01-16 13:00:00+00:00,93.41434478759766
2026-01-16 14:00:00+00:00,97.3450698852539
2026-01-16 15:00:00+00:00,104.62665557861328
2026-01-16 16:00:00+00:00,115.45082092285156
2026-01-16 17:00:00+00:00,122.94188690185547
2026-01-16 18:00:00+00:00,118.61503601074219
2026-01-16 19:00:00+00:00,107.02702331542969
2026-01-16 20:00:00+00:00,98.75067138671875
2026-01-16 21:00:00+00:00,96.1305160522461
2026-01-16 22:00:00+00:00,92.09828186035156
2026-01-16 23:00:00+00:00,90.32698059082031
2026-01-17 00:00:00+00:00,99.65385437011719
2026-01-17 01:00:00+00:00,96.28142547607422
2026-01-17 02:00:00+00:00,92.23432159423828
2026-01-17 03:00:00+00:00,91.39319610595703
2026-01-17 04:00:00+00:00,93.25678253173828
2026-01-17 05:00:00+00:00,96.0625228881836
2026-01-17 06:00:00+00:00,102.2528305053711
2026-01-17 07:00:00+00:00,110.75755310058594
2026-01-17 08:00:00+00:00,112.3169174194336
2026-01-17 09:00:00+00:00,109.31587982177734
2026-01-17 10:00:00+00:00,107.47952270507812
2026-01-17 11:00:00+00:00,107.74137115478516
2026-01-17 12:00:00+00:00,104.01556396484375
2026-01-17 13:00:00+00:00,104.02346801757812
2026-01-17 14:00:00+00:00,107.64456176757812
2026-01-17 15:00:00+00:00,113.11874389648438
2026-01-17 16:00:00+00:00,126.77976989746094
2026-01-17 17:00:00+00:00,133.7646026611328
2026-01-17 18:00:00+00:00,129.46145629882812
2026-01-17 19:00:00+00:00,117.83505249023438
2026-01-17 20:00:00+00:00,107.6290283203125
2026-01-17 21:00:00+00:00,104.09899139404297
2026-01-17 22:00:00+00:00,97.89655303955078
2026-01-17 23:00:00+00:00,98.70476531982422
2026-01-18 00:00:00+00:00,107.48290252685547
2026-01-18 01:00:00+00:00,103.64741516113281
2026-01-18 02:00:00+00:00,100.24268341064453
2026-01-18 03:00:00+00:00,98.37004089355469
2026-01-18 04:00:00+00:00,97.93313598632812
2026-01-18 05:00:00+00:00,98.19779968261719
2026-01-18 06:00:00+00:00,100.01119995117188
2026-01-18 07:00:00+00:00,104.03555297851562
2026-01-18 08:00:00+00:00,109.04177856445312
2026-01-18 09:00:00+00:00,110.62519836425781
2026-01-18 10:00:00+00:00,111.72794342041016
2026-01-18 11:00:00+00:00,112.78462219238281
2026-01-18 12:00:00+00:00,110.78864288330078
2026-01-18 13:00:00+00:00,110.21881103515625
2026-01-18 14:00:00+00:00,112.97834777832031
2026-01-18 15:00:00+00:00,116.68749237060547
2026-01-18 16:00:00+00:00,130.0528564453125
2026-01-18 17:00:00+00:00,139.9105987548828
2026-01-18 18:00:00+00:00,138.78562927246094
2026-01-18 19:00:00+00:00,126.23666381835938
2026-01-18 20:00:00+00:00,116.69886779785156
2026-01-18 21:00:00+00:00,113.10501098632812
2026-01-18 22:00:00+00:00,107.95415496826172
2026-01-18 23:00:00+00:00,106.76661682128906
2026-01-19 00:00:00+00:00,100.64605712890625
2026-01-19 01:00:00+00:00,96.94628143310547
2026-01-19 02:00:00+00:00,93.80873107910156
2026-01-19 03:00:00+00:00,92.72102355957031
2026-01-19 04:00:00+00:00,98.5687026977539
2026-01-19 05:00:00+00:00,113.57256317138672
2026-01-19 06:00:00+00:00,131.20005798339844
2026-01-19 07:00:00+00:00,144.2476806640625
2026-01-19 08:00:00+00:00,143.52334594726562
2026-01-19 09:00:00+00:00,133.9155731201172
2026-01-19 10:00:00+00:00,125.609130859375
2026-01-19 11:00:00+00:00,122.28496551513672
2026-01-19 12:00:00+00:00,119.6326675415039
2026-01-19 13:00:00+00:00,122.39723205566406
2026-01-19 14:00:00+00:00,129.24525451660156
2026-01-19 15:00:00+00:00,138.4687042236328
2026-01-19 16:00:00+00:00,155.42213439941406
2026-01-19 17:00:00+00:00,167.782958984375
2026-01-19 18:00:00+00:00,161.85275268554688
2026-01-19 19:00:00+00:00,139.07122802734375
2026-01-19 20:00:00+00:00,124.67223358154297
2026-01-19 21:00:00+00:00,120.12903594970703
2026-01-19 22:00:00+00:00,111.34201049804688
2026-01-19 23:00:00+00:00,108.6025390625
2026-01-20 00:00:00+00:00,103.02912902832031
2026-01-20 01:00:00+00:00,100.24320983886719
2026-01-20 02:00:00+00:00,97.79545593261719
2026-01-20 03:00:00+00:00,97.22315979003906
2026-01-20 04:00:00+00:00,101.20016479492188
2026-01-20 05:00:00+00:00,114.36849975585938
2026-01-20 06:00:00+00:00,133.80096435546875
2026-01-20 07:00:00+00:00,147.07391357421875
2026-01-20 08:00:00+00:00,143.62033081054688
2026-01-20 09:00:00+00:00,127.69792938232422
2026-01-20 10:00:00+00:00,117.89727783203125
2026-01-20 11:00:00+00:00,113.10986328125
2026-01-20 12:00:00+00:00,110.08647155761719
2026-01-20 13:00:00+00:00,112.49424743652344
2026-01-20 14:00:00+00:00,117.38668823242188
2026-01-20 15:00:00+00:00,124.67271423339844
2026-01-20 16:00:00+00:00,141.00439453125
2026-01-20 17:00:00+00:00,153.7001953125
2026-01-20 18:00:00+00:00,145.29811096191406
2026-01-20 19:00:00+00:00,124.7208023071289
2026-01-20 20:00:00+00:00,113.56063842773438
2026-01-20 21:00:00+00:00,110.15316772460938
2026-01-20 22:00:00+00:00,100.6914291381836
2026-01-20 23:00:00+00:00,96.7607421875
2026-01-21 00:00:00+00:00,81.15132141113281
2026-01-21 01:00:00+00:00,78.03230285644531
2026-01-21 02:00:00+00:00,72.57919311523438
2026-01-21 03:00:00+00:00,71.19686889648438
2026-01-21 04:00:00+00:00,75.8277587890625
2026-01-21 05:00:00+00:00,86.78005981445312
2026-01-21 06:00:00+00:00,102.20213317871094
2026-01-21 07:00:00+00:00,111.37519836425781
2026-01-21 08:00:00+00:00,107.49433898925781
2026-01-21 09:00:00+00:00,95.68191528320312
2026-01-21 10:00:00+00:00,86.85134887695312
2026-01-21 11:00:00+00:00,85.9755630493164
2026-01-21 12:00:00+00:00,83.14219665527344
2026-01-21 13:00:00+00:00,85.53990936279297
2026-01-21 14:00:00+00:00,88.41461181640625
2026-01-21 15:00:00+00:00,93.82717895507812
2026-01-21 16:00:00+00:00,107.11681365966797
2026-01-21 17:00:00+00:00,122.22746276855469
2026-01-21 18:00:00+00:00,120.85977172851562
2026-01-21 19:00:00+00:00,105.79672241210938
2026-01-21 20:00:00+00:00,97.50251007080078
2026-01-21 21:00:00+00:00,96.98029327392578
2026-01-21 22:00:00+00:00,88.6476821899414
2026-01-21 23:00:00+00:00,85.47877502441406
2026-01-22 00:00:00+00:00,37.11558532714844
2026-01-22 01:00:00+00:00,34.99815368652344
2026-01-22 02:00:00+00:00,34.1523323059082
2026-01-22 03:00:00+00:00,34.79717254638672
2026-01-22 04:00:00+00:00,43.29848098754883
2026-01-22 05:00:00+00:00,64.21133422851562
2026-01-22 06:00:00+00:00,88.84535217285156
2026-01-22 07:00:00+00:00,102.69056701660156
2026-01-22 08:00:00+00:00,102.16133880615234
2026-01-22 09:00:00+00:00,91.231201171875
2026-01-22 10:00:00+00:00,78.94528198242188
2026-01-22 11:00:00+00:00,72.69485473632812
2026-01-22 12:00:00+00:00,70.62297058105469
2026-01-22 13:00:00+00:00,73.05789947509766
2026-01-22 14:00:00+00:00,79.06806182861328
2026-01-22 15:00:00+00:00,87.30471801757812
2026-01-22 16:00:00+00:00,101.77653503417969
2026-01-22 17:00:00+00:00,121.36512756347656
2026-01-22 18:00:00+00:00,122.76834106445312
2026-01-22 19:00:00+00:00,107.43289184570312
2026-01-22 20:00:00+00:00,97.53485107421875
2026-01-22 21:00:00+00:00,95.48240661621094
2026-01-22 22:00:00+00:00,84.77922058105469
2026-01-22 23:00:00+00:00,75.58889770507812
2026-01-23 00:00:00+00:00,83.56053161621094
2026-01-23 01:00:00+00:00,77.93277740478516
2026-01-23 02:00:00+00:00,72.56951141357422
2026-01-23 03:00:00+00:00,70.0604248046875
2026-01-23 04:00:00+00:00,75.78364562988281
2026-01-23 05:00:00+00:00,89.40390014648438
2026-01-23 06:00:00+00:00,105.09620666503906
2026-01-23 07:00:00+00:00,112.79225158691406
2026-01-23 08:00:00+00:00,111.5230712890625
2026-01-23 09:00:00+00:00,102.23661041259766
2026-01-23 10:00:00+00:00,94.08080291748047
2026-01-23 11:00:00+00:00,89.89862823486328
2026-01-23 12:00:00+00:00,85.40238952636719
2026-01-23 13:00:00+00:00,87.34806060791016
2026-01-23 14:00:00+00:00,94.82759094238281
2026-01-23 15:00:00+00:00,100.62123107910156
2026-01-23 16:00:00+00:00,113.11738586425781
2026-01-23 17:00:00+00:00,122.29910278320312
2026-01-23 18:00:00+00:00,120.47638702392578
2026-01-23 19:00:00+00:00,108.78189086914062
2026-01-23 20:00:00+00:00,101.21199798583984
2026-01-23 21:00:00+00:00,101.57749938964844
2026-01-23 22:00:00+00:00,95.38945770263672
2026-01-23 23:00:00+00:00,92.11363983154297
2026-01-24 00:00:00+00:00,94.30424499511719
2026-01-24 01:00:00+00:00,90.98369598388672
2026-01-24 02:00:00+00:00,86.33336639404297
2026-01-24 03:00:00+00:00,83.95067596435547
2026-01-24 04:00:00+00:00,85.27301025390625
2026-01-24 05:00:00+00:00,88.0109634399414
2026-01-24 06:00:00+00:00,92.29139709472656
2026-01-24 07:00:00+00:00,99.01091003417969
2026-01-24 08:00:00+00:00,103.03997802734375
2026-01-24 09:00:00+00:00,98.86465454101562
2026-01-24 10:00:00+00:00,96.0109634399414
2026-01-24 11:00:00+00:00,97.24078369140625
2026-01-24 12:00:00+00:00,93.83578491210938
2026-01-24 13:00:00+00:00,94.43476867675781
2026-01-24 14:00:00+00:00,98.06060028076172
2026-01-24 15:00:00+00:00,100.65304565429688
2026-01-24 16:00:00+00:00,111.524658203125
2026-01-24 17:00:00+00:00,122.63922119140625
2026-01-24 18:00:00+00:00,122.15526580810547
2026-01-24 19:00:00+00:00,108.76396942138672
2026-01-24 20:00:00+00:00,99.8443374633789
2026-01-24 21:00:00+00:00,100.23430633544922
2026-01-24 22:00:00+00:00,97.89881134033203
2026-01-24 23:00:00+00:00,99.21280670166016
2026-01-25 00:00:00+00:00,93.3650131225586
2026-01-25 01:00:00+00:00,89.64178466796875
2026-01-25 02:00:00+00:00,86.7903823852539
2026-01-25 03:00:00+00:00,85.72792053222656
2026-01-25 04:00:00+00:00,86.83856201171875
2026-01-25 05:00:00+00:00,88.19535064697266
2026-01-25 06:00:00+00:00,92.03707885742188
2026-01-25 07:00:00+00:00,98.53208923339844
2026-01-25 08:00:00+00:00,101.67816162109375
2026-01-25 09:00:00+00:00,100.09789276123047
2026-01-25 10:00:00+00:00,97.89889526367188
2026-01-25 11:00:00+00:00,97.00680541992188
2026-01-25 12:00:00+00:00,93.58332824707031
2026-01-25 13:00:00+00:00,92.23382568359375
2026-01-25 14:00:00+00:00,96.78372955322266
2026-01-25 15:00:00+00:00,102.52597045898438
2026-01-25 16:00:00+00:00,117.55536651611328
2026-01-25 17:00:00+00:00,132.8900146484375
2026-01-25 18:00:00+00:00,133.22607421875
2026-01-25 19:00:00+00:00,122.9058837890625
2026-01-25 20:00:00+00:00,117.02891540527344
2026-01-25 21:00:00+00:00,114.47877502441406
2026-01-25 22:00:00+00:00,104.2267837524414
2026-01-25 23:00:00+00:00,99.0450439453125
2026-01-26 00:00:00+00:00,103.2796401977539
2026-01-26 01:00:00+00:00,99.90845489501953
2026-01-26 02:00:00+00:00,95.2291488647461
2026-01-26 03:00:00+00:00,94.12052917480469
2026-01-26 04:00:00+00:00,99.0459976196289
2026-01-26 05:00:00+00:00,114.84283447265625
2026-01-26 06:00:00+00:00,134.72792053222656
2026-01-26 07:00:00+00:00,149.60833740234375
2026-01-26 08:00:00+00:00,146.0879669189453
2026-01-26 09:00:00+00:00,132.803955078125
2026-01-26 10:00:00+00:00,120.47149658203125
2026-01-26 11:00:00+00:00,116.51085662841797
2026-01-26 12:00:00+00:00,112.76402282714844
2026-01-26 13:00:00+00:00,112.83119201660156
2026-01-26 14:00:00+00:00,117.23038482666016
2026-01-26 15:00:00+00:00,126.94139099121094
2026-01-26 16:00:00+00:00,141.00540161132812
2026-01-26 17:00:00+00:00,155.3511199951172
2026-01-26 18:00:00+00:00,150.1748504638672
2026-01-26 19:00:00+00:00,128.71258544921875
2026-01-26 20:00:00+00:00,115.92755126953125
2026-01-26 21:00:00+00:00,112.94386291503906
2026-01-26 22:00:00+00:00,102.66136169433594
2026-01-26 23:00:00+00:00,99.25089263916016
2026-01-27 00:00:00+00:00,83.94306945800781
2026-01-27 01:00:00+00:00,78.91233825683594
2026-01-27 02:00:00+00:00,71.78984832763672
2026-01-27 03:00:00+00:00,68.17108154296875
2026-01-27 04:00:00+00:00,75.94293975830078
2026-01-27 05:00:00+00:00,92.3530502319336
2026-01-27 06:00:00+00:00,108.47688293457031
2026-01-27 07:00:00+00:00,116.257080078125
2026-01-27 08:00:00+00:00,117.4196548461914
2026-01-27 09:00:00+00:00,109.25762176513672
2026-01-27 10:00:00+00:00,101.3843002319336
2026-01-27 11:00:00+00:00,97.33779907226562
2026-01-27 12:00:00+00:00,92.04788208007812
2026-01-27 13:00:00+00:00,92.94438171386719
2026-01-27 14:00:00+00:00,98.953369140625
2026-01-27 15:00:00+00:00,103.29161834716797
2026-01-27 16:00:00+00:00,117.52618408203125
2026-01-27 17:00:00+00:00,136.366455078125
2026-01-27 18:00:00+00:00,133.08392333984375
2026-01-27 19:00:00+00:00,117.8321533203125
2026-01-27 20:00:00+00:00,110.9517822265625
2026-01-27 21:00:00+00:00,111.42753601074219
2026-01-27 22:00:00+00:00,103.82533264160156
2026-01-27 23:00:00+00:00,99.88297271728516
2026-01-28 00:00:00+00:00,98.93807983398438
2026-01-28 01:00:00+00:00,94.87287139892578
2026-01-28 02:00:00+00:00,89.03816223144531
2026-01-28 03:00:00+00:00,88.59685516357422
2026-01-28 04:00:00+00:00,95.39266204833984
2026-01-28 05:00:00+00:00,113.05612182617188
2026-01-28 06:00:00+00:00,134.1681365966797
2026-01-28 07:00:00+00:00,151.2252197265625
2026-01-28 08:00:00+00:00,148.4874267578125
2026-01-28 09:00:00+00:00,137.84646606445312
2026-01-28 10:00:00+00:00,127.01591491699219
2026-01-28 11:00:00+00:00,124.64033508300781
2026-01-28 12:00:00+00:00,118.8406982421875
2026-01-28 13:00:00+00:00,119.43537902832031
2026-01-28 14:00:00+00:00,123.99964141845703
2026-01-28 15:00:00+00:00,129.79354858398438
2026-01-28 16:00:00+00:00,141.40463256835938
2026-01-28 17:00:00+00:00,159.02761840820312
2026-01-28 18:00:00+00:00,155.80130004882812
2026-01-28 19:00:00+00:00,135.47610473632812
2026-01-28 20:00:00+00:00,123.71348571777344
2026-01-28 21:00:00+00:00,120.8796615600586
2026-01-28 22:00:00+00:00,113.81599426269531
2026-01-28 23:00:00+00:00,108.71485137939453
2026-01-29 00:00:00+00:00,103.59715270996094
2026-01-29 01:00:00+00:00,100.60223388671875
2026-01-29 02:00:00+00:00,95.25650024414062
2026-01-29 03:00:00+00:00,94.43457794189453
2026-01-29 04:00:00+00:00,99.23126220703125
2026-01-29 05:00:00+00:00,116.10205078125
2026-01-29 06:00:00+00:00,136.0504608154297
2026-01-29 07:00:00+00:00,150.74330139160156
2026-01-29 08:00:00+00:00,146.82843017578125
2026-01-29 09:00:00+00:00,134.70896911621094
2026-01-29 10:00:00+00:00,121.96070098876953
2026-01-29 11:00:00+00:00,117.8695068359375
2026-01-29 12:00:00+00:00,111.79779052734375
2026-01-29 13:00:00+00:00,111.34228515625
2026-01-29 14:00:00+00:00,114.94065856933594
2026-01-29 15:00:00+00:00,122.75309753417969
2026-01-29 16:00:00+00:00,132.98709106445312
2026-01-29 17:00:00+00:00,151.33253479003906
2026-01-29 18:00:00+00:00,145.580810546875
2026-01-29 19:00:00+00:00,126.40489959716797
2026-01-29 20:00:00+00:00,115.38774108886719
2026-01-29 21:00:00+00:00,113.09164428710938
2026-01-29 22:00:00+00:00,104.83914184570312
2026-01-29 23:00:00+00:00,100.48904418945312
2026-01-30 00:00:00+00:00,103.82594299316406
2026-01-30 01:00:00+00:00,98.39429473876953
2026-01-30 02:00:00+00:00,91.49375915527344
2026-01-30 03:00:00+00:00,89.06660461425781
2026-01-30 04:00:00+00:00,94.8414077758789
2026-01-30 05:00:00+00:00,103.75994110107422
2026-01-30 06:00:00+00:00,118.43856048583984
2026-01-30 07:00:00+00:00,132.73062133789062
2026-01-30 08:00:00+00:00,132.22447204589844
2026-01-30 09:00:00+00:00,121.30439758300781
2026-01-30 10:00:00+00:00,110.15856170654297
2026-01-30 11:00:00+00:00,106.95985412597656
2026-01-30 12:00:00+00:00,100.64598083496094
2026-01-30 13:00:00+00:00,100.42314147949219
2026-01-30 14:00:00+00:00,104.14673614501953
2026-01-30 15:00:00+00:00,108.9235610961914
2026-01-30 16:00:00+00:00,120.54241943359375
2026-01-30 17:00:00+00:00,131.42010498046875
2026-01-30 18:00:00+00:00,128.3526153564453
2026-01-30 19:00:00+00:00,112.81907653808594
2026-01-30 20:00:00+00:00,103.65039825439453
2026-01-30 21:00:00+00:00,104.81111907958984
2026-01-30 22:00:00+00:00,98.85521697998047
2026-01-30 23:00:00+00:00,99.22470092773438
2026-01-31 00:00:00+00:00,96.15253448486328
2026-01-31 01:00:00+00:00,92.41888427734375
2026-01-31 02:00:00+00:00,91.03565216064453
2026-01-31 03:00:00+00:00,89.97030639648438
2026-01-31 04:00:00+00:00,90.155029296875
2026-01-31 05:00:00+00:00,91.9666748046875
2026-01-31 06:00:00+00:00,98.2590560913086
2026-01-31 07:00:00+00:00,108.53362274169922
2026-01-31 08:00:00+00:00,114.19342803955078
2026-01-31 09:00:00+00:00,114.01136779785156
2026-01-31 10:00:00+00:00,109.12122344970703
2026-01-31 11:00:00+00:00,106.44527435302734
2026-01-31 12:00:00+00:00,99.77848815917969
2026-01-31 13:00:00+00:00,98.50022888183594
2026-01-31 14:00:00+00:00,104.9826431274414
2026-01-31 15:00:00+00:00,110.19615936279297
2026-01-31 16:00:00+00:00,119.61962890625
2026-01-31 17:00:00+00:00,130.2875213623047
2026-01-31 18:00:00+00:00,127.49333953857422
2026-01-31 19:00:00+00:00,115.01306915283203
2026-01-31 20:00:00+00:00,106.95748138427734
2026-01-31 21:00:00+00:00,106.7772216796875
2026-01-31 22:00:00+00:00,102.38560485839844
2026-01-31 23:00:00+00:00,101.21317291259766
2026-02-01 00:00:00+00:00,105.43444061279297
2026-02-01 01:00:00+00:00,102.03780364990234
2026-02-01 02:00:00+00:00,98.83975219726562
2026-02-01 03:00:00+00:00,97.49385070800781
2026-02-01 04:00:00+00:00,96.92097473144531
2026-02-01 05:00:00+00:00,97.54969024658203
2026-02-01 06:00:00+00:00,100.30642700195312
2026-02-01 07:00:00+00:00,105.20104217529297
2026-02-01 08:00:00+00:00,109.7543716430664
2026-02-01 09:00:00+00:00,111.60006713867188
2026-02-01 10:00:00+00:00,112.59051513671875
2026-02-01 11:00:00+00:00,113.51119995117188
2026-02-01 12:00:00+00:00,109.93585968017578
2026-02-01 13:00:00+00:00,109.46268463134766
2026-02-01 14:00:00+00:00,111.69181060791016
2026-02-01 15:00:00+00:00,114.25702667236328
2026-02-01 16:00:00+00:00,121.97968292236328
2026-02-01 17:00:00+00:00,138.2864532470703
2026-02-01 18:00:00+00:00,138.5796661376953
2026-02-01 19:00:00+00:00,126.88182830810547
2026-02-01 20:00:00+00:00,119.11078643798828
2026-02-01 21:00:00+00:00,116.15289306640625
2026-02-01 22:00:00+00:00,107.22469329833984
2026-02-01 23:00:00+00:00,102.52899932861328
2026-02-02 00:00:00+00:00,99.17744445800781
2026-02-02 01:00:00+00:00,96.78460693359375
2026-02-02 02:00:00+00:00,90.80411529541016
2026-02-02 03:00:00+00:00,88.74101257324219
2026-02-02 04:00:00+00:00,93.66682434082031
2026-02-02 05:00:00+00:00,109.07585906982422
2026-02-02 06:00:00+00:00,130.14215087890625
2026-02-02 07:00:00+00:00,145.3048095703125
2026-02-02 08:00:00+00:00,141.80294799804688
2026-02-02 09:00:00+00:00,127.90898895263672
2026-02-02 10:00:00+00:00,114.47411346435547
2026-02-02 11:00:00+00:00,109.64507293701172
2026-02-02 12:00:00+00:00,104.24874114990234
2026-02-02 13:00:00+00:00,104.50730895996094
2026-02-02 14:00:00+00:00,108.09961700439453
2026-02-02 15:00:00+00:00,112.91117858886719
2026-02-02 16:00:00+00:00,123.05709838867188
2026-02-02 17:00:00+00:00,141.39096069335938
2026-02-02 18:00:00+00:00,136.46937561035156
2026-02-02 19:00:00+00:00,118.11923217773438
2026-02-02 20:00:00+00:00,108.11196899414062
2026-02-02 21:00:00+00:00,105.88984680175781
2026-02-02 22:00:00+00:00,97.45565032958984
2026-02-02 23:00:00+00:00,93.10954284667969
2026-02-03 00:00:00+00:00,69.42337036132812
2026-02-03 01:00:00+00:00,65.70135498046875
2026-02-03 02:00:00+00:00,58.84559631347656
2026-02-03 03:00:00+00:00,57.09071350097656
2026-02-03 04:00:00+00:00,66.56267547607422
2026-02-03 05:00:00+00:00,85.45310974121094
2026-02-03 06:00:00+00:00,105.11334991455078
2026-02-03 07:00:00+00:00,115.673828125
2026-02-03 08:00:00+00:00,113.00228881835938
2026-02-03 09:00:00+00:00,103.16101837158203
2026-02-03 10:00:00+00:00,90.53178405761719
2026-02-03 11:00:00+00:00,84.17503356933594
2026-02-03 12:00:00+00:00,79.47454071044922
2026-02-03 13:00:00+00:00,82.22720336914062
2026-02-03 14:00:00+00:00,88.2647933959961
2026-02-03 15:00:00+00:00,95.73181915283203
2026-02-03 16:00:00+00:00,111.09194946289062
2026-02-03 17:00:00+00:00,129.6967010498047
2026-02-03 18:00:00+00:00,128.2310333251953
2026-02-03 19:00:00+00:00,113.5067138671875
2026-02-03 20:00:00+00:00,103.74107360839844
2026-02-03 21:00:00+00:00,102.94121551513672
2026-02-03 22:00:00+00:00,95.27899932861328
2026-02-03 23:00:00+00:00,90.44872283935547
2026-02-04 00:00:00+00:00,79.54521942138672
2026-02-04 01:00:00+00:00,76.48533630371094
2026-02-04 02:00:00+00:00,68.65415954589844
2026-02-04 03:00:00+00:00,67.44063568115234
2026-02-04 04:00:00+00:00,75.62796783447266
2026-02-04 05:00:00+00:00,93.32408905029297
2026-02-04 06:00:00+00:00,109.60272979736328
2026-02-04 07:00:00+00:00,117.55696868896484
2026-02-04 08:00:00+00:00,116.18753051757812
2026-02-04 09:00:00+00:00,104.27250671386719
2026-02-04 10:00:00+00:00,94.79574584960938
2026-02-04 11:00:00+00:00,89.43649291992188
2026-02-04 12:00:00+00:00,83.63276672363281
2026-02-04 13:00:00+00:00,83.89253997802734
2026-02-04 14:00:00+00:00,88.42340850830078
2026-02-04 15:00:00+00:00,94.07290649414062
2026-02-04 16:00:00+00:00,103.49596405029297
2026-02-04 17:00:00+00:00,120.04219818115234
2026-02-04 18:00:00+00:00,118.23095703125
2026-02-04 19:00:00+00:00,105.05043029785156
2026-02-04 20:00:00+00:00,94.53754425048828
2026-02-04 21:00:00+00:00,93.08467864990234
2026-02-04 22:00:00+00:00,86.19876098632812
2026-02-04 23:00:00+00:00,79.43009185791016
2026-02-05 00:00:00+00:00,60.073726654052734
2026-02-05 01:00:00+00:00,56.950443267822266
2026-02-05 02:00:00+00:00,43.66795349121094
2026-02-05 03:00:00+00:00,40.749019622802734
2026-02-05 04:00:00+00:00,53.82469940185547
2026-02-05 05:00:00+00:00,76.9723129272461
2026-02-05 06:00:00+00:00,97.08049774169922
2026-02-05 07:00:00+00:00,106.63528442382812
2026-02-05 08:00:00+00:00,103.19146728515625
2026-02-05 09:00:00+00:00,93.44815063476562
2026-02-05 10:00:00+00:00,86.18499755859375
2026-02-05 11:00:00+00:00,80.83251953125
2026-02-05 12:00:00+00:00,74.12698364257812
2026-02-05 13:00:00+00:00,76.11665344238281
2026-02-05 14:00:00+00:00,82.33332824707031
2026-02-05 15:00:00+00:00,85.55958557128906
2026-02-05 16:00:00+00:00,94.78103637695312
2026-02-05 17:00:00+00:00,112.68904876708984
2026-02-05 18:00:00+00:00,112.03389739990234
2026-02-05 19:00:00+00:00,97.51548767089844
2026-02-05 20:00:00+00:00,86.72612762451172
2026-02-05 21:00:00+00:00,86.38526916503906
2026-02-05 22:00:00+00:00,77.8890151977539
2026-02-05 23:00:00+00:00,73.46407318115234
2026-02-06 00:00:00+00:00,71.68578338623047
2026-02-06 01:00:00+00:00,64.1292724609375
2026-02-06 02:00:00+00:00,51.89358139038086
2026-02-06 03:00:00+00:00,49.17913818359375
2026-02-06 04:00:00+00:00,57.17457580566406
2026-02-06 05:00:00+00:00,73.00495147705078
2026-02-06 06:00:00+00:00,89.10066223144531
2026-02-06 07:00:00+00:00,98.54158020019531
2026-02-06 08:00:00+00:00,92.9852294921875
2026-02-06 09:00:00+00:00,83.13504028320312
2026-02-06 10:00:00+00:00,73.6862564086914
2026-02-06 11:00:00+00:00,65.57095336914062
2026-02-06 12:00:00+00:00,55.271461486816406
2026-02-06 13:00:00+00:00,55.92937088012695
2026-02-06 14:00:00+00:00,64.66511535644531
2026-02-06 15:00:00+00:00,77.83317565917969
2026-02-06 16:00:00+00:00,90.3416748046875
2026-02-06 17:00:00+00:00,103.56547546386719
2026-02-06 18:00:00+00:00,100.40776824951172
2026-02-06 19:00:00+00:00,91.6065673828125
2026-02-06 20:00:00+00:00,81.69187927246094
2026-02-06 21:00:00+00:00,80.34591674804688
2026-02-06 22:00:00+00:00,72.80621337890625
2026-02-06 23:00:00+00:00,70.447509765625
2026-02-07 00:00:00+00:00,75.47343444824219
2026-02-07 01:00:00+00:00,71.2772216796875
2026-02-07 02:00:00+00:00,63.37457275390625
2026-02-07 03:00:00+00:00,60.690555572509766
2026-02-07 04:00:00+00:00,63.11298751831055
2026-02-07 05:00:00+00:00,66.11799621582031
2026-02-07 06:00:00+00:00,74.16178894042969
2026-02-07 07:00:00+00:00,83.70539855957031
2026-02-07 08:00:00+00:00,84.6279067993164
2026-02-07 09:00:00+00:00,75.79595947265625
2026-02-07 10:00:00+00:00,70.10272216796875
2026-02-07 11:00:00+00:00,66.58209228515625
2026-02-07 12:00:00+00:00,56.70878601074219
2026-02-07 13:00:00+00:00,53.21364974975586
2026-02-07 14:00:00+00:00,58.0288200378418
2026-02-07 15:00:00+00:00,72.25334167480469
2026-02-07 16:00:00+00:00,90.33623504638672
2026-02-07 17:00:00+00:00,112.32559967041016
2026-02-07 18:00:00+00:00,112.73026275634766
2026-02-07 19:00:00+00:00,99.28128814697266
2026-02-07 20:00:00+00:00,88.91313171386719
2026-02-07 21:00:00+00:00,89.5698471069336
2026-02-07 22:00:00+00:00,86.43643188476562
2026-02-07 23:00:00+00:00,82.37261962890625
2026-02-08 00:00:00+00:00,87.24471282958984
2026-02-08 01:00:00+00:00,78.64513397216797
2026-02-08 02:00:00+00:00,68.83515930175781
2026-02-08 03:00:00+00:00,69.3960952758789
2026-02-08 04:00:00+00:00,72.85848236083984
2026-02-08 05:00:00+00:00,77.52320098876953
2026-02-08 06:00:00+00:00,85.03887939453125
2026-02-08 07:00:00+00:00,90.31565856933594
2026-02-08 08:00:00+00:00,89.9668197631836
2026-02-08 09:00:00+00:00,83.55733489990234
2026-02-08 10:00:00+00:00,78.97579956054688
2026-02-08 11:00:00+00:00,75.75225830078125
2026-02-08 12:00:00+00:00,63.18875503540039
2026-02-08 13:00:00+00:00,61.20833206176758
2026-02-08 14:00:00+00:00,70.42606353759766
2026-02-08 15:00:00+00:00,78.85844421386719
2026-02-08 16:00:00+00:00,96.04630279541016
2026-02-08 17:00:00+00:00,116.74851989746094
2026-02-08 18:00:00+00:00,117.99024963378906
2026-02-08 19:00:00+00:00,108.20911407470703
2026-02-08 20:00:00+00:00,103.4827651977539
2026-02-08 21:00:00+00:00,104.05172729492188
2026-02-08 22:00:00+00:00,98.20685577392578
2026-02-08 23:00:00+00:00,94.60342407226562
2026-02-09 00:00:00+00:00,79.66596984863281
2026-02-09 01:00:00+00:00,74.29753875732422
2026-02-09 02:00:00+00:00,61.68809127807617
2026-02-09 03:00:00+00:00,59.268150329589844
2026-02-09 04:00:00+00:00,70.45130157470703
2026-02-09 05:00:00+00:00,88.61969757080078
2026-02-09 06:00:00+00:00,108.2239990234375
2026-02-09 07:00:00+00:00,118.67816162109375
2026-02-09 08:00:00+00:00,109.21043395996094
2026-02-09 09:00:00+00:00,92.70670318603516
2026-02-09 10:00:00+00:00,80.55998992919922
2026-02-09 11:00:00+00:00,75.88456726074219
2026-02-09 12:00:00+00:00,67.90306854248047
2026-02-09 13:00:00+00:00,67.62977600097656
2026-02-09 14:00:00+00:00,73.0997085571289
2026-02-09 15:00:00+00:00,78.15666198730469
2026-02-09 16:00:00+00:00,91.40709686279297
2026-02-09 17:00:00+00:00,111.67985534667969
2026-02-09 18:00:00+00:00,109.87906646728516
2026-02-09 19:00:00+00:00,90.0145492553711
2026-02-09 20:00:00+00:00,76.50625610351562
2026-02-09 21:00:00+00:00,81.52874755859375
2026-02-09 22:00:00+00:00,75.18575286865234
2026-02-09 23:00:00+00:00,64.61412048339844
2026-02-10 00:00:00+00:00,31.393386840820312
2026-02-10 01:00:00+00:00,25.078826904296875
2026-02-10 02:00:00+00:00,9.337669372558594
2026-02-10 03:00:00+00:00,7.635322570800781
2026-02-10 04:00:00+00:00,29.791152954101562
2026-02-10 05:00:00+00:00,63.1668701171875
2026-02-10 06:00:00+00:00,90.82093048095703
2026-02-10 07:00:00+00:00,104.21916961669922
2026-02-10 08:00:00+00:00,99.25745391845703
2026-02-10 09:00:00+00:00,88.90365600585938
2026-02-10 10:00:00+00:00,80.35417175292969
2026-02-10 11:00:00+00:00,70.44326782226562
2026-02-10 12:00:00+00:00,57.59892272949219
2026-02-10 13:00:00+00:00,54.70390319824219
2026-02-10 14:00:00+00:00,54.84300994873047
2026-02-10 15:00:00+00:00,58.272396087646484
2026-02-10 16:00:00+00:00,66.72758483886719
2026-02-10 17:00:00+00:00,91.28874206542969
2026-02-10 18:00:00+00:00,89.04324340820312
2026-02-10 19:00:00+00:00,67.45084381103516
2026-02-10 20:00:00+00:00,52.359046936035156
2026-02-10 21:00:00+00:00,54.52763748168945
2026-02-10 22:00:00+00:00,46.787776947021484
2026-02-10 23:00:00+00:00,36.578033447265625
2026-02-11 00:00:00+00:00,3.3776702880859375
2026-02-11 01:00:00+00:00,-6.4105224609375
2026-02-11 02:00:00+00:00,-31.125839233398438
2026-02-11 03:00:00+00:00,-37.398956298828125
2026-02-11 04:00:00+00:00,-18.25611114501953
2026-02-11 05:00:00+00:00,13.869102478027344
2026-02-11 06:00:00+00:00,41.342430114746094
2026-02-11 07:00:00+00:00,59.13141632080078
2026-02-11 08:00:00+00:00,56.48332595825195
2026-02-11 09:00:00+00:00,39.49797439575195
2026-02-11 10:00:00+00:00,26.844200134277344
2026-02-11 11:00:00+00:00,17.443092346191406
2026-02-11 12:00:00+00:00,7.8291015625
2026-02-11 13:00:00+00:00,10.947296142578125
2026-02-11 14:00:00+00:00,19.945663452148438
2026-02-11 15:00:00+00:00,29.36261749267578
2026-02-11 16:00:00+00:00,49.41433334350586
2026-02-11 17:00:00+00:00,81.98379516601562
2026-02-11 18:00:00+00:00,77.63340759277344
2026-02-11 19:00:00+00:00,45.4881591796875
2026-02-11 20:00:00+00:00,23.732688903808594
2026-02-11 21:00:00+00:00,27.540740966796875
2026-02-11 22:00:00+00:00,20.02484893798828
2026-02-11 23:00:00+00:00,5.882591247558594
2026-02-12 00:00:00+00:00,9.327049255371094
2026-02-12 01:00:00+00:00,3.5631484985351562
2026-02-12 02:00:00+00:00,-3.6596221923828125
2026-02-12 03:00:00+00:00,-5.852363586425781
2026-02-12 04:00:00+00:00,-2.4451141357421875
2026-02-12 05:00:00+00:00,9.012313842773438
2026-02-12 06:00:00+00:00,26.096435546875
2026-02-12 07:00:00+00:00,38.6693000793457
2026-02-12 08:00:00+00:00,37.23764419555664
2026-02-12 09:00:00+00:00,26.153366088867188
2026-02-12 10:00:00+00:00,17.19573211669922
2026-02-12 11:00:00+00:00,13.134170532226562
2026-02-12 12:00:00+00:00,5.499481201171875
2026-02-12 13:00:00+00:00,4.672721862792969
2026-02-12 14:00:00+00:00,8.141357421875
2026-02-12 15:00:00+00:00,10.540420532226562
2026-02-12 16:00:00+00:00,16.631248474121094
2026-02-12 17:00:00+00:00,45.57434844970703
2026-02-12 18:00:00+00:00,52.62430191040039
2026-02-12 19:00:00+00:00,34.61572265625
2026-02-12 20:00:00+00:00,23.543869018554688
2026-02-12 21:00:00+00:00,31.039112091064453
2026-02-12 22:00:00+00:00,29.438705444335938
2026-02-12 23:00:00+00:00,34.50139236450195
2026-02-13 00:00:00+00:00,27.51934051513672
2026-02-13 01:00:00+00:00,25.91339111328125
2026-02-13 02:00:00+00:00,19.347618103027344
2026-02-13 03:00:00+00:00,21.228965759277344
2026-02-13 04:00:00+00:00,40.20006561279297
2026-02-13 05:00:00+00:00,63.191734313964844
2026-02-13 06:00:00+00:00,90.03059387207031
2026-02-13 07:00:00+00:00,107.452880859375
2026-02-13 08:00:00+00:00,107.21603393554688
2026-02-13 09:00:00+00:00,97.32866668701172
2026-02-13 10:00:00+00:00,87.56849670410156
2026-02-13 11:00:00+00:00,83.92940521240234
2026-02-13 12:00:00+00:00,76.35469818115234
2026-02-13 13:00:00+00:00,80.28590393066406
2026-02-13 14:00:00+00:00,88.33668518066406
2026-02-13 15:00:00+00:00,91.1905288696289
2026-02-13 16:00:00+00:00,106.2523422241211
2026-02-13 17:00:00+00:00,119.97105407714844
2026-02-13 18:00:00+00:00,117.84820556640625
2026-02-13 19:00:00+00:00,96.77703094482422
2026-02-13 20:00:00+00:00,79.12307739257812
2026-02-13 21:00:00+00:00,74.95430755615234
2026-02-13 22:00:00+00:00,60.581687927246094
2026-02-13 23:00:00+00:00,62.323486328125
2026-02-14 00:00:00+00:00,26.94415283203125
2026-02-14 01:00:00+00:00,15.119880676269531
2026-02-14 02:00:00+00:00,5.263221740722656
2026-02-14 03:00:00+00:00,2.5072021484375
2026-02-14 04:00:00+00:00,2.721435546875
2026-02-14 05:00:00+00:00,4.3275909423828125
2026-02-14 06:00:00+00:00,7.9704742431640625
2026-02-14 07:00:00+00:00,19.01025390625
2026-02-14 08:00:00+00:00,24.784011840820312
2026-02-14 09:00:00+00:00,18.082443237304688
2026-02-14 10:00:00+00:00,12.201911926269531
2026-02-14 11:00:00+00:00,9.930152893066406
2026-02-14 12:00:00+00:00,8.048088073730469
2026-02-14 13:00:00+00:00,8.539360046386719
2026-02-14 14:00:00+00:00,14.533554077148438
2026-02-14 15:00:00+00:00,29.93543243408203
2026-02-14 16:00:00+00:00,54.48264694213867
2026-02-14 17:00:00+00:00,91.61511993408203
2026-02-14 18:00:00+00:00,99.9297866821289
2026-02-14 19:00:00+00:00,85.99089813232422
2026-02-14 20:00:00+00:00,74.44122314453125
2026-02-14 21:00:00+00:00,79.548583984375
2026-02-14 22:00:00+00:00,81.09333801269531
2026-02-14 23:00:00+00:00,82.12914276123047
2026-02-15 00:00:00+00:00,59.200469970703125
2026-02-15 01:00:00+00:00,46.66152572631836
2026-02-15 02:00:00+00:00,30.61249542236328
2026-02-15 03:00:00+00:00,23.97228240966797
2026-02-15 04:00:00+00:00,22.69359588623047
2026-02-15 05:00:00+00:00,26.718162536621094
2026-02-15 06:00:00+00:00,32.13821029663086
2026-02-15 07:00:00+00:00,32.847572326660156
2026-02-15 08:00:00+00:00,28.43227767944336
2026-02-15 09:00:00+00:00,20.54558563232422
2026-02-15 10:00:00+00:00,13.658126831054688
2026-02-15 11:00:00+00:00,11.283584594726562
2026-02-15 12:00:00+00:00,8.866973876953125
2026-02-15 13:00:00+00:00,7.02215576171875
2026-02-15 14:00:00+00:00,7.2964324951171875
2026-02-15 15:00:00+00:00,9.323966979980469
2026-02-15 16:00:00+00:00,10.756881713867188
2026-02-15 17:00:00+00:00,50.18379211425781
2026-02-15 18:00:00+00:00,60.465274810791016
2026-02-15 19:00:00+00:00,38.003692626953125
2026-02-15 20:00:00+00:00,13.848464965820312
2026-02-15 21:00:00+00:00,11.511314392089844
2026-02-15 22:00:00+00:00,10.43603515625
2026-02-15 23:00:00+00:00,11.116470336914062
2026-02-16 00:00:00+00:00,1.4113388061523438
2026-02-16 01:00:00+00:00,5.52691650390625
2026-02-16 02:00:00+00:00,4.8566436767578125
2026-02-16 03:00:00+00:00,4.016014099121094
2026-02-16 04:00:00+00:00,2.927154541015625
2026-02-16 05:00:00+00:00,6.753059387207031
2026-02-16 06:00:00+00:00,30.790245056152344
2026-02-16 07:00:00+00:00,54.09177780151367
2026-02-16 08:00:00+00:00,46.923011779785156
2026-02-16 09:00:00+00:00,22.304901123046875
2026-02-16 10:00:00+00:00,14.791145324707031
2026-02-16 11:00:00+00:00,12.056312561035156
2026-02-16 12:00:00+00:00,35.803466796875
2026-02-16 13:00:00+00:00,34.01189041137695
2026-02-16 14:00:00+00:00,11.499496459960938
2026-02-16 15:00:00+00:00,9.213951110839844
2026-02-16 16:00:00+00:00,12.992256164550781
2026-02-16 17:00:00+00:00,44.939491271972656
2026-02-16 18:00:00+00:00,53.65904998779297
2026-02-16 19:00:00+00:00,31.52889633178711
2026-02-16 20:00:00+00:00,16.59363555908203
2026-02-16 21:00:00+00:00,18.215789794921875
2026-02-16 22:00:00+00:00,16.121238708496094
2026-02-16 23:00:00+00:00,14.56060791015625
2026-02-17 00:00:00+00:00,5.893623352050781
2026-02-17 01:00:00+00:00,3.2550201416015625
2026-02-17 02:00:00+00:00,0.40756988525390625
2026-02-17 03:00:00+00:00,-0.6791610717773438
2026-02-17 04:00:00+00:00,3.3662948608398438
2026-02-17 05:00:00+00:00,20.244991302490234
2026-02-17 06:00:00+00:00,49.87328338623047
2026-02-17 07:00:00+00:00,70.62393188476562
2026-02-17 08:00:00+00:00,70.09864044189453
2026-02-17 09:00:00+00:00,52.77287292480469
2026-02-17 10:00:00+00:00,40.67482376098633
2026-02-17 11:00:00+00:00,35.38175582885742
2026-02-17 12:00:00+00:00,29.268814086914062
2026-02-17 13:00:00+00:00,32.0380744934082
2026-02-17 14:00:00+00:00,38.5745849609375
2026-02-17 15:00:00+00:00,53.58055877685547
2026-02-17 16:00:00+00:00,78.52848052978516
2026-02-17 17:00:00+00:00,112.92242431640625
2026-02-17 18:00:00+00:00,120.11172485351562
2026-02-17 19:00:00+00:00,97.74829864501953
2026-02-17 20:00:00+00:00,78.44805908203125
2026-02-17 21:00:00+00:00,78.168212890625
2026-02-17 22:00:00+00:00,70.44062042236328
2026-02-17 23:00:00+00:00,60.97484588623047
2026-02-18 00:00:00+00:00,40.663368225097656
2026-02-18 01:00:00+00:00,31.131549835205078
2026-02-18 02:00:00+00:00,12.445137023925781
2026-02-18 03:00:00+00:00,11.083511352539062
2026-02-18 04:00:00+00:00,26.58834457397461
2026-02-18 05:00:00+00:00,51.51025390625
2026-02-18 06:00:00+00:00,72.89892578125
2026-02-18 07:00:00+00:00,86.93621063232422
2026-02-18 08:00:00+00:00,78.72603607177734
2026-02-18 09:00:00+00:00,54.25922775268555
2026-02-18 10:00:00+00:00,42.16902542114258
2026-02-18 11:00:00+00:00,34.06386947631836
2026-02-18 12:00:00+00:00,22.34714126586914
2026-02-18 13:00:00+00:00,17.662586212158203
2026-02-18 14:00:00+00:00,23.03580093383789
2026-02-18 15:00:00+00:00,26.398948669433594
2026-02-18 16:00:00+00:00,47.29058837890625
2026-02-18 17:00:00+00:00,85.70484924316406
2026-02-18 18:00:00+00:00,91.53336334228516
2026-02-18 19:00:00+00:00,71.00562286376953
2026-02-18 20:00:00+00:00,50.5621223449707
2026-02-18 21:00:00+00:00,50.449188232421875
2026-02-18 22:00:00+00:00,36.086734771728516
2026-02-18 23:00:00+00:00,16.080581665039062
2026-02-19 00:00:00+00:00,4.220054626464844
2026-02-19 01:00:00+00:00,1.676483154296875
2026-02-19 02:00:00+00:00,-0.930938720703125
2026-02-19 03:00:00+00:00,-1.7393798828125
2026-02-19 04:00:00+00:00,1.6977081298828125
2026-02-19 05:00:00+00:00,14.16086196899414
2026-02-19 06:00:00+00:00,44.19720458984375
2026-02-19 07:00:00+00:00,59.522605895996094
2026-02-19 08:00:00+00:00,55.555824279785156
2026-02-19 09:00:00+00:00,40.877742767333984
2026-02-19 10:00:00+00:00,33.38029861450195
2026-02-19 11:00:00+00:00,31.200637817382812
2026-02-19 12:00:00+00:00,22.167987823486328
2026-02-19 13:00:00+00:00,19.707660675048828
2026-02-19 14:00:00+00:00,20.334369659423828
2026-02-19 15:00:00+00:00,26.31390380859375
2026-02-19 16:00:00+00:00,39.16083526611328
2026-02-19 17:00:00+00:00,65.93208312988281
2026-02-19 18:00:00+00:00,74.0831527709961
2026-02-19 19:00:00+00:00,56.20569610595703
2026-02-19 20:00:00+00:00,43.887962341308594
2026-02-19 21:00:00+00:00,42.209598541259766
2026-02-19 22:00:00+00:00,38.42347717285156
2026-02-19 23:00:00+00:00,36.00627136230469
2026-02-20 00:00:00+00:00,24.157787322998047
2026-02-20 01:00:00+00:00,22.375160217285156
2026-02-20 02:00:00+00:00,14.587776184082031
2026-02-20 03:00:00+00:00,14.901626586914062
2026-02-20 04:00:00+00:00,32.62677764892578
2026-02-20 05:00:00+00:00,56.34922790527344
2026-02-20 06:00:00+00:00,83.32392120361328
2026-02-20 07:00:00+00:00,102.85443878173828
2026-02-20 08:00:00+00:00,95.33576202392578
2026-02-20 09:00:00+00:00,69.36267852783203
2026-02-20 10:00:00+00:00,48.60185241699219
2026-02-20 11:00:00+00:00,33.148155212402344
2026-02-20 12:00:00+00:00,16.750621795654297
2026-02-20 13:00:00+00:00,16.05221176147461
2026-02-20 14:00:00+00:00,21.30126190185547
2026-02-20 15:00:00+00:00,27.996177673339844
2026-02-20 16:00:00+00:00,43.60572052001953
2026-02-20 17:00:00+00:00,75.54375457763672
2026-02-20 18:00:00+00:00,76.0182113647461
2026-02-20 19:00:00+00:00,46.88300704956055
2026-02-20 20:00:00+00:00,25.76067352294922
2026-02-20 21:00:00+00:00,22.408493041992188
2026-02-20 22:00:00+00:00,16.34157943725586
2026-02-20 23:00:00+00:00,9.91231918334961
2026-02-21 00:00:00+00:00,14.101280212402344
2026-02-21 01:00:00+00:00,8.4697265625
2026-02-21 02:00:00+00:00,6.2415008544921875
2026-02-21 03:00:00+00:00,6.316917419433594
2026-02-21 04:00:00+00:00,6.482780456542969
2026-02-21 05:00:00+00:00,9.28323745727539
2026-02-21 06:00:00+00:00,16.11479949951172
2026-02-21 07:00:00+00:00,20.244060516357422
2026-02-21 08:00:00+00:00,17.43006134033203
2026-02-21 09:00:00+00:00,7.738590240478516
2026-02-21 10:00:00+00:00,4.907005310058594
2026-02-21 11:00:00+00:00,5.60015869140625
2026-02-21 12:00:00+00:00,7.546085357666016
2026-02-21 13:00:00+00:00,8.375911712646484
2026-02-21 14:00:00+00:00,8.930164337158203
2026-02-21 15:00:00+00:00,7.7698822021484375
2026-02-21 16:00:00+00:00,19.3350830078125
2026-02-21 17:00:00+00:00,55.49668884277344
2026-02-21 18:00:00+00:00,71.027587890625
2026-02-21 19:00:00+00:00,49.99525451660156
2026-02-21 20:00:00+00:00,35.3394660949707
2026-02-21 21:00:00+00:00,36.52478790283203
2026-02-21 22:00:00+00:00,32.125030517578125
2026-02-21 23:00:00+00:00,23.444190979003906
2026-02-22 00:00:00+00:00,7.325725555419922
2026-02-22 01:00:00+00:00,4.318889617919922
2026-02-22 02:00:00+00:00,3.1194229125976562
2026-02-22 03:00:00+00:00,2.8951416015625
2026-02-22 04:00:00+00:00,2.7131271362304688
2026-02-22 05:00:00+00:00,3.99365234375
2026-02-22 06:00:00+00:00,4.410072326660156
2026-02-22 07:00:00+00:00,5.703723907470703
2026-02-22 08:00:00+00:00,4.721439361572266
2026-02-22 09:00:00+00:00,3.92144775390625
2026-02-22 10:00:00+00:00,4.0689239501953125
2026-02-22 11:00:00+00:00,4.0447998046875
2026-02-22 12:00:00+00:00,3.9644546508789062
2026-02-22 13:00:00+00:00,3.5636444091796875
2026-02-22 14:00:00+00:00,3.109588623046875
2026-02-22 15:00:00+00:00,4.300243377685547
2026-02-22 16:00:00+00:00,4.6956634521484375
2026-02-22 17:00:00+00:00,23.241554260253906
2026-02-22 18:00:00+00:00,41.973575592041016
2026-02-22 19:00:00+00:00,27.739238739013672
2026-02-22 20:00:00+00:00,17.02959442138672
2026-02-22 21:00:00+00:00,16.563385009765625
2026-02-22 22:00:00+00:00,13.31466293334961
2026-02-22 23:00:00+00:00,7.500057220458984
2026-02-23 00:00:00+00:00,11.059677124023438
2026-02-23 01:00:00+00:00,4.729312896728516
2026-02-23 02:00:00+00:00,2.0806617736816406
2026-02-23 03:00:00+00:00,1.9347724914550781
2026-02-23 04:00:00+00:00,6.346035003662109
2026-02-23 05:00:00+00:00,24.025169372558594
2026-02-23 06:00:00+00:00,54.36280059814453
2026-02-23 07:00:00+00:00,71.63324737548828
2026-02-23 08:00:00+00:00,58.74335479736328
2026-02-23 09:00:00+00:00,29.922100067138672
2026-02-23 10:00:00+00:00,14.817813873291016
2026-02-23 11:00:00+00:00,8.14981460571289
2026-02-23 12:00:00+00:00,3.8297386169433594
2026-02-23 13:00:00+00:00,4.097541809082031
2026-02-23 14:00:00+00:00,7.599212646484375
2026-02-23 15:00:00+00:00,19.511192321777344
2026-02-23 16:00:00+00:00,38.618839263916016
2026-02-23 17:00:00+00:00,77.15434265136719
2026-02-23 18:00:00+00:00,97.2401351928711
2026-02-23 19:00:00+00:00,68.97726440429688
2026-02-23 20:00:00+00:00,45.16497802734375
2026-02-23 21:00:00+00:00,43.53770446777344
2026-02-23 22:00:00+00:00,39.36824035644531
2026-02-23 23:00:00+00:00,30.85108184814453
2026-02-24 00:00:00+00:00,27.30376434326172
2026-02-24 01:00:00+00:00,25.23772430419922
2026-02-24 02:00:00+00:00,12.163055419921875
2026-02-24 03:00:00+00:00,12.533931732177734
2026-02-24 04:00:00+00:00,25.428176879882812
2026-02-24 05:00:00+00:00,44.24964141845703
2026-02-24 06:00:00+00:00,81.88549041748047
2026-02-24 07:00:00+00:00,91.55775451660156
2026-02-24 08:00:00+00:00,60.10363006591797
2026-02-24 09:00:00+00:00,26.035816192626953
2026-02-24 10:00:00+00:00,12.108192443847656
2026-02-24 11:00:00+00:00,7.948825836181641
2026-02-24 12:00:00+00:00,5.274658203125
2026-02-24 13:00:00+00:00,5.672245025634766
2026-02-24 14:00:00+00:00,8.705852508544922
2026-02-24 15:00:00+00:00,15.45254135131836
2026-02-24 16:00:00+00:00,36.739479064941406
2026-02-24 17:00:00+00:00,79.4649658203125
2026-02-24 18:00:00+00:00,105.0950927734375
2026-02-24 19:00:00+00:00,79.2188720703125
2026-02-24 20:00:00+00:00,47.31294250488281
2026-02-24 21:00:00+00:00,44.87377166748047
2026-02-24 22:00:00+00:00,35.47642517089844
2026-02-24 23:00:00+00:00,27.287090301513672
2026-02-25 00:00:00+00:00,15.849433898925781
2026-02-25 01:00:00+00:00,15.922286987304688
2026-02-25 02:00:00+00:00,10.62697982788086
2026-02-25 03:00:00+00:00,11.490127563476562
2026-02-25 04:00:00+00:00,13.8714599609375
2026-02-25 05:00:00+00:00,27.408123016357422
2026-02-25 06:00:00+00:00,65.68177032470703
2026-02-25 07:00:00+00:00,64.03194427490234
2026-02-25 08:00:00+00:00,20.913288116455078
2026-02-25 09:00:00+00:00,5.649120330810547
2026-02-25 10:00:00+00:00,5.043666839599609
2026-02-25 11:00:00+00:00,4.2806396484375
2026-02-25 12:00:00+00:00,2.705982208251953
2026-02-25 13:00:00+00:00,8.776710510253906
2026-02-25 14:00:00+00:00,4.795932769775391
2026-02-25 15:00:00+00:00,5.666816711425781
2026-02-25 16:00:00+00:00,14.653694152832031
2026-02-25 17:00:00+00:00,57.69601821899414
2026-02-25 18:00:00+00:00,92.27755737304688
2026-02-25 19:00:00+00:00,60.288265228271484
2026-02-25 20:00:00+00:00,26.004776000976562
2026-02-25 21:00:00+00:00,26.376853942871094
2026-02-25 22:00:00+00:00,22.0057373046875
2026-02-25 23:00:00+00:00,17.00897216796875
2026-02-26 00:00:00+00:00,19.30022430419922
2026-02-26 01:00:00+00:00,16.204055786132812
2026-02-26 02:00:00+00:00,11.070602416992188
2026-02-26 03:00:00+00:00,11.655620574951172
2026-02-26 04:00:00+00:00,15.837879180908203
2026-02-26 05:00:00+00:00,30.922964096069336
2026-02-26 06:00:00+00:00,75.21177673339844
2026-02-26 07:00:00+00:00,67.66969299316406
2026-02-26 08:00:00+00:00,24.26934051513672
2026-02-26 09:00:00+00:00,10.733489990234375
2026-02-26 10:00:00+00:00,7.2476654052734375
2026-02-26 11:00:00+00:00,6.289833068847656
2026-02-26 12:00:00+00:00,5.572383880615234
2026-02-26 13:00:00+00:00,4.566646575927734
2026-02-26 14:00:00+00:00,7.1385955810546875
2026-02-26 15:00:00+00:00,8.310600280761719
2026-02-26 16:00:00+00:00,19.03203582763672
2026-02-26 17:00:00+00:00,62.79651641845703
2026-02-26 18:00:00+00:00,99.84115600585938
2026-02-26 19:00:00+00:00,68.7782974243164
2026-02-26 20:00:00+00:00,32.17097473144531
2026-02-26 21:00:00+00:00,31.89146614074707
2026-02-26 22:00:00+00:00,23.92618751525879
2026-02-26 23:00:00+00:00,18.038955688476562
2026-02-27 00:00:00+00:00,6.3753204345703125
2026-02-27 01:00:00+00:00,4.626262664794922
2026-02-27 02:00:00+00:00,2.4057998657226562
2026-02-27 03:00:00+00:00,2.1696510314941406
2026-02-27 04:00:00+00:00,3.0586204528808594
2026-02-27 05:00:00+00:00,11.740264892578125
2026-02-27 06:00:00+00:00,47.07822036743164
2026-02-27 07:00:00+00:00,42.379981994628906
2026-02-27 08:00:00+00:00,8.610336303710938
2026-02-27 09:00:00+00:00,2.254650115966797
2026-02-27 10:00:00+00:00,0.5744056701660156
2026-02-27 11:00:00+00:00,1.2285919189453125
2026-02-27 12:00:00+00:00,0.8163528442382812
2026-02-27 13:00:00+00:00,0.7798576354980469
2026-02-27 14:00:00+00:00,0.015918731689453125
2026-02-27 15:00:00+00:00,0.6252708435058594
2026-02-27 16:00:00+00:00,5.008750915527344
2026-02-27 17:00:00+00:00,37.267311096191406
2026-02-27 18:00:00+00:00,72.00914001464844
2026-02-27 19:00:00+00:00,39.77445983886719
2026-02-27 20:00:00+00:00,20.275348663330078
2026-02-27 21:00:00+00:00,20.054885864257812
2026-02-27 22:00:00+00:00,15.077293395996094
2026-02-27 23:00:00+00:00,9.530132293701172
2026-02-28 00:00:00+00:00,12.731678009033203
2026-02-28 01:00:00+00:00,8.326492309570312
2026-02-28 02:00:00+00:00,3.0831146240234375
2026-02-28 03:00:00+00:00,2.4271240234375
2026-02-28 04:00:00+00:00,3.0555152893066406
2026-02-28 05:00:00+00:00,5.774040222167969
2026-02-28 06:00:00+00:00,9.370006561279297
2026-02-28 07:00:00+00:00,8.540035247802734
2026-02-28 08:00:00+00:00,2.2089157104492188
2026-02-28 09:00:00+00:00,1.5731582641601562
2026-02-28 10:00:00+00:00,1.4981422424316406
2026-02-28 11:00:00+00:00,1.5701026916503906
2026-02-28 12:00:00+00:00,1.5070610046386719
2026-02-28 13:00:00+00:00,1.1691093444824219
2026-02-28 14:00:00+00:00,1.0037155151367188
2026-02-28 15:00:00+00:00,1.0861434936523438
2026-02-28 16:00:00+00:00,10.699943542480469
2026-02-28 17:00:00+00:00,48.83445358276367
2026-02-28 18:00:00+00:00,80.98341369628906
2026-02-28 19:00:00+00:00,51.54928970336914
2026-02-28 20:00:00+00:00,34.09211730957031
2026-02-28 21:00:00+00:00,42.180824279785156
2026-02-28 22:00:00+00:00,39.458858489990234
2026-02-28 23:00:00+00:00,30.960681915283203
2026-03-01 00:00:00+00:00,25.179384231567383
2026-03-01 01:00:00+00:00,19.314592361450195
2026-03-01 02:00:00+00:00,10.486961364746094
2026-03-01 03:00:00+00:00,8.654502868652344
2026-03-01 04:00:00+00:00,8.684272766113281
2026-03-01 05:00:00+00:00,10.000865936279297
2026-03-01 06:00:00+00:00,11.71609115600586
2026-03-01 07:00:00+00:00,12.264007568359375
2026-03-01 08:00:00+00:00,8.627033233642578
2026-03-01 09:00:00+00:00,6.233394622802734
2026-03-01 10:00:00+00:00,6.014255523681641
2026-03-01 11:00:00+00:00,9.54193115234375
2026-03-01 12:00:00+00:00,8.105964660644531
2026-03-01 13:00:00+00:00,5.722537994384766
2026-03-01 14:00:00+00:00,5.670528411865234
2026-03-01 15:00:00+00:00,7.131587982177734
2026-03-01 16:00:00+00:00,17.475872039794922
2026-03-01 17:00:00+00:00,42.967891693115234
2026-03-01 18:00:00+00:00,77.31275939941406
2026-03-01 19:00:00+00:00,54.512699127197266
2026-03-01 20:00:00+00:00,27.78398895263672
2026-03-01 21:00:00+00:00,30.150157928466797
2026-03-01 22:00:00+00:00,27.138957977294922
2026-03-01 23:00:00+00:00,20.124019622802734
2026-03-02 00:00:00+00:00,13.556537628173828
2026-03-02 01:00:00+00:00,13.288433074951172
2026-03-02 02:00:00+00:00,9.772674560546875
2026-03-02 03:00:00+00:00,8.80181884765625
2026-03-02 04:00:00+00:00,11.784866333007812
2026-03-02 05:00:00+00:00,22.01856231689453
2026-03-02 06:00:00+00:00,51.171485900878906
2026-03-02 07:00:00+00:00,42.747615814208984
2026-03-02 08:00:00+00:00,10.626043319702148
2026-03-02 09:00:00+00:00,4.214244842529297
2026-03-02 10:00:00+00:00,1.8909912109375
2026-03-02 11:00:00+00:00,0.9845695495605469
2026-03-02 12:00:00+00:00,0.11441421508789062
2026-03-02 13:00:00+00:00,0.5895614624023438
2026-03-02 14:00:00+00:00,1.3277359008789062
2026-03-02 15:00:00+00:00,5.7742767333984375
2026-03-02 16:00:00+00:00,21.229717254638672
2026-03-02 17:00:00+00:00,54.14291763305664
2026-03-02 18:00:00+00:00,93.44627380371094
2026-03-02 19:00:00+00:00,67.62519836425781
2026-03-02 20:00:00+00:00,39.61962127685547
2026-03-02 21:00:00+00:00,37.89860153198242
2026-03-02 22:00:00+00:00,32.65061950683594
2026-03-02 23:00:00+00:00,26.59978675842285
2026-03-03 00:00:00+00:00,41.19045639038086
2026-03-03 01:00:00+00:00,36.431800842285156
2026-03-03 02:00:00+00:00,26.732254028320312
2026-03-03 03:00:00+00:00,26.62612533569336
2026-03-03 04:00:00+00:00,35.864784240722656
2026-03-03 05:00:00+00:00,53.21711730957031
2026-03-03 06:00:00+00:00,87.09768676757812
2026-03-03 07:00:00+00:00,83.70484924316406
2026-03-03 08:00:00+00:00,43.33387756347656
2026-03-03 09:00:00+00:00,21.128385543823242
2026-03-03 10:00:00+00:00,13.182819366455078
2026-03-03 11:00:00+00:00,9.191146850585938
2026-03-03 12:00:00+00:00,5.869678497314453
2026-03-03 13:00:00+00:00,6.020778656005859
2026-03-03 14:00:00+00:00,7.560939788818359
2026-03-03 15:00:00+00:00,17.93882179260254
2026-03-03 16:00:00+00:00,38.111209869384766
2026-03-03 17:00:00+00:00,87.46951293945312
2026-03-03 18:00:00+00:00,113.64610290527344
2026-03-03 19:00:00+00:00,83.99725341796875
2026-03-03 20:00:00+00:00,53.27568435668945
2026-03-03 21:00:00+00:00,49.48550033569336
2026-03-03 22:00:00+00:00,46.47443771362305
2026-03-03 23:00:00+00:00,41.924808502197266
2026-03-04 00:00:00+00:00,58.98430633544922
2026-03-04 01:00:00+00:00,49.29692077636719
2026-03-04 02:00:00+00:00,37.20009231567383
2026-03-04 03:00:00+00:00,38.66141128540039
2026-03-04 04:00:00+00:00,46.42652893066406
2026-03-04 05:00:00+00:00,73.95211029052734
2026-03-04 06:00:00+00:00,113.95806884765625
2026-03-04 07:00:00+00:00,108.16596984863281
2026-03-04 08:00:00+00:00,54.814937591552734
2026-03-04 09:00:00+00:00,23.04064178466797
2026-03-04 10:00:00+00:00,15.991401672363281
2026-03-04 11:00:00+00:00,14.118057250976562
2026-03-04 12:00:00+00:00,4.826251983642578
2026-03-04 13:00:00+00:00,5.685138702392578
2026-03-04 14:00:00+00:00,12.47511100769043
2026-03-04 15:00:00+00:00,25.255596160888672
2026-03-04 16:00:00+00:00,46.52878189086914
2026-03-04 17:00:00+00:00,93.58849334716797
2026-03-04 18:00:00+00:00,125.24589538574219
2026-03-04 19:00:00+00:00,84.90240478515625
2026-03-04 20:00:00+00:00,56.222930908203125
2026-03-04 21:00:00+00:00,50.37663269042969
2026-03-04 22:00:00+00:00,44.06592559814453
2026-03-04 23:00:00+00:00,42.829158782958984
2026-03-05 00:00:00+00:00,80.96966552734375
2026-03-05 01:00:00+00:00,69.03095245361328
2026-03-05 02:00:00+00:00,50.03726577758789
2026-03-05 03:00:00+00:00,47.3434944152832
2026-03-05 04:00:00+00:00,60.08852005004883
2026-03-05 05:00:00+00:00,94.92066192626953
2026-03-05 06:00:00+00:00,175.25100708007812
2026-03-05 07:00:00+00:00,173.0087890625
2026-03-05 08:00:00+00:00,103.2824478149414
2026-03-05 09:00:00+00:00,61.29112243652344
2026-03-05 10:00:00+00:00,42.654720306396484
2026-03-05 11:00:00+00:00,33.624229431152344
2026-03-05 12:00:00+00:00,12.040433883666992
2026-03-05 13:00:00+00:00,14.672666549682617
2026-03-05 14:00:00+00:00,28.734495162963867
2026-03-05 15:00:00+00:00,42.796539306640625
2026-03-05 16:00:00+00:00,63.04084777832031
2026-03-05 17:00:00+00:00,112.21739959716797
2026-03-05 18:00:00+00:00,172.85263061523438
2026-03-05 19:00:00+00:00,122.20235443115234
2026-03-05 20:00:00+00:00,79.40748596191406
2026-03-05 21:00:00+00:00,73.62579345703125
2026-03-05 22:00:00+00:00,67.33285522460938
2026-03-05 23:00:00+00:00,74.0667724609375
2026-03-06 00:00:00+00:00,61.67244338989258
2026-03-06 01:00:00+00:00,57.613731384277344
2026-03-06 02:00:00+00:00,48.14030838012695
2026-03-06 03:00:00+00:00,47.81250762939453
2026-03-06 04:00:00+00:00,59.401885986328125
2026-03-06 05:00:00+00:00,82.54176330566406
2026-03-06 06:00:00+00:00,124.74562072753906
2026-03-06 07:00:00+00:00,128.97117614746094
2026-03-06 08:00:00+00:00,97.68550109863281
2026-03-06 09:00:00+00:00,69.44590759277344
2026-03-06 10:00:00+00:00,49.900474548339844
2026-03-06 11:00:00+00:00,38.4370231628418
2026-03-06 12:00:00+00:00,27.975082397460938
2026-03-06 13:00:00+00:00,37.37357711791992
2026-03-06 14:00:00+00:00,53.9314079284668
2026-03-06 15:00:00+00:00,70.18302917480469
2026-03-06 16:00:00+00:00,86.91587829589844
2026-03-06 17:00:00+00:00,119.02544403076172
2026-03-06 18:00:00+00:00,141.92559814453125
2026-03-06 19:00:00+00:00,114.0797348022461
2026-03-06 20:00:00+00:00,92.83961486816406
2026-03-06 21:00:00+00:00,89.12077331542969
2026-03-06 22:00:00+00:00,85.63206481933594
2026-03-06 23:00:00+00:00,80.19895935058594
2026-03-07 00:00:00+00:00,68.5484848022461
2026-03-07 01:00:00+00:00,60.7532844543457
2026-03-07 02:00:00+00:00,53.55424499511719
2026-03-07 03:00:00+00:00,50.8156852722168
2026-03-07 04:00:00+00:00,53.480125427246094
2026-03-07 05:00:00+00:00,57.20488739013672
2026-03-07 06:00:00+00:00,62.981903076171875
2026-03-07 07:00:00+00:00,65.2081527709961
2026-03-07 08:00:00+00:00,57.0162353515625
2026-03-07 09:00:00+00:00,43.81092071533203
2026-03-07 10:00:00+00:00,33.68385314941406
2026-03-07 11:00:00+00:00,27.97278594970703
2026-03-07 12:00:00+00:00,20.076900482177734
2026-03-07 13:00:00+00:00,20.545251846313477
2026-03-07 14:00:00+00:00,29.687965393066406
2026-03-07 15:00:00+00:00,42.76087951660156
2026-03-07 16:00:00+00:00,59.602752685546875
2026-03-07 17:00:00+00:00,89.8990249633789
2026-03-07 18:00:00+00:00,110.720458984375
2026-03-07 19:00:00+00:00,90.98793029785156
2026-03-07 20:00:00+00:00,81.46990966796875
2026-03-07 21:00:00+00:00,82.80088806152344
2026-03-07 22:00:00+00:00,81.65704345703125
2026-03-07 23:00:00+00:00,77.14350891113281
2026-03-08 00:00:00+00:00,99.15421295166016
2026-03-08 01:00:00+00:00,89.18605041503906
2026-03-08 02:00:00+00:00,76.54692840576172
2026-03-08 03:00:00+00:00,71.18194580078125
2026-03-08 04:00:00+00:00,70.53126525878906
2026-03-08 05:00:00+00:00,71.99747467041016
2026-03-08 06:00:00+00:00,76.56433868408203
2026-03-08 07:00:00+00:00,71.61750793457031
2026-03-08 08:00:00+00:00,51.13029861450195
2026-03-08 09:00:00+00:00,34.364601135253906
2026-03-08 10:00:00+00:00,23.870086669921875
2026-03-08 11:00:00+00:00,19.278596878051758
2026-03-08 12:00:00+00:00,12.877668380737305
2026-03-08 13:00:00+00:00,16.966856002807617
2026-03-08 14:00:00+00:00,27.137496948242188
2026-03-08 15:00:00+00:00,35.35147476196289
2026-03-08 16:00:00+00:00,57.94770050048828
2026-03-08 17:00:00+00:00,96.08052062988281
2026-03-08 18:00:00+00:00,144.633056640625
2026-03-08 19:00:00+00:00,121.76615905761719
2026-03-08 20:00:00+00:00,93.71319580078125
2026-03-08 21:00:00+00:00,89.07379150390625
2026-03-08 22:00:00+00:00,87.0525131225586
2026-03-08 23:00:00+00:00,86.19380950927734
2026-03-09 00:00:00+00:00,105.97483825683594
2026-03-09 01:00:00+00:00,100.16358184814453
2026-03-09 02:00:00+00:00,89.77183532714844
2026-03-09 03:00:00+00:00,87.29232025146484
2026-03-09 04:00:00+00:00,95.63705444335938
2026-03-09 05:00:00+00:00,115.81382751464844
2026-03-09 06:00:00+00:00,146.07327270507812
2026-03-09 07:00:00+00:00,149.16012573242188
2026-03-09 08:00:00+00:00,116.15121459960938
2026-03-09 09:00:00+00:00,87.54953002929688
2026-03-09 10:00:00+00:00,67.50566101074219
2026-03-09 11:00:00+00:00,52.786678314208984
2026-03-09 12:00:00+00:00,41.894981384277344
2026-03-09 13:00:00+00:00,52.2503662109375
2026-03-09 14:00:00+00:00,67.66841125488281
2026-03-09 15:00:00+00:00,79.5782241821289
2026-03-09 16:00:00+00:00,96.48121643066406
2026-03-09 17:00:00+00:00,143.09837341308594
2026-03-09 18:00:00+00:00,182.8874969482422
2026-03-09 19:00:00+00:00,158.64181518554688
2026-03-09 20:00:00+00:00,127.98971557617188
2026-03-09 21:00:00+00:00,117.66607666015625
2026-03-09 22:00:00+00:00,111.63475036621094
2026-03-09 23:00:00+00:00,108.55940246582031
2026-03-10 00:00:00+00:00,129.97767639160156
2026-03-10 01:00:00+00:00,122.09986114501953
2026-03-10 02:00:00+00:00,105.90689849853516
2026-03-10 03:00:00+00:00,103.92875671386719
2026-03-10 04:00:00+00:00,115.99603271484375
2026-03-10 05:00:00+00:00,136.13023376464844
2026-03-10 06:00:00+00:00,171.96780395507812
2026-03-10 07:00:00+00:00,176.0345458984375
2026-03-10 08:00:00+00:00,147.53778076171875
2026-03-10 09:00:00+00:00,125.96066284179688
2026-03-10 10:00:00+00:00,111.21147918701172
2026-03-10 11:00:00+00:00,100.38436126708984
2026-03-10 12:00:00+00:00,88.78999328613281
2026-03-10 13:00:00+00:00,88.18333435058594
2026-03-10 14:00:00+00:00,95.95577239990234
2026-03-10 15:00:00+00:00,103.30838012695312
2026-03-10 16:00:00+00:00,116.71373748779297
2026-03-10 17:00:00+00:00,163.9754638671875
2026-03-10 18:00:00+00:00,202.94912719726562
2026-03-10 19:00:00+00:00,169.05194091796875
2026-03-10 20:00:00+00:00,135.44570922851562
2026-03-10 21:00:00+00:00,127.74633026123047
2026-03-10 22:00:00+00:00,116.62861633300781
2026-03-10 23:00:00+00:00,113.56102752685547
2026-03-11 00:00:00+00:00,6.29833984375
2026-03-11 01:00:00+00:00,6.7894439697265625
2026-03-11 02:00:00+00:00,5.444755554199219
2026-03-11 03:00:00+00:00,5.5636749267578125
2026-03-11 04:00:00+00:00,9.797691345214844
2026-03-11 05:00:00+00:00,26.755088806152344
2026-03-11 06:00:00+00:00,54.910125732421875
2026-03-11 07:00:00+00:00,65.83867645263672
2026-03-11 08:00:00+00:00,50.04169464111328
2026-03-11 09:00:00+00:00,30.50267791748047
2026-03-11 10:00:00+00:00,18.8615779876709
2026-03-11 11:00:00+00:00,14.831022262573242
2026-03-11 12:00:00+00:00,11.331951141357422
2026-03-11 13:00:00+00:00,12.904315948486328
2026-03-11 14:00:00+00:00,22.77178382873535
2026-03-11 15:00:00+00:00,35.393714904785156
2026-03-11 16:00:00+00:00,60.480228424072266
2026-03-11 17:00:00+00:00,105.77632141113281
2026-03-11 18:00:00+00:00,156.76388549804688
2026-03-11 19:00:00+00:00,128.03945922851562
2026-03-11 20:00:00+00:00,100.52154541015625
2026-03-11 21:00:00+00:00,96.65202331542969
2026-03-11 22:00:00+00:00,89.26717376708984
2026-03-11 23:00:00+00:00,78.62533569335938
2026-03-12 00:00:00+00:00,73.88749694824219
2026-03-12 01:00:00+00:00,68.47956848144531
2026-03-12 02:00:00+00:00,57.18522644042969
2026-03-12 03:00:00+00:00,55.66696548461914
2026-03-12 04:00:00+00:00,65.2248764038086
2026-03-12 05:00:00+00:00,87.79017639160156
2026-03-12 06:00:00+00:00,122.56146240234375
2026-03-12 07:00:00+00:00,124.45503234863281
2026-03-12 08:00:00+00:00,83.6214599609375
2026-03-12 09:00:00+00:00,58.934242248535156
2026-03-12 10:00:00+00:00,36.35203170776367
2026-03-12 11:00:00+00:00,38.625675201416016
2026-03-12 12:00:00+00:00,29.510780334472656
2026-03-12 13:00:00+00:00,31.69739532470703
2026-03-12 14:00:00+00:00,37.811134338378906
2026-03-12 15:00:00+00:00,49.774044036865234
2026-03-12 16:00:00+00:00,52.61552047729492
2026-03-12 17:00:00+00:00,92.50460052490234
2026-03-12 18:00:00+00:00,133.57553100585938
2026-03-12 19:00:00+00:00,97.63592529296875
2026-03-12 20:00:00+00:00,66.43057250976562
2026-03-12 21:00:00+00:00,63.203125
2026-03-12 22:00:00+00:00,54.79015350341797
2026-03-12 23:00:00+00:00,40.065826416015625
2026-03-13 00:00:00+00:00,6.582881927490234
2026-03-13 01:00:00+00:00,4.575874328613281
2026-03-13 02:00:00+00:00,2.7883529663085938
2026-03-13 03:00:00+00:00,2.0057296752929688
2026-03-13 04:00:00+00:00,3.181133270263672
2026-03-13 05:00:00+00:00,20.826704025268555
2026-03-13 06:00:00+00:00,44.803340911865234
2026-03-13 07:00:00+00:00,48.783836364746094
2026-03-13 08:00:00+00:00,30.45008087158203
2026-03-13 09:00:00+00:00,10.599662780761719
2026-03-13 10:00:00+00:00,4.552337646484375
2026-03-13 11:00:00+00:00,3.6047515869140625
2026-03-13 12:00:00+00:00,3.7535552978515625
2026-03-13 13:00:00+00:00,6.565517425537109
2026-03-13 14:00:00+00:00,14.878042221069336
2026-03-13 15:00:00+00:00,28.547582626342773
2026-03-13 16:00:00+00:00,54.25981140136719
2026-03-13 17:00:00+00:00,99.19680786132812
2026-03-13 18:00:00+00:00,128.88323974609375
2026-03-13 19:00:00+00:00,102.14434814453125
2026-03-13 20:00:00+00:00,78.27386474609375
2026-03-13 21:00:00+00:00,78.69898986816406
2026-03-13 22:00:00+00:00,72.56413269042969
2026-03-13 23:00:00+00:00,59.235652923583984
2026-03-14 00:00:00+00:00,108.65364074707031
2026-03-14 01:00:00+00:00,98.74812316894531
2026-03-14 02:00:00+00:00,87.76422119140625
2026-03-14 03:00:00+00:00,84.6819839477539
2026-03-14 04:00:00+00:00,89.23030090332031
2026-03-14 05:00:00+00:00,95.98609924316406
2026-03-14 06:00:00+00:00,100.98977661132812
2026-03-14 07:00:00+00:00,102.78014373779297
2026-03-14 08:00:00+00:00,93.16336059570312
2026-03-14 09:00:00+00:00,75.4291763305664
2026-03-14 10:00:00+00:00,59.75278091430664
2026-03-14 11:00:00+00:00,49.28007125854492
2026-03-14 12:00:00+00:00,41.75460433959961
2026-03-14 13:00:00+00:00,44.43633270263672
2026-03-14 14:00:00+00:00,55.0699462890625
2026-03-14 15:00:00+00:00,65.1004638671875
2026-03-14 16:00:00+00:00,86.09281921386719
2026-03-14 17:00:00+00:00,132.34808349609375
2026-03-14 18:00:00+00:00,170.498291015625
2026-03-14 19:00:00+00:00,152.29429626464844
2026-03-14 20:00:00+00:00,129.80093383789062
2026-03-14 21:00:00+00:00,129.80810546875
2026-03-14 22:00:00+00:00,129.4525604248047
2026-03-14 23:00:00+00:00,125.57041931152344
2026-03-15 00:00:00+00:00,133.86080932617188
2026-03-15 01:00:00+00:00,122.94290161132812
2026-03-15 02:00:00+00:00,111.32566833496094
2026-03-15 03:00:00+00:00,112.09234619140625
2026-03-15 04:00:00+00:00,116.0715103149414
2026-03-15 05:00:00+00:00,118.91220092773438
2026-03-15 06:00:00+00:00,118.14974975585938
2026-03-15 07:00:00+00:00,111.53040313720703
2026-03-15 08:00:00+00:00,89.43490600585938
2026-03-15 09:00:00+00:00,62.43144989013672
2026-03-15 10:00:00+00:00,40.23855209350586
2026-03-15 11:00:00+00:00,30.358261108398438
2026-03-15 12:00:00+00:00,19.290470123291016
2026-03-15 13:00:00+00:00,17.9652099609375
2026-03-15 14:00:00+00:00,27.34653663635254
2026-03-15 15:00:00+00:00,46.539451599121094
2026-03-15 16:00:00+00:00,71.05367279052734
2026-03-15 17:00:00+00:00,133.94219970703125
2026-03-15 18:00:00+00:00,160.04620361328125
2026-03-15 19:00:00+00:00,134.7929229736328
2026-03-15 20:00:00+00:00,109.11235809326172
2026-03-15 21:00:00+00:00,103.92562103271484
2026-03-15 22:00:00+00:00,98.24107360839844
2026-03-15 23:00:00+00:00,90.87913513183594
2026-03-16 00:00:00+00:00,22.651151657104492
2026-03-16 01:00:00+00:00,23.822975158691406
2026-03-16 02:00:00+00:00,19.40467071533203
2026-03-16 03:00:00+00:00,23.365291595458984
2026-03-16 04:00:00+00:00,37.4462890625
2026-03-16 05:00:00+00:00,66.7656478881836
2026-03-16 06:00:00+00:00,100.271728515625
2026-03-16 07:00:00+00:00,103.10069274902344
2026-03-16 08:00:00+00:00,63.2547721862793
2026-03-16 09:00:00+00:00,32.61679458618164
2026-03-16 10:00:00+00:00,22.906681060791016
2026-03-16 11:00:00+00:00,20.83448600769043
2026-03-16 12:00:00+00:00,16.970863342285156
2026-03-16 13:00:00+00:00,19.5280704498291
2026-03-16 14:00:00+00:00,25.960060119628906
2026-03-16 15:00:00+00:00,42.72344970703125
2026-03-16 16:00:00+00:00,72.85995483398438
2026-03-16 17:00:00+00:00,128.13824462890625
2026-03-16 18:00:00+00:00,171.11996459960938
2026-03-16 19:00:00+00:00,139.58499145507812
2026-03-16 20:00:00+00:00,105.89134216308594
2026-03-16 21:00:00+00:00,100.8953857421875
2026-03-16 22:00:00+00:00,91.1385269165039
2026-03-16 23:00:00+00:00,84.97605895996094
2026-03-17 00:00:00+00:00,102.43463134765625
2026-03-17 01:00:00+00:00,92.3729248046875
2026-03-17 02:00:00+00:00,75.02464294433594
2026-03-17 03:00:00+00:00,74.38611602783203
2026-03-17 04:00:00+00:00,91.94151306152344
2026-03-17 05:00:00+00:00,121.15544128417969
2026-03-17 06:00:00+00:00,148.9888153076172
2026-03-17 07:00:00+00:00,143.04078674316406
2026-03-17 08:00:00+00:00,88.58214569091797
2026-03-17 09:00:00+00:00,49.13280487060547
2026-03-17 10:00:00+00:00,22.817310333251953
2026-03-17 11:00:00+00:00,26.98722267150879
2026-03-17 12:00:00+00:00,20.042150497436523
2026-03-17 13:00:00+00:00,20.143104553222656
2026-03-17 14:00:00+00:00,16.57813262939453
2026-03-17 15:00:00+00:00,28.82852554321289
2026-03-17 16:00:00+00:00,57.88222885131836
2026-03-17 17:00:00+00:00,125.76791381835938
2026-03-17 18:00:00+00:00,155.45555114746094
2026-03-17 19:00:00+00:00,110.96694946289062
2026-03-17 20:00:00+00:00,73.77389526367188
2026-03-17 21:00:00+00:00,67.28272247314453
2026-03-17 22:00:00+00:00,53.27513122558594
2026-03-17 23:00:00+00:00,46.385990142822266
2026-03-18 00:00:00+00:00,26.020998001098633
2026-03-18 01:00:00+00:00,24.138776779174805
2026-03-18 02:00:00+00:00,13.192813873291016
2026-03-18 03:00:00+00:00,12.996665954589844
2026-03-18 04:00:00+00:00,20.749528884887695
2026-03-18 05:00:00+00:00,47.8170166015625
2026-03-18 06:00:00+00:00,75.02972412109375
2026-03-18 07:00:00+00:00,65.41889190673828
2026-03-18 08:00:00+00:00,16.273300170898438
2026-03-18 09:00:00+00:00,2.331684112548828
2026-03-18 10:00:00+00:00,1.4164085388183594
2026-03-18 11:00:00+00:00,1.4971122741699219
2026-03-18 12:00:00+00:00,0.6942062377929688
2026-03-18 13:00:00+00:00,1.1918830871582031
2026-03-18 14:00:00+00:00,1.4415969848632812
2026-03-18 15:00:00+00:00,2.314868927001953
2026-03-18 16:00:00+00:00,10.266170501708984
2026-03-18 17:00:00+00:00,52.954166412353516
2026-03-18 18:00:00+00:00,106.80989837646484
2026-03-18 19:00:00+00:00,73.6328125
2026-03-18 20:00:00+00:00,40.64390563964844
2026-03-18 21:00:00+00:00,42.03816604614258
2026-03-18 22:00:00+00:00,37.45363998413086
2026-03-18 23:00:00+00:00,32.26014709472656
2026-03-19 00:00:00+00:00,26.57100486755371
2026-03-19 01:00:00+00:00,25.417924880981445
2026-03-19 02:00:00+00:00,19.25373077392578
2026-03-19 03:00:00+00:00,20.468095779418945
2026-03-19 04:00:00+00:00,29.404237747192383
2026-03-19 05:00:00+00:00,54.02436065673828
2026-03-19 06:00:00+00:00,77.14141082763672
2026-03-19 07:00:00+00:00,69.62583923339844
2026-03-19 08:00:00+00:00,23.24025535583496
2026-03-19 09:00:00+00:00,4.928501129150391
2026-03-19 10:00:00+00:00,3.4371719360351562
2026-03-19 11:00:00+00:00,2.4982070922851562
2026-03-19 12:00:00+00:00,1.5686683654785156
2026-03-19 13:00:00+00:00,1.9925727844238281
2026-03-19 14:00:00+00:00,2.074371337890625
2026-03-19 15:00:00+00:00,3.0927810668945312
2026-03-19 16:00:00+00:00,30.18671417236328
2026-03-19 17:00:00+00:00,90.30390930175781
2026-03-19 18:00:00+00:00,125.09552001953125
2026-03-19 19:00:00+00:00,94.48503875732422
2026-03-19 20:00:00+00:00,66.94233703613281
2026-03-19 21:00:00+00:00,66.69371795654297
2026-03-19 22:00:00+00:00,55.704322814941406
2026-03-19 23:00:00+00:00,52.04686737060547
2026-03-20 00:00:00+00:00,56.346336364746094
2026-03-20 01:00:00+00:00,52.418785095214844
2026-03-20 02:00:00+00:00,45.05607986450195
2026-03-20 03:00:00+00:00,46.75004959106445
2026-03-20 04:00:00+00:00,56.66807174682617
2026-03-20 05:00:00+00:00,76.76924896240234
2026-03-20 06:00:00+00:00,101.20751953125
2026-03-20 07:00:00+00:00,88.99415588378906
2026-03-20 08:00:00+00:00,44.466670989990234
2026-03-20 09:00:00+00:00,12.186470031738281
2026-03-20 10:00:00+00:00,2.800830841064453
2026-03-20 11:00:00+00:00,1.0322113037109375
2026-03-20 12:00:00+00:00,-0.9459686279296875
2026-03-20 13:00:00+00:00,-0.6678962707519531
2026-03-20 14:00:00+00:00,0.9514732360839844
2026-03-20 15:00:00+00:00,6.492347717285156
2026-03-20 16:00:00+00:00,43.39550018310547
2026-03-20 17:00:00+00:00,93.08296203613281
2026-03-20 18:00:00+00:00,127.53263854980469
2026-03-20 19:00:00+00:00,106.69007110595703
2026-03-20 20:00:00+00:00,85.13935852050781
2026-03-20 21:00:00+00:00,79.75045013427734
2026-03-20 22:00:00+00:00,76.28498840332031
2026-03-20 23:00:00+00:00,73.11949920654297
2026-03-21 00:00:00+00:00,52.36960220336914
2026-03-21 01:00:00+00:00,44.657711029052734
2026-03-21 02:00:00+00:00,31.898481369018555
2026-03-21 03:00:00+00:00,31.429594039916992
2026-03-21 04:00:00+00:00,39.12009048461914
2026-03-21 05:00:00+00:00,48.084449768066406
2026-03-21 06:00:00+00:00,52.52366638183594
2026-03-21 07:00:00+00:00,35.52812957763672
2026-03-21 08:00:00+00:00,10.508499145507812
2026-03-21 09:00:00+00:00,2.5280609130859375
2026-03-21 10:00:00+00:00,-0.32274627685546875
2026-03-21 11:00:00+00:00,-0.430389404296875
2026-03-21 12:00:00+00:00,-1.5971870422363281
2026-03-21 13:00:00+00:00,-0.5602302551269531
2026-03-21 14:00:00+00:00,0.18729782104492188
2026-03-21 15:00:00+00:00,1.601348876953125
2026-03-21 16:00:00+00:00,22.397239685058594
2026-03-21 17:00:00+00:00,68.28042602539062
2026-03-21 18:00:00+00:00,97.40589904785156
2026-03-21 19:00:00+00:00,76.54161071777344
2026-03-21 20:00:00+00:00,56.85272216796875
2026-03-21 21:00:00+00:00,59.49394989013672
2026-03-21 22:00:00+00:00,56.84965515136719
2026-03-21 23:00:00+00:00,47.66535186767578
2026-03-22 00:00:00+00:00,65.6941146850586
2026-03-22 01:00:00+00:00,58.335182189941406
2026-03-22 02:00:00+00:00,50.08909606933594
2026-03-22 03:00:00+00:00,48.87648010253906
2026-03-22 04:00:00+00:00,50.373626708984375
2026-03-22 05:00:00+00:00,52.12983322143555
2026-03-22 06:00:00+00:00,47.62248229980469
2026-03-22 07:00:00+00:00,36.129417419433594
2026-03-22 08:00:00+00:00,16.888824462890625
2026-03-22 09:00:00+00:00,6.534202575683594
2026-03-22 10:00:00+00:00,3.2463951110839844
2026-03-22 11:00:00+00:00,3.12835693359375
2026-03-22 12:00:00+00:00,2.173870086669922
2026-03-22 13:00:00+00:00,1.9696540832519531
2026-03-22 14:00:00+00:00,2.069244384765625
2026-03-22 15:00:00+00:00,3.1325836181640625
2026-03-22 16:00:00+00:00,32.89930725097656
2026-03-22 17:00:00+00:00,82.42068481445312
2026-03-22 18:00:00+00:00,116.53314208984375
2026-03-22 19:00:00+00:00,93.15567779541016
2026-03-22 20:00:00+00:00,78.44312286376953
2026-03-22 21:00:00+00:00,76.27997589111328
2026-03-22 22:00:00+00:00,65.35135650634766
2026-03-22 23:00:00+00:00,60.16477584838867
2026-03-23 00:00:00+00:00,61.442901611328125
2026-03-23 01:00:00+00:00,53.47901916503906
2026-03-23 02:00:00+00:00,43.88465881347656
2026-03-23 03:00:00+00:00,45.151458740234375
2026-03-23 04:00:00+00:00,57.68913650512695
2026-03-23 05:00:00+00:00,83.60589599609375
2026-03-23 06:00:00+00:00,114.31137084960938
2026-03-23 07:00:00+00:00,101.080810546875
2026-03-23 08:00:00+00:00,58.6174430847168
2026-03-23 09:00:00+00:00,24.34404945373535
2026-03-23 10:00:00+00:00,9.539192199707031
2026-03-23 11:00:00+00:00,6.097591400146484
2026-03-23 12:00:00+00:00,5.544673919677734
2026-03-23 13:00:00+00:00,8.362506866455078
2026-03-23 14:00:00+00:00,15.95340347290039
2026-03-23 15:00:00+00:00,24.752117156982422
2026-03-23 16:00:00+00:00,67.45716857910156
2026-03-23 17:00:00+00:00,128.9127960205078
2026-03-23 18:00:00+00:00,163.74020385742188
2026-03-23 19:00:00+00:00,139.01011657714844
2026-03-23 20:00:00+00:00,109.72857666015625
2026-03-23 21:00:00+00:00,102.66085815429688
2026-03-23 22:00:00+00:00,91.84393310546875
2026-03-23 23:00:00+00:00,89.70039367675781
2026-03-24 00:00:00+00:00,84.37947845458984
2026-03-24 01:00:00+00:00,80.48027801513672
2026-03-24 02:00:00+00:00,62.185943603515625
2026-03-24 03:00:00+00:00,59.714717864990234
2026-03-24 04:00:00+00:00,76.45463562011719
2026-03-24 05:00:00+00:00,112.52326965332031
2026-03-24 06:00:00+00:00,151.80311584472656
2026-03-24 07:00:00+00:00,125.81556701660156
2026-03-24 08:00:00+00:00,59.91205978393555
2026-03-24 09:00:00+00:00,18.658321380615234
2026-03-24 10:00:00+00:00,5.727642059326172
2026-03-24 11:00:00+00:00,4.0516204833984375
2026-03-24 12:00:00+00:00,3.1872825622558594
2026-03-24 13:00:00+00:00,4.361545562744141
2026-03-24 14:00:00+00:00,3.5541725158691406
2026-03-24 15:00:00+00:00,7.966907501220703
2026-03-24 16:00:00+00:00,42.4967041015625
2026-03-24 17:00:00+00:00,100.2703857421875
2026-03-24 18:00:00+00:00,138.86602783203125
2026-03-24 19:00:00+00:00,99.28256225585938
2026-03-24 20:00:00+00:00,63.609798431396484
2026-03-24 21:00:00+00:00,57.307918548583984
2026-03-24 22:00:00+00:00,39.691261291503906
2026-03-24 23:00:00+00:00,27.618406295776367
2026-03-25 00:00:00+00:00,4.773258209228516
2026-03-25 01:00:00+00:00,6.578163146972656
2026-03-25 02:00:00+00:00,5.347019195556641
2026-03-25 03:00:00+00:00,4.871280670166016
2026-03-25 04:00:00+00:00,6.523197174072266
2026-03-25 05:00:00+00:00,16.967021942138672
2026-03-25 06:00:00+00:00,35.49824142456055
2026-03-25 07:00:00+00:00,33.47041320800781
2026-03-25 08:00:00+00:00,12.044586181640625
2026-03-25 09:00:00+00:00,8.763954162597656
2026-03-25 10:00:00+00:00,5.563331604003906
2026-03-25 11:00:00+00:00,5.618915557861328
2026-03-25 12:00:00+00:00,5.479366302490234
2026-03-25 13:00:00+00:00,7.270500183105469
2026-03-25 14:00:00+00:00,9.524974822998047
2026-03-25 15:00:00+00:00,8.842525482177734
2026-03-25 16:00:00+00:00,20.355701446533203
2026-03-25 17:00:00+00:00,62.192867279052734
2026-03-25 18:00:00+00:00,102.83326721191406
2026-03-25 19:00:00+00:00,82.66612243652344
2026-03-25 20:00:00+00:00,56.605491638183594
2026-03-25 21:00:00+00:00,54.23412322998047
2026-03-25 22:00:00+00:00,40.78339385986328
2026-03-25 23:00:00+00:00,31.314472198486328
2026-03-26 00:00:00+00:00,71.40986633300781
2026-03-26 01:00:00+00:00,66.33688354492188
2026-03-26 02:00:00+00:00,53.50310516357422
2026-03-26 03:00:00+00:00,52.89820861816406
2026-03-26 04:00:00+00:00,65.68521881103516
2026-03-26 05:00:00+00:00,93.58228302001953
2026-03-26 06:00:00+00:00,122.40187072753906
2026-03-26 07:00:00+00:00,121.52653503417969
2026-03-26 08:00:00+00:00,90.87466430664062
2026-03-26 09:00:00+00:00,59.970741271972656
2026-03-26 10:00:00+00:00,49.80105209350586
2026-03-26 11:00:00+00:00,49.946075439453125
2026-03-26 12:00:00+00:00,49.799652099609375
2026-03-26 13:00:00+00:00,49.87007141113281
2026-03-26 14:00:00+00:00,46.22702407836914
2026-03-26 15:00:00+00:00,53.28389358520508
2026-03-26 16:00:00+00:00,85.36836242675781
2026-03-26 17:00:00+00:00,133.5625
2026-03-26 18:00:00+00:00,169.92747497558594
2026-03-26 19:00:00+00:00,148.32723999023438
2026-03-26 20:00:00+00:00,129.72723388671875
2026-03-26 21:00:00+00:00,128.44113159179688
2026-03-26 22:00:00+00:00,125.6557846069336
2026-03-26 23:00:00+00:00,122.7726058959961
2026-03-27 00:00:00+00:00,113.73455047607422
2026-03-27 01:00:00+00:00,105.36073303222656
2026-03-27 02:00:00+00:00,94.57638549804688
2026-03-27 03:00:00+00:00,99.20197296142578
2026-03-27 04:00:00+00:00,116.12109375
2026-03-27 05:00:00+00:00,136.95909118652344
2026-03-27 06:00:00+00:00,158.4042205810547
2026-03-27 07:00:00+00:00,148.04208374023438
2026-03-27 08:00:00+00:00,99.69569396972656
2026-03-27 09:00:00+00:00,51.579734802246094
2026-03-27 10:00:00+00:00,35.08867645263672
2026-03-27 11:00:00+00:00,29.78554344177246
2026-03-27 12:00:00+00:00,23.386932373046875
2026-03-27 13:00:00+00:00,25.57232666015625
2026-03-27 14:00:00+00:00,37.34339904785156
2026-03-27 15:00:00+00:00,59.70942687988281
2026-03-27 16:00:00+00:00,90.885986328125
2026-03-27 17:00:00+00:00,147.5060577392578
2026-03-27 18:00:00+00:00,174.98829650878906
2026-03-27 19:00:00+00:00,151.9298858642578
2026-03-27 20:00:00+00:00,131.931396484375
2026-03-27 21:00:00+00:00,127.61041259765625
2026-03-27 22:00:00+00:00,124.30555725097656
2026-03-27 23:00:00+00:00,116.77432250976562
2026-03-28 00:00:00+00:00,83.66893005371094
2026-03-28 01:00:00+00:00,74.44426727294922
2026-03-28 02:00:00+00:00,60.08864212036133
2026-03-28 03:00:00+00:00,56.93640899658203
2026-03-28 04:00:00+00:00,61.18620681762695
2026-03-28 05:00:00+00:00,66.87274169921875
2026-03-28 06:00:00+00:00,68.96578979492188
2026-03-28 07:00:00+00:00,65.85392761230469
2026-03-28 08:00:00+00:00,50.238731384277344
2026-03-28 09:00:00+00:00,30.962093353271484
2026-03-28 10:00:00+00:00,19.22003173828125
2026-03-28 11:00:00+00:00,13.372661590576172
2026-03-28 12:00:00+00:00,8.20849609375
2026-03-28 13:00:00+00:00,7.769283294677734
2026-03-28 14:00:00+00:00,9.247573852539062
2026-03-28 15:00:00+00:00,13.120536804199219
2026-03-28 16:00:00+00:00,25.82160186767578
2026-03-28 17:00:00+00:00,62.26769256591797
2026-03-28 18:00:00+00:00,92.50765228271484
2026-03-28 19:00:00+00:00,77.53781127929688
2026-03-28 20:00:00+00:00,63.499454498291016
2026-03-28 21:00:00+00:00,64.86090087890625
2026-03-28 22:00:00+00:00,61.72983932495117
2026-03-28 23:00:00+00:00,61.210811614990234
2026-03-29 00:00:00+00:00,89.55685424804688
2026-03-29 01:00:00+00:00,82.5813217163086
2026-03-29 02:00:00+00:00,72.68806457519531
2026-03-29 03:00:00+00:00,68.3224868774414
2026-03-29 04:00:00+00:00,71.462158203125
2026-03-29 05:00:00+00:00,75.20503234863281
2026-03-29 06:00:00+00:00,75.8748550415039
2026-03-29 07:00:00+00:00,68.59172821044922
2026-03-29 08:00:00+00:00,44.95121383666992
2026-03-29 09:00:00+00:00,19.687686920166016
2026-03-29 10:00:00+00:00,10.810871124267578
2026-03-29 11:00:00+00:00,6.825675964355469
2026-03-29 12:00:00+00:00,4.001399993896484
2026-03-29 13:00:00+00:00,3.0449905395507812
2026-03-29 14:00:00+00:00,5.542144775390625
2026-03-29 15:00:00+00:00,12.923934936523438
2026-03-29 16:00:00+00:00,42.873374938964844
2026-03-29 17:00:00+00:00,102.61250305175781
2026-03-29 18:00:00+00:00,133.49301147460938
2026-03-29 19:00:00+00:00,102.73538970947266
2026-03-29 20:00:00+00:00,85.2291259765625
2026-03-29 21:00:00+00:00,87.24340057373047
2026-03-29 22:00:00+00:00,72.695556640625
2026-03-29 23:00:00+00:00,60.356597900390625
2026-03-30 00:00:00+00:00,5.061351776123047
2026-03-30 01:00:00+00:00,4.937538146972656
2026-03-30 02:00:00+00:00,5.097038269042969
2026-03-30 03:00:00+00:00,5.5231170654296875
2026-03-30 04:00:00+00:00,13.195457458496094
2026-03-30 05:00:00+00:00,39.742393493652344
2026-03-30 06:00:00+00:00,58.1367073059082
2026-03-30 07:00:00+00:00,51.59452438354492
2026-03-30 08:00:00+00:00,21.207298278808594
2026-03-30 09:00:00+00:00,6.79168701171875
2026-03-30 10:00:00+00:00,4.795093536376953
2026-03-30 11:00:00+00:00,4.46685791015625
2026-03-30 12:00:00+00:00,3.641925811767578
2026-03-30 13:00:00+00:00,3.6653823852539062
2026-03-30 14:00:00+00:00,4.014308929443359
2026-03-30 15:00:00+00:00,5.001461029052734
2026-03-30 16:00:00+00:00,22.330078125
2026-03-30 17:00:00+00:00,75.87174224853516
2026-03-30 18:00:00+00:00,98.85755920410156
2026-03-30 19:00:00+00:00,64.59010314941406
2026-03-30 20:00:00+00:00,49.47834396362305
2026-03-30 21:00:00+00:00,52.55009078979492
2026-03-30 22:00:00+00:00,42.870140075683594
2026-03-30 23:00:00+00:00,34.872623443603516
2026-03-31 00:00:00+00:00,89.01018524169922
2026-03-31 01:00:00+00:00,80.85643768310547
2026-03-31 02:00:00+00:00,71.65013885498047
2026-03-31 03:00:00+00:00,82.94760131835938
2026-03-31 04:00:00+00:00,109.4411849975586
2026-03-31 05:00:00+00:00,147.0293426513672
2026-03-31 06:00:00+00:00,163.65101623535156
2026-03-31 07:00:00+00:00,149.36256408691406
2026-03-31 08:00:00+00:00,106.21841430664062
2026-03-31 09:00:00+00:00,73.10270690917969
2026-03-31 10:00:00+00:00,61.448760986328125
2026-03-31 11:00:00+00:00,49.880218505859375
2026-03-31 12:00:00+00:00,37.757293701171875
2026-03-31 13:00:00+00:00,41.58992385864258
2026-03-31 14:00:00+00:00,57.95486831665039
2026-03-31 15:00:00+00:00,73.94454956054688
2026-03-31 16:00:00+00:00,95.3770523071289
2026-03-31 17:00:00+00:00,156.0640869140625
2026-03-31 18:00:00+00:00,172.93731689453125
2026-03-31 19:00:00+00:00,142.3741455078125
2026-03-31 20:00:00+00:00,120.3917236328125
2026-03-31 21:00:00+00:00,118.30064392089844
2026-03-31 22:00:00+00:00,111.26426696777344
2026-03-31 23:00:00+00:00,105.61969757080078
2026-04-01 00:00:00+00:00,121.26757049560547
2026-04-01 01:00:00+00:00,104.98442077636719
2026-04-01 02:00:00+00:00,93.48076629638672
2026-04-01 03:00:00+00:00,102.92561340332031
2026-04-01 04:00:00+00:00,127.49702453613281
2026-04-01 05:00:00+00:00,151.48760986328125
2026-04-01 06:00:00+00:00,162.03814697265625
2026-04-01 07:00:00+00:00,138.96405029296875
2026-04-01 08:00:00+00:00,97.15306091308594
2026-04-01 09:00:00+00:00,69.3197250366211
2026-04-01 10:00:00+00:00,54.549591064453125
2026-04-01 11:00:00+00:00,39.03608322143555
2026-04-01 12:00:00+00:00,26.52566909790039
2026-04-01 13:00:00+00:00,29.348506927490234
2026-04-01 14:00:00+00:00,35.65031051635742
2026-04-01 15:00:00+00:00,57.82366180419922
2026-04-01 16:00:00+00:00,99.97331237792969
2026-04-01 17:00:00+00:00,160.0792236328125
2026-04-01 18:00:00+00:00,177.8601837158203
2026-04-01 19:00:00+00:00,144.96746826171875
2026-04-01 20:00:00+00:00,136.99774169921875
2026-04-01 21:00:00+00:00,133.16477966308594
2026-04-01 22:00:00+00:00,113.910400390625
2026-04-01 23:00:00+00:00,109.43562316894531
2026-04-02 00:00:00+00:00,119.043701171875
2026-04-02 01:00:00+00:00,117.23200225830078
2026-04-02 02:00:00+00:00,110.59899139404297
2026-04-02 03:00:00+00:00,111.06687927246094
2026-04-02 04:00:00+00:00,127.59919738769531
2026-04-02 05:00:00+00:00,155.2109375
2026-04-02 06:00:00+00:00,169.2850799560547
2026-04-02 07:00:00+00:00,152.9613800048828
2026-04-02 08:00:00+00:00,112.45748901367188
2026-04-02 09:00:00+00:00,84.8328628540039
2026-04-02 10:00:00+00:00,69.84606170654297
2026-04-02 11:00:00+00:00,53.185176849365234
2026-04-02 12:00:00+00:00,45.09757995605469
2026-04-02 13:00:00+00:00,50.01084518432617
2026-04-02 14:00:00+00:00,63.3782844543457
2026-04-02 15:00:00+00:00,80.51319122314453
2026-04-02 16:00:00+00:00,115.55854034423828
2026-04-02 17:00:00+00:00,163.45095825195312
2026-04-02 18:00:00+00:00,168.29318237304688
2026-04-02 19:00:00+00:00,145.3843536376953
2026-04-02 20:00:00+00:00,134.97750854492188
2026-04-02 21:00:00+00:00,128.5906982421875
2026-04-02 22:00:00+00:00,119.928955078125
2026-04-02 23:00:00+00:00,116.3751449584961
2026-04-03 00:00:00+00:00,114.24131774902344
2026-04-03 01:00:00+00:00,108.59671020507812
2026-04-03 02:00:00+00:00,102.46832275390625
2026-04-03 03:00:00+00:00,104.90122985839844
2026-04-03 04:00:00+00:00,115.27136993408203
2026-04-03 05:00:00+00:00,136.84646606445312
2026-04-03 06:00:00+00:00,142.18927001953125
2026-04-03 07:00:00+00:00,119.63566589355469
2026-04-03 08:00:00+00:00,91.01083374023438
2026-04-03 09:00:00+00:00,70.37046813964844
2026-04-03 10:00:00+00:00,57.12765884399414
2026-04-03 11:00:00+00:00,43.41314697265625
2026-04-03 12:00:00+00:00,31.95301055908203
2026-04-03 13:00:00+00:00,26.823287963867188
2026-04-03 14:00:00+00:00,27.210613250732422
2026-04-03 15:00:00+00:00,39.88335418701172
2026-04-03 16:00:00+00:00,58.28327941894531
2026-04-03 17:00:00+00:00,109.42939758300781
2026-04-03 18:00:00+00:00,115.08064270019531
2026-04-03 19:00:00+00:00,90.13027954101562
2026-04-03 20:00:00+00:00,83.92761993408203
2026-04-03 21:00:00+00:00,82.61332702636719
2026-04-03 22:00:00+00:00,67.98178100585938
2026-04-03 23:00:00+00:00,62.15993118286133
2026-04-04 00:00:00+00:00,14.429641723632812
2026-04-04 01:00:00+00:00,9.61422348022461
2026-04-04 02:00:00+00:00,8.183887481689453
2026-04-04 03:00:00+00:00,11.502010345458984
2026-04-04 04:00:00+00:00,23.438953399658203
2026-04-04 05:00:00+00:00,35.84566879272461
2026-04-04 06:00:00+00:00,39.10663604736328
2026-04-04 07:00:00+00:00,29.307743072509766
2026-04-04 08:00:00+00:00,6.170097351074219
2026-04-04 09:00:00+00:00,3.3226242065429688
2026-04-04 10:00:00+00:00,2.2072982788085938
2026-04-04 11:00:00+00:00,2.3223342895507812
2026-04-04 12:00:00+00:00,1.81768798828125
2026-04-04 13:00:00+00:00,1.854705810546875
2026-04-04 14:00:00+00:00,1.6843643188476562
2026-04-04 15:00:00+00:00,2.1049118041992188
2026-04-04 16:00:00+00:00,4.155891418457031
2026-04-04 17:00:00+00:00,33.32890701293945
2026-04-04 18:00:00+00:00,48.56757354736328
2026-04-04 19:00:00+00:00,28.333595275878906
2026-04-04 20:00:00+00:00,22.086994171142578
2026-04-04 21:00:00+00:00,21.477413177490234
2026-04-04 22:00:00+00:00,7.981906890869141
2026-04-04 23:00:00+00:00,7.099697113037109
2026-04-05 00:00:00+00:00,3.79644775390625
2026-04-05 01:00:00+00:00,5.876384735107422
2026-04-05 02:00:00+00:00,4.588966369628906
2026-04-05 03:00:00+00:00,5.5375823974609375
2026-04-05 04:00:00+00:00,6.487754821777344
2026-04-05 05:00:00+00:00,10.374366760253906
2026-04-05 06:00:00+00:00,11.325916290283203
2026-04-05 07:00:00+00:00,8.341957092285156
2026-04-05 08:00:00+00:00,2.5641632080078125
2026-04-05 09:00:00+00:00,1.0427780151367188
2026-04-05 10:00:00+00:00,0.37928009033203125
2026-04-05 11:00:00+00:00,-0.2386474609375
2026-04-05 12:00:00+00:00,-1.171630859375
2026-04-05 13:00:00+00:00,-0.287628173828125
2026-04-05 14:00:00+00:00,-0.00281524658203125
2026-04-05 15:00:00+00:00,0.2644500732421875
2026-04-05 16:00:00+00:00,10.62789535522461
2026-04-05 17:00:00+00:00,50.79118347167969
2026-04-05 18:00:00+00:00,74.2236328125
2026-04-05 19:00:00+00:00,62.44725036621094
2026-04-05 20:00:00+00:00,63.486141204833984
2026-04-05 21:00:00+00:00,61.84782028198242
2026-04-05 22:00:00+00:00,39.711578369140625
2026-04-05 23:00:00+00:00,33.67177200317383
2026-04-06 00:00:00+00:00,34.70069885253906
2026-04-06 01:00:00+00:00,27.98303985595703
2026-04-06 02:00:00+00:00,23.65108871459961
2026-04-06 03:00:00+00:00,24.731201171875
2026-04-06 04:00:00+00:00,34.07118225097656
2026-04-06 05:00:00+00:00,45.8916015625
2026-04-06 06:00:00+00:00,46.81278991699219
2026-04-06 07:00:00+00:00,29.778030395507812
2026-04-06 08:00:00+00:00,16.901626586914062
2026-04-06 09:00:00+00:00,-1.4655914306640625
2026-04-06 10:00:00+00:00,-9.680633544921875
2026-04-06 11:00:00+00:00,-19.770164489746094
2026-04-06 12:00:00+00:00,-24.262962341308594
2026-04-06 13:00:00+00:00,-23.584190368652344
2026-04-06 14:00:00+00:00,-19.04302978515625
2026-04-06 15:00:00+00:00,-5.712898254394531
2026-04-06 16:00:00+00:00,15.878082275390625
2026-04-06 17:00:00+00:00,53.474327087402344
2026-04-06 18:00:00+00:00,68.11498260498047
2026-04-06 19:00:00+00:00,61.3504753112793
2026-04-06 20:00:00+00:00,55.305580139160156
2026-04-06 21:00:00+00:00,44.76287078857422
2026-04-06 22:00:00+00:00,25.052276611328125
2026-04-06 23:00:00+00:00,21.780956268310547
2026-04-07 00:00:00+00:00,25.125144958496094
2026-04-07 01:00:00+00:00,23.059524536132812
2026-04-07 02:00:00+00:00,24.154399871826172
2026-04-07 03:00:00+00:00,25.107120513916016
2026-04-07 04:00:00+00:00,31.18324851989746
2026-04-07 05:00:00+00:00,37.09606170654297
2026-04-07 06:00:00+00:00,31.832883834838867
2026-04-07 07:00:00+00:00,15.624275207519531
2026-04-07 08:00:00+00:00,-6.409912109375
2026-04-07 09:00:00+00:00,-9.301956176757812
2026-04-07 10:00:00+00:00,-30.58428955078125
2026-04-07 11:00:00+00:00,-57.02977752685547
2026-04-07 12:00:00+00:00,-63.889015197753906
2026-04-07 13:00:00+00:00,-36.769927978515625
2026-04-07 14:00:00+00:00,-8.550788879394531
2026-04-07 15:00:00+00:00,-1.7223930358886719
2026-04-07 16:00:00+00:00,19.704429626464844
2026-04-07 17:00:00+00:00,51.748382568359375
2026-04-07 18:00:00+00:00,61.538936614990234
2026-04-07 19:00:00+00:00,62.34838104248047
2026-04-07 20:00:00+00:00,57.71749496459961
2026-04-07 21:00:00+00:00,52.06494903564453
2026-04-07 22:00:00+00:00,39.24601364135742
2026-04-07 23:00:00+00:00,35.37476348876953
2026-04-08 00:00:00+00:00,51.57982635498047
2026-04-08 01:00:00+00:00,46.11323547363281
2026-04-08 02:00:00+00:00,46.334815979003906
2026-04-08 03:00:00+00:00,51.82865905761719
2026-04-08 04:00:00+00:00,68.8843994140625
2026-04-08 05:00:00+00:00,87.1622314453125
2026-04-08 06:00:00+00:00,93.16029357910156
2026-04-08 07:00:00+00:00,68.89105224609375
2026-04-08 08:00:00+00:00,37.38582229614258
2026-04-08 09:00:00+00:00,28.95110321044922
2026-04-08 10:00:00+00:00,20.13971710205078
2026-04-08 11:00:00+00:00,7.804649353027344
2026-04-08 12:00:00+00:00,5.169502258300781
2026-04-08 13:00:00+00:00,10.315753936767578
2026-04-08 14:00:00+00:00,16.792598724365234
2026-04-08 15:00:00+00:00,24.563671112060547
2026-04-08 16:00:00+00:00,52.03679275512695
2026-04-08 17:00:00+00:00,88.88378143310547
2026-04-08 18:00:00+00:00,101.356201171875
2026-04-08 19:00:00+00:00,100.17524719238281
2026-04-08 20:00:00+00:00,89.66210174560547
2026-04-08 21:00:00+00:00,79.21339416503906
2026-04-08 22:00:00+00:00,69.71550750732422
2026-04-08 23:00:00+00:00,66.64448547363281
2026-04-09 00:00:00+00:00,77.81260681152344
2026-04-09 01:00:00+00:00,71.5992660522461
2026-04-09 02:00:00+00:00,66.91021728515625
2026-04-09 03:00:00+00:00,68.57758331298828
2026-04-09 04:00:00+00:00,84.46826171875
2026-04-09 05:00:00+00:00,106.99369049072266
2026-04-09 06:00:00+00:00,116.50841522216797
2026-04-09 07:00:00+00:00,74.43819427490234
2026-04-09 08:00:00+00:00,29.0267391204834
2026-04-09 09:00:00+00:00,-1.5370292663574219
2026-04-09 10:00:00+00:00,-6.069530487060547
2026-04-09 11:00:00+00:00,-16.44790267944336
2026-04-09 12:00:00+00:00,-17.956340789794922
2026-04-09 13:00:00+00:00,-9.624187469482422
2026-04-09 14:00:00+00:00,-3.0735092163085938
2026-04-09 15:00:00+00:00,1.79638671875
2026-04-09 16:00:00+00:00,22.67477798461914
2026-04-09 17:00:00+00:00,57.89236831665039
2026-04-09 18:00:00+00:00,83.39852905273438
2026-04-09 19:00:00+00:00,85.65319061279297
2026-04-09 20:00:00+00:00,68.0267562866211
2026-04-09 21:00:00+00:00,48.312042236328125
2026-04-09 22:00:00+00:00,33.31134033203125
2026-04-09 23:00:00+00:00,27.943397521972656
2026-04-10 00:00:00+00:00,15.671226501464844
2026-04-10 01:00:00+00:00,12.677978515625
2026-04-10 02:00:00+00:00,15.85995101928711
2026-04-10 03:00:00+00:00,26.05816650390625
2026-04-10 04:00:00+00:00,45.29322814941406
2026-04-10 05:00:00+00:00,68.55461883544922
2026-04-10 06:00:00+00:00,79.72990417480469
2026-04-10 07:00:00+00:00,53.64839172363281
2026-04-10 08:00:00+00:00,22.04473114013672
2026-04-10 09:00:00+00:00,2.903472900390625
2026-04-10 10:00:00+00:00,-8.490737915039062
2026-04-10 11:00:00+00:00,-17.82775115966797
2026-04-10 12:00:00+00:00,-21.225921630859375
2026-04-10 13:00:00+00:00,-15.180091857910156
2026-04-10 14:00:00+00:00,-4.995029449462891
2026-04-10 15:00:00+00:00,14.168502807617188
2026-04-10 16:00:00+00:00,40.82557678222656
2026-04-10 17:00:00+00:00,70.17340087890625
2026-04-10 18:00:00+00:00,90.3025894165039
2026-04-10 19:00:00+00:00,85.36711120605469
2026-04-10 20:00:00+00:00,78.5141372680664
2026-04-10 21:00:00+00:00,65.01654052734375
2026-04-10 22:00:00+00:00,42.86781692504883
2026-04-10 23:00:00+00:00,36.5075798034668
2026-04-11 00:00:00+00:00,21.10704803466797
2026-04-11 01:00:00+00:00,13.50555419921875
2026-04-11 02:00:00+00:00,8.159534454345703
2026-04-11 03:00:00+00:00,5.255218505859375
2026-04-11 04:00:00+00:00,4.702911376953125
2026-04-11 05:00:00+00:00,4.526248931884766
2026-04-11 06:00:00+00:00,1.0347557067871094
2026-04-11 07:00:00+00:00,-7.133647918701172
2026-04-11 08:00:00+00:00,-9.811077117919922
2026-04-11 09:00:00+00:00,-10.764087677001953
2026-04-11 10:00:00+00:00,-14.781002044677734
2026-04-11 11:00:00+00:00,-20.00844955444336
2026-04-11 12:00:00+00:00,-22.147388458251953
2026-04-11 13:00:00+00:00,-15.597286224365234
2026-04-11 14:00:00+00:00,-12.830562591552734
2026-04-11 15:00:00+00:00,-17.932445526123047
2026-04-11 16:00:00+00:00,-1.5811271667480469
2026-04-11 17:00:00+00:00,23.80419921875
2026-04-11 18:00:00+00:00,43.56498718261719
2026-04-11 19:00:00+00:00,49.07534408569336
2026-04-11 20:00:00+00:00,52.645633697509766
2026-04-11 21:00:00+00:00,49.95552444458008
2026-04-11 22:00:00+00:00,31.6826229095459
2026-04-11 23:00:00+00:00,27.850849151611328
2026-04-12 00:00:00+00:00,11.015548706054688
2026-04-12 01:00:00+00:00,8.807464599609375
2026-04-12 02:00:00+00:00,8.704849243164062
2026-04-12 03:00:00+00:00,10.369583129882812
2026-04-12 04:00:00+00:00,10.488700866699219
2026-04-12 05:00:00+00:00,10.890838623046875
2026-04-12 06:00:00+00:00,10.899127960205078
2026-04-12 07:00:00+00:00,6.401020050048828
2026-04-12 08:00:00+00:00,-3.5420188903808594
2026-04-12 09:00:00+00:00,-11.445281982421875
2026-04-12 10:00:00+00:00,-18.67156219482422
2026-04-12 11:00:00+00:00,-24.278244018554688
2026-04-12 12:00:00+00:00,-26.08692169189453
2026-04-12 13:00:00+00:00,-17.675430297851562
2026-04-12 14:00:00+00:00,-1.0285797119140625
2026-04-12 15:00:00+00:00,12.091571807861328
2026-04-12 16:00:00+00:00,36.52405548095703
2026-04-12 17:00:00+00:00,63.00288391113281
2026-04-12 18:00:00+00:00,75.12741088867188
2026-04-12 19:00:00+00:00,72.84911346435547
2026-04-12 20:00:00+00:00,66.60120391845703
2026-04-12 21:00:00+00:00,61.195438385009766
2026-04-12 22:00:00+00:00,54.188270568847656
2026-04-12 23:00:00+00:00,48.63850402832031
2026-04-13 00:00:00+00:00,103.65618896484375
2026-04-13 01:00:00+00:00,99.41703033447266
2026-04-13 02:00:00+00:00,97.67809295654297
2026-04-13 03:00:00+00:00,102.83256530761719
2026-04-13 04:00:00+00:00,120.71844482421875
2026-04-13 05:00:00+00:00,145.93238830566406
2026-04-13 06:00:00+00:00,156.8830108642578
2026-04-13 07:00:00+00:00,144.93759155273438
2026-04-13 08:00:00+00:00,121.35090637207031
2026-04-13 09:00:00+00:00,101.09525299072266
2026-04-13 10:00:00+00:00,86.45112609863281
2026-04-13 11:00:00+00:00,76.35043334960938
2026-04-13 12:00:00+00:00,72.52546691894531
2026-04-13 13:00:00+00:00,75.45945739746094
2026-04-13 14:00:00+00:00,81.25949096679688
2026-04-13 15:00:00+00:00,95.91251373291016
2026-04-13 16:00:00+00:00,119.80516052246094
2026-04-13 17:00:00+00:00,152.3363037109375
2026-04-13 18:00:00+00:00,157.57647705078125
2026-04-13 19:00:00+00:00,151.26864624023438
2026-04-13 20:00:00+00:00,143.13168334960938
2026-04-13 21:00:00+00:00,134.61170959472656
2026-04-13 22:00:00+00:00,127.97611999511719
2026-04-13 23:00:00+00:00,120.42884826660156
2026-04-14 00:00:00+00:00,107.24076843261719
2026-04-14 01:00:00+00:00,98.60963439941406
2026-04-14 02:00:00+00:00,96.46177673339844
2026-04-14 03:00:00+00:00,102.76354217529297
2026-04-14 04:00:00+00:00,122.63583374023438
2026-04-14 05:00:00+00:00,142.33935546875
2026-04-14 06:00:00+00:00,147.3105010986328
2026-04-14 07:00:00+00:00,128.73866271972656
2026-04-14 08:00:00+00:00,98.58775329589844
2026-04-14 09:00:00+00:00,79.75508880615234
2026-04-14 10:00:00+00:00,68.82575225830078
2026-04-14 11:00:00+00:00,54.64504623413086
2026-04-14 12:00:00+00:00,50.054779052734375
2026-04-14 13:00:00+00:00,47.65304183959961
2026-04-14 14:00:00+00:00,49.486873626708984
2026-04-14 15:00:00+00:00,66.20024108886719
2026-04-14 16:00:00+00:00,95.44363403320312
2026-04-14 17:00:00+00:00,126.72064208984375
2026-04-14 18:00:00+00:00,135.8970184326172
2026-04-14 19:00:00+00:00,129.33755493164062
2026-04-14 20:00:00+00:00,122.80795288085938
2026-04-14 21:00:00+00:00,110.99948120117188
2026-04-14 22:00:00+00:00,95.99879455566406
2026-04-14 23:00:00+00:00,89.4852066040039
2026-04-15 00:00:00+00:00,82.19861602783203
2026-04-15 01:00:00+00:00,74.29986572265625
2026-04-15 02:00:00+00:00,68.6500015258789
2026-04-15 03:00:00+00:00,72.94253540039062
2026-04-15 04:00:00+00:00,88.2596435546875
2026-04-15 05:00:00+00:00,112.31795501708984
2026-04-15 06:00:00+00:00,115.71708679199219
2026-04-15 07:00:00+00:00,90.21853637695312
2026-04-15 08:00:00+00:00,49.3187370300293
2026-04-15 09:00:00+00:00,13.291027069091797
2026-04-15 10:00:00+00:00,-0.08703994750976562
2026-04-15 11:00:00+00:00,-8.402400970458984
2026-04-15 12:00:00+00:00,-0.7423973083496094
2026-04-15 13:00:00+00:00,2.1798019409179688
2026-04-15 14:00:00+00:00,2.77496337890625
2026-04-15 15:00:00+00:00,8.531585693359375
2026-04-15 16:00:00+00:00,41.33252716064453
2026-04-15 17:00:00+00:00,84.29791259765625
2026-04-15 18:00:00+00:00,104.59364318847656
2026-04-15 19:00:00+00:00,102.01396179199219
2026-04-15 20:00:00+00:00,92.30482482910156
2026-04-15 21:00:00+00:00,83.7904281616211
2026-04-15 22:00:00+00:00,73.34397888183594
2026-04-15 23:00:00+00:00,65.7720718383789
2026-04-16 00:00:00+00:00,86.17729187011719
2026-04-16 01:00:00+00:00,75.1076889038086
2026-04-16 02:00:00+00:00,73.19342041015625
2026-04-16 03:00:00+00:00,78.58525848388672
2026-04-16 04:00:00+00:00,98.35820007324219
2026-04-16 05:00:00+00:00,121.84707641601562
2026-04-16 06:00:00+00:00,128.39724731445312
2026-04-16 07:00:00+00:00,104.26644134521484
2026-04-16 08:00:00+00:00,53.27679443359375
2026-04-16 09:00:00+00:00,18.20577621459961
2026-04-16 10:00:00+00:00,12.515655517578125
2026-04-16 11:00:00+00:00,5.664951324462891
2026-04-16 12:00:00+00:00,3.268634796142578
2026-04-16 13:00:00+00:00,3.4919166564941406
2026-04-16 14:00:00+00:00,5.889087677001953
2026-04-16 15:00:00+00:00,24.658641815185547
2026-04-16 16:00:00+00:00,68.75601196289062
2026-04-16 17:00:00+00:00,111.94918823242188
2026-04-16 18:00:00+00:00,127.3832015991211
2026-04-16 19:00:00+00:00,124.64216613769531
2026-04-16 20:00:00+00:00,116.63534545898438
2026-04-16 21:00:00+00:00,108.13732147216797
2026-04-16 22:00:00+00:00,97.3193359375
2026-04-16 23:00:00+00:00,88.2708740234375
2026-04-17 00:00:00+00:00,101.87039947509766
2026-04-17 01:00:00+00:00,94.8039779663086
2026-04-17 02:00:00+00:00,91.63533782958984
2026-04-17 03:00:00+00:00,88.5787353515625
2026-04-17 04:00:00+00:00,103.83480072021484
2026-04-17 05:00:00+00:00,119.12834167480469
2026-04-17 06:00:00+00:00,123.20538330078125
2026-04-17 07:00:00+00:00,104.60490417480469
2026-04-17 08:00:00+00:00,51.99526596069336
2026-04-17 09:00:00+00:00,14.44241714477539
2026-04-17 10:00:00+00:00,8.26992416381836
2026-04-17 11:00:00+00:00,2.7203407287597656
2026-04-17 12:00:00+00:00,0.2877960205078125
2026-04-17 13:00:00+00:00,-1.2030982971191406
2026-04-17 14:00:00+00:00,-0.9275665283203125
2026-04-17 15:00:00+00:00,22.952346801757812
2026-04-17 16:00:00+00:00,60.21803283691406
2026-04-17 17:00:00+00:00,98.3848876953125
2026-04-17 18:00:00+00:00,116.79470825195312
2026-04-17 19:00:00+00:00,118.3214111328125
2026-04-17 20:00:00+00:00,113.48262023925781
2026-04-17 21:00:00+00:00,98.95027160644531
2026-04-17 22:00:00+00:00,85.00236511230469
2026-04-17 23:00:00+00:00,69.11994934082031
2026-04-18 00:00:00+00:00,85.388671875
2026-04-18 01:00:00+00:00,74.64590454101562
2026-04-18 02:00:00+00:00,66.787353515625
2026-04-18 03:00:00+00:00,62.74703598022461
2026-04-18 04:00:00+00:00,61.670955657958984
2026-04-18 05:00:00+00:00,59.25323486328125
2026-04-18 06:00:00+00:00,54.40541076660156
2026-04-18 07:00:00+00:00,35.02174377441406
2026-04-18 08:00:00+00:00,12.113037109375
2026-04-18 09:00:00+00:00,4.732109069824219
2026-04-18 10:00:00+00:00,-0.3352241516113281
2026-04-18 11:00:00+00:00,-4.2568206787109375
2026-04-18 12:00:00+00:00,-6.239646911621094
2026-04-18 13:00:00+00:00,-5.722740173339844
2026-04-18 14:00:00+00:00,-2.221752166748047
2026-04-18 15:00:00+00:00,4.190132141113281
2026-04-18 16:00:00+00:00,23.92084503173828
2026-04-18 17:00:00+00:00,46.87617111206055
2026-04-18 18:00:00+00:00,62.06698989868164
2026-04-18 19:00:00+00:00,64.82565307617188
2026-04-18 20:00:00+00:00,63.61647415161133
2026-04-18 21:00:00+00:00,56.7120246887207
2026-04-18 22:00:00+00:00,48.82200622558594
2026-04-18 23:00:00+00:00,44.3253173828125
2026-04-19 00:00:00+00:00,53.81083679199219
2026-04-19 01:00:00+00:00,46.84590148925781
2026-04-19 02:00:00+00:00,40.94888687133789
2026-04-19 03:00:00+00:00,39.7137451171875
2026-04-19 04:00:00+00:00,38.51154327392578
2026-04-19 05:00:00+00:00,36.0068359375
2026-04-19 06:00:00+00:00,26.20309066772461
2026-04-19 07:00:00+00:00,8.08489990234375
2026-04-19 08:00:00+00:00,-1.428558349609375
2026-04-19 09:00:00+00:00,-6.309440612792969
2026-04-19 10:00:00+00:00,-8.826652526855469
2026-04-19 11:00:00+00:00,-11.019287109375
2026-04-19 12:00:00+00:00,-12.322456359863281
2026-04-19 13:00:00+00:00,-11.883476257324219
2026-04-19 14:00:00+00:00,-8.282386779785156
2026-04-19 15:00:00+00:00,0.3791389465332031
2026-04-19 16:00:00+00:00,17.715351104736328
2026-04-19 17:00:00+00:00,47.112937927246094
2026-04-19 18:00:00+00:00,78.11434173583984
2026-04-19 19:00:00+00:00,81.83811950683594
2026-04-19 20:00:00+00:00,77.63674926757812
2026-04-19 21:00:00+00:00,70.9056167602539
2026-04-19 22:00:00+00:00,60.16780471801758
2026-04-19 23:00:00+00:00,56.742835998535156
2026-04-20 00:00:00+00:00,23.00106430053711
2026-04-20 01:00:00+00:00,21.218013763427734
2026-04-20 02:00:00+00:00,22.91183853149414
2026-04-20 03:00:00+00:00,30.025815963745117
2026-04-20 04:00:00+00:00,45.918609619140625
2026-04-20 05:00:00+00:00,65.4765396118164
2026-04-20 06:00:00+00:00,70.67987060546875
2026-04-20 07:00:00+00:00,46.58683776855469
2026-04-20 08:00:00+00:00,13.47366714477539
2026-04-20 09:00:00+00:00,-2.64990234375
2026-04-20 10:00:00+00:00,-7.097496032714844
2026-04-20 11:00:00+00:00,-12.21136474609375
2026-04-20 12:00:00+00:00,-15.148544311523438
2026-04-20 13:00:00+00:00,-13.369308471679688
2026-04-20 14:00:00+00:00,-8.432220458984375
2026-04-20 15:00:00+00:00,1.4693183898925781
2026-04-20 16:00:00+00:00,18.717044830322266
2026-04-20 17:00:00+00:00,45.57630157470703
2026-04-20 18:00:00+00:00,71.67352294921875
2026-04-20 19:00:00+00:00,64.3509750366211
2026-04-20 20:00:00+00:00,59.96210479736328
2026-04-20 21:00:00+00:00,52.31343078613281
2026-04-20 22:00:00+00:00,38.72998809814453
2026-04-20 23:00:00+00:00,33.72785186767578
2026-04-21 00:00:00+00:00,16.354991912841797
2026-04-21 01:00:00+00:00,11.743186950683594
2026-04-21 02:00:00+00:00,11.357494354248047
2026-04-21 03:00:00+00:00,12.43704605102539
2026-04-21 04:00:00+00:00,21.820552825927734
2026-04-21 05:00:00+00:00,50.08757019042969
2026-04-21 06:00:00+00:00,45.111778259277344
2026-04-21 07:00:00+00:00,15.329830169677734
2026-04-21 08:00:00+00:00,3.7796287536621094
2026-04-21 09:00:00+00:00,2.920989990234375
2026-04-21 10:00:00+00:00,0.20672988891601562
2026-04-21 11:00:00+00:00,-1.0947036743164062
2026-04-21 12:00:00+00:00,-2.391155242919922
2026-04-21 13:00:00+00:00,-2.511932373046875
2026-04-21 14:00:00+00:00,-1.535736083984375
2026-04-21 15:00:00+00:00,2.3571128845214844
2026-04-21 16:00:00+00:00,5.737419128417969
2026-04-21 17:00:00+00:00,33.71367263793945
2026-04-21 18:00:00+00:00,51.91849899291992
2026-04-21 19:00:00+00:00,36.638450622558594
2026-04-21 20:00:00+00:00,32.885189056396484
2026-04-21 21:00:00+00:00,26.410982131958008
2026-04-21 22:00:00+00:00,17.26386260986328
2026-04-21 23:00:00+00:00,14.594512939453125
2026-04-22 00:00:00+00:00,15.119148254394531
2026-04-22 01:00:00+00:00,10.847099304199219
2026-04-22 02:00:00+00:00,7.960601806640625
2026-04-22 03:00:00+00:00,9.110115051269531
2026-04-22 04:00:00+00:00,21.361492156982422
2026-04-22 05:00:00+00:00,40.823143005371094
2026-04-22 06:00:00+00:00,20.907958984375
2026-04-22 07:00:00+00:00,12.025020599365234
2026-04-22 08:00:00+00:00,12.421016693115234
2026-04-22 09:00:00+00:00,8.849716186523438
2026-04-22 10:00:00+00:00,7.409046173095703
2026-04-22 11:00:00+00:00,6.378200531005859
2026-04-22 12:00:00+00:00,5.8953857421875
2026-04-22 13:00:00+00:00,6.7829132080078125
2026-04-22 14:00:00+00:00,6.327598571777344
2026-04-22 15:00:00+00:00,7.752571105957031
2026-04-22 16:00:00+00:00,11.231681823730469
2026-04-22 17:00:00+00:00,35.30632019042969
2026-04-22 18:00:00+00:00,43.45048522949219
2026-04-22 19:00:00+00:00,30.387422561645508
2026-04-22 20:00:00+00:00,29.562463760375977
2026-04-22 21:00:00+00:00,26.30068588256836
2026-04-22 22:00:00+00:00,23.781204223632812
2026-04-22 23:00:00+00:00,23.654460906982422
2026-04-23 00:00:00+00:00,25.023666381835938
2026-04-23 01:00:00+00:00,16.8599853515625
2026-04-23 02:00:00+00:00,14.658660888671875
2026-04-23 03:00:00+00:00,18.605804443359375
2026-04-23 04:00:00+00:00,34.121726989746094
2026-04-23 05:00:00+00:00,56.9738655090332
2026-04-23 06:00:00+00:00,50.84474563598633
2026-04-23 07:00:00+00:00,20.979503631591797
2026-04-23 08:00:00+00:00,5.039215087890625
2026-04-23 09:00:00+00:00,4.601497650146484
2026-04-23 10:00:00+00:00,0.6135787963867188
2026-04-23 11:00:00+00:00,-2.5120277404785156
2026-04-23 12:00:00+00:00,-2.721790313720703
2026-04-23 13:00:00+00:00,-0.1478424072265625
2026-04-23 14:00:00+00:00,0.444915771484375
2026-04-23 15:00:00+00:00,-0.9390144348144531
2026-04-23 16:00:00+00:00,8.61502456665039
2026-04-23 17:00:00+00:00,43.62031936645508
2026-04-23 18:00:00+00:00,49.062076568603516
2026-04-23 19:00:00+00:00,43.200706481933594
2026-04-23 20:00:00+00:00,39.676055908203125
2026-04-23 21:00:00+00:00,35.03415298461914
2026-04-23 22:00:00+00:00,32.200721740722656
2026-04-23 23:00:00+00:00,29.448535919189453
2026-04-24 00:00:00+00:00,18.284461975097656
2026-04-24 01:00:00+00:00,14.800838470458984
2026-04-24 02:00:00+00:00,14.779006958007812
2026-04-24 03:00:00+00:00,21.309097290039062
2026-04-24 04:00:00+00:00,42.68593978881836
2026-04-24 05:00:00+00:00,65.3272476196289
2026-04-24 06:00:00+00:00,55.634010314941406
2026-04-24 07:00:00+00:00,21.219310760498047
2026-04-24 08:00:00+00:00,3.4693603515625
2026-04-24 09:00:00+00:00,0.860076904296875
2026-04-24 10:00:00+00:00,-3.805511474609375
2026-04-24 11:00:00+00:00,-10.65200424194336
2026-04-24 12:00:00+00:00,-12.193134307861328
2026-04-24 13:00:00+00:00,-6.069587707519531
2026-04-24 14:00:00+00:00,-1.6548385620117188
2026-04-24 15:00:00+00:00,0.6399917602539062
2026-04-24 16:00:00+00:00,18.89760971069336
2026-04-24 17:00:00+00:00,45.63276290893555
2026-04-24 18:00:00+00:00,59.39104080200195
2026-04-24 19:00:00+00:00,57.760520935058594
2026-04-24 20:00:00+00:00,56.63418197631836
2026-04-24 21:00:00+00:00,49.631771087646484
2026-04-24 22:00:00+00:00,40.2154655456543
2026-04-24 23:00:00+00:00,36.91399002075195
2026-04-25 00:00:00+00:00,55.82721710205078
2026-04-25 01:00:00+00:00,47.240108489990234
2026-04-25 02:00:00+00:00,45.54722595214844
2026-04-25 03:00:00+00:00,47.268394470214844
2026-04-25 04:00:00+00:00,49.78042221069336
2026-04-25 05:00:00+00:00,46.85233688354492
2026-04-25 06:00:00+00:00,37.77249526977539
2026-04-25 07:00:00+00:00,19.552993774414062
2026-04-25 08:00:00+00:00,11.49454116821289
2026-04-25 09:00:00+00:00,7.899574279785156
2026-04-25 10:00:00+00:00,5.433845520019531
2026-04-25 11:00:00+00:00,2.0466842651367188
2026-04-25 12:00:00+00:00,0.7153472900390625
2026-04-25 13:00:00+00:00,2.1290855407714844
2026-04-25 14:00:00+00:00,4.271492004394531
2026-04-25 15:00:00+00:00,10.590072631835938
2026-04-25 16:00:00+00:00,28.241104125976562
2026-04-25 17:00:00+00:00,51.112220764160156
2026-04-25 18:00:00+00:00,67.64756774902344
2026-04-25 19:00:00+00:00,70.88966369628906
2026-04-25 20:00:00+00:00,69.90515899658203
2026-04-25 21:00:00+00:00,66.29479217529297
2026-04-25 22:00:00+00:00,57.08484649658203
2026-04-25 23:00:00+00:00,53.37215805053711
2026-04-26 00:00:00+00:00,29.953609466552734
2026-04-26 01:00:00+00:00,25.222484588623047
2026-04-26 02:00:00+00:00,23.427978515625
2026-04-26 03:00:00+00:00,23.61966896057129
2026-04-26 04:00:00+00:00,21.851593017578125
2026-04-26 05:00:00+00:00,14.944454193115234
2026-04-26 06:00:00+00:00,5.267520904541016
2026-04-26 07:00:00+00:00,-5.51373291015625
2026-04-26 08:00:00+00:00,-10.869083404541016
2026-04-26 09:00:00+00:00,-18.079898834228516
2026-04-26 10:00:00+00:00,-27.232929229736328
2026-04-26 11:00:00+00:00,-38.45053482055664
2026-04-26 12:00:00+00:00,-41.21706771850586
2026-04-26 13:00:00+00:00,-28.585529327392578
2026-04-26 14:00:00+00:00,-15.783222198486328
2026-04-26 15:00:00+00:00,-1.4148712158203125
2026-04-26 16:00:00+00:00,13.956886291503906
2026-04-26 17:00:00+00:00,37.07659149169922
2026-04-26 18:00:00+00:00,47.16159439086914
2026-04-26 19:00:00+00:00,49.03465270996094
2026-04-26 20:00:00+00:00,47.45018005371094
2026-04-26 21:00:00+00:00,42.52946090698242
2026-04-26 22:00:00+00:00,35.52077865600586
2026-04-26 23:00:00+00:00,30.99231719970703
2026-04-27 00:00:00+00:00,38.08349609375
2026-04-27 01:00:00+00:00,33.871788024902344
2026-04-27 02:00:00+00:00,36.30021667480469
2026-04-27 03:00:00+00:00,42.37617492675781
2026-04-27 04:00:00+00:00,53.110050201416016
2026-04-27 05:00:00+00:00,64.55209350585938
2026-04-27 06:00:00+00:00,67.52639770507812
2026-04-27 07:00:00+00:00,40.28985595703125
2026-04-27 08:00:00+00:00,13.601085662841797
2026-04-27 09:00:00+00:00,-10.895538330078125
2026-04-27 10:00:00+00:00,-48.663177490234375
2026-04-27 11:00:00+00:00,-90.7544937133789
2026-04-27 12:00:00+00:00,-95.24471282958984
2026-04-27 13:00:00+00:00,-46.00786590576172
2026-04-27 14:00:00+00:00,2.4804763793945312
2026-04-27 15:00:00+00:00,18.91617774963379
2026-04-27 16:00:00+00:00,30.354331970214844
2026-04-27 17:00:00+00:00,58.72630310058594
2026-04-27 18:00:00+00:00,63.3906364440918
2026-04-27 19:00:00+00:00,68.11402893066406
2026-04-27 20:00:00+00:00,70.0345458984375
2026-04-27 21:00:00+00:00,61.36170196533203
2026-04-27 22:00:00+00:00,48.33515167236328
2026-04-27 23:00:00+00:00,43.12745666503906
2026-04-28 00:00:00+00:00,26.4932918548584
2026-04-28 01:00:00+00:00,18.850799560546875
2026-04-28 02:00:00+00:00,17.49222755432129
2026-04-28 03:00:00+00:00,25.191190719604492
2026-04-28 04:00:00+00:00,45.0590934753418
2026-04-28 05:00:00+00:00,63.9864501953125
2026-04-28 06:00:00+00:00,57.97058868408203
2026-04-28 07:00:00+00:00,23.67813491821289
2026-04-28 08:00:00+00:00,7.018680572509766
2026-04-28 09:00:00+00:00,4.805171966552734
2026-04-28 10:00:00+00:00,1.572265625
2026-04-28 11:00:00+00:00,-6.079620361328125
2026-04-28 12:00:00+00:00,-6.3961334228515625
2026-04-28 13:00:00+00:00,0.9211692810058594
2026-04-28 14:00:00+00:00,4.789646148681641
2026-04-28 15:00:00+00:00,9.279426574707031
2026-04-28 16:00:00+00:00,18.000303268432617
2026-04-28 17:00:00+00:00,34.452842712402344
2026-04-28 18:00:00+00:00,31.682342529296875
2026-04-28 19:00:00+00:00,24.881206512451172
2026-04-28 20:00:00+00:00,22.53537940979004
2026-04-28 21:00:00+00:00,18.075735092163086
2026-04-28 22:00:00+00:00,17.493532180786133
2026-04-28 23:00:00+00:00,15.680246353149414
2026-04-29 00:00:00+00:00,8.525196075439453
2026-04-29 01:00:00+00:00,2.693195343017578
2026-04-29 02:00:00+00:00,5.031032562255859
2026-04-29 03:00:00+00:00,4.6934051513671875
2026-04-29 04:00:00+00:00,14.155054092407227
2026-04-29 05:00:00+00:00,28.596912384033203
2026-04-29 06:00:00+00:00,31.668750762939453
2026-04-29 07:00:00+00:00,7.633842468261719
2026-04-29 08:00:00+00:00,3.0610198974609375
2026-04-29 09:00:00+00:00,0.023548126220703125
2026-04-29 10:00:00+00:00,-3.8985519409179688
2026-04-29 11:00:00+00:00,-14.376998901367188
2026-04-29 12:00:00+00:00,-13.945930480957031
2026-04-29 13:00:00+00:00,-5.635162353515625
2026-04-29 14:00:00+00:00,-2.058483123779297
2026-04-29 15:00:00+00:00,0.9036788940429688
2026-04-29 16:00:00+00:00,8.300247192382812
2026-04-29 17:00:00+00:00,24.473352432250977
2026-04-29 18:00:00+00:00,19.184574127197266
2026-04-29 19:00:00+00:00,12.116155624389648
2026-04-29 20:00:00+00:00,11.213768005371094
2026-04-29 21:00:00+00:00,9.588336944580078
2026-04-29 22:00:00+00:00,12.471900939941406
2026-04-29 23:00:00+00:00,10.904855728149414
2026-04-30 00:00:00+00:00,6.652809143066406
2026-04-30 01:00:00+00:00,2.9059181213378906
2026-04-30 02:00:00+00:00,1.9403152465820312
2026-04-30 03:00:00+00:00,5.530847549438477
2026-04-30 04:00:00+00:00,12.82689094543457
2026-04-30 05:00:00+00:00,29.427465438842773
2026-04-30 06:00:00+00:00,29.8205623626709
2026-04-30 07:00:00+00:00,6.1191253662109375
2026-04-30 08:00:00+00:00,-5.7681427001953125
2026-04-30 09:00:00+00:00,-4.334281921386719
2026-04-30 10:00:00+00:00,-8.852523803710938
2026-04-30 11:00:00+00:00,-21.21782684326172
2026-04-30 12:00:00+00:00,-19.126876831054688
2026-04-30 13:00:00+00:00,-8.864974975585938
2026-04-30 14:00:00+00:00,-1.3938140869140625
2026-04-30 15:00:00+00:00,0.7839546203613281
2026-04-30 16:00:00+00:00,12.104053497314453
2026-04-30 17:00:00+00:00,34.474945068359375
2026-04-30 18:00:00+00:00,33.74580001831055
2026-04-30 19:00:00+00:00,31.680856704711914
2026-04-30 20:00:00+00:00,32.761627197265625
2026-04-30 21:00:00+00:00,26.976654052734375
2026-04-30 22:00:00+00:00,27.624523162841797
2026-04-30 23:00:00+00:00,22.955787658691406
2026-05-01 00:00:00+00:00,24.503795623779297
2026-05-01 01:00:00+00:00,16.405126571655273
2026-05-01 02:00:00+00:00,13.36221694946289
2026-05-01 03:00:00+00:00,13.912361145019531
2026-05-01 04:00:00+00:00,13.65121841430664
2026-05-01 05:00:00+00:00,11.698556900024414
2026-05-01 06:00:00+00:00,7.799905776977539
2026-05-01 07:00:00+00:00,4.8810577392578125
2026-05-01 08:00:00+00:00,-0.77471923828125
2026-05-01 09:00:00+00:00,-7.0937652587890625
2026-05-01 10:00:00+00:00,-10.926033020019531
2026-05-01 11:00:00+00:00,-21.099056243896484
2026-05-01 12:00:00+00:00,-24.206058502197266
2026-05-01 13:00:00+00:00,-14.79520034790039
2026-05-01 14:00:00+00:00,-9.576217651367188
2026-05-01 15:00:00+00:00,0.12221527099609375
2026-05-01 16:00:00+00:00,14.271957397460938
2026-05-01 17:00:00+00:00,42.805686950683594
2026-05-01 18:00:00+00:00,51.720733642578125
2026-05-01 19:00:00+00:00,58.553688049316406
2026-05-01 20:00:00+00:00,61.91999053955078
2026-05-01 21:00:00+00:00,55.55835723876953
2026-05-01 22:00:00+00:00,46.84661102294922
2026-05-01 23:00:00+00:00,40.71906280517578
2026-05-02 00:00:00+00:00,56.48301696777344
2026-05-02 01:00:00+00:00,50.1324348449707
2026-05-02 02:00:00+00:00,48.026390075683594
2026-05-02 03:00:00+00:00,47.05164337158203
2026-05-02 04:00:00+00:00,41.54423141479492
2026-05-02 05:00:00+00:00,34.3597412109375
2026-05-02 06:00:00+00:00,26.366348266601562
2026-05-02 07:00:00+00:00,7.639150619506836
2026-05-02 08:00:00+00:00,-18.858461380004883
2026-05-02 09:00:00+00:00,-81.7579116821289
2026-05-02 10:00:00+00:00,-229.78836059570312
2026-05-02 11:00:00+00:00,-372.3692932128906
2026-05-02 12:00:00+00:00,-358.31268310546875
2026-05-02 13:00:00+00:00,-210.1982879638672
2026-05-02 14:00:00+00:00,-35.544647216796875
2026-05-02 15:00:00+00:00,0.2714385986328125
2026-05-02 16:00:00+00:00,12.208934783935547
2026-05-02 17:00:00+00:00,45.718284606933594
2026-05-02 18:00:00+00:00,61.72718048095703
2026-05-02 19:00:00+00:00,66.66841888427734
2026-05-02 20:00:00+00:00,70.53811645507812
2026-05-02 21:00:00+00:00,65.52693176269531
2026-05-02 22:00:00+00:00,55.92361068725586
2026-05-02 23:00:00+00:00,49.28494644165039
2026-05-03 00:00:00+00:00,45.56778335571289
2026-05-03 01:00:00+00:00,35.92568588256836
2026-05-03 02:00:00+00:00,31.470319747924805
2026-05-03 03:00:00+00:00,28.181596755981445
2026-05-03 04:00:00+00:00,22.70189094543457
2026-05-03 05:00:00+00:00,20.165813446044922
2026-05-03 06:00:00+00:00,15.12565803527832
2026-05-03 07:00:00+00:00,5.961601257324219
2026-05-03 08:00:00+00:00,-13.919075012207031
2026-05-03 09:00:00+00:00,-44.1171760559082
2026-05-03 10:00:00+00:00,-97.59025573730469
2026-05-03 11:00:00+00:00,-127.79167175292969
2026-05-03 12:00:00+00:00,-107.26319885253906
2026-05-03 13:00:00+00:00,-36.84616470336914
2026-05-03 14:00:00+00:00,-4.052223205566406
2026-05-03 15:00:00+00:00,5.250370025634766
2026-05-03 16:00:00+00:00,20.85088348388672
2026-05-03 17:00:00+00:00,61.88587188720703
2026-05-03 18:00:00+00:00,79.31837463378906
2026-05-03 19:00:00+00:00,88.0234375
2026-05-03 20:00:00+00:00,90.70899200439453
2026-05-03 21:00:00+00:00,84.59992980957031
2026-05-03 22:00:00+00:00,77.4345703125
2026-05-03 23:00:00+00:00,68.13343811035156
2026-05-04 00:00:00+00:00,98.60450744628906
2026-05-04 01:00:00+00:00,90.63363647460938
2026-05-04 02:00:00+00:00,89.76611328125
2026-05-04 03:00:00+00:00,97.7086410522461
2026-05-04 04:00:00+00:00,109.42870330810547
2026-05-04 05:00:00+00:00,119.70785522460938
2026-05-04 06:00:00+00:00,124.67451477050781
2026-05-04 07:00:00+00:00,118.85918426513672
2026-05-04 08:00:00+00:00,104.04216766357422
2026-05-04 09:00:00+00:00,91.21661376953125
2026-05-04 10:00:00+00:00,86.91942596435547
2026-05-04 11:00:00+00:00,79.6082992553711
2026-05-04 12:00:00+00:00,76.58052825927734
2026-05-04 13:00:00+00:00,68.44193267822266
2026-05-04 14:00:00+00:00,62.971656799316406
2026-05-04 15:00:00+00:00,72.81194305419922
2026-05-04 16:00:00+00:00,90.47576904296875
2026-05-04 17:00:00+00:00,120.4403305053711
2026-05-04 18:00:00+00:00,124.92082977294922
2026-05-04 19:00:00+00:00,121.87442016601562
2026-05-04 20:00:00+00:00,119.22245025634766
2026-05-04 21:00:00+00:00,113.45037841796875
2026-05-04 22:00:00+00:00,113.28595733642578
2026-05-04 23:00:00+00:00,108.2955322265625
2026-05-05 00:00:00+00:00,95.92937469482422
2026-05-05 01:00:00+00:00,89.80075073242188
2026-05-05 02:00:00+00:00,87.02728271484375
2026-05-05 03:00:00+00:00,92.24683380126953
2026-05-05 04:00:00+00:00,109.1972885131836
2026-05-05 05:00:00+00:00,126.56166076660156
2026-05-05 06:00:00+00:00,129.78350830078125
2026-05-05 07:00:00+00:00,122.0312271118164
2026-05-05 08:00:00+00:00,106.02645874023438
2026-05-05 09:00:00+00:00,90.35127258300781
2026-05-05 10:00:00+00:00,82.0921630859375
2026-05-05 11:00:00+00:00,74.68803405761719
2026-05-05 12:00:00+00:00,72.291748046875
2026-05-05 13:00:00+00:00,68.13442993164062
2026-05-05 14:00:00+00:00,57.43000793457031
2026-05-05 15:00:00+00:00,56.91364288330078
2026-05-05 16:00:00+00:00,79.78960418701172
2026-05-05 17:00:00+00:00,110.5394515991211
2026-05-05 18:00:00+00:00,105.90994262695312
2026-05-05 19:00:00+00:00,107.87208557128906
2026-05-05 20:00:00+00:00,109.16035461425781
2026-05-05 21:00:00+00:00,99.45260620117188
2026-05-05 22:00:00+00:00,91.09808349609375
2026-05-05 23:00:00+00:00,81.93040466308594
2026-05-06 00:00:00+00:00,89.59266662597656
2026-05-06 01:00:00+00:00,80.4720687866211
2026-05-06 02:00:00+00:00,77.68989562988281
2026-05-06 03:00:00+00:00,84.38485717773438
2026-05-06 04:00:00+00:00,97.74935150146484
2026-05-06 05:00:00+00:00,117.8067626953125
2026-05-06 06:00:00+00:00,119.72831726074219
2026-05-06 07:00:00+00:00,111.46527099609375
2026-05-06 08:00:00+00:00,87.43635559082031
2026-05-06 09:00:00+00:00,66.00968933105469
2026-05-06 10:00:00+00:00,63.28935241699219
2026-05-06 11:00:00+00:00,50.07842254638672
2026-05-06 12:00:00+00:00,52.34760665893555
2026-05-06 13:00:00+00:00,50.49944305419922
2026-05-06 14:00:00+00:00,42.3365592956543
2026-05-06 15:00:00+00:00,58.206077575683594
2026-05-06 16:00:00+00:00,94.27456665039062
2026-05-06 17:00:00+00:00,133.76397705078125
2026-05-06 18:00:00+00:00,126.60470581054688
2026-05-06 19:00:00+00:00,127.27055358886719
2026-05-06 20:00:00+00:00,131.42068481445312
2026-05-06 21:00:00+00:00,126.17282104492188
2026-05-06 22:00:00+00:00,123.8646240234375
2026-05-06 23:00:00+00:00,120.55552673339844
2026-05-07 00:00:00+00:00,113.21114349365234
2026-05-07 01:00:00+00:00,111.8691177368164
2026-05-07 02:00:00+00:00,111.72425079345703
2026-05-07 03:00:00+00:00,115.2853012084961
2026-05-07 04:00:00+00:00,128.42376708984375
2026-05-07 05:00:00+00:00,137.10401916503906
2026-05-07 06:00:00+00:00,135.5221710205078
2026-05-07 07:00:00+00:00,124.53763580322266
2026-05-07 08:00:00+00:00,101.64271545410156
2026-05-07 09:00:00+00:00,85.21652221679688
2026-05-07 10:00:00+00:00,81.51997375488281
2026-05-07 11:00:00+00:00,69.39627838134766
2026-05-07 12:00:00+00:00,66.78224182128906
2026-05-07 13:00:00+00:00,62.336116790771484
2026-05-07 14:00:00+00:00,54.17706298828125
2026-05-07 15:00:00+00:00,64.59162902832031
2026-05-07 16:00:00+00:00,101.63568878173828
2026-05-07 17:00:00+00:00,135.46240234375
2026-05-07 18:00:00+00:00,137.09341430664062
2026-05-07 19:00:00+00:00,134.80172729492188
2026-05-07 20:00:00+00:00,132.57278442382812
2026-05-07 21:00:00+00:00,124.3663558959961
2026-05-07 22:00:00+00:00,116.54925537109375
2026-05-07 23:00:00+00:00,108.78414154052734
2026-05-08 00:00:00+00:00,94.48294067382812
2026-05-08 01:00:00+00:00,86.76097106933594
2026-05-08 02:00:00+00:00,82.71284484863281
2026-05-08 03:00:00+00:00,82.16673278808594
2026-05-08 04:00:00+00:00,83.05244445800781
2026-05-08 05:00:00+00:00,81.73259735107422
2026-05-08 06:00:00+00:00,68.11431884765625
2026-05-08 07:00:00+00:00,34.51660919189453
2026-05-08 08:00:00+00:00,9.303180694580078
2026-05-08 09:00:00+00:00,-3.25732421875
2026-05-08 10:00:00+00:00,-10.011558532714844
2026-05-08 11:00:00+00:00,-17.109954833984375
2026-05-08 12:00:00+00:00,-18.353561401367188
2026-05-08 13:00:00+00:00,-12.29876708984375
2026-05-08 14:00:00+00:00,-2.379169464111328
2026-05-08 15:00:00+00:00,9.646724700927734
2026-05-08 16:00:00+00:00,37.42616653442383
2026-05-08 17:00:00+00:00,76.79762268066406
2026-05-08 18:00:00+00:00,88.47335052490234
2026-05-08 19:00:00+00:00,94.81123352050781
2026-05-08 20:00:00+00:00,94.50259399414062
2026-05-08 21:00:00+00:00,88.02470397949219
2026-05-08 22:00:00+00:00,77.17155456542969
2026-05-08 23:00:00+00:00,65.04832458496094
2026-05-09 00:00:00+00:00,42.844573974609375
2026-05-09 01:00:00+00:00,34.97393798828125
2026-05-09 02:00:00+00:00,33.0073127746582
2026-05-09 03:00:00+00:00,35.21304702758789
2026-05-09 04:00:00+00:00,37.21201705932617
2026-05-09 05:00:00+00:00,35.619388580322266
2026-05-09 06:00:00+00:00,25.364070892333984
2026-05-09 07:00:00+00:00,10.26247787475586
2026-05-09 08:00:00+00:00,1.1772651672363281
2026-05-09 09:00:00+00:00,0.11149215698242188
2026-05-09 10:00:00+00:00,-2.5229339599609375
2026-05-09 11:00:00+00:00,-5.984657287597656
2026-05-09 12:00:00+00:00,-5.6718597412109375
2026-05-09 13:00:00+00:00,-5.725074768066406
2026-05-09 14:00:00+00:00,-2.82965087890625
2026-05-09 15:00:00+00:00,4.390998840332031
2026-05-09 16:00:00+00:00,26.288415908813477
2026-05-09 17:00:00+00:00,60.228755950927734
2026-05-09 18:00:00+00:00,80.09965515136719
2026-05-09 19:00:00+00:00,83.76519775390625
2026-05-09 20:00:00+00:00,84.978271484375
2026-05-09 21:00:00+00:00,76.38096618652344
2026-05-09 22:00:00+00:00,54.59112548828125
2026-05-09 23:00:00+00:00,45.78470993041992
2026-05-10 00:00:00+00:00,24.267375946044922
2026-05-10 01:00:00+00:00,15.055856704711914
2026-05-10 02:00:00+00:00,12.745847702026367
2026-05-10 03:00:00+00:00,14.180212020874023
2026-05-10 04:00:00+00:00,14.652202606201172
2026-05-10 05:00:00+00:00,14.106353759765625
2026-05-10 06:00:00+00:00,11.543807983398438
2026-05-10 07:00:00+00:00,7.409755706787109
2026-05-10 08:00:00+00:00,5.594844818115234
2026-05-10 09:00:00+00:00,5.7537384033203125
2026-05-10 10:00:00+00:00,5.1328125
2026-05-10 11:00:00+00:00,3.8835792541503906
2026-05-10 12:00:00+00:00,4.660861968994141
2026-05-10 13:00:00+00:00,6.933589935302734
2026-05-10 14:00:00+00:00,6.429969787597656
2026-05-10 15:00:00+00:00,5.770633697509766
2026-05-10 16:00:00+00:00,22.459365844726562
2026-05-10 17:00:00+00:00,55.8553466796875
2026-05-10 18:00:00+00:00,68.760498046875
2026-05-10 19:00:00+00:00,70.89009094238281
2026-05-10 20:00:00+00:00,72.14513397216797
2026-05-10 21:00:00+00:00,62.5949592590332
2026-05-10 22:00:00+00:00,45.68434143066406
2026-05-10 23:00:00+00:00,37.03266906738281
2026-05-11 00:00:00+00:00,27.673965454101562
2026-05-11 01:00:00+00:00,20.20368766784668
2026-05-11 02:00:00+00:00,19.086503982543945
2026-05-11 03:00:00+00:00,23.43568229675293
2026-05-11 04:00:00+00:00,40.410980224609375
2026-05-11 05:00:00+00:00,62.24628448486328
2026-05-11 06:00:00+00:00,52.88657760620117
2026-05-11 07:00:00+00:00,33.915035247802734
2026-05-11 08:00:00+00:00,22.014480590820312
2026-05-11 09:00:00+00:00,16.792110443115234
2026-05-11 10:00:00+00:00,14.396223068237305
2026-05-11 11:00:00+00:00,13.115550994873047
2026-05-11 12:00:00+00:00,12.970029830932617
2026-05-11 13:00:00+00:00,11.311063766479492
2026-05-11 14:00:00+00:00,10.144964218139648
2026-05-11 15:00:00+00:00,13.240802764892578
2026-05-11 16:00:00+00:00,41.33269119262695
2026-05-11 17:00:00+00:00,86.9754638671875
2026-05-11 18:00:00+00:00,93.41096496582031
2026-05-11 19:00:00+00:00,98.3141860961914
2026-05-11 20:00:00+00:00,102.08599853515625
2026-05-11 21:00:00+00:00,85.29087829589844
2026-05-11 22:00:00+00:00,72.18281555175781
2026-05-11 23:00:00+00:00,69.75662231445312
2026-05-12 00:00:00+00:00,79.59309387207031
2026-05-12 01:00:00+00:00,75.28053283691406
2026-05-12 02:00:00+00:00,73.51460266113281
2026-05-12 03:00:00+00:00,74.07339477539062
2026-05-12 04:00:00+00:00,90.0943832397461
2026-05-12 05:00:00+00:00,105.27200317382812
2026-05-12 06:00:00+00:00,107.65052795410156
2026-05-12 07:00:00+00:00,83.58267211914062
2026-05-12 08:00:00+00:00,38.32164764404297
2026-05-12 09:00:00+00:00,19.010866165161133
2026-05-12 10:00:00+00:00,19.483028411865234
2026-05-12 11:00:00+00:00,14.162952423095703
2026-05-12 12:00:00+00:00,12.00655746459961
2026-05-12 13:00:00+00:00,9.554534912109375
2026-05-12 14:00:00+00:00,8.87154769897461
2026-05-12 15:00:00+00:00,18.099178314208984
2026-05-12 16:00:00+00:00,57.657554626464844
2026-05-12 17:00:00+00:00,108.34677124023438
2026-05-12 18:00:00+00:00,118.62205505371094
2026-05-12 19:00:00+00:00,120.15704345703125
2026-05-12 20:00:00+00:00,117.44085693359375
2026-05-12 21:00:00+00:00,106.19352722167969
2026-05-12 22:00:00+00:00,91.57743835449219
2026-05-12 23:00:00+00:00,80.40843963623047
2026-05-13 00:00:00+00:00,62.72858428955078
2026-05-13 01:00:00+00:00,47.31605529785156
2026-05-13 02:00:00+00:00,45.28234100341797
2026-05-13 03:00:00+00:00,52.529666900634766
2026-05-13 04:00:00+00:00,73.56735229492188
2026-05-13 05:00:00+00:00,84.33683013916016
2026-05-13 06:00:00+00:00,74.55970764160156
2026-05-13 07:00:00+00:00,40.49454116821289
2026-05-13 08:00:00+00:00,12.220802307128906
2026-05-13 09:00:00+00:00,6.2949676513671875
2026-05-13 10:00:00+00:00,2.746570587158203
2026-05-13 11:00:00+00:00,-0.02199554443359375
2026-05-13 12:00:00+00:00,-1.7388725280761719
2026-05-13 13:00:00+00:00,-3.2228546142578125
2026-05-13 14:00:00+00:00,-4.009426116943359
2026-05-13 15:00:00+00:00,-1.0634346008300781
2026-05-13 16:00:00+00:00,9.223304748535156
2026-05-13 17:00:00+00:00,41.061370849609375
2026-05-13 18:00:00+00:00,63.43408203125
2026-05-13 19:00:00+00:00,74.6549301147461
2026-05-13 20:00:00+00:00,78.10818481445312
2026-05-13 21:00:00+00:00,68.06199645996094
2026-05-13 22:00:00+00:00,44.77595520019531
2026-05-13 23:00:00+00:00,39.184532165527344
2026-05-14 00:00:00+00:00,11.970006942749023
2026-05-14 01:00:00+00:00,7.594539642333984
2026-05-14 02:00:00+00:00,9.237028121948242
2026-05-14 03:00:00+00:00,10.330787658691406
2026-05-14 04:00:00+00:00,17.347829818725586
2026-05-14 05:00:00+00:00,30.190330505371094
2026-05-14 06:00:00+00:00,29.435544967651367
2026-05-14 07:00:00+00:00,12.368995666503906
2026-05-14 08:00:00+00:00,2.907909393310547
2026-05-14 09:00:00+00:00,0.05149078369140625
2026-05-14 10:00:00+00:00,-0.5764236450195312
2026-05-14 11:00:00+00:00,-2.349628448486328
2026-05-14 12:00:00+00:00,-4.451808929443359
2026-05-14 13:00:00+00:00,-4.165988922119141
2026-05-14 14:00:00+00:00,2.318939208984375
2026-05-14 15:00:00+00:00,4.038581848144531
2026-05-14 16:00:00+00:00,21.420425415039062
2026-05-14 17:00:00+00:00,70.49873352050781
2026-05-14 18:00:00+00:00,95.31615447998047
2026-05-14 19:00:00+00:00,100.69917297363281
2026-05-14 20:00:00+00:00,106.37647247314453
2026-05-14 21:00:00+00:00,99.62478637695312
2026-05-14 22:00:00+00:00,72.03700256347656
2026-05-14 23:00:00+00:00,68.54862976074219
2026-05-15 00:00:00+00:00,59.8291015625
2026-05-15 01:00:00+00:00,53.84484100341797
2026-05-15 02:00:00+00:00,56.26014709472656
2026-05-15 03:00:00+00:00,62.26389694213867
2026-05-15 04:00:00+00:00,71.08231353759766
2026-05-15 05:00:00+00:00,80.31082153320312
2026-05-15 06:00:00+00:00,73.41705322265625
2026-05-15 07:00:00+00:00,53.59272766113281
2026-05-15 08:00:00+00:00,23.157276153564453
2026-05-15 09:00:00+00:00,12.671211242675781
2026-05-15 10:00:00+00:00,10.373247146606445
2026-05-15 11:00:00+00:00,6.317543029785156
2026-05-15 12:00:00+00:00,4.284111022949219
2026-05-15 13:00:00+00:00,4.316196441650391
2026-05-15 14:00:00+00:00,5.892581939697266
2026-05-15 15:00:00+00:00,7.73492431640625
2026-05-15 16:00:00+00:00,29.64013671875
2026-05-15 17:00:00+00:00,69.65809631347656
2026-05-15 18:00:00+00:00,97.73745727539062
2026-05-15 19:00:00+00:00,105.93907165527344
2026-05-15 20:00:00+00:00,107.52386474609375
2026-05-15 21:00:00+00:00,102.0435791015625
2026-05-15 22:00:00+00:00,88.236572265625
2026-05-15 23:00:00+00:00,80.15232849121094
2026-05-16 00:00:00+00:00,69.3165283203125
2026-05-16 01:00:00+00:00,60.22490692138672
2026-05-16 02:00:00+00:00,55.66065216064453
2026-05-16 03:00:00+00:00,57.280120849609375
2026-05-16 04:00:00+00:00,60.681373596191406
2026-05-16 05:00:00+00:00,60.599002838134766
2026-05-16 06:00:00+00:00,46.77310562133789
2026-05-16 07:00:00+00:00,27.269826889038086
2026-05-16 08:00:00+00:00,6.077632904052734
2026-05-16 09:00:00+00:00,-0.25583648681640625
2026-05-16 10:00:00+00:00,-1.4597854614257812
2026-05-16 11:00:00+00:00,-0.4214820861816406
2026-05-16 12:00:00+00:00,-1.4795722961425781
2026-05-16 13:00:00+00:00,-2.6653671264648438
2026-05-16 14:00:00+00:00,-3.3322601318359375
2026-05-16 15:00:00+00:00,-1.6616859436035156
2026-05-16 16:00:00+00:00,5.999929428100586
2026-05-16 17:00:00+00:00,32.72587966918945
2026-05-16 18:00:00+00:00,63.060577392578125
2026-05-16 19:00:00+00:00,78.91947174072266
2026-05-16 20:00:00+00:00,82.2792739868164
2026-05-16 21:00:00+00:00,77.87016296386719
2026-05-16 22:00:00+00:00,70.1973876953125
2026-05-16 23:00:00+00:00,61.905174255371094
2026-05-17 00:00:00+00:00,72.91934204101562
2026-05-17 01:00:00+00:00,61.472633361816406
2026-05-17 02:00:00+00:00,55.100486755371094
2026-05-17 03:00:00+00:00,52.596656799316406
2026-05-17 04:00:00+00:00,51.36767578125
2026-05-17 05:00:00+00:00,48.416282653808594
2026-05-17 06:00:00+00:00,36.95600891113281
2026-05-17 07:00:00+00:00,15.748004913330078
2026-05-17 08:00:00+00:00,3.722156524658203
2026-05-17 09:00:00+00:00,1.1390876770019531
2026-05-17 10:00:00+00:00,-0.030101776123046875
2026-05-17 11:00:00+00:00,-1.1107063293457031
2026-05-17 12:00:00+00:00,-2.166065216064453
2026-05-17 13:00:00+00:00,-3.1967697143554688
2026-05-17 14:00:00+00:00,-3.786510467529297
2026-05-17 15:00:00+00:00,-1.3978309631347656
2026-05-17 16:00:00+00:00,20.382558822631836
2026-05-17 17:00:00+00:00,70.88497924804688
2026-05-17 18:00:00+00:00,89.8043212890625
2026-05-17 19:00:00+00:00,100.95791625976562
2026-05-17 20:00:00+00:00,104.27757263183594
2026-05-17 21:00:00+00:00,97.68246459960938
2026-05-17 22:00:00+00:00,84.62564086914062
2026-05-17 23:00:00+00:00,74.35774993896484
2026-05-18 00:00:00+00:00,77.794189453125
2026-05-18 01:00:00+00:00,68.82124328613281
2026-05-18 02:00:00+00:00,66.56816101074219
2026-05-18 03:00:00+00:00,73.31008911132812
2026-05-18 04:00:00+00:00,89.44912719726562
2026-05-18 05:00:00+00:00,101.9103775024414
2026-05-18 06:00:00+00:00,95.38479614257812
2026-05-18 07:00:00+00:00,76.30891418457031
2026-05-18 08:00:00+00:00,48.9058837890625
2026-05-18 09:00:00+00:00,32.46125793457031
2026-05-18 10:00:00+00:00,30.00189971923828
2026-05-18 11:00:00+00:00,20.491113662719727
2026-05-18 12:00:00+00:00,17.559951782226562
2026-05-18 13:00:00+00:00,15.20924186706543
2026-05-18 14:00:00+00:00,13.499551773071289
2026-05-18 15:00:00+00:00,24.699264526367188
2026-05-18 16:00:00+00:00,67.50799560546875
2026-05-18 17:00:00+00:00,106.62169647216797
2026-05-18 18:00:00+00:00,116.01249694824219
2026-05-18 19:00:00+00:00,120.76394653320312
2026-05-18 20:00:00+00:00,118.02302551269531
2026-05-18 21:00:00+00:00,106.59385681152344
2026-05-18 22:00:00+00:00,90.38539123535156
2026-05-18 23:00:00+00:00,81.62950897216797
2026-05-19 00:00:00+00:00,59.55171585083008
2026-05-19 01:00:00+00:00,42.79755401611328
2026-05-19 02:00:00+00:00,41.369449615478516
2026-05-19 03:00:00+00:00,47.48200225830078
2026-05-19 04:00:00+00:00,67.89078521728516
2026-05-19 05:00:00+00:00,83.82786560058594
2026-05-19 06:00:00+00:00,73.13745880126953
2026-05-19 07:00:00+00:00,45.36464309692383
2026-05-19 08:00:00+00:00,20.938514709472656
2026-05-19 09:00:00+00:00,10.537412643432617
2026-05-19 10:00:00+00:00,7.409854888916016
2026-05-19 11:00:00+00:00,3.620433807373047
2026-05-19 12:00:00+00:00,2.007232666015625
2026-05-19 13:00:00+00:00,0.9490013122558594
2026-05-19 14:00:00+00:00,-0.3090629577636719
2026-05-19 15:00:00+00:00,1.9321022033691406
2026-05-19 16:00:00+00:00,21.8320255279541
2026-05-19 17:00:00+00:00,69.56056213378906
2026-05-19 18:00:00+00:00,84.81070709228516
2026-05-19 19:00:00+00:00,93.84529113769531
2026-05-19 20:00:00+00:00,95.01077270507812
2026-05-19 21:00:00+00:00,80.93141174316406
2026-05-19 22:00:00+00:00,57.22785186767578
2026-05-19 23:00:00+00:00,46.0659065246582
2026-05-20 00:00:00+00:00,68.19017028808594
2026-05-20 01:00:00+00:00,56.355751037597656
2026-05-20 02:00:00+00:00,49.66945266723633
2026-05-20 03:00:00+00:00,53.10832214355469
2026-05-20 04:00:00+00:00,64.86233520507812
2026-05-20 05:00:00+00:00,79.77516174316406
2026-05-20 06:00:00+00:00,69.1435775756836
2026-05-20 07:00:00+00:00,43.34506607055664
2026-05-20 08:00:00+00:00,13.345504760742188
2026-05-20 09:00:00+00:00,9.777704238891602
2026-05-20 10:00:00+00:00,29.977285385131836
2026-05-20 11:00:00+00:00,18.33323860168457
2026-05-20 12:00:00+00:00,17.443477630615234
2026-05-20 13:00:00+00:00,18.391639709472656
2026-05-20 14:00:00+00:00,13.130958557128906
2026-05-20 15:00:00+00:00,11.664693832397461
2026-05-20 16:00:00+00:00,35.10005187988281
2026-05-20 17:00:00+00:00,77.70970153808594
2026-05-20 18:00:00+00:00,95.96249389648438
2026-05-20 19:00:00+00:00,103.40591430664062
2026-05-20 20:00:00+00:00,106.41477966308594
2026-05-20 21:00:00+00:00,98.50382995605469
2026-05-20 22:00:00+00:00,90.08781433105469
2026-05-20 23:00:00+00:00,83.58102416992188
2026-05-21 00:00:00+00:00,90.79251861572266
2026-05-21 01:00:00+00:00,79.22935485839844
2026-05-21 02:00:00+00:00,76.89773559570312
2026-05-21 03:00:00+00:00,86.39032745361328
2026-05-21 04:00:00+00:00,100.86888122558594
2026-05-21 05:00:00+00:00,112.5283203125
2026-05-21 06:00:00+00:00,103.80552673339844
2026-05-21 07:00:00+00:00,64.57661437988281
2026-05-21 08:00:00+00:00,29.971540451049805
2026-05-21 09:00:00+00:00,27.61300277709961
2026-05-21 10:00:00+00:00,14.566308975219727
2026-05-21 11:00:00+00:00,17.474166870117188
2026-05-21 12:00:00+00:00,20.127992630004883
2026-05-21 13:00:00+00:00,17.598674774169922
2026-05-21 14:00:00+00:00,18.88470458984375
2026-05-21 15:00:00+00:00,26.17748260498047
2026-05-21 16:00:00+00:00,55.78799819946289
2026-05-21 17:00:00+00:00,102.51321411132812
2026-05-21 18:00:00+00:00,116.86476135253906
2026-05-21 19:00:00+00:00,123.0390625
2026-05-21 20:00:00+00:00,123.53282165527344
2026-05-21 21:00:00+00:00,115.0396728515625
2026-05-21 22:00:00+00:00,104.54513549804688
2026-05-21 23:00:00+00:00,98.49129486083984
2026-05-22 00:00:00+00:00,86.34028625488281
2026-05-22 01:00:00+00:00,76.51866149902344
2026-05-22 02:00:00+00:00,72.11398315429688
2026-05-22 03:00:00+00:00,78.16667938232422
2026-05-22 04:00:00+00:00,88.50244140625
2026-05-22 05:00:00+00:00,95.98443603515625
2026-05-22 06:00:00+00:00,75.94082641601562
2026-05-22 07:00:00+00:00,25.39536476135254
2026-05-22 08:00:00+00:00,3.114093780517578
2026-05-22 09:00:00+00:00,0.22368621826171875
2026-05-22 10:00:00+00:00,0.545562744140625
2026-05-22 11:00:00+00:00,1.7755088806152344
2026-05-22 12:00:00+00:00,1.8885650634765625
2026-05-22 13:00:00+00:00,2.1251983642578125
2026-05-22 14:00:00+00:00,0.8838272094726562
2026-05-22 15:00:00+00:00,1.8262443542480469
2026-05-22 16:00:00+00:00,44.862613677978516
2026-05-22 17:00:00+00:00,88.904296875
2026-05-22 18:00:00+00:00,103.26708984375
2026-05-22 19:00:00+00:00,114.42552947998047
2026-05-22 20:00:00+00:00,114.85958862304688
2026-05-22 21:00:00+00:00,106.45066833496094
2026-05-22 22:00:00+00:00,99.98240661621094
2026-05-22 23:00:00+00:00,90.43067932128906
2026-05-23 00:00:00+00:00,65.00663757324219
2026-05-23 01:00:00+00:00,54.89604949951172
2026-05-23 02:00:00+00:00,51.499267578125
2026-05-23 03:00:00+00:00,53.32490158081055
2026-05-23 04:00:00+00:00,52.23124313354492
2026-05-23 05:00:00+00:00,49.00711441040039
2026-05-23 06:00:00+00:00,24.54331398010254
2026-05-23 07:00:00+00:00,1.9438247680664062
2026-05-23 08:00:00+00:00,0.664276123046875
2026-05-23 09:00:00+00:00,0.6911239624023438
2026-05-23 10:00:00+00:00,0.211212158203125
2026-05-23 11:00:00+00:00,0.08915328979492188
2026-05-23 12:00:00+00:00,0.21982955932617188
2026-05-23 13:00:00+00:00,0.6692390441894531
2026-05-23 14:00:00+00:00,1.133270263671875
2026-05-23 15:00:00+00:00,3.7369918823242188
2026-05-23 16:00:00+00:00,24.397130966186523
2026-05-23 17:00:00+00:00,64.96499633789062
2026-05-23 18:00:00+00:00,81.44133758544922
2026-05-23 19:00:00+00:00,93.58025360107422
2026-05-23 20:00:00+00:00,97.31478881835938
2026-05-23 21:00:00+00:00,91.00366973876953
2026-05-23 22:00:00+00:00,77.73605346679688
2026-05-23 23:00:00+00:00,65.52874755859375
2026-05-24 00:00:00+00:00,20.223064422607422
2026-05-24 01:00:00+00:00,14.920248031616211
2026-05-24 02:00:00+00:00,14.564489364624023
2026-05-24 03:00:00+00:00,14.239770889282227
2026-05-24 04:00:00+00:00,12.123371124267578
2026-05-24 05:00:00+00:00,12.09657096862793
2026-05-24 06:00:00+00:00,5.238658905029297
2026-05-24 07:00:00+00:00,-0.1589202880859375
2026-05-24 08:00:00+00:00,-3.782867431640625
2026-05-24 09:00:00+00:00,-4.533409118652344
2026-05-24 10:00:00+00:00,-6.903923034667969
2026-05-24 11:00:00+00:00,-8.338409423828125
2026-05-24 12:00:00+00:00,-7.98394775390625
2026-05-24 13:00:00+00:00,-4.257984161376953
2026-05-24 14:00:00+00:00,-0.8424148559570312
2026-05-24 15:00:00+00:00,0.07364654541015625
2026-05-24 16:00:00+00:00,12.621675491333008
2026-05-24 17:00:00+00:00,33.712039947509766
2026-05-24 18:00:00+00:00,55.35163497924805
2026-05-24 19:00:00+00:00,83.32759094238281
2026-05-24 20:00:00+00:00,86.02057647705078
2026-05-24 21:00:00+00:00,68.86642456054688
2026-05-24 22:00:00+00:00,49.64058303833008
2026-05-24 23:00:00+00:00,31.49272918701172
2026-05-25 00:00:00+00:00,25.58426284790039
2026-05-25 01:00:00+00:00,20.043397903442383
2026-05-25 02:00:00+00:00,18.453685760498047
2026-05-25 03:00:00+00:00,19.48320960998535
2026-05-25 04:00:00+00:00,22.568151473999023
2026-05-25 05:00:00+00:00,27.387632369995117
2026-05-25 06:00:00+00:00,14.613876342773438
2026-05-25 07:00:00+00:00,-3.1167068481445312
2026-05-25 08:00:00+00:00,-6.522544860839844
2026-05-25 09:00:00+00:00,-9.602489471435547
2026-05-25 10:00:00+00:00,-25.20499038696289
2026-05-25 11:00:00+00:00,-47.876590728759766
2026-05-25 12:00:00+00:00,-44.908504486083984
2026-05-25 13:00:00+00:00,-16.191104888916016
2026-05-25 14:00:00+00:00,-8.04703140258789
2026-05-25 15:00:00+00:00,-7.455005645751953
2026-05-25 16:00:00+00:00,18.2681941986084
2026-05-25 17:00:00+00:00,47.500831604003906
2026-05-25 18:00:00+00:00,68.46055603027344
2026-05-25 19:00:00+00:00,82.94145202636719
2026-05-25 20:00:00+00:00,88.59268188476562
2026-05-25 21:00:00+00:00,76.86520385742188
2026-05-25 22:00:00+00:00,66.35125732421875
2026-05-25 23:00:00+00:00,58.006080627441406
2026-05-26 00:00:00+00:00,78.42543029785156
2026-05-26 01:00:00+00:00,72.03739929199219
2026-05-26 02:00:00+00:00,68.76138305664062
2026-05-26 03:00:00+00:00,76.36991882324219
2026-05-26 04:00:00+00:00,86.90898132324219
2026-05-26 05:00:00+00:00,94.79013061523438
2026-05-26 06:00:00+00:00,81.74163818359375
2026-05-26 07:00:00+00:00,37.985145568847656
2026-05-26 08:00:00+00:00,10.61187744140625
2026-05-26 09:00:00+00:00,9.015754699707031
2026-05-26 10:00:00+00:00,12.53170394897461
2026-05-26 11:00:00+00:00,9.897197723388672
2026-05-26 12:00:00+00:00,13.010377883911133
2026-05-26 13:00:00+00:00,10.968574523925781
2026-05-26 14:00:00+00:00,5.261768341064453
2026-05-26 15:00:00+00:00,15.809347152709961
2026-05-26 16:00:00+00:00,57.431758880615234
2026-05-26 17:00:00+00:00,92.07258605957031
2026-05-26 18:00:00+00:00,106.85752868652344
2026-05-26 19:00:00+00:00,117.0408935546875
2026-05-26 20:00:00+00:00,118.04393005371094
2026-05-26 21:00:00+00:00,108.84859466552734
2026-05-26 22:00:00+00:00,100.65425109863281
2026-05-26 23:00:00+00:00,94.04451751708984
2026-05-27 00:00:00+00:00,112.12106323242188
2026-05-27 01:00:00+00:00,105.68739318847656
2026-05-27 02:00:00+00:00,106.50337982177734
2026-05-27 03:00:00+00:00,110.78907775878906
2026-05-27 04:00:00+00:00,121.53665161132812
2026-05-27 05:00:00+00:00,123.03717041015625
2026-05-27 06:00:00+00:00,95.86518859863281
2026-05-27 07:00:00+00:00,33.00709533691406
2026-05-27 08:00:00+00:00,13.522884368896484
2026-05-27 09:00:00+00:00,9.643646240234375
2026-05-27 10:00:00+00:00,9.04433822631836
2026-05-27 11:00:00+00:00,10.146461486816406
2026-05-27 12:00:00+00:00,19.724666595458984
2026-05-27 13:00:00+00:00,10.73590087890625
2026-05-27 14:00:00+00:00,13.87600326538086
2026-05-27 15:00:00+00:00,30.039779663085938
2026-05-27 16:00:00+00:00,89.51132202148438
2026-05-27 17:00:00+00:00,130.13619995117188
2026-05-27 18:00:00+00:00,141.0250244140625
2026-05-27 19:00:00+00:00,144.9662322998047
2026-05-27 20:00:00+00:00,144.0725860595703
2026-05-27 21:00:00+00:00,133.10781860351562
2026-05-27 22:00:00+00:00,122.37088012695312
2026-05-27 23:00:00+00:00,113.8223876953125
2026-05-28 00:00:00+00:00,94.92369079589844
2026-05-28 01:00:00+00:00,88.01927185058594
2026-05-28 02:00:00+00:00,87.48915100097656
2026-05-28 03:00:00+00:00,95.31781005859375
2026-05-28 04:00:00+00:00,103.85572052001953
2026-05-28 05:00:00+00:00,104.66133117675781
2026-05-28 06:00:00+00:00,81.707275390625
2026-05-28 07:00:00+00:00,35.682861328125
2026-05-28 08:00:00+00:00,9.567890167236328
2026-05-28 09:00:00+00:00,3.6699752807617188
2026-05-28 10:00:00+00:00,1.1273765563964844
2026-05-28 11:00:00+00:00,-0.5426025390625
2026-05-28 12:00:00+00:00,-0.7084579467773438
2026-05-28 13:00:00+00:00,-0.06699752807617188
2026-05-28 14:00:00+00:00,4.8196258544921875
2026-05-28 15:00:00+00:00,23.669204711914062
2026-05-28 16:00:00+00:00,74.32337188720703
2026-05-28 17:00:00+00:00,115.13345336914062
2026-05-28 18:00:00+00:00,124.28581237792969
2026-05-28 19:00:00+00:00,131.07568359375
2026-05-28 20:00:00+00:00,131.478759765625
2026-05-28 21:00:00+00:00,119.1722412109375
2026-05-28 22:00:00+00:00,111.57669067382812
2026-05-28 23:00:00+00:00,103.5250015258789
2026-05-29 00:00:00+00:00,113.29476165771484
2026-05-29 01:00:00+00:00,104.26602172851562
2026-05-29 02:00:00+00:00,109.07073211669922
2026-05-29 03:00:00+00:00,119.89593505859375
2026-05-29 04:00:00+00:00,130.6857147216797
2026-05-29 05:00:00+00:00,130.32684326171875
2026-05-29 06:00:00+00:00,111.03561401367188
2026-05-29 07:00:00+00:00,61.80206298828125
2026-05-29 08:00:00+00:00,23.98748779296875
2026-05-29 09:00:00+00:00,14.407840728759766
2026-05-29 10:00:00+00:00,12.016345977783203
2026-05-29 11:00:00+00:00,7.608043670654297
2026-05-29 12:00:00+00:00,7.760654449462891
2026-05-29 13:00:00+00:00,11.90359115600586
2026-05-29 14:00:00+00:00,21.296356201171875
2026-05-29 15:00:00+00:00,52.79829788208008
2026-05-29 16:00:00+00:00,99.37394714355469
2026-05-29 17:00:00+00:00,133.78512573242188
2026-05-29 18:00:00+00:00,139.6551055908203
2026-05-29 19:00:00+00:00,146.4990997314453
2026-05-29 20:00:00+00:00,147.5355987548828
2026-05-29 21:00:00+00:00,135.03514099121094
2026-05-29 22:00:00+00:00,125.67453002929688
2026-05-29 23:00:00+00:00,115.91682434082031
2026-05-30 00:00:00+00:00,104.81977081298828
2026-05-30 01:00:00+00:00,95.14146423339844
2026-05-30 02:00:00+00:00,94.56219482421875
2026-05-30 03:00:00+00:00,96.47962951660156
2026-05-30 04:00:00+00:00,96.47254180908203
2026-05-30 05:00:00+00:00,88.94327545166016
2026-05-30 06:00:00+00:00,66.2662353515625
2026-05-30 07:00:00+00:00,30.484867095947266
2026-05-30 08:00:00+00:00,4.422080993652344
2026-05-30 09:00:00+00:00,-0.8478507995605469
2026-05-30 10:00:00+00:00,-2.010631561279297
2026-05-30 11:00:00+00:00,-5.024677276611328
2026-05-30 12:00:00+00:00,-3.5921897888183594
2026-05-30 13:00:00+00:00,-0.6939201354980469
2026-05-30 14:00:00+00:00,-1.2058906555175781
2026-05-30 15:00:00+00:00,15.060916900634766
2026-05-30 16:00:00+00:00,40.901580810546875
2026-05-30 17:00:00+00:00,75.74356079101562
2026-05-30 18:00:00+00:00,90.98323059082031
2026-05-30 19:00:00+00:00,111.48904418945312
2026-05-30 20:00:00+00:00,115.67997741699219
2026-05-30 21:00:00+00:00,103.12318420410156
2026-05-30 22:00:00+00:00,89.81668090820312
2026-05-30 23:00:00+00:00,73.81912994384766
2026-05-31 00:00:00+00:00,80.49715423583984
2026-05-31 01:00:00+00:00,72.61155700683594
2026-05-31 02:00:00+00:00,68.7470703125
2026-05-31 03:00:00+00:00,66.26937866210938
2026-05-31 04:00:00+00:00,62.247859954833984
2026-05-31 05:00:00+00:00,53.05769729614258
2026-05-31 06:00:00+00:00,35.662376403808594
2026-05-31 07:00:00+00:00,11.995986938476562
2026-05-31 08:00:00+00:00,1.3589286804199219
2026-05-31 09:00:00+00:00,-1.3865585327148438
2026-05-31 10:00:00+00:00,-1.9514694213867188
2026-05-31 11:00:00+00:00,-2.2048912048339844
2026-05-31 12:00:00+00:00,-2.6733856201171875
2026-05-31 13:00:00+00:00,-2.7570419311523438
2026-05-31 14:00:00+00:00,-0.804473876953125
2026-05-31 15:00:00+00:00,4.405933380126953
2026-05-31 16:00:00+00:00,26.727275848388672
2026-05-31 17:00:00+00:00,61.75502014160156
2026-05-31 18:00:00+00:00,83.44747924804688
2026-05-31 19:00:00+00:00,98.73893737792969
2026-05-31 20:00:00+00:00,103.816162109375
2026-05-31 21:00:00+00:00,94.72891235351562
2026-05-31 22:00:00+00:00,85.51564025878906
2026-05-31 23:00:00+00:00,80.08506774902344
2026-06-01 00:00:00+00:00,34.12030792236328
2026-06-01 01:00:00+00:00,28.598033905029297
2026-06-01 02:00:00+00:00,32.20298767089844
2026-06-01 03:00:00+00:00,43.470191955566406
2026-06-01 04:00:00+00:00,58.527225494384766
2026-06-01 05:00:00+00:00,68.94198608398438
2026-06-01 06:00:00+00:00,62.11719512939453
2026-06-01 07:00:00+00:00,32.39392852783203
2026-06-01 08:00:00+00:00,9.984855651855469
2026-06-01 09:00:00+00:00,4.18798828125
2026-06-01 10:00:00+00:00,0.7835769653320312
2026-06-01 11:00:00+00:00,-1.0349807739257812
2026-06-01 12:00:00+00:00,-1.6768913269042969
2026-06-01 13:00:00+00:00,-1.9528083801269531
2026-06-01 14:00:00+00:00,-0.5207633972167969
2026-06-01 15:00:00+00:00,14.601238250732422
2026-06-01 16:00:00+00:00,44.98402786254883
2026-06-01 17:00:00+00:00,83.71121215820312
2026-06-01 18:00:00+00:00,102.0590591430664
2026-06-01 19:00:00+00:00,116.23408508300781
2026-06-01 20:00:00+00:00,117.81265258789062
2026-06-01 21:00:00+00:00,103.10127258300781
2026-06-01 22:00:00+00:00,89.08460235595703
2026-06-01 23:00:00+00:00,77.55806732177734
2026-06-02 00:00:00+00:00,41.93484878540039
2026-06-02 01:00:00+00:00,24.761266708374023
2026-06-02 02:00:00+00:00,28.43684196472168
2026-06-02 03:00:00+00:00,32.7214241027832
2026-06-02 04:00:00+00:00,46.801856994628906
2026-06-02 05:00:00+00:00,86.2559814453125
2026-06-02 06:00:00+00:00,73.36337280273438
2026-06-02 07:00:00+00:00,30.84486198425293
2026-06-02 08:00:00+00:00,8.867118835449219
2026-06-02 09:00:00+00:00,3.9801292419433594
2026-06-02 10:00:00+00:00,1.7262763977050781
2026-06-02 11:00:00+00:00,9.28851318359375
2026-06-02 12:00:00+00:00,7.146694183349609
2026-06-02 13:00:00+00:00,4.620372772216797
2026-06-02 14:00:00+00:00,2.2873153686523438
2026-06-02 15:00:00+00:00,6.809032440185547
2026-06-02 16:00:00+00:00,15.110122680664062
2026-06-02 17:00:00+00:00,60.29986572265625
2026-06-02 18:00:00+00:00,76.37751770019531
2026-06-02 19:00:00+00:00,88.76908874511719
2026-06-02 20:00:00+00:00,102.88130187988281
2026-06-02 21:00:00+00:00,90.9608154296875
2026-06-02 22:00:00+00:00,52.968685150146484
2026-06-02 23:00:00+00:00,40.468345642089844
2026-06-03 00:00:00+00:00,10.968841552734375
2026-06-03 01:00:00+00:00,5.454792022705078
2026-06-03 02:00:00+00:00,5.093086242675781
2026-06-03 03:00:00+00:00,8.945392608642578
2026-06-03 04:00:00+00:00,23.404541015625
2026-06-03 05:00:00+00:00,47.3533821105957
2026-06-03 06:00:00+00:00,41.458675384521484
2026-06-03 07:00:00+00:00,16.57085418701172
2026-06-03 08:00:00+00:00,9.202766418457031
2026-06-03 09:00:00+00:00,10.337493896484375
2026-06-03 10:00:00+00:00,9.422538757324219
2026-06-03 11:00:00+00:00,6.188426971435547
2026-06-03 12:00:00+00:00,6.551380157470703
2026-06-03 13:00:00+00:00,9.40842056274414
2026-06-03 14:00:00+00:00,11.28604507446289
2026-06-03 15:00:00+00:00,7.736610412597656
2026-06-03 16:00:00+00:00,4.898265838623047
2026-06-03 17:00:00+00:00,22.983135223388672
2026-06-03 18:00:00+00:00,33.059425354003906
2026-06-03 19:00:00+00:00,41.74270248413086
2026-06-03 20:00:00+00:00,48.307891845703125
2026-06-03 21:00:00+00:00,39.27253341674805
2026-06-03 22:00:00+00:00,9.775482177734375
2026-06-03 23:00:00+00:00,13.901573181152344
2026-06-04 00:00:00+00:00,8.525390625
2026-06-04 01:00:00+00:00,3.7723846435546875
2026-06-04 02:00:00+00:00,2.8997955322265625
2026-06-04 03:00:00+00:00,6.492515563964844
2026-06-04 04:00:00+00:00,7.1751708984375
2026-06-04 05:00:00+00:00,17.139291763305664
2026-06-04 06:00:00+00:00,18.12798309326172
2026-06-04 07:00:00+00:00,5.284797668457031
2026-06-04 08:00:00+00:00,1.5393257141113281
2026-06-04 09:00:00+00:00,1.5161666870117188
2026-06-04 10:00:00+00:00,1.8270912170410156
2026-06-04 11:00:00+00:00,3.029571533203125
2026-06-04 12:00:00+00:00,3.2367782592773438
2026-06-04 13:00:00+00:00,2.4345359802246094
2026-06-04 14:00:00+00:00,2.5101890563964844
2026-06-04 15:00:00+00:00,3.4224891662597656
2026-06-04 16:00:00+00:00,5.7450103759765625
2026-06-04 17:00:00+00:00,15.550159454345703
2026-06-04 18:00:00+00:00,18.343236923217773
2026-06-04 19:00:00+00:00,20.23859977722168
2026-06-04 20:00:00+00:00,31.35582160949707
2026-06-04 21:00:00+00:00,28.330018997192383
2026-06-04 22:00:00+00:00,15.283977508544922
2026-06-04 23:00:00+00:00,17.2060604095459
2026-06-05 00:00:00+00:00,15.657247543334961
2026-06-05 01:00:00+00:00,8.36410903930664
2026-06-05 02:00:00+00:00,8.31414794921875
2026-06-05 03:00:00+00:00,12.59328842163086
2026-06-05 04:00:00+00:00,22.727096557617188
2026-06-05 05:00:00+00:00,41.52273941040039
2026-06-05 06:00:00+00:00,42.756591796875
2026-06-05 07:00:00+00:00,18.748355865478516
2026-06-05 08:00:00+00:00,6.066265106201172
2026-06-05 09:00:00+00:00,3.5799217224121094
2026-06-05 10:00:00+00:00,2.0539016723632812
2026-06-05 11:00:00+00:00,0.7265625
2026-06-05 12:00:00+00:00,0.3005828857421875
2026-06-05 13:00:00+00:00,-0.2690696716308594
2026-06-05 14:00:00+00:00,-0.9109077453613281
2026-06-05 15:00:00+00:00,3.3450698852539062
2026-06-05 16:00:00+00:00,19.43015480041504
2026-06-05 17:00:00+00:00,47.41721725463867
2026-06-05 18:00:00+00:00,57.242286682128906
2026-06-05 19:00:00+00:00,68.12347412109375
2026-06-05 20:00:00+00:00,83.85408020019531
2026-06-05 21:00:00+00:00,75.96719360351562
2026-06-05 22:00:00+00:00,50.1013298034668
2026-06-05 23:00:00+00:00,45.79922103881836
2026-06-06 00:00:00+00:00,22.091156005859375
2026-06-06 01:00:00+00:00,14.908529281616211
2026-06-06 02:00:00+00:00,13.981952667236328
2026-06-06 03:00:00+00:00,13.541606903076172
2026-06-06 04:00:00+00:00,15.435356140136719
2026-06-06 05:00:00+00:00,17.569921493530273
2026-06-06 06:00:00+00:00,12.947391510009766
2026-06-06 07:00:00+00:00,4.262630462646484
2026-06-06 08:00:00+00:00,2.4563026428222656
2026-06-06 09:00:00+00:00,1.8847389221191406
2026-06-06 10:00:00+00:00,0.3242950439453125
2026-06-06 11:00:00+00:00,-0.4808540344238281
2026-06-06 12:00:00+00:00,-1.0558090209960938
2026-06-06 13:00:00+00:00,0.21246719360351562
2026-06-06 14:00:00+00:00,0.22410202026367188
2026-06-06 15:00:00+00:00,1.0206031799316406
2026-06-06 16:00:00+00:00,5.268955230712891
2026-06-06 17:00:00+00:00,16.13551902770996
2026-06-06 18:00:00+00:00,37.34950256347656
2026-06-06 19:00:00+00:00,54.15290832519531
2026-06-06 20:00:00+00:00,68.42589569091797
2026-06-06 21:00:00+00:00,59.8360595703125
2026-06-06 22:00:00+00:00,39.697601318359375
2026-06-06 23:00:00+00:00,26.198673248291016
2026-06-07 00:00:00+00:00,11.93587875366211
2026-06-07 01:00:00+00:00,9.22064208984375
2026-06-07 02:00:00+00:00,7.667476654052734
2026-06-07 03:00:00+00:00,7.517032623291016
2026-06-07 04:00:00+00:00,7.969940185546875
2026-06-07 05:00:00+00:00,9.453533172607422
2026-06-07 06:00:00+00:00,10.306514739990234
2026-06-07 07:00:00+00:00,6.282367706298828
2026-06-07 08:00:00+00:00,3.2865982055664062
2026-06-07 09:00:00+00:00,3.0262718200683594
2026-06-07 10:00:00+00:00,2.5404891967773438
2026-06-07 11:00:00+00:00,1.9384078979492188
2026-06-07 12:00:00+00:00,1.5353584289550781
2026-06-07 13:00:00+00:00,1.3658905029296875
2026-06-07 14:00:00+00:00,1.6864128112792969
2026-06-07 15:00:00+00:00,3.4929771423339844
2026-06-07 16:00:00+00:00,9.46197509765625
2026-06-07 17:00:00+00:00,39.087886810302734
2026-06-07 18:00:00+00:00,70.34768676757812
2026-06-07 19:00:00+00:00,91.67936706542969
2026-06-07 20:00:00+00:00,98.10615539550781
2026-06-07 21:00:00+00:00,86.27764892578125
2026-06-07 22:00:00+00:00,60.0262336730957
2026-06-07 23:00:00+00:00,49.571205139160156
2026-06-08 00:00:00+00:00,23.740285873413086
2026-06-08 01:00:00+00:00,16.282855987548828
2026-06-08 02:00:00+00:00,17.140533447265625
2026-06-08 03:00:00+00:00,21.48443031311035
2026-06-08 04:00:00+00:00,35.90953063964844
2026-06-08 05:00:00+00:00,63.138912200927734
2026-06-08 06:00:00+00:00,60.31000518798828
2026-06-08 07:00:00+00:00,27.075374603271484
2026-06-08 08:00:00+00:00,7.433650970458984
2026-06-08 09:00:00+00:00,3.854259490966797
2026-06-08 10:00:00+00:00,3.4357032775878906
2026-06-08 11:00:00+00:00,-0.2207794189453125
2026-06-08 12:00:00+00:00,-1.3553962707519531
2026-06-08 13:00:00+00:00,-2.3261184692382812
2026-06-08 14:00:00+00:00,-2.8401222229003906
2026-06-08 15:00:00+00:00,1.8861656188964844
2026-06-08 16:00:00+00:00,17.918941497802734
2026-06-08 17:00:00+00:00,59.98415756225586
2026-06-08 18:00:00+00:00,78.06582641601562
2026-06-08 19:00:00+00:00,89.122314453125
2026-06-08 20:00:00+00:00,95.82294464111328
2026-06-08 21:00:00+00:00,81.32774353027344
2026-06-08 22:00:00+00:00,54.58721160888672
2026-06-08 23:00:00+00:00,42.05332565307617
2026-06-09 00:00:00+00:00,31.09390640258789
2026-06-09 01:00:00+00:00,23.635475158691406
2026-06-09 02:00:00+00:00,23.252334594726562
2026-06-09 03:00:00+00:00,28.08358383178711
2026-06-09 04:00:00+00:00,38.53313446044922
2026-06-09 05:00:00+00:00,71.14813232421875
2026-06-09 06:00:00+00:00,71.02467346191406
2026-06-09 07:00:00+00:00,26.555776596069336
2026-06-09 08:00:00+00:00,17.310861587524414
2026-06-09 09:00:00+00:00,13.618667602539062
2026-06-09 10:00:00+00:00,11.57229995727539
2026-06-09 11:00:00+00:00,7.506679534912109
2026-06-09 12:00:00+00:00,5.709888458251953
2026-06-09 13:00:00+00:00,5.091606140136719
2026-06-09 14:00:00+00:00,3.6200408935546875
2026-06-09 15:00:00+00:00,6.473960876464844
2026-06-09 16:00:00+00:00,18.56389808654785
2026-06-09 17:00:00+00:00,61.12663269042969
2026-06-09 18:00:00+00:00,90.4012451171875
2026-06-09 19:00:00+00:00,95.87486267089844
2026-06-09 20:00:00+00:00,107.33575439453125
2026-06-09 21:00:00+00:00,99.23091125488281
2026-06-09 22:00:00+00:00,74.94625854492188
2026-06-09 23:00:00+00:00,65.89718627929688
2026-06-10 00:00:00+00:00,60.67755889892578
2026-06-10 01:00:00+00:00,45.43764877319336
2026-06-10 02:00:00+00:00,43.077171325683594
2026-06-10 03:00:00+00:00,46.12022018432617
2026-06-10 04:00:00+00:00,60.641929626464844
2026-06-10 05:00:00+00:00,82.83430480957031
2026-06-10 06:00:00+00:00,76.35589599609375
2026-06-10 07:00:00+00:00,31.552446365356445
2026-06-10 08:00:00+00:00,7.719352722167969
2026-06-10 09:00:00+00:00,9.765037536621094
2026-06-10 10:00:00+00:00,9.431320190429688
2026-06-10 11:00:00+00:00,5.207859039306641
2026-06-10 12:00:00+00:00,4.210075378417969
2026-06-10 13:00:00+00:00,5.101799011230469
2026-06-10 14:00:00+00:00,5.351352691650391
2026-06-10 15:00:00+00:00,5.225925445556641
2026-06-10 16:00:00+00:00,20.491092681884766
2026-06-10 17:00:00+00:00,55.15953826904297
2026-06-10 18:00:00+00:00,84.66888427734375
2026-06-10 19:00:00+00:00,92.63311767578125
2026-06-10 20:00:00+00:00,105.83372497558594
2026-06-10 21:00:00+00:00,96.90373229980469
2026-06-10 22:00:00+00:00,83.37965393066406
2026-06-10 23:00:00+00:00,77.97547912597656
2026-06-11 00:00:00+00:00,11.057031631469727
2026-06-11 01:00:00+00:00,7.517307281494141
2026-06-11 02:00:00+00:00,8.310173034667969
2026-06-11 03:00:00+00:00,14.59261703491211
2026-06-11 04:00:00+00:00,26.003271102905273
2026-06-11 05:00:00+00:00,42.50074005126953
2026-06-11 06:00:00+00:00,34.075904846191406
2026-06-11 07:00:00+00:00,5.968959808349609
2026-06-11 08:00:00+00:00,1.9767265319824219
2026-06-11 09:00:00+00:00,3.3628883361816406
2026-06-11 10:00:00+00:00,2.0464210510253906
2026-06-11 11:00:00+00:00,1.2912139892578125
2026-06-11 12:00:00+00:00,0.9220619201660156
2026-06-11 13:00:00+00:00,0.4456672668457031
2026-06-11 14:00:00+00:00,-0.03508758544921875
2026-06-11 15:00:00+00:00,0.014812469482421875
2026-06-11 16:00:00+00:00,6.493629455566406
2026-06-11 17:00:00+00:00,21.519603729248047
2026-06-11 18:00:00+00:00,45.91926574707031
2026-06-11 19:00:00+00:00,55.90776062011719
2026-06-11 20:00:00+00:00,62.29292297363281
2026-06-11 21:00:00+00:00,50.50834655761719
2026-06-11 22:00:00+00:00,23.686250686645508
2026-06-11 23:00:00+00:00,18.2850341796875
2026-06-12 00:00:00+00:00,15.930908203125
2026-06-12 01:00:00+00:00,10.763708114624023
2026-06-12 02:00:00+00:00,8.249504089355469
2026-06-12 03:00:00+00:00,10.560920715332031
2026-06-12 04:00:00+00:00,14.623950958251953
2026-06-12 05:00:00+00:00,28.76640510559082
2026-06-12 06:00:00+00:00,27.203411102294922
2026-06-12 07:00:00+00:00,10.153966903686523
2026-06-12 08:00:00+00:00,4.897918701171875
2026-06-12 09:00:00+00:00,4.7599639892578125
2026-06-12 10:00:00+00:00,4.495975494384766
2026-06-12 11:00:00+00:00,2.9491233825683594
2026-06-12 12:00:00+00:00,2.488483428955078
2026-06-12 13:00:00+00:00,2.1666412353515625
2026-06-12 14:00:00+00:00,1.7527656555175781
2026-06-12 15:00:00+00:00,2.0259552001953125
2026-06-12 16:00:00+00:00,4.24212646484375
2026-06-12 17:00:00+00:00,19.936840057373047
2026-06-12 18:00:00+00:00,31.6087646484375
2026-06-12 19:00:00+00:00,36.87723159790039
2026-06-12 20:00:00+00:00,49.6680793762207
2026-06-12 21:00:00+00:00,44.11391067504883
2026-06-12 22:00:00+00:00,38.4173469543457
2026-06-12 23:00:00+00:00,30.97948455810547
2026-06-13 00:00:00+00:00,54.10320281982422
2026-06-13 01:00:00+00:00,40.72040557861328
2026-06-13 02:00:00+00:00,35.275123596191406
2026-06-13 03:00:00+00:00,34.42359161376953
2026-06-13 04:00:00+00:00,34.205894470214844
2026-06-13 05:00:00+00:00,32.87233352661133
2026-06-13 06:00:00+00:00,21.193313598632812
2026-06-13 07:00:00+00:00,8.092880249023438
2026-06-13 08:00:00+00:00,0.5473899841308594
2026-06-13 09:00:00+00:00,-2.7290077209472656
2026-06-13 10:00:00+00:00,-5.918506622314453
2026-06-13 11:00:00+00:00,-7.984920501708984
2026-06-13 12:00:00+00:00,-8.715587615966797
2026-06-13 13:00:00+00:00,-6.494144439697266
2026-06-13 14:00:00+00:00,-3.3875694274902344
2026-06-13 15:00:00+00:00,1.6955528259277344
2026-06-13 16:00:00+00:00,12.074491500854492
2026-06-13 17:00:00+00:00,38.26240921020508
2026-06-13 18:00:00+00:00,66.94817352294922
2026-06-13 19:00:00+00:00,84.20845031738281
2026-06-13 20:00:00+00:00,88.10388946533203
2026-06-13 21:00:00+00:00,79.69551086425781
2026-06-13 22:00:00+00:00,62.918861389160156
2026-06-13 23:00:00+00:00,50.43345260620117
2026-06-14 00:00:00+00:00,36.66864776611328
2026-06-14 01:00:00+00:00,27.048961639404297
2026-06-14 02:00:00+00:00,21.99532127380371
2026-06-14 03:00:00+00:00,17.924455642700195
2026-06-14 04:00:00+00:00,12.277568817138672
2026-06-14 05:00:00+00:00,8.642135620117188
2026-06-14 06:00:00+00:00,2.938385009765625
2026-06-14 07:00:00+00:00,-4.157634735107422
2026-06-14 08:00:00+00:00,-8.798931121826172
2026-06-14 09:00:00+00:00,-12.429275512695312
2026-06-14 10:00:00+00:00,-16.265396118164062
2026-06-14 11:00:00+00:00,-20.00139617919922
2026-06-14 12:00:00+00:00,-21.058635711669922
2026-06-14 13:00:00+00:00,-17.578781127929688
2026-06-14 14:00:00+00:00,-13.582832336425781
2026-06-14 15:00:00+00:00,-6.406929016113281
2026-06-14 16:00:00+00:00,-0.10786056518554688
2026-06-14 17:00:00+00:00,37.44650650024414
2026-06-14 18:00:00+00:00,80.0365982055664
2026-06-14 19:00:00+00:00,93.26604461669922
2026-06-14 20:00:00+00:00,101.09536743164062
2026-06-14 21:00:00+00:00,94.28947448730469
2026-06-14 22:00:00+00:00,67.7546615600586
2026-06-14 23:00:00+00:00,54.09548568725586
2026-06-15 00:00:00+00:00,81.70762634277344
2026-06-15 01:00:00+00:00,66.60325622558594
2026-06-15 02:00:00+00:00,68.00239562988281
2026-06-15 03:00:00+00:00,74.28541564941406
2026-06-15 04:00:00+00:00,87.77986145019531
2026-06-15 05:00:00+00:00,100.59922790527344
2026-06-15 06:00:00+00:00,83.90203857421875
2026-06-15 07:00:00+00:00,32.61036682128906
2026-06-15 08:00:00+00:00,6.595550537109375
2026-06-15 09:00:00+00:00,1.4352455139160156
2026-06-15 10:00:00+00:00,-0.7081794738769531
2026-06-15 11:00:00+00:00,-2.640949249267578
2026-06-15 12:00:00+00:00,-2.4199752807617188
2026-06-15 13:00:00+00:00,-1.7630996704101562
2026-06-15 14:00:00+00:00,1.0843086242675781
2026-06-15 15:00:00+00:00,18.185667037963867
2026-06-15 16:00:00+00:00,52.45347213745117
2026-06-15 17:00:00+00:00,112.5815658569336
2026-06-15 18:00:00+00:00,124.63507080078125
2026-06-15 19:00:00+00:00,128.6080780029297
2026-06-15 20:00:00+00:00,127.64215850830078
2026-06-15 21:00:00+00:00,119.09979248046875
2026-06-15 22:00:00+00:00,99.41410827636719
2026-06-15 23:00:00+00:00,88.1953353881836
2026-06-16 00:00:00+00:00,105.11410522460938
2026-06-16 01:00:00+00:00,98.77118682861328
2026-06-16 02:00:00+00:00,100.71298217773438
2026-06-16 03:00:00+00:00,109.33085632324219
2026-06-16 04:00:00+00:00,117.374267578125
2026-06-16 05:00:00+00:00,118.37417602539062
2026-06-16 06:00:00+00:00,110.47732543945312
2026-06-16 07:00:00+00:00,73.49917602539062
2026-06-16 08:00:00+00:00,22.990665435791016
2026-06-16 09:00:00+00:00,7.170032501220703
2026-06-16 10:00:00+00:00,3.800525665283203
2026-06-16 11:00:00+00:00,2.0473785400390625
2026-06-16 12:00:00+00:00,1.8167190551757812
2026-06-16 13:00:00+00:00,2.2473411560058594
2026-06-16 14:00:00+00:00,9.037277221679688
2026-06-16 15:00:00+00:00,47.234161376953125
2026-06-16 16:00:00+00:00,87.61294555664062
2026-06-16 17:00:00+00:00,130.35105895996094
2026-06-16 18:00:00+00:00,140.89649963378906
2026-06-16 19:00:00+00:00,146.22512817382812
2026-06-16 20:00:00+00:00,145.1603240966797
2026-06-16 21:00:00+00:00,133.6466827392578
2026-06-16 22:00:00+00:00,123.71723937988281
2026-06-16 23:00:00+00:00,119.14259338378906
2026-06-17 00:00:00+00:00,121.2957763671875
2026-06-17 01:00:00+00:00,113.54754638671875
2026-06-17 02:00:00+00:00,113.889404296875
2026-06-17 03:00:00+00:00,125.56278991699219
2026-06-17 04:00:00+00:00,133.58575439453125
2026-06-17 05:00:00+00:00,134.3734893798828
2026-06-17 06:00:00+00:00,127.11561584472656
2026-06-17 07:00:00+00:00,91.43305969238281
2026-06-17 08:00:00+00:00,48.703548431396484
2026-06-17 09:00:00+00:00,30.457475662231445
2026-06-17 10:00:00+00:00,25.420372009277344
2026-06-17 11:00:00+00:00,20.409996032714844
2026-06-17 12:00:00+00:00,19.31131935119629
2026-06-17 13:00:00+00:00,23.953369140625
2026-06-17 14:00:00+00:00,39.45644760131836
2026-06-17 15:00:00+00:00,73.83851623535156
2026-06-17 16:00:00+00:00,113.37281799316406
2026-06-17 17:00:00+00:00,143.57077026367188
2026-06-17 18:00:00+00:00,146.90574645996094
2026-06-17 19:00:00+00:00,147.43003845214844
2026-06-17 20:00:00+00:00,147.166015625
2026-06-17 21:00:00+00:00,141.1932830810547
2026-06-17 22:00:00+00:00,132.56895446777344
2026-06-17 23:00:00+00:00,128.84674072265625
2026-06-18 00:00:00+00:00,120.67433166503906
2026-06-18 01:00:00+00:00,116.34275817871094
2026-06-18 02:00:00+00:00,115.04769897460938
2026-06-18 03:00:00+00:00,119.26123046875
2026-06-18 04:00:00+00:00,121.76808166503906
2026-06-18 05:00:00+00:00,120.54576110839844
2026-06-18 06:00:00+00:00,109.00851440429688
2026-06-18 07:00:00+00:00,86.58659362792969
2026-06-18 08:00:00+00:00,57.69239807128906
2026-06-18 09:00:00+00:00,40.96672439575195
2026-06-18 10:00:00+00:00,31.448707580566406
2026-06-18 11:00:00+00:00,18.532773971557617
2026-06-18 12:00:00+00:00,23.30887222290039
2026-06-18 13:00:00+00:00,32.99352264404297
2026-06-18 14:00:00+00:00,49.797630310058594
2026-06-18 15:00:00+00:00,80.75401306152344
2026-06-18 16:00:00+00:00,111.22288513183594
2026-06-18 17:00:00+00:00,139.49468994140625
2026-06-18 18:00:00+00:00,144.41815185546875
2026-06-18 19:00:00+00:00,146.86924743652344
2026-06-18 20:00:00+00:00,145.9948272705078
2026-06-18 21:00:00+00:00,137.01531982421875
2026-06-18 22:00:00+00:00,127.5694580078125
2026-06-18 23:00:00+00:00,123.34712219238281
2026-06-19 00:00:00+00:00,114.34490966796875
2026-06-19 01:00:00+00:00,107.73362731933594
2026-06-19 02:00:00+00:00,106.8409194946289
2026-06-19 03:00:00+00:00,111.02799987792969
2026-06-19 04:00:00+00:00,117.908935546875
2026-06-19 05:00:00+00:00,120.13912963867188
2026-06-19 06:00:00+00:00,111.23152160644531
2026-06-19 07:00:00+00:00,89.96969604492188
2026-06-19 08:00:00+00:00,58.66332244873047
2026-06-19 09:00:00+00:00,37.9387092590332
2026-06-19 10:00:00+00:00,29.181987762451172
2026-06-19 11:00:00+00:00,19.873924255371094
2026-06-19 12:00:00+00:00,25.721134185791016
2026-06-19 13:00:00+00:00,39.73146057128906
2026-06-19 14:00:00+00:00,57.834190368652344
2026-06-19 15:00:00+00:00,88.78903198242188
2026-06-19 16:00:00+00:00,108.59681701660156
2026-06-19 17:00:00+00:00,128.02247619628906
2026-06-19 18:00:00+00:00,135.6671142578125
2026-06-19 19:00:00+00:00,139.0390625
2026-06-19 20:00:00+00:00,139.4298858642578
2026-06-19 21:00:00+00:00,134.06307983398438
2026-06-19 22:00:00+00:00,124.24697875976562
2026-06-19 23:00:00+00:00,117.35443115234375
2026-06-20 00:00:00+00:00,110.96928405761719
2026-06-20 01:00:00+00:00,97.98739624023438
2026-06-20 02:00:00+00:00,91.54814147949219
2026-06-20 03:00:00+00:00,92.34645080566406
2026-06-20 04:00:00+00:00,90.46939086914062
2026-06-20 05:00:00+00:00,82.22323608398438
2026-06-20 06:00:00+00:00,58.72235107421875
2026-06-20 07:00:00+00:00,32.6691780090332
2026-06-20 08:00:00+00:00,14.952678680419922
2026-06-20 09:00:00+00:00,9.021507263183594
2026-06-20 10:00:00+00:00,10.5296630859375
2026-06-20 11:00:00+00:00,2.617443084716797
2026-06-20 12:00:00+00:00,3.6084327697753906
2026-06-20 13:00:00+00:00,5.278892517089844
2026-06-20 14:00:00+00:00,11.20068359375
2026-06-20 15:00:00+00:00,27.46341323852539
2026-06-20 16:00:00+00:00,53.17842483520508
2026-06-20 17:00:00+00:00,87.38475036621094
2026-06-20 18:00:00+00:00,109.9219970703125
2026-06-20 19:00:00+00:00,122.65719604492188
2026-06-20 20:00:00+00:00,125.89875793457031
2026-06-20 21:00:00+00:00,119.83634948730469
2026-06-20 22:00:00+00:00,105.65354919433594
2026-06-20 23:00:00+00:00,93.45756530761719
2026-06-21 00:00:00+00:00,102.68372344970703
2026-06-21 01:00:00+00:00,88.15725708007812
2026-06-21 02:00:00+00:00,78.66516876220703
2026-06-21 03:00:00+00:00,70.1183090209961
2026-06-21 04:00:00+00:00,64.07435607910156
2026-06-21 05:00:00+00:00,56.01572036743164
2026-06-21 06:00:00+00:00,35.92909622192383
2026-06-21 07:00:00+00:00,9.491222381591797
2026-06-21 08:00:00+00:00,-3.0444107055664062
2026-06-21 09:00:00+00:00,-3.8140830993652344
2026-06-21 10:00:00+00:00,-4.961971282958984
2026-06-21 11:00:00+00:00,-8.045677185058594
2026-06-21 12:00:00+00:00,-12.309165954589844
2026-06-21 13:00:00+00:00,-12.253829956054688
2026-06-21 14:00:00+00:00,-0.2997703552246094
2026-06-21 15:00:00+00:00,34.93620300292969
2026-06-21 16:00:00+00:00,63.778541564941406
2026-06-21 17:00:00+00:00,93.21446228027344
2026-06-21 18:00:00+00:00,120.19889831542969
2026-06-21 19:00:00+00:00,128.124755859375
2026-06-21 20:00:00+00:00,128.89874267578125
2026-06-21 21:00:00+00:00,123.21049499511719
2026-06-21 22:00:00+00:00,111.55593872070312
2026-06-21 23:00:00+00:00,99.50557708740234
2026-06-22 00:00:00+00:00,109.8240966796875
2026-06-22 01:00:00+00:00,101.54248046875
2026-06-22 02:00:00+00:00,98.33194732666016
2026-06-22 03:00:00+00:00,104.82498931884766
2026-06-22 04:00:00+00:00,112.57048034667969
2026-06-22 05:00:00+00:00,117.74681854248047
2026-06-22 06:00:00+00:00,106.32601928710938
2026-06-22 07:00:00+00:00,77.33663177490234
2026-06-22 08:00:00+00:00,43.91236877441406
2026-06-22 09:00:00+00:00,22.259380340576172
2026-06-22 10:00:00+00:00,14.748271942138672
2026-06-22 11:00:00+00:00,9.763847351074219
2026-06-22 12:00:00+00:00,13.950531005859375
2026-06-22 13:00:00+00:00,22.97199821472168
2026-06-22 14:00:00+00:00,38.953369140625
2026-06-22 15:00:00+00:00,76.69406127929688
2026-06-22 16:00:00+00:00,109.07176208496094
2026-06-22 17:00:00+00:00,123.57111358642578
2026-06-22 18:00:00+00:00,131.28329467773438
2026-06-22 19:00:00+00:00,135.71380615234375
2026-06-22 20:00:00+00:00,136.12986755371094
2026-06-22 21:00:00+00:00,128.4363555908203
2026-06-22 22:00:00+00:00,120.45436096191406
2026-06-22 23:00:00+00:00,116.22410583496094
2026-06-23 00:00:00+00:00,118.74573516845703
2026-06-23 01:00:00+00:00,112.2232437133789
2026-06-23 02:00:00+00:00,110.95533752441406
2026-06-23 03:00:00+00:00,118.59056091308594
2026-06-23 04:00:00+00:00,128.1888427734375
2026-06-23 05:00:00+00:00,133.02047729492188
2026-06-23 06:00:00+00:00,122.9305191040039
2026-06-23 07:00:00+00:00,100.02597045898438
2026-06-23 08:00:00+00:00,75.08035278320312
2026-06-23 09:00:00+00:00,55.453895568847656
2026-06-23 10:00:00+00:00,43.75810241699219
2026-06-23 11:00:00+00:00,37.98564910888672
2026-06-23 12:00:00+00:00,48.93305969238281
2026-06-23 13:00:00+00:00,64.36607360839844
2026-06-23 14:00:00+00:00,85.37763977050781
2026-06-23 15:00:00+00:00,112.23351287841797
2026-06-23 16:00:00+00:00,136.65496826171875
2026-06-23 17:00:00+00:00,159.53756713867188
2026-06-23 18:00:00+00:00,164.07199096679688
2026-06-23 19:00:00+00:00,164.8870086669922
2026-06-23 20:00:00+00:00,162.16763305664062
2026-06-23 21:00:00+00:00,144.92333984375
2026-06-23 22:00:00+00:00,136.2274169921875
2026-06-23 23:00:00+00:00,129.87045288085938
2026-06-24 00:00:00+00:00,126.66423034667969
2026-06-24 01:00:00+00:00,118.67506408691406
2026-06-24 02:00:00+00:00,118.84901428222656
2026-06-24 03:00:00+00:00,128.80345153808594
2026-06-24 04:00:00+00:00,139.56170654296875
2026-06-24 05:00:00+00:00,142.72694396972656
2026-06-24 06:00:00+00:00,135.34625244140625
2026-06-24 07:00:00+00:00,119.45686340332031
2026-06-24 08:00:00+00:00,102.25492095947266
2026-06-24 09:00:00+00:00,82.72122955322266
2026-06-24 10:00:00+00:00,74.92261505126953
2026-06-24 11:00:00+00:00,71.95240783691406
2026-06-24 12:00:00+00:00,83.59031677246094
2026-06-24 13:00:00+00:00,96.94013977050781
2026-06-24 14:00:00+00:00,111.86192321777344
2026-06-24 15:00:00+00:00,134.3682403564453
2026-06-24 16:00:00+00:00,168.40452575683594
2026-06-24 17:00:00+00:00,211.41651916503906
2026-06-24 18:00:00+00:00,219.2779541015625
2026-06-24 19:00:00+00:00,207.87863159179688
2026-06-24 20:00:00+00:00,194.77731323242188
2026-06-24 21:00:00+00:00,166.7685089111328
2026-06-24 22:00:00+00:00,153.8836212158203
2026-06-24 23:00:00+00:00,143.86141967773438
2026-06-25 00:00:00+00:00,117.30772399902344
2026-06-25 01:00:00+00:00,111.86421203613281
2026-06-25 02:00:00+00:00,111.28053283691406
2026-06-25 03:00:00+00:00,117.21583557128906
2026-06-25 04:00:00+00:00,128.66302490234375
2026-06-25 05:00:00+00:00,132.70809936523438
2026-06-25 06:00:00+00:00,127.96939086914062
2026-06-25 07:00:00+00:00,113.02214050292969
2026-06-25 08:00:00+00:00,100.08265686035156
2026-06-25 09:00:00+00:00,85.36205291748047
2026-06-25 10:00:00+00:00,75.92185974121094
2026-06-25 11:00:00+00:00,67.9832992553711
2026-06-25 12:00:00+00:00,73.7627182006836
2026-06-25 13:00:00+00:00,81.52774047851562
2026-06-25 14:00:00+00:00,94.81562805175781
2026-06-25 15:00:00+00:00,118.83282470703125
2026-06-25 16:00:00+00:00,162.7662811279297
2026-06-25 17:00:00+00:00,229.56175231933594
2026-06-25 18:00:00+00:00,238.67257690429688
2026-06-25 19:00:00+00:00,220.03292846679688
2026-06-25 20:00:00+00:00,205.88290405273438
2026-06-25 21:00:00+00:00,170.3045654296875
2026-06-25 22:00:00+00:00,147.4706268310547
2026-06-25 23:00:00+00:00,130.3497314453125
2026-06-26 00:00:00+00:00,110.09616088867188
2026-06-26 01:00:00+00:00,102.75699615478516
2026-06-26 02:00:00+00:00,100.83616638183594
2026-06-26 03:00:00+00:00,105.8743896484375
2026-06-26 04:00:00+00:00,115.58697509765625
2026-06-26 05:00:00+00:00,121.79864501953125
2026-06-26 06:00:00+00:00,115.90919494628906
2026-06-26 07:00:00+00:00,98.52828216552734
2026-06-26 08:00:00+00:00,81.52592468261719
2026-06-26 09:00:00+00:00,64.72637176513672
2026-06-26 10:00:00+00:00,53.57339859008789
2026-06-26 11:00:00+00:00,48.60549545288086
2026-06-26 12:00:00+00:00,54.356571197509766
2026-06-26 13:00:00+00:00,63.132911682128906
2026-06-26 14:00:00+00:00,75.83881378173828
2026-06-26 15:00:00+00:00,98.95954132080078
2026-06-26 16:00:00+00:00,132.87619018554688
2026-06-26 17:00:00+00:00,171.474609375
2026-06-26 18:00:00+00:00,174.15048217773438
2026-06-26 19:00:00+00:00,174.45445251464844
2026-06-26 20:00:00+00:00,169.6372833251953
2026-06-26 21:00:00+00:00,148.67654418945312
2026-06-26 22:00:00+00:00,136.9134521484375
2026-06-26 23:00:00+00:00,129.9764404296875
2026-06-27 00:00:00+00:00,120.90210723876953
2026-06-27 01:00:00+00:00,114.82353210449219
2026-06-27 02:00:00+00:00,111.8694839477539
2026-06-27 03:00:00+00:00,110.61607360839844
2026-06-27 04:00:00+00:00,111.03799438476562
2026-06-27 05:00:00+00:00,103.68941497802734
2026-06-27 06:00:00+00:00,83.29143524169922
2026-06-27 07:00:00+00:00,57.102630615234375
2026-06-27 08:00:00+00:00,39.17584991455078
2026-06-27 09:00:00+00:00,30.020946502685547
2026-06-27 10:00:00+00:00,24.563400268554688
2026-06-27 11:00:00+00:00,19.63644027709961
2026-06-27 12:00:00+00:00,19.84128189086914
2026-06-27 13:00:00+00:00,25.84737777709961
2026-06-27 14:00:00+00:00,37.23906326293945
2026-06-27 15:00:00+00:00,64.6436996459961
2026-06-27 16:00:00+00:00,103.50643157958984
2026-06-27 17:00:00+00:00,132.40933227539062
2026-06-27 18:00:00+00:00,147.6169891357422
2026-06-27 19:00:00+00:00,155.815185546875
2026-06-27 20:00:00+00:00,155.05816650390625
2026-06-27 21:00:00+00:00,142.31829833984375
2026-06-27 22:00:00+00:00,127.8605728149414
2026-06-27 23:00:00+00:00,117.88777160644531
2026-06-28 00:00:00+00:00,111.72944641113281
2026-06-28 01:00:00+00:00,100.5466079711914
2026-06-28 02:00:00+00:00,92.31324768066406
2026-06-28 03:00:00+00:00,84.53502655029297
2026-06-28 04:00:00+00:00,79.3837890625
2026-06-28 05:00:00+00:00,68.7943344116211
2026-06-28 06:00:00+00:00,45.773048400878906
2026-06-28 07:00:00+00:00,24.953594207763672
2026-06-28 08:00:00+00:00,15.670249938964844
2026-06-28 09:00:00+00:00,11.925212860107422
2026-06-28 10:00:00+00:00,6.544731140136719
2026-06-28 11:00:00+00:00,1.4799919128417969
2026-06-28 12:00:00+00:00,0.9150047302246094
2026-06-28 13:00:00+00:00,5.482948303222656
2026-06-28 14:00:00+00:00,16.884326934814453
2026-06-28 15:00:00+00:00,44.64922332763672
2026-06-28 16:00:00+00:00,83.2947998046875
2026-06-28 17:00:00+00:00,119.64607238769531
2026-06-28 18:00:00+00:00,132.69017028808594
2026-06-28 19:00:00+00:00,141.42359924316406
2026-06-28 20:00:00+00:00,147.1156463623047
2026-06-28 21:00:00+00:00,135.1945343017578
2026-06-28 22:00:00+00:00,119.83175659179688
2026-06-28 23:00:00+00:00,111.41873168945312
2026-06-29 00:00:00+00:00,97.87059020996094
2026-06-29 01:00:00+00:00,94.11158752441406
2026-06-29 02:00:00+00:00,94.4271469116211
2026-06-29 03:00:00+00:00,103.58855438232422
2026-06-29 04:00:00+00:00,113.07723236083984
2026-06-29 05:00:00+00:00,119.16374206542969
2026-06-29 06:00:00+00:00,112.51354217529297
2026-06-29 07:00:00+00:00,95.04609680175781
2026-06-29 08:00:00+00:00,68.73999786376953
2026-06-29 09:00:00+00:00,53.06594467163086
2026-06-29 10:00:00+00:00,39.072452545166016
2026-06-29 11:00:00+00:00,31.473031997680664
2026-06-29 12:00:00+00:00,37.042503356933594
2026-06-29 13:00:00+00:00,47.87194061279297
2026-06-29 14:00:00+00:00,59.12361526489258
2026-06-29 15:00:00+00:00,81.64484405517578
2026-06-29 16:00:00+00:00,112.46304321289062
2026-06-29 17:00:00+00:00,150.82147216796875
2026-06-29 18:00:00+00:00,154.98110961914062
2026-06-29 19:00:00+00:00,153.6621856689453
2026-06-29 20:00:00+00:00,150.05978393554688
2026-06-29 21:00:00+00:00,133.32699584960938
2026-06-29 22:00:00+00:00,121.58648681640625
2026-06-29 23:00:00+00:00,115.00965881347656
2026-06-30 00:00:00+00:00,112.26030731201172
2026-06-30 01:00:00+00:00,108.49163818359375
2026-06-30 02:00:00+00:00,105.936767578125
2026-06-30 03:00:00+00:00,112.38508605957031
2026-06-30 04:00:00+00:00,125.07792663574219
2026-06-30 05:00:00+00:00,132.42156982421875
2026-06-30 06:00:00+00:00,128.7081756591797
2026-06-30 07:00:00+00:00,113.00544738769531
2026-06-30 08:00:00+00:00,97.98902130126953
2026-06-30 09:00:00+00:00,86.3343505859375
2026-06-30 10:00:00+00:00,76.9648666381836
2026-06-30 11:00:00+00:00,68.71397399902344
2026-06-30 12:00:00+00:00,72.89839172363281
2026-06-30 13:00:00+00:00,82.34949493408203
2026-06-30 14:00:00+00:00,88.53169250488281
2026-06-30 15:00:00+00:00,103.46522521972656
2026-06-30 16:00:00+00:00,127.99120330810547
2026-06-30 17:00:00+00:00,181.07293701171875
2026-06-30 18:00:00+00:00,182.041015625
2026-06-30 19:00:00+00:00,165.771240234375
2026-06-30 20:00:00+00:00,168.59140014648438
2026-06-30 21:00:00+00:00,141.09909057617188
