,forecast_eur_mwh
2026-01-08 00:00:00+00:00,80.06824493408203
2026-01-08 01:00:00+00:00,78.20521545410156
2026-01-08 02:00:00+00:00,78.06436920166016
2026-01-08 03:00:00+00:00,79.56243133544922
2026-01-08 04:00:00+00:00,84.6816177368164
2026-01-08 05:00:00+00:00,95.10472106933594
2026-01-08 06:00:00+00:00,108.50887298583984
2026-01-08 07:00:00+00:00,123.45179748535156
2026-01-08 08:00:00+00:00,128.8899688720703
2026-01-08 09:00:00+00:00,125.65956115722656
2026-01-08 10:00:00+00:00,120.64633178710938
2026-01-08 11:00:00+00:00,119.16079711914062
2026-01-08 12:00:00+00:00,119.54576110839844
2026-01-08 13:00:00+00:00,121.33941650390625
2026-01-08 14:00:00+00:00,126.68095397949219
2026-01-08 15:00:00+00:00,133.75753784179688
2026-01-08 16:00:00+00:00,144.29815673828125
2026-01-08 17:00:00+00:00,141.97341918945312
2026-01-08 18:00:00+00:00,131.80908203125
2026-01-08 19:00:00+00:00,118.54655456542969
2026-01-08 20:00:00+00:00,104.0380630493164
2026-01-08 21:00:00+00:00,91.20122528076172
2026-01-08 22:00:00+00:00,79.5538558959961
2026-01-08 23:00:00+00:00,76.03010559082031
2026-01-09 00:00:00+00:00,71.99583435058594
2026-01-09 01:00:00+00:00,62.04143524169922
2026-01-09 02:00:00+00:00,56.534854888916016
2026-01-09 03:00:00+00:00,53.992340087890625
2026-01-09 04:00:00+00:00,56.627010345458984
2026-01-09 05:00:00+00:00,62.2088623046875
2026-01-09 06:00:00+00:00,73.46348571777344
2026-01-09 07:00:00+00:00,85.04376983642578
2026-01-09 08:00:00+00:00,87.98435974121094
2026-01-09 09:00:00+00:00,82.94342041015625
2026-01-09 10:00:00+00:00,77.0391845703125
2026-01-09 11:00:00+00:00,72.36529541015625
2026-01-09 12:00:00+00:00,70.02287292480469
2026-01-09 13:00:00+00:00,70.85416412353516
2026-01-09 14:00:00+00:00,76.82280731201172
2026-01-09 15:00:00+00:00,85.21510314941406
2026-01-09 16:00:00+00:00,93.02117156982422
2026-01-09 17:00:00+00:00,91.37879180908203
2026-01-09 18:00:00+00:00,84.67182922363281
2026-01-09 19:00:00+00:00,78.11339569091797
2026-01-09 20:00:00+00:00,73.05921936035156
2026-01-09 21:00:00+00:00,69.18989562988281
2026-01-09 22:00:00+00:00,66.20098876953125
2026-01-09 23:00:00+00:00,68.51972961425781
2026-01-10 00:00:00+00:00,72.60861206054688
2026-01-10 01:00:00+00:00,71.7894515991211
2026-01-10 02:00:00+00:00,70.16486358642578
2026-01-10 03:00:00+00:00,69.56918334960938
2026-01-10 04:00:00+00:00,70.63882446289062
2026-01-10 05:00:00+00:00,72.11566925048828
2026-01-10 06:00:00+00:00,79.2899169921875
2026-01-10 07:00:00+00:00,92.38502502441406
2026-01-10 08:00:00+00:00,105.08753204345703
2026-01-10 09:00:00+00:00,112.68107604980469
2026-01-10 10:00:00+00:00,114.92717742919922
2026-01-10 11:00:00+00:00,117.15171813964844
2026-01-10 12:00:00+00:00,120.04440307617188
2026-01-10 13:00:00+00:00,124.92044830322266
2026-01-10 14:00:00+00:00,133.53070068359375
2026-01-10 15:00:00+00:00,143.67405700683594
2026-01-10 16:00:00+00:00,155.51112365722656
2026-01-10 17:00:00+00:00,156.78073120117188
2026-01-10 18:00:00+00:00,148.16256713867188
2026-01-10 19:00:00+00:00,134.61233520507812
2026-01-10 20:00:00+00:00,125.98878479003906
2026-01-10 21:00:00+00:00,120.41812133789062
2026-01-10 22:00:00+00:00,115.3838882446289
2026-01-10 23:00:00+00:00,112.32669830322266
2026-01-11 00:00:00+00:00,93.80113983154297
2026-01-11 01:00:00+00:00,90.45834350585938
2026-01-11 02:00:00+00:00,89.00285339355469
2026-01-11 03:00:00+00:00,88.775146484375
2026-01-11 04:00:00+00:00,90.3333511352539
2026-01-11 05:00:00+00:00,94.08832550048828
2026-01-11 06:00:00+00:00,99.72686767578125
2026-01-11 07:00:00+00:00,108.90973663330078
2026-01-11 08:00:00+00:00,112.72010803222656
2026-01-11 09:00:00+00:00,112.2050552368164
2026-01-11 10:00:00+00:00,108.64271545410156
2026-01-11 11:00:00+00:00,106.63080596923828
2026-01-11 12:00:00+00:00,105.69408416748047
2026-01-11 13:00:00+00:00,107.58930969238281
2026-01-11 14:00:00+00:00,114.06344604492188
2026-01-11 15:00:00+00:00,124.598876953125
2026-01-11 16:00:00+00:00,133.42076110839844
2026-01-11 17:00:00+00:00,131.7154083251953
2026-01-11 18:00:00+00:00,124.37612915039062
2026-01-11 19:00:00+00:00,113.67181396484375
2026-01-11 20:00:00+00:00,103.81249237060547
2026-01-11 21:00:00+00:00,97.43399810791016
2026-01-11 22:00:00+00:00,93.3500747680664
2026-01-11 23:00:00+00:00,92.2739028930664
2026-01-12 00:00:00+00:00,77.4910659790039
2026-01-12 01:00:00+00:00,71.6653060913086
2026-01-12 02:00:00+00:00,68.61257934570312
2026-01-12 03:00:00+00:00,67.39891052246094
2026-01-12 04:00:00+00:00,74.57643127441406
2026-01-12 05:00:00+00:00,90.84217834472656
2026-01-12 06:00:00+00:00,108.1995849609375
2026-01-12 07:00:00+00:00,119.83125305175781
2026-01-12 08:00:00+00:00,122.87510681152344
2026-01-12 09:00:00+00:00,121.21929168701172
2026-01-12 10:00:00+00:00,115.33318328857422
2026-01-12 11:00:00+00:00,111.80313873291016
2026-01-12 12:00:00+00:00,111.59835815429688
2026-01-12 13:00:00+00:00,113.46869659423828
2026-01-12 14:00:00+00:00,115.01972198486328
2026-01-12 15:00:00+00:00,111.68061828613281
2026-01-12 16:00:00+00:00,99.0799560546875
2026-01-12 17:00:00+00:00,94.4598617553711
2026-01-12 18:00:00+00:00,87.53815460205078
2026-01-12 19:00:00+00:00,82.1748046875
2026-01-12 20:00:00+00:00,73.8023681640625
2026-01-12 21:00:00+00:00,66.97068786621094
2026-01-12 22:00:00+00:00,62.433746337890625
2026-01-12 23:00:00+00:00,72.55621337890625
2026-01-13 00:00:00+00:00,82.5965576171875
2026-01-13 01:00:00+00:00,81.1595687866211
2026-01-13 02:00:00+00:00,79.3902816772461
2026-01-13 03:00:00+00:00,81.75891876220703
2026-01-13 04:00:00+00:00,89.17288208007812
2026-01-13 05:00:00+00:00,104.65436553955078
2026-01-13 06:00:00+00:00,127.82612609863281
2026-01-13 07:00:00+00:00,150.98989868164062
2026-01-13 08:00:00+00:00,163.22348022460938
2026-01-13 09:00:00+00:00,166.4039306640625
2026-01-13 10:00:00+00:00,164.7200927734375
2026-01-13 11:00:00+00:00,165.12059020996094
2026-01-13 12:00:00+00:00,163.39328002929688
2026-01-13 13:00:00+00:00,162.69021606445312
2026-01-13 14:00:00+00:00,162.06820678710938
2026-01-13 15:00:00+00:00,158.8819580078125
2026-01-13 16:00:00+00:00,156.30224609375
2026-01-13 17:00:00+00:00,143.56399536132812
2026-01-13 18:00:00+00:00,124.07192993164062
2026-01-13 19:00:00+00:00,106.6815414428711
2026-01-13 20:00:00+00:00,97.03643798828125
2026-01-13 21:00:00+00:00,90.07471466064453
2026-01-13 22:00:00+00:00,83.47749328613281
2026-01-13 23:00:00+00:00,80.59248352050781
2026-01-14 00:00:00+00:00,84.60519409179688
2026-01-14 01:00:00+00:00,84.27083587646484
2026-01-14 02:00:00+00:00,83.349609375
2026-01-14 03:00:00+00:00,83.87210083007812
2026-01-14 04:00:00+00:00,85.97698211669922
2026-01-14 05:00:00+00:00,90.2390365600586
2026-01-14 06:00:00+00:00,100.14203643798828
2026-01-14 07:00:00+00:00,116.85804748535156
2026-01-14 08:00:00+00:00,131.02642822265625
2026-01-14 09:00:00+00:00,137.59481811523438
2026-01-14 10:00:00+00:00,141.09205627441406
2026-01-14 11:00:00+00:00,147.11624145507812
2026-01-14 12:00:00+00:00,158.2858123779297
2026-01-14 13:00:00+00:00,178.32057189941406
2026-01-14 14:00:00+00:00,200.05186462402344
2026-01-14 15:00:00+00:00,212.6116943359375
2026-01-14 16:00:00+00:00,230.01687622070312
2026-01-14 17:00:00+00:00,231.22926330566406
2026-01-14 18:00:00+00:00,222.9883575439453
2026-01-14 19:00:00+00:00,208.3251953125
2026-01-14 20:00:00+00:00,193.373291015625
2026-01-14 21:00:00+00:00,176.30096435546875
2026-01-14 22:00:00+00:00,157.12216186523438
2026-01-14 23:00:00+00:00,140.47174072265625
2026-01-15 00:00:00+00:00,95.53968811035156
2026-01-15 01:00:00+00:00,90.59706115722656
2026-01-15 02:00:00+00:00,87.44903564453125
2026-01-15 03:00:00+00:00,86.44664764404297
2026-01-15 04:00:00+00:00,88.93775177001953
2026-01-15 05:00:00+00:00,96.42060089111328
2026-01-15 06:00:00+00:00,109.5220947265625
2026-01-15 07:00:00+00:00,127.1255874633789
2026-01-15 08:00:00+00:00,130.4298095703125
2026-01-15 09:00:00+00:00,124.65670776367188
2026-01-15 10:00:00+00:00,117.43881225585938
2026-01-15 11:00:00+00:00,113.37953186035156
2026-01-15 12:00:00+00:00,114.9542465209961
2026-01-15 13:00:00+00:00,123.1911849975586
2026-01-15 14:00:00+00:00,135.2281951904297
2026-01-15 15:00:00+00:00,144.3990478515625
2026-01-15 16:00:00+00:00,159.3531036376953
2026-01-15 17:00:00+00:00,140.66946411132812
2026-01-15 18:00:00+00:00,115.97767639160156
2026-01-15 19:00:00+00:00,98.25199127197266
2026-01-15 20:00:00+00:00,91.2049331665039
2026-01-15 21:00:00+00:00,86.51473236083984
2026-01-15 22:00:00+00:00,80.97462463378906
2026-01-15 23:00:00+00:00,79.82301330566406
2026-01-16 00:00:00+00:00,79.29640197753906
2026-01-16 01:00:00+00:00,77.13458251953125
2026-01-16 02:00:00+00:00,74.2304458618164
2026-01-16 03:00:00+00:00,74.52954864501953
2026-01-16 04:00:00+00:00,77.43888092041016
2026-01-16 05:00:00+00:00,81.72262573242188
2026-01-16 06:00:00+00:00,88.27082061767578
2026-01-16 07:00:00+00:00,93.978271484375
2026-01-16 08:00:00+00:00,94.58187103271484
2026-01-16 09:00:00+00:00,91.99105834960938
2026-01-16 10:00:00+00:00,90.38573455810547
2026-01-16 11:00:00+00:00,91.77531433105469
2026-01-16 12:00:00+00:00,97.4974365234375
2026-01-16 13:00:00+00:00,110.09333038330078
2026-01-16 14:00:00+00:00,129.8065643310547
2026-01-16 15:00:00+00:00,146.827392578125
2026-01-16 16:00:00+00:00,157.21630859375
2026-01-16 17:00:00+00:00,147.77081298828125
2026-01-16 18:00:00+00:00,132.9511260986328
2026-01-16 19:00:00+00:00,120.12301635742188
2026-01-16 20:00:00+00:00,110.95750427246094
2026-01-16 21:00:00+00:00,103.21852111816406
2026-01-16 22:00:00+00:00,97.19356536865234
2026-01-16 23:00:00+00:00,93.70736694335938
2026-01-17 00:00:00+00:00,96.09297180175781
2026-01-17 01:00:00+00:00,91.32493591308594
2026-01-17 02:00:00+00:00,88.66130828857422
2026-01-17 03:00:00+00:00,88.2282485961914
2026-01-17 04:00:00+00:00,90.64251708984375
2026-01-17 05:00:00+00:00,94.39029693603516
2026-01-17 06:00:00+00:00,100.03882598876953
2026-01-17 07:00:00+00:00,109.05866241455078
2026-01-17 08:00:00+00:00,111.09880828857422
2026-01-17 09:00:00+00:00,109.42044067382812
2026-01-17 10:00:00+00:00,105.67871856689453
2026-01-17 11:00:00+00:00,103.50662231445312
2026-01-17 12:00:00+00:00,103.93396759033203
2026-01-17 13:00:00+00:00,107.96837615966797
2026-01-17 14:00:00+00:00,116.66214752197266
2026-01-17 15:00:00+00:00,129.0623779296875
2026-01-17 16:00:00+00:00,137.57765197753906
2026-01-17 17:00:00+00:00,133.7339630126953
2026-01-17 18:00:00+00:00,124.31209564208984
2026-01-17 19:00:00+00:00,112.61534881591797
2026-01-17 20:00:00+00:00,104.05339813232422
2026-01-17 21:00:00+00:00,98.6692886352539
2026-01-17 22:00:00+00:00,93.74403381347656
2026-01-17 23:00:00+00:00,92.23661041259766
2026-01-18 00:00:00+00:00,104.21834564208984
2026-01-18 01:00:00+00:00,100.07233428955078
2026-01-18 02:00:00+00:00,96.50959014892578
2026-01-18 03:00:00+00:00,94.80055236816406
2026-01-18 04:00:00+00:00,94.11123657226562
2026-01-18 05:00:00+00:00,94.96736907958984
2026-01-18 06:00:00+00:00,97.8588638305664
2026-01-18 07:00:00+00:00,101.99835968017578
2026-01-18 08:00:00+00:00,105.61731719970703
2026-01-18 09:00:00+00:00,104.59272766113281
2026-01-18 10:00:00+00:00,102.45405578613281
2026-01-18 11:00:00+00:00,101.43234252929688
2026-01-18 12:00:00+00:00,101.27083587646484
2026-01-18 13:00:00+00:00,103.53913116455078
2026-01-18 14:00:00+00:00,110.10345458984375
2026-01-18 15:00:00+00:00,120.18511199951172
2026-01-18 16:00:00+00:00,133.62673950195312
2026-01-18 17:00:00+00:00,132.8101806640625
2026-01-18 18:00:00+00:00,126.75289154052734
2026-01-18 19:00:00+00:00,115.767822265625
2026-01-18 20:00:00+00:00,105.72595977783203
2026-01-18 21:00:00+00:00,101.01032257080078
2026-01-18 22:00:00+00:00,97.93505859375
2026-01-18 23:00:00+00:00,97.50471496582031
2026-01-19 00:00:00+00:00,98.0530776977539
2026-01-19 01:00:00+00:00,96.13699340820312
2026-01-19 02:00:00+00:00,94.97066497802734
2026-01-19 03:00:00+00:00,95.63722229003906
2026-01-19 04:00:00+00:00,99.50172424316406
2026-01-19 05:00:00+00:00,111.29862976074219
2026-01-19 06:00:00+00:00,129.2567138671875
2026-01-19 07:00:00+00:00,146.20376586914062
2026-01-19 08:00:00+00:00,145.63638305664062
2026-01-19 09:00:00+00:00,134.91766357421875
2026-01-19 10:00:00+00:00,125.89125061035156
2026-01-19 11:00:00+00:00,121.65483093261719
2026-01-19 12:00:00+00:00,121.04681396484375
2026-01-19 13:00:00+00:00,127.1201400756836
2026-01-19 14:00:00+00:00,141.2640838623047
2026-01-19 15:00:00+00:00,162.4272003173828
2026-01-19 16:00:00+00:00,178.13674926757812
2026-01-19 17:00:00+00:00,179.06700134277344
2026-01-19 18:00:00+00:00,163.33688354492188
2026-01-19 19:00:00+00:00,141.36805725097656
2026-01-19 20:00:00+00:00,127.92153930664062
2026-01-19 21:00:00+00:00,122.1917495727539
2026-01-19 22:00:00+00:00,114.62074279785156
2026-01-19 23:00:00+00:00,110.99879455566406
2026-01-20 00:00:00+00:00,114.5848388671875
2026-01-20 01:00:00+00:00,112.79035949707031
2026-01-20 02:00:00+00:00,110.530029296875
2026-01-20 03:00:00+00:00,111.34768676757812
2026-01-20 04:00:00+00:00,116.44341278076172
2026-01-20 05:00:00+00:00,134.03067016601562
2026-01-20 06:00:00+00:00,157.97720336914062
2026-01-20 07:00:00+00:00,170.85011291503906
2026-01-20 08:00:00+00:00,164.54344177246094
2026-01-20 09:00:00+00:00,143.20465087890625
2026-01-20 10:00:00+00:00,127.07774353027344
2026-01-20 11:00:00+00:00,121.1812744140625
2026-01-20 12:00:00+00:00,124.13395690917969
2026-01-20 13:00:00+00:00,139.97564697265625
2026-01-20 14:00:00+00:00,165.08538818359375
2026-01-20 15:00:00+00:00,187.9857177734375
2026-01-20 16:00:00+00:00,196.9635009765625
2026-01-20 17:00:00+00:00,187.7125701904297
2026-01-20 18:00:00+00:00,166.55001831054688
2026-01-20 19:00:00+00:00,143.29083251953125
2026-01-20 20:00:00+00:00,126.65377044677734
2026-01-20 21:00:00+00:00,117.71874237060547
2026-01-20 22:00:00+00:00,110.90440368652344
2026-01-20 23:00:00+00:00,109.8742904663086
2026-01-21 00:00:00+00:00,100.19852447509766
2026-01-21 01:00:00+00:00,98.03099822998047
2026-01-21 02:00:00+00:00,96.72451782226562
2026-01-21 03:00:00+00:00,97.39500427246094
2026-01-21 04:00:00+00:00,103.79816436767578
2026-01-21 05:00:00+00:00,127.53439331054688
2026-01-21 06:00:00+00:00,154.40956115722656
2026-01-21 07:00:00+00:00,159.71714782714844
2026-01-21 08:00:00+00:00,140.2046661376953
2026-01-21 09:00:00+00:00,113.95026397705078
2026-01-21 10:00:00+00:00,100.61223602294922
2026-01-21 11:00:00+00:00,96.88709259033203
2026-01-21 12:00:00+00:00,98.64659881591797
2026-01-21 13:00:00+00:00,111.0489730834961
2026-01-21 14:00:00+00:00,134.67486572265625
2026-01-21 15:00:00+00:00,159.5601806640625
2026-01-21 16:00:00+00:00,159.9243621826172
2026-01-21 17:00:00+00:00,145.26345825195312
2026-01-21 18:00:00+00:00,130.106689453125
2026-01-21 19:00:00+00:00,114.42449951171875
2026-01-21 20:00:00+00:00,103.20919036865234
2026-01-21 21:00:00+00:00,95.3412094116211
2026-01-21 22:00:00+00:00,88.81591033935547
2026-01-21 23:00:00+00:00,86.49826049804688
2026-01-22 00:00:00+00:00,88.4268798828125
2026-01-22 01:00:00+00:00,85.91443634033203
2026-01-22 02:00:00+00:00,84.45436096191406
2026-01-22 03:00:00+00:00,84.41764068603516
2026-01-22 04:00:00+00:00,87.64281463623047
2026-01-22 05:00:00+00:00,96.55388641357422
2026-01-22 06:00:00+00:00,112.28584289550781
2026-01-22 07:00:00+00:00,120.99028015136719
2026-01-22 08:00:00+00:00,115.73207092285156
2026-01-22 09:00:00+00:00,101.21053314208984
2026-01-22 10:00:00+00:00,91.06794738769531
2026-01-22 11:00:00+00:00,87.79095458984375
2026-01-22 12:00:00+00:00,89.14414978027344
2026-01-22 13:00:00+00:00,95.83027648925781
2026-01-22 14:00:00+00:00,111.16956329345703
2026-01-22 15:00:00+00:00,126.18499755859375
2026-01-22 16:00:00+00:00,132.749755859375
2026-01-22 17:00:00+00:00,127.07637023925781
2026-01-22 18:00:00+00:00,116.35697174072266
2026-01-22 19:00:00+00:00,105.46662139892578
2026-01-22 20:00:00+00:00,100.12294006347656
2026-01-22 21:00:00+00:00,97.27826690673828
2026-01-22 22:00:00+00:00,92.48738098144531
2026-01-22 23:00:00+00:00,88.82557678222656
2026-01-23 00:00:00+00:00,93.32838439941406
2026-01-23 01:00:00+00:00,90.43354797363281
2026-01-23 02:00:00+00:00,89.42277526855469
2026-01-23 03:00:00+00:00,89.23577117919922
2026-01-23 04:00:00+00:00,90.67290496826172
2026-01-23 05:00:00+00:00,97.89905548095703
2026-01-23 06:00:00+00:00,116.6330337524414
2026-01-23 07:00:00+00:00,125.08844757080078
2026-01-23 08:00:00+00:00,114.91610717773438
2026-01-23 09:00:00+00:00,99.40602111816406
2026-01-23 10:00:00+00:00,90.74932098388672
2026-01-23 11:00:00+00:00,88.55827331542969
2026-01-23 12:00:00+00:00,89.62030792236328
2026-01-23 13:00:00+00:00,94.91648864746094
2026-01-23 14:00:00+00:00,106.92096710205078
2026-01-23 15:00:00+00:00,120.04051971435547
2026-01-23 16:00:00+00:00,122.2699966430664
2026-01-23 17:00:00+00:00,120.31365203857422
2026-01-23 18:00:00+00:00,112.99185943603516
2026-01-23 19:00:00+00:00,102.76932525634766
2026-01-23 20:00:00+00:00,98.72498321533203
2026-01-23 21:00:00+00:00,97.1286392211914
2026-01-23 22:00:00+00:00,94.18470001220703
2026-01-23 23:00:00+00:00,93.29512786865234
2026-01-24 00:00:00+00:00,98.43895721435547
2026-01-24 01:00:00+00:00,97.2931900024414
2026-01-24 02:00:00+00:00,95.81752014160156
2026-01-24 03:00:00+00:00,95.16096496582031
2026-01-24 04:00:00+00:00,94.67340087890625
2026-01-24 05:00:00+00:00,96.27592468261719
2026-01-24 06:00:00+00:00,102.82054138183594
2026-01-24 07:00:00+00:00,110.11876678466797
2026-01-24 08:00:00+00:00,109.6092300415039
2026-01-24 09:00:00+00:00,102.97633361816406
2026-01-24 10:00:00+00:00,98.02458190917969
2026-01-24 11:00:00+00:00,95.74024963378906
2026-01-24 12:00:00+00:00,94.7124252319336
2026-01-24 13:00:00+00:00,96.79379272460938
2026-01-24 14:00:00+00:00,104.05358123779297
2026-01-24 15:00:00+00:00,115.25919342041016
2026-01-24 16:00:00+00:00,126.1354751586914
2026-01-24 17:00:00+00:00,126.12793731689453
2026-01-24 18:00:00+00:00,119.69912719726562
2026-01-24 19:00:00+00:00,109.9438705444336
2026-01-24 20:00:00+00:00,104.36390686035156
2026-01-24 21:00:00+00:00,102.1019515991211
2026-01-24 22:00:00+00:00,99.50140380859375
2026-01-24 23:00:00+00:00,99.38526916503906
2026-01-25 00:00:00+00:00,100.37090301513672
2026-01-25 01:00:00+00:00,98.42859649658203
2026-01-25 02:00:00+00:00,96.36548614501953
2026-01-25 03:00:00+00:00,95.54739379882812
2026-01-25 04:00:00+00:00,94.96843719482422
2026-01-25 05:00:00+00:00,94.85709381103516
2026-01-25 06:00:00+00:00,97.04981994628906
2026-01-25 07:00:00+00:00,102.58045959472656
2026-01-25 08:00:00+00:00,108.97362518310547
2026-01-25 09:00:00+00:00,108.9072494506836
2026-01-25 10:00:00+00:00,104.73312377929688
2026-01-25 11:00:00+00:00,102.3094253540039
2026-01-25 12:00:00+00:00,100.15885162353516
2026-01-25 13:00:00+00:00,99.9944076538086
2026-01-25 14:00:00+00:00,103.07628631591797
2026-01-25 15:00:00+00:00,111.19850158691406
2026-01-25 16:00:00+00:00,125.88910675048828
2026-01-25 17:00:00+00:00,128.5278778076172
2026-01-25 18:00:00+00:00,122.86392211914062
2026-01-25 19:00:00+00:00,114.08431243896484
2026-01-25 20:00:00+00:00,108.01219940185547
2026-01-25 21:00:00+00:00,104.06285095214844
2026-01-25 22:00:00+00:00,98.97843170166016
2026-01-25 23:00:00+00:00,96.17765808105469
2026-01-26 00:00:00+00:00,101.7950439453125
2026-01-26 01:00:00+00:00,98.9791030883789
2026-01-26 02:00:00+00:00,96.82171630859375
2026-01-26 03:00:00+00:00,96.27555084228516
2026-01-26 04:00:00+00:00,99.96231079101562
2026-01-26 05:00:00+00:00,112.436279296875
2026-01-26 06:00:00+00:00,132.50218200683594
2026-01-26 07:00:00+00:00,148.5667266845703
2026-01-26 08:00:00+00:00,152.28561401367188
2026-01-26 09:00:00+00:00,145.34764099121094
2026-01-26 10:00:00+00:00,138.10092163085938
2026-01-26 11:00:00+00:00,134.82667541503906
2026-01-26 12:00:00+00:00,133.31829833984375
2026-01-26 13:00:00+00:00,135.81297302246094
2026-01-26 14:00:00+00:00,143.05682373046875
2026-01-26 15:00:00+00:00,150.53050231933594
2026-01-26 16:00:00+00:00,177.73046875
2026-01-26 17:00:00+00:00,175.38418579101562
2026-01-26 18:00:00+00:00,162.9015655517578
2026-01-26 19:00:00+00:00,145.97308349609375
2026-01-26 20:00:00+00:00,133.3433837890625
2026-01-26 21:00:00+00:00,123.97425842285156
2026-01-26 22:00:00+00:00,115.31836700439453
2026-01-26 23:00:00+00:00,115.14551544189453
2026-01-27 00:00:00+00:00,115.89755249023438
2026-01-27 01:00:00+00:00,112.75576782226562
2026-01-27 02:00:00+00:00,110.9264144897461
2026-01-27 03:00:00+00:00,111.00785064697266
2026-01-27 04:00:00+00:00,114.04755401611328
2026-01-27 05:00:00+00:00,129.2156524658203
2026-01-27 06:00:00+00:00,156.29183959960938
2026-01-27 07:00:00+00:00,171.4178009033203
2026-01-27 08:00:00+00:00,167.17153930664062
2026-01-27 09:00:00+00:00,151.05307006835938
2026-01-27 10:00:00+00:00,136.98226928710938
2026-01-27 11:00:00+00:00,128.18809509277344
2026-01-27 12:00:00+00:00,124.48703002929688
2026-01-27 13:00:00+00:00,125.8252944946289
2026-01-27 14:00:00+00:00,130.79188537597656
2026-01-27 15:00:00+00:00,136.8740692138672
2026-01-27 16:00:00+00:00,147.28329467773438
2026-01-27 17:00:00+00:00,145.2124481201172
2026-01-27 18:00:00+00:00,136.21531677246094
2026-01-27 19:00:00+00:00,123.88912200927734
2026-01-27 20:00:00+00:00,115.36750793457031
2026-01-27 21:00:00+00:00,109.79419708251953
2026-01-27 22:00:00+00:00,103.8997573852539
2026-01-27 23:00:00+00:00,102.48129272460938
2026-01-28 00:00:00+00:00,103.46772003173828
2026-01-28 01:00:00+00:00,102.2356185913086
2026-01-28 02:00:00+00:00,101.65687561035156
2026-01-28 03:00:00+00:00,101.8740005493164
2026-01-28 04:00:00+00:00,103.89100646972656
2026-01-28 05:00:00+00:00,113.6948471069336
2026-01-28 06:00:00+00:00,134.03561401367188
2026-01-28 07:00:00+00:00,148.52462768554688
2026-01-28 08:00:00+00:00,148.15774536132812
2026-01-28 09:00:00+00:00,136.1510772705078
2026-01-28 10:00:00+00:00,126.10291290283203
2026-01-28 11:00:00+00:00,118.81854248046875
2026-01-28 12:00:00+00:00,116.0482406616211
2026-01-28 13:00:00+00:00,119.75064849853516
2026-01-28 14:00:00+00:00,126.5461654663086
2026-01-28 15:00:00+00:00,133.51321411132812
2026-01-28 16:00:00+00:00,141.06246948242188
2026-01-28 17:00:00+00:00,137.87606811523438
2026-01-28 18:00:00+00:00,130.5303955078125
2026-01-28 19:00:00+00:00,119.76387023925781
2026-01-28 20:00:00+00:00,114.69126892089844
2026-01-28 21:00:00+00:00,111.54088592529297
2026-01-28 22:00:00+00:00,106.63261413574219
2026-01-28 23:00:00+00:00,104.25531768798828
2026-01-29 00:00:00+00:00,102.77024841308594
2026-01-29 01:00:00+00:00,102.1695327758789
2026-01-29 02:00:00+00:00,102.16407012939453
2026-01-29 03:00:00+00:00,102.39354705810547
2026-01-29 04:00:00+00:00,104.2763671875
2026-01-29 05:00:00+00:00,115.34992980957031
2026-01-29 06:00:00+00:00,141.70054626464844
2026-01-29 07:00:00+00:00,164.1216583251953
2026-01-29 08:00:00+00:00,167.265380859375
2026-01-29 09:00:00+00:00,163.12191772460938
2026-01-29 10:00:00+00:00,155.3650665283203
2026-01-29 11:00:00+00:00,148.389404296875
2026-01-29 12:00:00+00:00,143.51837158203125
2026-01-29 13:00:00+00:00,144.76327514648438
2026-01-29 14:00:00+00:00,150.62472534179688
2026-01-29 15:00:00+00:00,157.87648010253906
2026-01-29 16:00:00+00:00,170.6042938232422
2026-01-29 17:00:00+00:00,166.08135986328125
2026-01-29 18:00:00+00:00,153.43382263183594
2026-01-29 19:00:00+00:00,134.30886840820312
2026-01-29 20:00:00+00:00,123.49879455566406
2026-01-29 21:00:00+00:00,116.76335144042969
2026-01-29 22:00:00+00:00,111.17786407470703
2026-01-29 23:00:00+00:00,108.22056579589844
2026-01-30 00:00:00+00:00,106.89643859863281
2026-01-30 01:00:00+00:00,104.6085433959961
2026-01-30 02:00:00+00:00,103.24645233154297
2026-01-30 03:00:00+00:00,103.153076171875
2026-01-30 04:00:00+00:00,104.88316345214844
2026-01-30 05:00:00+00:00,113.82105255126953
2026-01-30 06:00:00+00:00,138.65289306640625
2026-01-30 07:00:00+00:00,156.39373779296875
2026-01-30 08:00:00+00:00,159.10377502441406
2026-01-30 09:00:00+00:00,150.14422607421875
2026-01-30 10:00:00+00:00,138.59487915039062
2026-01-30 11:00:00+00:00,129.09701538085938
2026-01-30 12:00:00+00:00,122.69328308105469
2026-01-30 13:00:00+00:00,122.63021850585938
2026-01-30 14:00:00+00:00,126.70706176757812
2026-01-30 15:00:00+00:00,131.66696166992188
2026-01-30 16:00:00+00:00,140.41749572753906
2026-01-30 17:00:00+00:00,137.4244384765625
2026-01-30 18:00:00+00:00,128.8592529296875
2026-01-30 19:00:00+00:00,116.91179656982422
2026-01-30 20:00:00+00:00,109.67237091064453
2026-01-30 21:00:00+00:00,106.85624694824219
2026-01-30 22:00:00+00:00,103.04515838623047
2026-01-30 23:00:00+00:00,102.5700912475586
2026-01-31 00:00:00+00:00,96.68911743164062
2026-01-31 01:00:00+00:00,94.87008666992188
2026-01-31 02:00:00+00:00,92.94621276855469
2026-01-31 03:00:00+00:00,92.23030090332031
2026-01-31 04:00:00+00:00,92.97242736816406
2026-01-31 05:00:00+00:00,94.44099426269531
2026-01-31 06:00:00+00:00,99.21512603759766
2026-01-31 07:00:00+00:00,106.74372863769531
2026-01-31 08:00:00+00:00,113.2297592163086
2026-01-31 09:00:00+00:00,112.35293579101562
2026-01-31 10:00:00+00:00,108.41130828857422
2026-01-31 11:00:00+00:00,105.80470275878906
2026-01-31 12:00:00+00:00,103.8338851928711
2026-01-31 13:00:00+00:00,105.14254760742188
2026-01-31 14:00:00+00:00,111.1915283203125
2026-01-31 15:00:00+00:00,121.18441009521484
2026-01-31 16:00:00+00:00,130.40426635742188
2026-01-31 17:00:00+00:00,128.7496337890625
2026-01-31 18:00:00+00:00,121.45244598388672
2026-01-31 19:00:00+00:00,112.45230865478516
2026-01-31 20:00:00+00:00,106.69058227539062
2026-01-31 21:00:00+00:00,105.39392852783203
2026-01-31 22:00:00+00:00,101.54242706298828
2026-01-31 23:00:00+00:00,101.28156280517578
2026-02-01 00:00:00+00:00,97.48454284667969
2026-02-01 01:00:00+00:00,96.75960540771484
2026-02-01 02:00:00+00:00,96.4360580444336
2026-02-01 03:00:00+00:00,96.05908203125
2026-02-01 04:00:00+00:00,95.82182312011719
2026-02-01 05:00:00+00:00,95.64364624023438
2026-02-01 06:00:00+00:00,97.16028594970703
2026-02-01 07:00:00+00:00,101.32811737060547
2026-02-01 08:00:00+00:00,105.55597686767578
2026-02-01 09:00:00+00:00,107.30899810791016
2026-02-01 10:00:00+00:00,106.88058471679688
2026-02-01 11:00:00+00:00,105.42826843261719
2026-02-01 12:00:00+00:00,103.4471664428711
2026-02-01 13:00:00+00:00,103.34652709960938
2026-02-01 14:00:00+00:00,105.72318267822266
2026-02-01 15:00:00+00:00,113.21784210205078
2026-02-01 16:00:00+00:00,125.0296859741211
2026-02-01 17:00:00+00:00,127.33191680908203
2026-02-01 18:00:00+00:00,122.6884994506836
2026-02-01 19:00:00+00:00,114.1723861694336
2026-02-01 20:00:00+00:00,107.8197250366211
2026-02-01 21:00:00+00:00,104.82184600830078
2026-02-01 22:00:00+00:00,98.64360046386719
2026-02-01 23:00:00+00:00,95.41920471191406
2026-02-02 00:00:00+00:00,96.30221557617188
2026-02-02 01:00:00+00:00,94.5271987915039
2026-02-02 02:00:00+00:00,93.09440612792969
2026-02-02 03:00:00+00:00,92.3405990600586
2026-02-02 04:00:00+00:00,93.9605712890625
2026-02-02 05:00:00+00:00,107.60279846191406
2026-02-02 06:00:00+00:00,137.74160766601562
2026-02-02 07:00:00+00:00,152.50552368164062
2026-02-02 08:00:00+00:00,146.11773681640625
2026-02-02 09:00:00+00:00,129.4870147705078
2026-02-02 10:00:00+00:00,117.05286407470703
2026-02-02 11:00:00+00:00,109.80480194091797
2026-02-02 12:00:00+00:00,107.33348846435547
2026-02-02 13:00:00+00:00,110.40821838378906
2026-02-02 14:00:00+00:00,119.88623046875
2026-02-02 15:00:00+00:00,130.49472045898438
2026-02-02 16:00:00+00:00,138.00967407226562
2026-02-02 17:00:00+00:00,136.55181884765625
2026-02-02 18:00:00+00:00,127.04010772705078
2026-02-02 19:00:00+00:00,113.22696685791016
2026-02-02 20:00:00+00:00,105.34690856933594
2026-02-02 21:00:00+00:00,101.22557067871094
2026-02-02 22:00:00+00:00,96.34635925292969
2026-02-02 23:00:00+00:00,94.85782623291016
2026-02-03 00:00:00+00:00,91.96337890625
2026-02-03 01:00:00+00:00,90.22927856445312
2026-02-03 02:00:00+00:00,88.17485046386719
2026-02-03 03:00:00+00:00,87.10243225097656
2026-02-03 04:00:00+00:00,88.17583465576172
2026-02-03 05:00:00+00:00,93.60411834716797
2026-02-03 06:00:00+00:00,108.48023223876953
2026-02-03 07:00:00+00:00,120.31358337402344
2026-02-03 08:00:00+00:00,119.19047546386719
2026-02-03 09:00:00+00:00,108.04463958740234
2026-02-03 10:00:00+00:00,99.61613464355469
2026-02-03 11:00:00+00:00,95.18490600585938
2026-02-03 12:00:00+00:00,93.71765899658203
2026-02-03 13:00:00+00:00,95.71192932128906
2026-02-03 14:00:00+00:00,101.6799087524414
2026-02-03 15:00:00+00:00,110.60628509521484
2026-02-03 16:00:00+00:00,119.4579086303711
2026-02-03 17:00:00+00:00,120.39225006103516
2026-02-03 18:00:00+00:00,113.5031967163086
2026-02-03 19:00:00+00:00,106.05033874511719
2026-02-03 20:00:00+00:00,101.87745666503906
2026-02-03 21:00:00+00:00,99.71170806884766
2026-02-03 22:00:00+00:00,95.09657287597656
2026-02-03 23:00:00+00:00,94.4581298828125
2026-02-04 00:00:00+00:00,95.26764678955078
2026-02-04 01:00:00+00:00,94.37358093261719
2026-02-04 02:00:00+00:00,93.3397216796875
2026-02-04 03:00:00+00:00,93.43445587158203
2026-02-04 04:00:00+00:00,96.24629974365234
2026-02-04 05:00:00+00:00,107.70516967773438
2026-02-04 06:00:00+00:00,129.0218505859375
2026-02-04 07:00:00+00:00,142.01344299316406
2026-02-04 08:00:00+00:00,137.37374877929688
2026-02-04 09:00:00+00:00,122.79759979248047
2026-02-04 10:00:00+00:00,111.25689697265625
2026-02-04 11:00:00+00:00,106.72047424316406
2026-02-04 12:00:00+00:00,105.81962585449219
2026-02-04 13:00:00+00:00,109.09952545166016
2026-02-04 14:00:00+00:00,118.53181457519531
2026-02-04 15:00:00+00:00,128.54788208007812
2026-02-04 16:00:00+00:00,138.35877990722656
2026-02-04 17:00:00+00:00,136.35931396484375
2026-02-04 18:00:00+00:00,127.12108612060547
2026-02-04 19:00:00+00:00,113.62184143066406
2026-02-04 20:00:00+00:00,106.6880874633789
2026-02-04 21:00:00+00:00,103.92698669433594
2026-02-04 22:00:00+00:00,98.78114318847656
2026-02-04 23:00:00+00:00,96.71926879882812
2026-02-05 00:00:00+00:00,91.74864196777344
2026-02-05 01:00:00+00:00,90.83210754394531
2026-02-05 02:00:00+00:00,90.33072662353516
2026-02-05 03:00:00+00:00,90.53269958496094
2026-02-05 04:00:00+00:00,92.52590942382812
2026-02-05 05:00:00+00:00,101.82276916503906
2026-02-05 06:00:00+00:00,123.68342590332031
2026-02-05 07:00:00+00:00,135.5983428955078
2026-02-05 08:00:00+00:00,129.04931640625
2026-02-05 09:00:00+00:00,111.01405334472656
2026-02-05 10:00:00+00:00,100.1719741821289
2026-02-05 11:00:00+00:00,96.82539367675781
2026-02-05 12:00:00+00:00,96.73126983642578
2026-02-05 13:00:00+00:00,102.03897094726562
2026-02-05 14:00:00+00:00,114.0479507446289
2026-02-05 15:00:00+00:00,129.95358276367188
2026-02-05 16:00:00+00:00,139.5163116455078
2026-02-05 17:00:00+00:00,134.2565155029297
2026-02-05 18:00:00+00:00,123.48697662353516
2026-02-05 19:00:00+00:00,110.32780456542969
2026-02-05 20:00:00+00:00,105.74697875976562
2026-02-05 21:00:00+00:00,102.88325500488281
2026-02-05 22:00:00+00:00,98.54244995117188
2026-02-05 23:00:00+00:00,97.90222930908203
2026-02-06 00:00:00+00:00,98.84835052490234
2026-02-06 01:00:00+00:00,97.93952178955078
2026-02-06 02:00:00+00:00,97.70549774169922
2026-02-06 03:00:00+00:00,98.2575912475586
2026-02-06 04:00:00+00:00,100.75721740722656
2026-02-06 05:00:00+00:00,110.65027618408203
2026-02-06 06:00:00+00:00,130.591552734375
2026-02-06 07:00:00+00:00,142.81527709960938
2026-02-06 08:00:00+00:00,143.203857421875
2026-02-06 09:00:00+00:00,139.59585571289062
2026-02-06 10:00:00+00:00,134.6605224609375
2026-02-06 11:00:00+00:00,130.0189971923828
2026-02-06 12:00:00+00:00,126.55604553222656
2026-02-06 13:00:00+00:00,127.83509063720703
2026-02-06 14:00:00+00:00,132.82997131347656
2026-02-06 15:00:00+00:00,138.77381896972656
2026-02-06 16:00:00+00:00,148.63528442382812
2026-02-06 17:00:00+00:00,145.79689025878906
2026-02-06 18:00:00+00:00,138.13690185546875
2026-02-06 19:00:00+00:00,125.33409118652344
2026-02-06 20:00:00+00:00,115.25806427001953
2026-02-06 21:00:00+00:00,111.1818618774414
2026-02-06 22:00:00+00:00,105.42189025878906
2026-02-06 23:00:00+00:00,103.99539184570312
2026-02-07 00:00:00+00:00,100.1022720336914
2026-02-07 01:00:00+00:00,99.21784973144531
2026-02-07 02:00:00+00:00,98.66238403320312
2026-02-07 03:00:00+00:00,98.9478530883789
2026-02-07 04:00:00+00:00,100.39358520507812
2026-02-07 05:00:00+00:00,103.34818267822266
2026-02-07 06:00:00+00:00,111.41152954101562
2026-02-07 07:00:00+00:00,120.10147094726562
2026-02-07 08:00:00+00:00,123.99163055419922
2026-02-07 09:00:00+00:00,121.3022232055664
2026-02-07 10:00:00+00:00,116.05452728271484
2026-02-07 11:00:00+00:00,111.55487823486328
2026-02-07 12:00:00+00:00,109.73816680908203
2026-02-07 13:00:00+00:00,111.82587432861328
2026-02-07 14:00:00+00:00,118.1319808959961
2026-02-07 15:00:00+00:00,124.52057647705078
2026-02-07 16:00:00+00:00,135.42214965820312
2026-02-07 17:00:00+00:00,131.92922973632812
2026-02-07 18:00:00+00:00,123.91017150878906
2026-02-07 19:00:00+00:00,113.3642807006836
2026-02-07 20:00:00+00:00,107.26297760009766
2026-02-07 21:00:00+00:00,104.37854766845703
2026-02-07 22:00:00+00:00,100.6644058227539
2026-02-07 23:00:00+00:00,98.94953155517578
2026-02-08 00:00:00+00:00,100.09923553466797
2026-02-08 01:00:00+00:00,99.53185272216797
2026-02-08 02:00:00+00:00,98.90284729003906
2026-02-08 03:00:00+00:00,97.86741638183594
2026-02-08 04:00:00+00:00,97.4949951171875
2026-02-08 05:00:00+00:00,97.4091567993164
2026-02-08 06:00:00+00:00,99.6738510131836
2026-02-08 07:00:00+00:00,104.30271911621094
2026-02-08 08:00:00+00:00,109.09004974365234
2026-02-08 09:00:00+00:00,109.59234619140625
2026-02-08 10:00:00+00:00,107.58621978759766
2026-02-08 11:00:00+00:00,104.66500091552734
2026-02-08 12:00:00+00:00,102.14006042480469
2026-02-08 13:00:00+00:00,102.3066177368164
2026-02-08 14:00:00+00:00,105.55248260498047
2026-02-08 15:00:00+00:00,114.1371078491211
2026-02-08 16:00:00+00:00,125.28971862792969
2026-02-08 17:00:00+00:00,128.32249450683594
2026-02-08 18:00:00+00:00,123.46234893798828
2026-02-08 19:00:00+00:00,114.24959564208984
2026-02-08 20:00:00+00:00,108.02474212646484
2026-02-08 21:00:00+00:00,105.96382141113281
2026-02-08 22:00:00+00:00,101.04885864257812
2026-02-08 23:00:00+00:00,98.8829345703125
2026-02-09 00:00:00+00:00,95.94965362548828
2026-02-09 01:00:00+00:00,94.62084197998047
2026-02-09 02:00:00+00:00,93.83757019042969
2026-02-09 03:00:00+00:00,93.4331283569336
2026-02-09 04:00:00+00:00,96.78972625732422
2026-02-09 05:00:00+00:00,113.83338165283203
2026-02-09 06:00:00+00:00,140.05133056640625
2026-02-09 07:00:00+00:00,151.63827514648438
2026-02-09 08:00:00+00:00,146.42486572265625
2026-02-09 09:00:00+00:00,133.4935302734375
2026-02-09 10:00:00+00:00,123.10073852539062
2026-02-09 11:00:00+00:00,116.73567962646484
2026-02-09 12:00:00+00:00,116.3896255493164
2026-02-09 13:00:00+00:00,123.3563003540039
2026-02-09 14:00:00+00:00,136.26898193359375
2026-02-09 15:00:00+00:00,146.5278778076172
2026-02-09 16:00:00+00:00,155.4910888671875
2026-02-09 17:00:00+00:00,152.59071350097656
2026-02-09 18:00:00+00:00,140.42201232910156
2026-02-09 19:00:00+00:00,124.58939361572266
2026-02-09 20:00:00+00:00,113.98409271240234
2026-02-09 21:00:00+00:00,107.3631362915039
2026-02-09 22:00:00+00:00,101.24864196777344
2026-02-09 23:00:00+00:00,100.45069122314453
2026-02-10 00:00:00+00:00,102.96471405029297
2026-02-10 01:00:00+00:00,101.74065399169922
2026-02-10 02:00:00+00:00,101.30867004394531
2026-02-10 03:00:00+00:00,101.63199615478516
2026-02-10 04:00:00+00:00,106.12319946289062
2026-02-10 05:00:00+00:00,128.9933319091797
2026-02-10 06:00:00+00:00,163.22317504882812
2026-02-10 07:00:00+00:00,174.4378204345703
2026-02-10 08:00:00+00:00,151.5870361328125
2026-02-10 09:00:00+00:00,125.543212890625
2026-02-10 10:00:00+00:00,110.30343627929688
2026-02-10 11:00:00+00:00,106.99646759033203
2026-02-10 12:00:00+00:00,109.0338134765625
2026-02-10 13:00:00+00:00,120.68649291992188
2026-02-10 14:00:00+00:00,138.7528839111328
2026-02-10 15:00:00+00:00,157.97763061523438
2026-02-10 16:00:00+00:00,166.58302307128906
2026-02-10 17:00:00+00:00,157.08917236328125
2026-02-10 18:00:00+00:00,140.9545440673828
2026-02-10 19:00:00+00:00,122.13972473144531
2026-02-10 20:00:00+00:00,112.6821060180664
2026-02-10 21:00:00+00:00,106.72427368164062
2026-02-10 22:00:00+00:00,100.69105529785156
2026-02-10 23:00:00+00:00,98.38655090332031
2026-02-11 00:00:00+00:00,95.0619888305664
2026-02-11 01:00:00+00:00,93.9217529296875
2026-02-11 02:00:00+00:00,92.73390197753906
2026-02-11 03:00:00+00:00,92.48377990722656
2026-02-11 04:00:00+00:00,93.25447082519531
2026-02-11 05:00:00+00:00,101.53874969482422
2026-02-11 06:00:00+00:00,119.70587158203125
2026-02-11 07:00:00+00:00,131.8228759765625
2026-02-11 08:00:00+00:00,127.96681213378906
2026-02-11 09:00:00+00:00,117.54248809814453
2026-02-11 10:00:00+00:00,109.58275604248047
2026-02-11 11:00:00+00:00,105.16307830810547
2026-02-11 12:00:00+00:00,104.14080810546875
2026-02-11 13:00:00+00:00,107.35176086425781
2026-02-11 14:00:00+00:00,116.11505889892578
2026-02-11 15:00:00+00:00,124.16705322265625
2026-02-11 16:00:00+00:00,131.91647338867188
2026-02-11 17:00:00+00:00,128.62225341796875
2026-02-11 18:00:00+00:00,119.01168823242188
2026-02-11 19:00:00+00:00,107.77306365966797
2026-02-11 20:00:00+00:00,101.34565734863281
2026-02-11 21:00:00+00:00,98.12943267822266
2026-02-11 22:00:00+00:00,93.60763549804688
2026-02-11 23:00:00+00:00,92.40544128417969
2026-02-12 00:00:00+00:00,88.3203353881836
2026-02-12 01:00:00+00:00,87.47301483154297
2026-02-12 02:00:00+00:00,87.31103515625
2026-02-12 03:00:00+00:00,87.25845336914062
2026-02-12 04:00:00+00:00,89.5875015258789
2026-02-12 05:00:00+00:00,97.17149353027344
2026-02-12 06:00:00+00:00,110.16224670410156
2026-02-12 07:00:00+00:00,119.59290313720703
2026-02-12 08:00:00+00:00,120.09895324707031
2026-02-12 09:00:00+00:00,116.15950012207031
2026-02-12 10:00:00+00:00,111.64747619628906
2026-02-12 11:00:00+00:00,106.10001373291016
2026-02-12 12:00:00+00:00,104.91295623779297
2026-02-12 13:00:00+00:00,106.69824981689453
2026-02-12 14:00:00+00:00,112.17536926269531
2026-02-12 15:00:00+00:00,118.06209564208984
2026-02-12 16:00:00+00:00,126.28777313232422
2026-02-12 17:00:00+00:00,124.77505493164062
2026-02-12 18:00:00+00:00,116.31748962402344
2026-02-12 19:00:00+00:00,106.33682250976562
2026-02-12 20:00:00+00:00,101.04756164550781
2026-02-12 21:00:00+00:00,98.16027069091797
2026-02-12 22:00:00+00:00,92.81482696533203
2026-02-12 23:00:00+00:00,89.62369537353516
2026-02-13 00:00:00+00:00,82.62750244140625
2026-02-13 01:00:00+00:00,81.87049102783203
2026-02-13 02:00:00+00:00,82.1681900024414
2026-02-13 03:00:00+00:00,83.2769546508789
2026-02-13 04:00:00+00:00,87.11017608642578
2026-02-13 05:00:00+00:00,97.23091888427734
2026-02-13 06:00:00+00:00,112.66108703613281
2026-02-13 07:00:00+00:00,122.44709777832031
2026-02-13 08:00:00+00:00,119.90803527832031
2026-02-13 09:00:00+00:00,112.12332153320312
2026-02-13 10:00:00+00:00,106.3566665649414
2026-02-13 11:00:00+00:00,101.88029479980469
2026-02-13 12:00:00+00:00,102.02024841308594
2026-02-13 13:00:00+00:00,108.13227844238281
2026-02-13 14:00:00+00:00,120.75877380371094
2026-02-13 15:00:00+00:00,131.82533264160156
2026-02-13 16:00:00+00:00,143.15719604492188
2026-02-13 17:00:00+00:00,140.1289520263672
2026-02-13 18:00:00+00:00,130.9136505126953
2026-02-13 19:00:00+00:00,118.09809875488281
2026-02-13 20:00:00+00:00,110.78897857666016
2026-02-13 21:00:00+00:00,105.98457336425781
2026-02-13 22:00:00+00:00,99.81072998046875
2026-02-13 23:00:00+00:00,97.34963989257812
2026-02-14 00:00:00+00:00,96.64414978027344
2026-02-14 01:00:00+00:00,95.46674346923828
2026-02-14 02:00:00+00:00,94.5342025756836
2026-02-14 03:00:00+00:00,94.39968872070312
2026-02-14 04:00:00+00:00,95.04328918457031
2026-02-14 05:00:00+00:00,95.83061218261719
2026-02-14 06:00:00+00:00,98.72662353515625
2026-02-14 07:00:00+00:00,102.72882080078125
2026-02-14 08:00:00+00:00,105.71931457519531
2026-02-14 09:00:00+00:00,105.4107437133789
2026-02-14 10:00:00+00:00,103.2755355834961
2026-02-14 11:00:00+00:00,101.61261749267578
2026-02-14 12:00:00+00:00,100.78781127929688
2026-02-14 13:00:00+00:00,101.88574981689453
2026-02-14 14:00:00+00:00,106.69845581054688
2026-02-14 15:00:00+00:00,114.58431243896484
2026-02-14 16:00:00+00:00,128.61932373046875
2026-02-14 17:00:00+00:00,130.56199645996094
2026-02-14 18:00:00+00:00,126.46812438964844
2026-02-14 19:00:00+00:00,117.01034545898438
2026-02-14 20:00:00+00:00,110.80050659179688
2026-02-14 21:00:00+00:00,108.39395904541016
2026-02-14 22:00:00+00:00,105.22023010253906
2026-02-14 23:00:00+00:00,103.80533599853516
2026-02-15 00:00:00+00:00,97.79358673095703
2026-02-15 01:00:00+00:00,96.25547790527344
2026-02-15 02:00:00+00:00,94.6542739868164
2026-02-15 03:00:00+00:00,93.6513442993164
2026-02-15 04:00:00+00:00,92.78279113769531
2026-02-15 05:00:00+00:00,92.29444122314453
2026-02-15 06:00:00+00:00,93.68820190429688
2026-02-15 07:00:00+00:00,94.28040313720703
2026-02-15 08:00:00+00:00,90.96990203857422
2026-02-15 09:00:00+00:00,85.20331573486328
2026-02-15 10:00:00+00:00,80.736328125
2026-02-15 11:00:00+00:00,77.61430358886719
2026-02-15 12:00:00+00:00,76.43186950683594
2026-02-15 13:00:00+00:00,78.25453186035156
2026-02-15 14:00:00+00:00,84.71566772460938
2026-02-15 15:00:00+00:00,94.95155334472656
2026-02-15 16:00:00+00:00,106.54735565185547
2026-02-15 17:00:00+00:00,108.69437408447266
2026-02-15 18:00:00+00:00,102.40550231933594
2026-02-15 19:00:00+00:00,93.41812133789062
2026-02-15 20:00:00+00:00,88.36521911621094
2026-02-15 21:00:00+00:00,84.36749267578125
2026-02-15 22:00:00+00:00,79.63845825195312
2026-02-15 23:00:00+00:00,78.80291748046875
2026-02-16 00:00:00+00:00,72.09327697753906
2026-02-16 01:00:00+00:00,72.00260925292969
2026-02-16 02:00:00+00:00,71.84007263183594
2026-02-16 03:00:00+00:00,72.19654846191406
2026-02-16 04:00:00+00:00,75.12644958496094
2026-02-16 05:00:00+00:00,83.64898681640625
2026-02-16 06:00:00+00:00,98.76232147216797
2026-02-16 07:00:00+00:00,107.78194427490234
2026-02-16 08:00:00+00:00,106.43292236328125
2026-02-16 09:00:00+00:00,99.42279052734375
2026-02-16 10:00:00+00:00,93.4076156616211
2026-02-16 11:00:00+00:00,90.8756332397461
2026-02-16 12:00:00+00:00,91.32911682128906
2026-02-16 13:00:00+00:00,95.59606170654297
2026-02-16 14:00:00+00:00,106.56605529785156
2026-02-16 15:00:00+00:00,116.37393188476562
2026-02-16 16:00:00+00:00,128.14833068847656
2026-02-16 17:00:00+00:00,127.97319030761719
2026-02-16 18:00:00+00:00,120.75215148925781
2026-02-16 19:00:00+00:00,110.59622955322266
2026-02-16 20:00:00+00:00,104.296630859375
2026-02-16 21:00:00+00:00,100.12215423583984
2026-02-16 22:00:00+00:00,93.75835418701172
2026-02-16 23:00:00+00:00,92.4074478149414
2026-02-17 00:00:00+00:00,85.09101867675781
2026-02-17 01:00:00+00:00,85.35201263427734
2026-02-17 02:00:00+00:00,85.22476196289062
2026-02-17 03:00:00+00:00,86.01456451416016
2026-02-17 04:00:00+00:00,90.12430572509766
2026-02-17 05:00:00+00:00,101.8422622680664
2026-02-17 06:00:00+00:00,118.72007751464844
2026-02-17 07:00:00+00:00,127.27235412597656
2026-02-17 08:00:00+00:00,124.61589813232422
2026-02-17 09:00:00+00:00,117.4701919555664
2026-02-17 10:00:00+00:00,110.51477813720703
2026-02-17 11:00:00+00:00,102.67018127441406
2026-02-17 12:00:00+00:00,99.5485610961914
2026-02-17 13:00:00+00:00,101.28482055664062
2026-02-17 14:00:00+00:00,108.09406280517578
2026-02-17 15:00:00+00:00,114.53992462158203
2026-02-17 16:00:00+00:00,126.7136459350586
2026-02-17 17:00:00+00:00,125.90217590332031
2026-02-17 18:00:00+00:00,118.17658233642578
2026-02-17 19:00:00+00:00,106.89874267578125
2026-02-17 20:00:00+00:00,98.63700103759766
2026-02-17 21:00:00+00:00,93.56354522705078
2026-02-17 22:00:00+00:00,88.28656768798828
2026-02-17 23:00:00+00:00,87.44657897949219
2026-02-18 00:00:00+00:00,93.55561828613281
2026-02-18 01:00:00+00:00,93.15342712402344
2026-02-18 02:00:00+00:00,94.07994079589844
2026-02-18 03:00:00+00:00,95.2744369506836
2026-02-18 04:00:00+00:00,99.23770141601562
2026-02-18 05:00:00+00:00,110.84188079833984
2026-02-18 06:00:00+00:00,126.41472625732422
2026-02-18 07:00:00+00:00,131.2265167236328
2026-02-18 08:00:00+00:00,125.71350860595703
2026-02-18 09:00:00+00:00,114.3123550415039
2026-02-18 10:00:00+00:00,104.59515380859375
2026-02-18 11:00:00+00:00,97.49565124511719
2026-02-18 12:00:00+00:00,95.31825256347656
2026-02-18 13:00:00+00:00,97.51876068115234
2026-02-18 14:00:00+00:00,105.7533950805664
2026-02-18 15:00:00+00:00,114.61647033691406
2026-02-18 16:00:00+00:00,127.01689147949219
2026-02-18 17:00:00+00:00,126.95915985107422
2026-02-18 18:00:00+00:00,117.48877716064453
2026-02-18 19:00:00+00:00,104.61286163330078
2026-02-18 20:00:00+00:00,96.4637222290039
2026-02-18 21:00:00+00:00,90.37619018554688
2026-02-18 22:00:00+00:00,84.40809631347656
2026-02-18 23:00:00+00:00,81.90411376953125
2026-02-19 00:00:00+00:00,81.54022216796875
2026-02-19 01:00:00+00:00,79.14031982421875
2026-02-19 02:00:00+00:00,77.0843505859375
2026-02-19 03:00:00+00:00,76.68827819824219
2026-02-19 04:00:00+00:00,79.3094711303711
2026-02-19 05:00:00+00:00,88.02130126953125
2026-02-19 06:00:00+00:00,100.81783294677734
2026-02-19 07:00:00+00:00,108.8315200805664
2026-02-19 08:00:00+00:00,106.8060073852539
2026-02-19 09:00:00+00:00,98.19940948486328
2026-02-19 10:00:00+00:00,90.46495819091797
2026-02-19 11:00:00+00:00,85.76580047607422
2026-02-19 12:00:00+00:00,84.4767074584961
2026-02-19 13:00:00+00:00,86.89625549316406
2026-02-19 14:00:00+00:00,95.20948791503906
2026-02-19 15:00:00+00:00,105.45289611816406
2026-02-19 16:00:00+00:00,118.41297149658203
2026-02-19 17:00:00+00:00,118.62124633789062
2026-02-19 18:00:00+00:00,109.33145904541016
2026-02-19 19:00:00+00:00,101.02013397216797
2026-02-19 20:00:00+00:00,95.96143341064453
2026-02-19 21:00:00+00:00,92.39965057373047
2026-02-19 22:00:00+00:00,88.30145263671875
2026-02-19 23:00:00+00:00,88.81288146972656
2026-02-20 00:00:00+00:00,84.80625915527344
2026-02-20 01:00:00+00:00,84.50194549560547
2026-02-20 02:00:00+00:00,84.70404052734375
2026-02-20 03:00:00+00:00,84.31732177734375
2026-02-20 04:00:00+00:00,87.43224334716797
2026-02-20 05:00:00+00:00,95.9853286743164
2026-02-20 06:00:00+00:00,107.70172119140625
2026-02-20 07:00:00+00:00,109.76771545410156
2026-02-20 08:00:00+00:00,100.45439147949219
2026-02-20 09:00:00+00:00,86.41565704345703
2026-02-20 10:00:00+00:00,77.526123046875
2026-02-20 11:00:00+00:00,73.65582275390625
2026-02-20 12:00:00+00:00,73.4334487915039
2026-02-20 13:00:00+00:00,76.4281997680664
2026-02-20 14:00:00+00:00,85.70446014404297
2026-02-20 15:00:00+00:00,96.26122283935547
2026-02-20 16:00:00+00:00,106.25453186035156
2026-02-20 17:00:00+00:00,104.46656036376953
2026-02-20 18:00:00+00:00,91.43707275390625
2026-02-20 19:00:00+00:00,78.42642211914062
2026-02-20 20:00:00+00:00,74.32029724121094
2026-02-20 21:00:00+00:00,69.81892395019531
2026-02-20 22:00:00+00:00,65.80742645263672
2026-02-20 23:00:00+00:00,69.6623764038086
2026-02-21 00:00:00+00:00,59.61039352416992
2026-02-21 01:00:00+00:00,60.09227752685547
2026-02-21 02:00:00+00:00,59.42841720581055
2026-02-21 03:00:00+00:00,60.26466751098633
2026-02-21 04:00:00+00:00,62.644466400146484
2026-02-21 05:00:00+00:00,64.80997467041016
2026-02-21 06:00:00+00:00,69.61951446533203
2026-02-21 07:00:00+00:00,76.49364471435547
2026-02-21 08:00:00+00:00,79.4561767578125
2026-02-21 09:00:00+00:00,77.806640625
2026-02-21 10:00:00+00:00,73.08564758300781
2026-02-21 11:00:00+00:00,69.58392333984375
2026-02-21 12:00:00+00:00,68.41854858398438
2026-02-21 13:00:00+00:00,71.03126525878906
2026-02-21 14:00:00+00:00,79.95633697509766
2026-02-21 15:00:00+00:00,92.79051208496094
2026-02-21 16:00:00+00:00,107.16146850585938
2026-02-21 17:00:00+00:00,111.50289154052734
2026-02-21 18:00:00+00:00,108.2621841430664
2026-02-21 19:00:00+00:00,100.91094207763672
2026-02-21 20:00:00+00:00,95.05640411376953
2026-02-21 21:00:00+00:00,91.25188446044922
2026-02-21 22:00:00+00:00,83.07891845703125
2026-02-21 23:00:00+00:00,80.04300689697266
2026-02-22 00:00:00+00:00,55.52339172363281
2026-02-22 01:00:00+00:00,54.660301208496094
2026-02-22 02:00:00+00:00,54.780155181884766
2026-02-22 03:00:00+00:00,53.09492111206055
2026-02-22 04:00:00+00:00,52.48332214355469
2026-02-22 05:00:00+00:00,52.18613815307617
2026-02-22 06:00:00+00:00,53.46031951904297
2026-02-22 07:00:00+00:00,56.02861785888672
2026-02-22 08:00:00+00:00,58.32147216796875
2026-02-22 09:00:00+00:00,57.58030319213867
2026-02-22 10:00:00+00:00,53.85208511352539
2026-02-22 11:00:00+00:00,49.568050384521484
2026-02-22 12:00:00+00:00,45.834205627441406
2026-02-22 13:00:00+00:00,45.0084228515625
2026-02-22 14:00:00+00:00,50.83415985107422
2026-02-22 15:00:00+00:00,61.0374755859375
2026-02-22 16:00:00+00:00,76.5207748413086
2026-02-22 17:00:00+00:00,84.22630310058594
2026-02-22 18:00:00+00:00,80.63803100585938
2026-02-22 19:00:00+00:00,72.79420471191406
2026-02-22 20:00:00+00:00,67.0876693725586
2026-02-22 21:00:00+00:00,63.52787780761719
2026-02-22 22:00:00+00:00,59.02079772949219
2026-02-22 23:00:00+00:00,57.48977279663086
2026-02-23 00:00:00+00:00,46.5483283996582
2026-02-23 01:00:00+00:00,45.50709915161133
2026-02-23 02:00:00+00:00,43.71335220336914
2026-02-23 03:00:00+00:00,44.939727783203125
2026-02-23 04:00:00+00:00,51.04943084716797
2026-02-23 05:00:00+00:00,62.452144622802734
2026-02-23 06:00:00+00:00,75.52285766601562
2026-02-23 07:00:00+00:00,81.69729614257812
2026-02-23 08:00:00+00:00,77.31793975830078
2026-02-23 09:00:00+00:00,65.0181884765625
2026-02-23 10:00:00+00:00,53.309608459472656
2026-02-23 11:00:00+00:00,47.832218170166016
2026-02-23 12:00:00+00:00,45.82835388183594
2026-02-23 13:00:00+00:00,48.59437561035156
2026-02-23 14:00:00+00:00,57.14247131347656
2026-02-23 15:00:00+00:00,69.40658569335938
2026-02-23 16:00:00+00:00,87.46935272216797
2026-02-23 17:00:00+00:00,92.47251892089844
2026-02-23 18:00:00+00:00,86.50851440429688
2026-02-23 19:00:00+00:00,79.43706512451172
2026-02-23 20:00:00+00:00,76.91900634765625
2026-02-23 21:00:00+00:00,73.20068359375
2026-02-23 22:00:00+00:00,66.82327270507812
2026-02-23 23:00:00+00:00,66.0186767578125
2026-02-24 00:00:00+00:00,85.64244842529297
2026-02-24 01:00:00+00:00,86.27898406982422
2026-02-24 02:00:00+00:00,88.27059936523438
2026-02-24 03:00:00+00:00,90.85846710205078
2026-02-24 04:00:00+00:00,98.2682876586914
2026-02-24 05:00:00+00:00,115.79122924804688
2026-02-24 06:00:00+00:00,138.44442749023438
2026-02-24 07:00:00+00:00,144.50375366210938
2026-02-24 08:00:00+00:00,134.40127563476562
2026-02-24 09:00:00+00:00,118.55384063720703
2026-02-24 10:00:00+00:00,107.82555389404297
2026-02-24 11:00:00+00:00,101.59671783447266
2026-02-24 12:00:00+00:00,100.83717346191406
2026-02-24 13:00:00+00:00,104.5809097290039
2026-02-24 14:00:00+00:00,117.08018493652344
2026-02-24 15:00:00+00:00,129.08099365234375
2026-02-24 16:00:00+00:00,140.75682067871094
2026-02-24 17:00:00+00:00,142.62442016601562
2026-02-24 18:00:00+00:00,135.68743896484375
2026-02-24 19:00:00+00:00,122.50167846679688
2026-02-24 20:00:00+00:00,113.79700469970703
2026-02-24 21:00:00+00:00,107.85057067871094
2026-02-24 22:00:00+00:00,100.26809692382812
2026-02-24 23:00:00+00:00,97.60670471191406
2026-02-25 00:00:00+00:00,93.13219451904297
2026-02-25 01:00:00+00:00,92.0545883178711
2026-02-25 02:00:00+00:00,91.09133911132812
2026-02-25 03:00:00+00:00,91.37972259521484
2026-02-25 04:00:00+00:00,96.95296478271484
2026-02-25 05:00:00+00:00,111.87811279296875
2026-02-25 06:00:00+00:00,126.2302474975586
2026-02-25 07:00:00+00:00,126.23806762695312
2026-02-25 08:00:00+00:00,113.30103302001953
2026-02-25 09:00:00+00:00,95.6752700805664
2026-02-25 10:00:00+00:00,83.93401336669922
2026-02-25 11:00:00+00:00,75.55856323242188
2026-02-25 12:00:00+00:00,72.33038330078125
2026-02-25 13:00:00+00:00,75.81364440917969
2026-02-25 14:00:00+00:00,86.9865951538086
2026-02-25 15:00:00+00:00,101.11971282958984
2026-02-25 16:00:00+00:00,123.4605484008789
2026-02-25 17:00:00+00:00,122.88565063476562
2026-02-25 18:00:00+00:00,108.17022705078125
2026-02-25 19:00:00+00:00,93.29489135742188
2026-02-25 20:00:00+00:00,86.89802551269531
2026-02-25 21:00:00+00:00,81.05987548828125
2026-02-25 22:00:00+00:00,75.511474609375
2026-02-25 23:00:00+00:00,74.7746810913086
2026-02-26 00:00:00+00:00,74.52362060546875
2026-02-26 01:00:00+00:00,72.06803131103516
2026-02-26 02:00:00+00:00,71.03060913085938
2026-02-26 03:00:00+00:00,70.15786743164062
2026-02-26 04:00:00+00:00,75.05782318115234
2026-02-26 05:00:00+00:00,86.32936096191406
2026-02-26 06:00:00+00:00,97.67993927001953
2026-02-26 07:00:00+00:00,99.18419647216797
2026-02-26 08:00:00+00:00,92.53729248046875
2026-02-26 09:00:00+00:00,81.31494903564453
2026-02-26 10:00:00+00:00,70.89672088623047
2026-02-26 11:00:00+00:00,63.20454788208008
2026-02-26 12:00:00+00:00,60.280296325683594
2026-02-26 13:00:00+00:00,63.914669036865234
2026-02-26 14:00:00+00:00,76.88414001464844
2026-02-26 15:00:00+00:00,94.13391876220703
2026-02-26 16:00:00+00:00,114.37567138671875
2026-02-26 17:00:00+00:00,116.12352752685547
2026-02-26 18:00:00+00:00,103.52680206298828
2026-02-26 19:00:00+00:00,90.90696716308594
2026-02-26 20:00:00+00:00,85.5994644165039
2026-02-26 21:00:00+00:00,81.14177703857422
2026-02-26 22:00:00+00:00,72.55064392089844
2026-02-26 23:00:00+00:00,68.22941589355469
2026-02-27 00:00:00+00:00,54.827735900878906
2026-02-27 01:00:00+00:00,52.84579849243164
2026-02-27 02:00:00+00:00,52.53902053833008
2026-02-27 03:00:00+00:00,54.356239318847656
2026-02-27 04:00:00+00:00,63.96558380126953
2026-02-27 05:00:00+00:00,81.48014068603516
2026-02-27 06:00:00+00:00,87.794189453125
2026-02-27 07:00:00+00:00,76.91128540039062
2026-02-27 08:00:00+00:00,60.630794525146484
2026-02-27 09:00:00+00:00,39.243289947509766
2026-02-27 10:00:00+00:00,20.61231231689453
2026-02-27 11:00:00+00:00,1.6429595947265625
2026-02-27 12:00:00+00:00,-1.321563720703125
2026-02-27 13:00:00+00:00,16.888633728027344
2026-02-27 14:00:00+00:00,46.49225616455078
2026-02-27 15:00:00+00:00,74.29052734375
2026-02-27 16:00:00+00:00,103.31626892089844
2026-02-27 17:00:00+00:00,109.83433532714844
2026-02-27 18:00:00+00:00,102.37740325927734
2026-02-27 19:00:00+00:00,91.58927917480469
2026-02-27 20:00:00+00:00,83.31178283691406
2026-02-27 21:00:00+00:00,76.97291564941406
2026-02-27 22:00:00+00:00,71.28410339355469
2026-02-27 23:00:00+00:00,68.27490234375
2026-02-28 00:00:00+00:00,75.95372009277344
2026-02-28 01:00:00+00:00,72.7998046875
2026-02-28 02:00:00+00:00,69.77381134033203
2026-02-28 03:00:00+00:00,68.41717529296875
2026-02-28 04:00:00+00:00,69.75850677490234
2026-02-28 05:00:00+00:00,73.87046813964844
2026-02-28 06:00:00+00:00,76.67449188232422
2026-02-28 07:00:00+00:00,71.26055908203125
2026-02-28 08:00:00+00:00,60.112220764160156
2026-02-28 09:00:00+00:00,44.19768524169922
2026-02-28 10:00:00+00:00,32.06012725830078
2026-02-28 11:00:00+00:00,20.978591918945312
2026-02-28 12:00:00+00:00,16.6187744140625
2026-02-28 13:00:00+00:00,23.373764038085938
2026-02-28 14:00:00+00:00,43.58140182495117
2026-02-28 15:00:00+00:00,68.0098648071289
2026-02-28 16:00:00+00:00,88.89810943603516
2026-02-28 17:00:00+00:00,95.19931030273438
2026-02-28 18:00:00+00:00,88.48234558105469
2026-02-28 19:00:00+00:00,79.25440216064453
2026-02-28 20:00:00+00:00,72.5041275024414
2026-02-28 21:00:00+00:00,66.72352600097656
2026-02-28 22:00:00+00:00,58.96392822265625
2026-02-28 23:00:00+00:00,54.84458541870117
2026-03-01 00:00:00+00:00,50.81571578979492
2026-03-01 01:00:00+00:00,53.235225677490234
2026-03-01 02:00:00+00:00,56.8091926574707
2026-03-01 03:00:00+00:00,60.63603591918945
2026-03-01 04:00:00+00:00,64.00942993164062
2026-03-01 05:00:00+00:00,68.6932601928711
2026-03-01 06:00:00+00:00,72.63656616210938
2026-03-01 07:00:00+00:00,66.48442840576172
2026-03-01 08:00:00+00:00,53.314720153808594
2026-03-01 09:00:00+00:00,37.47723388671875
2026-03-01 10:00:00+00:00,27.608413696289062
2026-03-01 11:00:00+00:00,21.35698699951172
2026-03-01 12:00:00+00:00,18.404617309570312
2026-03-01 13:00:00+00:00,25.248695373535156
2026-03-01 14:00:00+00:00,47.12227249145508
2026-03-01 15:00:00+00:00,76.07086944580078
2026-03-01 16:00:00+00:00,102.51350402832031
2026-03-01 17:00:00+00:00,110.25654602050781
2026-03-01 18:00:00+00:00,101.43241119384766
2026-03-01 19:00:00+00:00,88.23555755615234
2026-03-01 20:00:00+00:00,79.74327087402344
2026-03-01 21:00:00+00:00,74.06439208984375
2026-03-01 22:00:00+00:00,67.3852767944336
2026-03-01 23:00:00+00:00,63.0876579284668
2026-03-02 00:00:00+00:00,62.944915771484375
2026-03-02 01:00:00+00:00,61.65438461303711
2026-03-02 02:00:00+00:00,64.75061798095703
2026-03-02 03:00:00+00:00,70.29271697998047
2026-03-02 04:00:00+00:00,80.94239807128906
2026-03-02 05:00:00+00:00,97.32503509521484
2026-03-02 06:00:00+00:00,106.46125030517578
2026-03-02 07:00:00+00:00,97.31764221191406
2026-03-02 08:00:00+00:00,75.1162338256836
2026-03-02 09:00:00+00:00,49.85642623901367
2026-03-02 10:00:00+00:00,33.00025939941406
2026-03-02 11:00:00+00:00,21.085731506347656
2026-03-02 12:00:00+00:00,19.00262451171875
2026-03-02 13:00:00+00:00,33.59825897216797
2026-03-02 14:00:00+00:00,69.73169708251953
2026-03-02 15:00:00+00:00,102.52400970458984
2026-03-02 16:00:00+00:00,125.37699890136719
2026-03-02 17:00:00+00:00,130.12094116210938
2026-03-02 18:00:00+00:00,117.59468078613281
2026-03-02 19:00:00+00:00,103.37025451660156
2026-03-02 20:00:00+00:00,94.33949279785156
2026-03-02 21:00:00+00:00,87.41278839111328
2026-03-02 22:00:00+00:00,78.92686462402344
2026-03-02 23:00:00+00:00,73.37002563476562
2026-03-03 00:00:00+00:00,89.42692565917969
2026-03-03 01:00:00+00:00,89.39281463623047
2026-03-03 02:00:00+00:00,91.45210266113281
2026-03-03 03:00:00+00:00,95.32395935058594
2026-03-03 04:00:00+00:00,106.10242462158203
2026-03-03 05:00:00+00:00,127.31997680664062
2026-03-03 06:00:00+00:00,147.1616973876953
2026-03-03 07:00:00+00:00,131.5486297607422
2026-03-03 08:00:00+00:00,103.62964630126953
2026-03-03 09:00:00+00:00,78.0015869140625
2026-03-03 10:00:00+00:00,56.868988037109375
2026-03-03 11:00:00+00:00,41.32144546508789
2026-03-03 12:00:00+00:00,40.81188201904297
2026-03-03 13:00:00+00:00,57.385040283203125
2026-03-03 14:00:00+00:00,88.52684783935547
2026-03-03 15:00:00+00:00,121.99093627929688
2026-03-03 16:00:00+00:00,165.8805694580078
2026-03-03 17:00:00+00:00,169.1175079345703
2026-03-03 18:00:00+00:00,147.8555908203125
2026-03-03 19:00:00+00:00,126.26988220214844
2026-03-03 20:00:00+00:00,113.5909423828125
2026-03-03 21:00:00+00:00,106.39398193359375
2026-03-03 22:00:00+00:00,99.66667175292969
2026-03-03 23:00:00+00:00,96.80377197265625
2026-03-04 00:00:00+00:00,122.95570373535156
2026-03-04 01:00:00+00:00,118.2124252319336
2026-03-04 02:00:00+00:00,114.95262908935547
2026-03-04 03:00:00+00:00,115.4032974243164
2026-03-04 04:00:00+00:00,122.52737426757812
2026-03-04 05:00:00+00:00,146.08389282226562
2026-03-04 06:00:00+00:00,171.4405517578125
2026-03-04 07:00:00+00:00,155.6533660888672
2026-03-04 08:00:00+00:00,114.91673278808594
2026-03-04 09:00:00+00:00,83.33193969726562
2026-03-04 10:00:00+00:00,61.383243560791016
2026-03-04 11:00:00+00:00,45.83590316772461
2026-03-04 12:00:00+00:00,45.48923873901367
2026-03-04 13:00:00+00:00,60.03495788574219
2026-03-04 14:00:00+00:00,88.52070617675781
2026-03-04 15:00:00+00:00,122.32962036132812
2026-03-04 16:00:00+00:00,171.49221801757812
2026-03-04 17:00:00+00:00,188.81423950195312
2026-03-04 18:00:00+00:00,161.837158203125
2026-03-04 19:00:00+00:00,130.23312377929688
2026-03-04 20:00:00+00:00,115.73173522949219
2026-03-04 21:00:00+00:00,107.34465026855469
2026-03-04 22:00:00+00:00,101.92617797851562
2026-03-04 23:00:00+00:00,102.00431060791016
2026-03-05 00:00:00+00:00,121.66450500488281
2026-03-05 01:00:00+00:00,121.44892883300781
2026-03-05 02:00:00+00:00,123.63105773925781
2026-03-05 03:00:00+00:00,127.51602935791016
2026-03-05 04:00:00+00:00,139.92124938964844
2026-03-05 05:00:00+00:00,177.72625732421875
2026-03-05 06:00:00+00:00,202.58013916015625
2026-03-05 07:00:00+00:00,165.7194366455078
2026-03-05 08:00:00+00:00,118.63750457763672
2026-03-05 09:00:00+00:00,78.7913818359375
2026-03-05 10:00:00+00:00,46.607337951660156
2026-03-05 11:00:00+00:00,21.59088134765625
2026-03-05 12:00:00+00:00,18.745437622070312
2026-03-05 13:00:00+00:00,46.789608001708984
2026-03-05 14:00:00+00:00,91.34847259521484
2026-03-05 15:00:00+00:00,133.70501708984375
2026-03-05 16:00:00+00:00,199.795166015625
2026-03-05 17:00:00+00:00,225.5308837890625
2026-03-05 18:00:00+00:00,186.92196655273438
2026-03-05 19:00:00+00:00,143.6781463623047
2026-03-05 20:00:00+00:00,126.02352905273438
2026-03-05 21:00:00+00:00,115.23497009277344
2026-03-05 22:00:00+00:00,107.1497802734375
2026-03-05 23:00:00+00:00,107.17438507080078
2026-03-06 00:00:00+00:00,107.277099609375
2026-03-06 01:00:00+00:00,109.85882568359375
2026-03-06 02:00:00+00:00,115.0153579711914
2026-03-06 03:00:00+00:00,120.34046173095703
2026-03-06 04:00:00+00:00,132.0656280517578
2026-03-06 05:00:00+00:00,160.788330078125
2026-03-06 06:00:00+00:00,186.03756713867188
2026-03-06 07:00:00+00:00,155.29214477539062
2026-03-06 08:00:00+00:00,110.0677719116211
2026-03-06 09:00:00+00:00,73.89453125
2026-03-06 10:00:00+00:00,42.5516357421875
2026-03-06 11:00:00+00:00,23.32445526123047
2026-03-06 12:00:00+00:00,23.519149780273438
2026-03-06 13:00:00+00:00,48.72661590576172
2026-03-06 14:00:00+00:00,95.68724060058594
2026-03-06 15:00:00+00:00,143.36480712890625
2026-03-06 16:00:00+00:00,203.28013610839844
2026-03-06 17:00:00+00:00,229.36453247070312
2026-03-06 18:00:00+00:00,199.53208923339844
2026-03-06 19:00:00+00:00,160.66436767578125
2026-03-06 20:00:00+00:00,146.11090087890625
2026-03-06 21:00:00+00:00,138.41995239257812
2026-03-06 22:00:00+00:00,129.7444305419922
2026-03-06 23:00:00+00:00,122.25775146484375
2026-03-07 00:00:00+00:00,134.27401733398438
2026-03-07 01:00:00+00:00,129.3292694091797
2026-03-07 02:00:00+00:00,126.27044677734375
2026-03-07 03:00:00+00:00,126.6722640991211
2026-03-07 04:00:00+00:00,132.60667419433594
2026-03-07 05:00:00+00:00,151.16806030273438
2026-03-07 06:00:00+00:00,162.83729553222656
2026-03-07 07:00:00+00:00,135.230712890625
2026-03-07 08:00:00+00:00,96.6063461303711
2026-03-07 09:00:00+00:00,64.9599609375
2026-03-07 10:00:00+00:00,42.14134979248047
2026-03-07 11:00:00+00:00,26.897682189941406
2026-03-07 12:00:00+00:00,24.1021728515625
2026-03-07 13:00:00+00:00,45.12056350708008
2026-03-07 14:00:00+00:00,83.37403869628906
2026-03-07 15:00:00+00:00,125.76191711425781
2026-03-07 16:00:00+00:00,181.9288330078125
2026-03-07 17:00:00+00:00,209.7442626953125
2026-03-07 18:00:00+00:00,179.11782836914062
2026-03-07 19:00:00+00:00,145.9113311767578
2026-03-07 20:00:00+00:00,131.84024047851562
2026-03-07 21:00:00+00:00,124.61737060546875
2026-03-07 22:00:00+00:00,120.65950012207031
2026-03-07 23:00:00+00:00,120.70352172851562
2026-03-08 00:00:00+00:00,130.4330291748047
2026-03-08 01:00:00+00:00,125.19720458984375
2026-03-08 02:00:00+00:00,122.38911437988281
2026-03-08 03:00:00+00:00,123.07670593261719
2026-03-08 04:00:00+00:00,127.8469009399414
2026-03-08 05:00:00+00:00,138.6299591064453
2026-03-08 06:00:00+00:00,142.97348022460938
2026-03-08 07:00:00+00:00,124.61042022705078
2026-03-08 08:00:00+00:00,96.1177978515625
2026-03-08 09:00:00+00:00,65.94935607910156
2026-03-08 10:00:00+00:00,37.53580856323242
2026-03-08 11:00:00+00:00,22.30207061767578
2026-03-08 12:00:00+00:00,15.972335815429688
2026-03-08 13:00:00+00:00,31.02861785888672
2026-03-08 14:00:00+00:00,75.91044616699219
2026-03-08 15:00:00+00:00,116.16493225097656
2026-03-08 16:00:00+00:00,159.29873657226562
2026-03-08 17:00:00+00:00,185.00991821289062
2026-03-08 18:00:00+00:00,161.6982421875
2026-03-08 19:00:00+00:00,135.862548828125
2026-03-08 20:00:00+00:00,126.51460266113281
2026-03-08 21:00:00+00:00,119.93782043457031
2026-03-08 22:00:00+00:00,115.347900390625
2026-03-08 23:00:00+00:00,115.17815399169922
2026-03-09 00:00:00+00:00,118.38028717041016
2026-03-09 01:00:00+00:00,117.23393249511719
2026-03-09 02:00:00+00:00,117.18262481689453
2026-03-09 03:00:00+00:00,121.15116119384766
2026-03-09 04:00:00+00:00,132.9413299560547
2026-03-09 05:00:00+00:00,155.77944946289062
2026-03-09 06:00:00+00:00,171.19000244140625
2026-03-09 07:00:00+00:00,151.43638610839844
2026-03-09 08:00:00+00:00,120.93350982666016
2026-03-09 09:00:00+00:00,90.20313262939453
2026-03-09 10:00:00+00:00,57.886695861816406
2026-03-09 11:00:00+00:00,38.98066329956055
2026-03-09 12:00:00+00:00,38.41748809814453
2026-03-09 13:00:00+00:00,66.81710052490234
2026-03-09 14:00:00+00:00,112.24787139892578
2026-03-09 15:00:00+00:00,151.2270965576172
2026-03-09 16:00:00+00:00,193.996337890625
2026-03-09 17:00:00+00:00,217.88320922851562
2026-03-09 18:00:00+00:00,195.21170043945312
2026-03-09 19:00:00+00:00,166.216796875
2026-03-09 20:00:00+00:00,151.40098571777344
2026-03-09 21:00:00+00:00,140.31436157226562
2026-03-09 22:00:00+00:00,135.21681213378906
2026-03-09 23:00:00+00:00,136.1298828125
2026-03-10 00:00:00+00:00,137.70738220214844
2026-03-10 01:00:00+00:00,135.15440368652344
2026-03-10 02:00:00+00:00,133.87109375
2026-03-10 03:00:00+00:00,136.34898376464844
2026-03-10 04:00:00+00:00,147.54379272460938
2026-03-10 05:00:00+00:00,179.09762573242188
2026-03-10 06:00:00+00:00,198.14317321777344
2026-03-10 07:00:00+00:00,171.27972412109375
2026-03-10 08:00:00+00:00,131.92234802246094
2026-03-10 09:00:00+00:00,99.47467803955078
2026-03-10 10:00:00+00:00,67.71044921875
2026-03-10 11:00:00+00:00,46.07498550415039
2026-03-10 12:00:00+00:00,42.54193115234375
2026-03-10 13:00:00+00:00,62.68440628051758
2026-03-10 14:00:00+00:00,101.60585021972656
2026-03-10 15:00:00+00:00,140.28231811523438
2026-03-10 16:00:00+00:00,190.20513916015625
2026-03-10 17:00:00+00:00,223.05563354492188
2026-03-10 18:00:00+00:00,186.59283447265625
2026-03-10 19:00:00+00:00,149.0159454345703
2026-03-10 20:00:00+00:00,131.162841796875
2026-03-10 21:00:00+00:00,120.19287109375
2026-03-10 22:00:00+00:00,109.84879302978516
2026-03-10 23:00:00+00:00,107.130859375
2026-03-11 00:00:00+00:00,80.1015625
2026-03-11 01:00:00+00:00,75.26814270019531
2026-03-11 02:00:00+00:00,70.94569396972656
2026-03-11 03:00:00+00:00,69.51564025878906
2026-03-11 04:00:00+00:00,75.53237915039062
2026-03-11 05:00:00+00:00,87.2502212524414
2026-03-11 06:00:00+00:00,101.00511169433594
2026-03-11 07:00:00+00:00,102.32601928710938
2026-03-11 08:00:00+00:00,97.09616088867188
2026-03-11 09:00:00+00:00,82.21092987060547
2026-03-11 10:00:00+00:00,66.12610626220703
2026-03-11 11:00:00+00:00,55.034461975097656
2026-03-11 12:00:00+00:00,57.19275665283203
2026-03-11 13:00:00+00:00,71.65408325195312
2026-03-11 14:00:00+00:00,93.85795593261719
2026-03-11 15:00:00+00:00,113.46260833740234
2026-03-11 16:00:00+00:00,133.590576171875
2026-03-11 17:00:00+00:00,148.45208740234375
2026-03-11 18:00:00+00:00,139.5073699951172
2026-03-11 19:00:00+00:00,123.24796295166016
2026-03-11 20:00:00+00:00,115.5223617553711
2026-03-11 21:00:00+00:00,107.3745346069336
2026-03-11 22:00:00+00:00,96.11705780029297
2026-03-11 23:00:00+00:00,91.55155181884766
2026-03-12 00:00:00+00:00,92.6968765258789
2026-03-12 01:00:00+00:00,87.66043853759766
2026-03-12 02:00:00+00:00,83.24626922607422
2026-03-12 03:00:00+00:00,81.55868530273438
2026-03-12 04:00:00+00:00,86.51432800292969
2026-03-12 05:00:00+00:00,98.4109115600586
2026-03-12 06:00:00+00:00,108.7066879272461
2026-03-12 07:00:00+00:00,101.80128479003906
2026-03-12 08:00:00+00:00,79.64056396484375
2026-03-12 09:00:00+00:00,52.92104721069336
2026-03-12 10:00:00+00:00,35.52095031738281
2026-03-12 11:00:00+00:00,25.938133239746094
2026-03-12 12:00:00+00:00,25.02088165283203
2026-03-12 13:00:00+00:00,37.1689567565918
2026-03-12 14:00:00+00:00,62.05841827392578
2026-03-12 15:00:00+00:00,89.65418243408203
2026-03-12 16:00:00+00:00,112.7005844116211
2026-03-12 17:00:00+00:00,126.56587219238281
2026-03-12 18:00:00+00:00,119.24977111816406
2026-03-12 19:00:00+00:00,101.59717559814453
2026-03-12 20:00:00+00:00,89.9675521850586
2026-03-12 21:00:00+00:00,79.79373168945312
2026-03-12 22:00:00+00:00,67.69591522216797
2026-03-12 23:00:00+00:00,63.62931823730469
2026-03-13 00:00:00+00:00,17.474151611328125
2026-03-13 01:00:00+00:00,19.069252014160156
2026-03-13 02:00:00+00:00,21.766220092773438
2026-03-13 03:00:00+00:00,22.901222229003906
2026-03-13 04:00:00+00:00,31.238033294677734
2026-03-13 05:00:00+00:00,45.746212005615234
2026-03-13 06:00:00+00:00,53.79648971557617
2026-03-13 07:00:00+00:00,41.44628143310547
2026-03-13 08:00:00+00:00,19.1136474609375
2026-03-13 09:00:00+00:00,-1.1123809814453125
2026-03-13 10:00:00+00:00,-14.159683227539062
2026-03-13 11:00:00+00:00,-16.05706024169922
2026-03-13 12:00:00+00:00,-10.223289489746094
2026-03-13 13:00:00+00:00,12.631271362304688
2026-03-13 14:00:00+00:00,48.34081268310547
2026-03-13 15:00:00+00:00,80.26713562011719
2026-03-13 16:00:00+00:00,119.03895568847656
2026-03-13 17:00:00+00:00,143.97413635253906
2026-03-13 18:00:00+00:00,139.76402282714844
2026-03-13 19:00:00+00:00,124.46125030517578
2026-03-13 20:00:00+00:00,114.25041961669922
2026-03-13 21:00:00+00:00,107.7119140625
2026-03-13 22:00:00+00:00,99.1895980834961
2026-03-13 23:00:00+00:00,94.14390563964844
2026-03-14 00:00:00+00:00,107.51074981689453
2026-03-14 01:00:00+00:00,104.61117553710938
2026-03-14 02:00:00+00:00,101.96665954589844
2026-03-14 03:00:00+00:00,101.8275375366211
2026-03-14 04:00:00+00:00,103.65621948242188
2026-03-14 05:00:00+00:00,108.33859252929688
2026-03-14 06:00:00+00:00,114.7951889038086
2026-03-14 07:00:00+00:00,116.05055236816406
2026-03-14 08:00:00+00:00,110.90603637695312
2026-03-14 09:00:00+00:00,100.01237487792969
2026-03-14 10:00:00+00:00,88.75669860839844
2026-03-14 11:00:00+00:00,82.98497772216797
2026-03-14 12:00:00+00:00,82.78791809082031
2026-03-14 13:00:00+00:00,90.94707489013672
2026-03-14 14:00:00+00:00,114.52365112304688
2026-03-14 15:00:00+00:00,139.11761474609375
2026-03-14 16:00:00+00:00,159.18345642089844
2026-03-14 17:00:00+00:00,176.77003479003906
2026-03-14 18:00:00+00:00,171.57156372070312
2026-03-14 19:00:00+00:00,156.61544799804688
2026-03-14 20:00:00+00:00,144.900634765625
2026-03-14 21:00:00+00:00,135.96266174316406
2026-03-14 22:00:00+00:00,128.11865234375
2026-03-14 23:00:00+00:00,124.79426574707031
2026-03-15 00:00:00+00:00,134.05300903320312
2026-03-15 01:00:00+00:00,128.95260620117188
2026-03-15 02:00:00+00:00,125.49783325195312
2026-03-15 03:00:00+00:00,124.72692108154297
2026-03-15 04:00:00+00:00,125.71451568603516
2026-03-15 05:00:00+00:00,128.28631591796875
2026-03-15 06:00:00+00:00,130.14462280273438
2026-03-15 07:00:00+00:00,127.7237548828125
2026-03-15 08:00:00+00:00,119.36100769042969
2026-03-15 09:00:00+00:00,105.3661117553711
2026-03-15 10:00:00+00:00,91.3381118774414
2026-03-15 11:00:00+00:00,80.2320556640625
2026-03-15 12:00:00+00:00,73.38231658935547
2026-03-15 13:00:00+00:00,72.58240509033203
2026-03-15 14:00:00+00:00,84.61661529541016
2026-03-15 15:00:00+00:00,101.4437026977539
2026-03-15 16:00:00+00:00,126.45275115966797
2026-03-15 17:00:00+00:00,133.708251953125
2026-03-15 18:00:00+00:00,126.74119567871094
2026-03-15 19:00:00+00:00,111.98725128173828
2026-03-15 20:00:00+00:00,99.9005126953125
2026-03-15 21:00:00+00:00,88.20051574707031
2026-03-15 22:00:00+00:00,74.47915649414062
2026-03-15 23:00:00+00:00,69.03459167480469
2026-03-16 00:00:00+00:00,22.075759887695312
2026-03-16 01:00:00+00:00,16.91252899169922
2026-03-16 02:00:00+00:00,14.955825805664062
2026-03-16 03:00:00+00:00,18.09319305419922
2026-03-16 04:00:00+00:00,30.512191772460938
2026-03-16 05:00:00+00:00,57.01797103881836
2026-03-16 06:00:00+00:00,80.12410736083984
2026-03-16 07:00:00+00:00,81.85121154785156
2026-03-16 08:00:00+00:00,72.41364288330078
2026-03-16 09:00:00+00:00,55.5784912109375
2026-03-16 10:00:00+00:00,44.10189437866211
2026-03-16 11:00:00+00:00,36.57487487792969
2026-03-16 12:00:00+00:00,37.4420166015625
2026-03-16 13:00:00+00:00,53.3856201171875
2026-03-16 14:00:00+00:00,82.37437438964844
2026-03-16 15:00:00+00:00,113.66191101074219
2026-03-16 16:00:00+00:00,145.39002990722656
2026-03-16 17:00:00+00:00,170.38494873046875
2026-03-16 18:00:00+00:00,165.87559509277344
2026-03-16 19:00:00+00:00,147.37071228027344
2026-03-16 20:00:00+00:00,132.8897247314453
2026-03-16 21:00:00+00:00,122.619873046875
2026-03-16 22:00:00+00:00,107.09774780273438
2026-03-16 23:00:00+00:00,100.22640228271484
2026-03-17 00:00:00+00:00,105.70354461669922
2026-03-17 01:00:00+00:00,104.02851867675781
2026-03-17 02:00:00+00:00,102.85135650634766
2026-03-17 03:00:00+00:00,106.24859619140625
2026-03-17 04:00:00+00:00,117.83358001708984
2026-03-17 05:00:00+00:00,141.23899841308594
2026-03-17 06:00:00+00:00,153.07740783691406
2026-03-17 07:00:00+00:00,140.31365966796875
2026-03-17 08:00:00+00:00,119.54444122314453
2026-03-17 09:00:00+00:00,97.42497253417969
2026-03-17 10:00:00+00:00,79.71440887451172
2026-03-17 11:00:00+00:00,71.43840789794922
2026-03-17 12:00:00+00:00,69.99402618408203
2026-03-17 13:00:00+00:00,80.27022552490234
2026-03-17 14:00:00+00:00,101.26142120361328
2026-03-17 15:00:00+00:00,127.57292175292969
2026-03-17 16:00:00+00:00,158.91665649414062
2026-03-17 17:00:00+00:00,173.96661376953125
2026-03-17 18:00:00+00:00,156.88436889648438
2026-03-17 19:00:00+00:00,129.1894989013672
2026-03-17 20:00:00+00:00,110.556396484375
2026-03-17 21:00:00+00:00,97.57508087158203
2026-03-17 22:00:00+00:00,84.91263580322266
2026-03-17 23:00:00+00:00,81.25492095947266
2026-03-18 00:00:00+00:00,81.99360656738281
2026-03-18 01:00:00+00:00,78.36060333251953
2026-03-18 02:00:00+00:00,79.2936782836914
2026-03-18 03:00:00+00:00,84.1577377319336
2026-03-18 04:00:00+00:00,96.74467468261719
2026-03-18 05:00:00+00:00,119.76091003417969
2026-03-18 06:00:00+00:00,129.46029663085938
2026-03-18 07:00:00+00:00,110.70489501953125
2026-03-18 08:00:00+00:00,77.969482421875
2026-03-18 09:00:00+00:00,44.31136703491211
2026-03-18 10:00:00+00:00,20.93450927734375
2026-03-18 11:00:00+00:00,9.416519165039062
2026-03-18 12:00:00+00:00,10.276985168457031
2026-03-18 13:00:00+00:00,35.269893646240234
2026-03-18 14:00:00+00:00,81.1647720336914
2026-03-18 15:00:00+00:00,123.28541564941406
2026-03-18 16:00:00+00:00,169.82611083984375
2026-03-18 17:00:00+00:00,207.68862915039062
2026-03-18 18:00:00+00:00,183.15304565429688
2026-03-18 19:00:00+00:00,154.69207763671875
2026-03-18 20:00:00+00:00,136.66607666015625
2026-03-18 21:00:00+00:00,124.96680450439453
2026-03-18 22:00:00+00:00,115.35637664794922
2026-03-18 23:00:00+00:00,116.09663391113281
2026-03-19 00:00:00+00:00,112.67241668701172
2026-03-19 01:00:00+00:00,113.61395263671875
2026-03-19 02:00:00+00:00,115.50414276123047
2026-03-19 03:00:00+00:00,122.43789672851562
2026-03-19 04:00:00+00:00,136.29165649414062
2026-03-19 05:00:00+00:00,158.18463134765625
2026-03-19 06:00:00+00:00,164.95098876953125
2026-03-19 07:00:00+00:00,143.3207244873047
2026-03-19 08:00:00+00:00,111.68498992919922
2026-03-19 09:00:00+00:00,77.18359375
2026-03-19 10:00:00+00:00,48.759883880615234
2026-03-19 11:00:00+00:00,34.47610092163086
2026-03-19 12:00:00+00:00,32.26719665527344
2026-03-19 13:00:00+00:00,49.94464874267578
2026-03-19 14:00:00+00:00,91.55537414550781
2026-03-19 15:00:00+00:00,134.1955108642578
2026-03-19 16:00:00+00:00,182.60089111328125
2026-03-19 17:00:00+00:00,217.88943481445312
2026-03-19 18:00:00+00:00,195.88973999023438
2026-03-19 19:00:00+00:00,162.88314819335938
2026-03-19 20:00:00+00:00,145.326416015625
2026-03-19 21:00:00+00:00,133.5323486328125
2026-03-19 22:00:00+00:00,126.48443603515625
2026-03-19 23:00:00+00:00,124.9146957397461
2026-03-20 00:00:00+00:00,140.6488800048828
2026-03-20 01:00:00+00:00,137.049560546875
2026-03-20 02:00:00+00:00,134.5037841796875
2026-03-20 03:00:00+00:00,136.69622802734375
2026-03-20 04:00:00+00:00,145.8726348876953
2026-03-20 05:00:00+00:00,170.7383270263672
2026-03-20 06:00:00+00:00,176.4344482421875
2026-03-20 07:00:00+00:00,154.7293701171875
2026-03-20 08:00:00+00:00,123.74547576904297
2026-03-20 09:00:00+00:00,91.54385375976562
2026-03-20 10:00:00+00:00,60.80198287963867
2026-03-20 11:00:00+00:00,46.2057991027832
2026-03-20 12:00:00+00:00,42.57728958129883
2026-03-20 13:00:00+00:00,64.19636535644531
2026-03-20 14:00:00+00:00,102.31536865234375
2026-03-20 15:00:00+00:00,137.42491149902344
2026-03-20 16:00:00+00:00,166.83131408691406
2026-03-20 17:00:00+00:00,206.80789184570312
2026-03-20 18:00:00+00:00,194.11376953125
2026-03-20 19:00:00+00:00,162.55471801757812
2026-03-20 20:00:00+00:00,144.37640380859375
2026-03-20 21:00:00+00:00,134.58291625976562
2026-03-20 22:00:00+00:00,129.49192810058594
2026-03-20 23:00:00+00:00,132.12643432617188
2026-03-21 00:00:00+00:00,140.06427001953125
2026-03-21 01:00:00+00:00,135.7879638671875
2026-03-21 02:00:00+00:00,133.36647033691406
2026-03-21 03:00:00+00:00,134.72885131835938
2026-03-21 04:00:00+00:00,139.1878204345703
2026-03-21 05:00:00+00:00,144.29620361328125
2026-03-21 06:00:00+00:00,141.94577026367188
2026-03-21 07:00:00+00:00,129.02630615234375
2026-03-21 08:00:00+00:00,108.22283172607422
2026-03-21 09:00:00+00:00,82.49862670898438
2026-03-21 10:00:00+00:00,59.10615539550781
2026-03-21 11:00:00+00:00,48.292457580566406
2026-03-21 12:00:00+00:00,42.39616012573242
2026-03-21 13:00:00+00:00,53.68718719482422
2026-03-21 14:00:00+00:00,90.29108428955078
2026-03-21 15:00:00+00:00,123.67938232421875
2026-03-21 16:00:00+00:00,146.29782104492188
2026-03-21 17:00:00+00:00,168.21759033203125
2026-03-21 18:00:00+00:00,161.84417724609375
2026-03-21 19:00:00+00:00,142.43569946289062
2026-03-21 20:00:00+00:00,130.4512939453125
2026-03-21 21:00:00+00:00,123.65419006347656
2026-03-21 22:00:00+00:00,118.21952819824219
2026-03-21 23:00:00+00:00,115.15206909179688
2026-03-22 00:00:00+00:00,93.92570495605469
2026-03-22 01:00:00+00:00,92.07987976074219
2026-03-22 02:00:00+00:00,92.74979400634766
2026-03-22 03:00:00+00:00,97.04695129394531
2026-03-22 04:00:00+00:00,103.27603149414062
2026-03-22 05:00:00+00:00,108.92765808105469
2026-03-22 06:00:00+00:00,102.57096862792969
2026-03-22 07:00:00+00:00,78.89637756347656
2026-03-22 08:00:00+00:00,43.426856994628906
2026-03-22 09:00:00+00:00,10.180267333984375
2026-03-22 10:00:00+00:00,-13.826744079589844
2026-03-22 11:00:00+00:00,-22.165489196777344
2026-03-22 12:00:00+00:00,-21.337112426757812
2026-03-22 13:00:00+00:00,-0.5834426879882812
2026-03-22 14:00:00+00:00,47.42388916015625
2026-03-22 15:00:00+00:00,97.23678588867188
2026-03-22 16:00:00+00:00,138.68185424804688
2026-03-22 17:00:00+00:00,179.10365295410156
2026-03-22 18:00:00+00:00,177.40365600585938
2026-03-22 19:00:00+00:00,155.03280639648438
2026-03-22 20:00:00+00:00,139.798095703125
2026-03-22 21:00:00+00:00,130.34033203125
2026-03-22 22:00:00+00:00,124.71049499511719
2026-03-22 23:00:00+00:00,124.15682983398438
2026-03-23 00:00:00+00:00,131.4213104248047
2026-03-23 01:00:00+00:00,131.59617614746094
2026-03-23 02:00:00+00:00,131.83596801757812
2026-03-23 03:00:00+00:00,136.05166625976562
2026-03-23 04:00:00+00:00,148.56561279296875
2026-03-23 05:00:00+00:00,167.46163940429688
2026-03-23 06:00:00+00:00,166.34068298339844
2026-03-23 07:00:00+00:00,139.27719116210938
2026-03-23 08:00:00+00:00,99.98807525634766
2026-03-23 09:00:00+00:00,62.06614685058594
2026-03-23 10:00:00+00:00,33.427520751953125
2026-03-23 11:00:00+00:00,24.418983459472656
2026-03-23 12:00:00+00:00,29.550201416015625
2026-03-23 13:00:00+00:00,58.58708572387695
2026-03-23 14:00:00+00:00,99.4227066040039
2026-03-23 15:00:00+00:00,137.98777770996094
2026-03-23 16:00:00+00:00,176.8866424560547
2026-03-23 17:00:00+00:00,220.4981689453125
2026-03-23 18:00:00+00:00,215.2099151611328
2026-03-23 19:00:00+00:00,181.75863647460938
2026-03-23 20:00:00+00:00,162.28549194335938
2026-03-23 21:00:00+00:00,150.02499389648438
2026-03-23 22:00:00+00:00,142.02328491210938
2026-03-23 23:00:00+00:00,138.34913635253906
2026-03-24 00:00:00+00:00,128.44012451171875
2026-03-24 01:00:00+00:00,117.22926330566406
2026-03-24 02:00:00+00:00,108.39562225341797
2026-03-24 03:00:00+00:00,104.06214141845703
2026-03-24 04:00:00+00:00,110.6400146484375
2026-03-24 05:00:00+00:00,125.868896484375
2026-03-24 06:00:00+00:00,125.58514404296875
2026-03-24 07:00:00+00:00,101.03353118896484
2026-03-24 08:00:00+00:00,68.64234924316406
2026-03-24 09:00:00+00:00,36.51023864746094
2026-03-24 10:00:00+00:00,15.841094970703125
2026-03-24 11:00:00+00:00,8.281341552734375
2026-03-24 12:00:00+00:00,9.351699829101562
2026-03-24 13:00:00+00:00,23.469619750976562
2026-03-24 14:00:00+00:00,51.438541412353516
2026-03-24 15:00:00+00:00,86.17503356933594
2026-03-24 16:00:00+00:00,115.0546646118164
2026-03-24 17:00:00+00:00,139.64495849609375
2026-03-24 18:00:00+00:00,133.2251434326172
2026-03-24 19:00:00+00:00,107.89068603515625
2026-03-24 20:00:00+00:00,89.00593566894531
2026-03-24 21:00:00+00:00,69.95140838623047
2026-03-24 22:00:00+00:00,50.847354888916016
2026-03-24 23:00:00+00:00,39.638607025146484
2026-03-25 00:00:00+00:00,-4.1660919189453125
2026-03-25 01:00:00+00:00,-9.37335205078125
2026-03-25 02:00:00+00:00,-12.660881042480469
2026-03-25 03:00:00+00:00,-10.396308898925781
2026-03-25 04:00:00+00:00,-1.8064804077148438
2026-03-25 05:00:00+00:00,10.006736755371094
2026-03-25 06:00:00+00:00,20.656082153320312
2026-03-25 07:00:00+00:00,17.094924926757812
2026-03-25 08:00:00+00:00,8.012092590332031
2026-03-25 09:00:00+00:00,-2.0899734497070312
2026-03-25 10:00:00+00:00,-6.214385986328125
2026-03-25 11:00:00+00:00,-5.0354461669921875
2026-03-25 12:00:00+00:00,-2.5638351440429688
2026-03-25 13:00:00+00:00,5.916496276855469
2026-03-25 14:00:00+00:00,25.445213317871094
2026-03-25 15:00:00+00:00,60.76362609863281
2026-03-25 16:00:00+00:00,88.68453979492188
2026-03-25 17:00:00+00:00,119.7315673828125
2026-03-25 18:00:00+00:00,128.00450134277344
2026-03-25 19:00:00+00:00,113.70023345947266
2026-03-25 20:00:00+00:00,99.95822143554688
2026-03-25 21:00:00+00:00,90.89946746826172
2026-03-25 22:00:00+00:00,75.9779281616211
2026-03-25 23:00:00+00:00,74.33216094970703
2026-03-26 00:00:00+00:00,90.48902893066406
2026-03-26 01:00:00+00:00,84.46380615234375
2026-03-26 02:00:00+00:00,80.58338165283203
2026-03-26 03:00:00+00:00,81.75445556640625
2026-03-26 04:00:00+00:00,88.57134246826172
2026-03-26 05:00:00+00:00,106.42794036865234
2026-03-26 06:00:00+00:00,111.0984878540039
2026-03-26 07:00:00+00:00,90.46414947509766
2026-03-26 08:00:00+00:00,63.26067352294922
2026-03-26 09:00:00+00:00,37.322654724121094
2026-03-26 10:00:00+00:00,23.118759155273438
2026-03-26 11:00:00+00:00,13.687896728515625
2026-03-26 12:00:00+00:00,10.960250854492188
2026-03-26 13:00:00+00:00,15.389816284179688
2026-03-26 14:00:00+00:00,30.906005859375
2026-03-26 15:00:00+00:00,69.63166046142578
2026-03-26 16:00:00+00:00,109.1713638305664
2026-03-26 17:00:00+00:00,155.9507293701172
2026-03-26 18:00:00+00:00,168.44943237304688
2026-03-26 19:00:00+00:00,145.43313598632812
2026-03-26 20:00:00+00:00,129.1954803466797
2026-03-26 21:00:00+00:00,116.99139404296875
2026-03-26 22:00:00+00:00,98.190673828125
2026-03-26 23:00:00+00:00,92.68708801269531
2026-03-27 00:00:00+00:00,122.56502532958984
2026-03-27 01:00:00+00:00,125.15306091308594
2026-03-27 02:00:00+00:00,127.13571166992188
2026-03-27 03:00:00+00:00,132.43557739257812
2026-03-27 04:00:00+00:00,143.66293334960938
2026-03-27 05:00:00+00:00,162.43417358398438
2026-03-27 06:00:00+00:00,160.82420349121094
2026-03-27 07:00:00+00:00,136.05650329589844
2026-03-27 08:00:00+00:00,103.00092315673828
2026-03-27 09:00:00+00:00,69.73692321777344
2026-03-27 10:00:00+00:00,39.694557189941406
2026-03-27 11:00:00+00:00,30.1014404296875
2026-03-27 12:00:00+00:00,28.24425506591797
2026-03-27 13:00:00+00:00,38.48857116699219
2026-03-27 14:00:00+00:00,66.61306762695312
2026-03-27 15:00:00+00:00,99.3117446899414
2026-03-27 16:00:00+00:00,133.2632598876953
2026-03-27 17:00:00+00:00,174.47369384765625
2026-03-27 18:00:00+00:00,169.56829833984375
2026-03-27 19:00:00+00:00,145.3998565673828
2026-03-27 20:00:00+00:00,124.98640441894531
2026-03-27 21:00:00+00:00,108.72396087646484
2026-03-27 22:00:00+00:00,95.37825775146484
2026-03-27 23:00:00+00:00,93.39495849609375
2026-03-28 00:00:00+00:00,91.59770202636719
2026-03-28 01:00:00+00:00,86.9317626953125
2026-03-28 02:00:00+00:00,80.75630950927734
2026-03-28 03:00:00+00:00,82.42802429199219
2026-03-28 04:00:00+00:00,84.75601196289062
2026-03-28 05:00:00+00:00,89.37286376953125
2026-03-28 06:00:00+00:00,88.4786605834961
2026-03-28 07:00:00+00:00,79.46040344238281
2026-03-28 08:00:00+00:00,68.13578796386719
2026-03-28 09:00:00+00:00,58.380714416503906
2026-03-28 10:00:00+00:00,55.8749885559082
2026-03-28 11:00:00+00:00,56.44368362426758
2026-03-28 12:00:00+00:00,57.0980339050293
2026-03-28 13:00:00+00:00,63.2697868347168
2026-03-28 14:00:00+00:00,79.35131072998047
2026-03-28 15:00:00+00:00,103.66876983642578
2026-03-28 16:00:00+00:00,124.95529174804688
2026-03-28 17:00:00+00:00,147.43353271484375
2026-03-28 18:00:00+00:00,149.28610229492188
2026-03-28 19:00:00+00:00,135.23468017578125
2026-03-28 20:00:00+00:00,123.595703125
2026-03-28 21:00:00+00:00,115.73155212402344
2026-03-28 22:00:00+00:00,107.8533935546875
2026-03-28 23:00:00+00:00,104.57528686523438
2026-03-29 00:00:00+00:00,109.22015380859375
2026-03-29 01:00:00+00:00,106.25692749023438
2026-03-29 02:00:00+00:00,104.6488037109375
2026-03-29 03:00:00+00:00,106.48370361328125
2026-03-29 04:00:00+00:00,112.16319274902344
2026-03-29 05:00:00+00:00,115.1506576538086
2026-03-29 06:00:00+00:00,110.61395263671875
2026-03-29 07:00:00+00:00,93.90512084960938
2026-03-29 08:00:00+00:00,70.18948364257812
2026-03-29 09:00:00+00:00,44.650184631347656
2026-03-29 10:00:00+00:00,25.228042602539062
2026-03-29 11:00:00+00:00,10.753196716308594
2026-03-29 12:00:00+00:00,-0.2704315185546875
2026-03-29 13:00:00+00:00,-0.16585540771484375
2026-03-29 14:00:00+00:00,19.591041564941406
2026-03-29 15:00:00+00:00,58.46989822387695
2026-03-29 16:00:00+00:00,84.1111831665039
2026-03-29 17:00:00+00:00,109.82746124267578
2026-03-29 18:00:00+00:00,110.75287628173828
2026-03-29 19:00:00+00:00,93.93355560302734
2026-03-29 20:00:00+00:00,76.90861511230469
2026-03-29 21:00:00+00:00,59.78199768066406
2026-03-29 22:00:00+00:00,42.36354064941406
2026-03-29 23:00:00+00:00,31.897865295410156
2026-03-30 00:00:00+00:00,3.7698440551757812
2026-03-30 01:00:00+00:00,4.788543701171875
2026-03-30 02:00:00+00:00,8.446319580078125
2026-03-30 03:00:00+00:00,17.911048889160156
2026-03-30 04:00:00+00:00,34.06953430175781
2026-03-30 05:00:00+00:00,58.116249084472656
2026-03-30 06:00:00+00:00,79.91482543945312
2026-03-30 07:00:00+00:00,79.67807006835938
2026-03-30 08:00:00+00:00,63.740814208984375
2026-03-30 09:00:00+00:00,38.85163497924805
2026-03-30 10:00:00+00:00,21.400978088378906
2026-03-30 11:00:00+00:00,15.495338439941406
2026-03-30 12:00:00+00:00,14.986854553222656
2026-03-30 13:00:00+00:00,22.531944274902344
2026-03-30 14:00:00+00:00,41.5146369934082
2026-03-30 15:00:00+00:00,75.77354431152344
2026-03-30 16:00:00+00:00,108.62445068359375
2026-03-30 17:00:00+00:00,143.69126892089844
2026-03-30 18:00:00+00:00,153.05191040039062
2026-03-30 19:00:00+00:00,134.7022705078125
2026-03-30 20:00:00+00:00,119.03951263427734
2026-03-30 21:00:00+00:00,103.88034057617188
2026-03-30 22:00:00+00:00,91.35501098632812
2026-03-30 23:00:00+00:00,89.64759826660156
2026-03-31 00:00:00+00:00,92.09581756591797
2026-03-31 01:00:00+00:00,88.96085357666016
2026-03-31 02:00:00+00:00,87.481201171875
2026-03-31 03:00:00+00:00,93.51165008544922
2026-03-31 04:00:00+00:00,111.03067016601562
2026-03-31 05:00:00+00:00,129.0697784423828
2026-03-31 06:00:00+00:00,137.86428833007812
2026-03-31 07:00:00+00:00,122.47893524169922
2026-03-31 08:00:00+00:00,91.15040588378906
2026-03-31 09:00:00+00:00,59.375797271728516
2026-03-31 10:00:00+00:00,40.45990753173828
2026-03-31 11:00:00+00:00,29.671897888183594
2026-03-31 12:00:00+00:00,25.942001342773438
2026-03-31 13:00:00+00:00,33.14820098876953
2026-03-31 14:00:00+00:00,54.68671417236328
2026-03-31 15:00:00+00:00,90.05934143066406
2026-03-31 16:00:00+00:00,125.27461242675781
2026-03-31 17:00:00+00:00,157.17123413085938
2026-03-31 18:00:00+00:00,158.57382202148438
2026-03-31 19:00:00+00:00,148.8933563232422
2026-03-31 20:00:00+00:00,139.66940307617188
2026-03-31 21:00:00+00:00,131.97970581054688
2026-03-31 22:00:00+00:00,130.84835815429688
2026-03-31 23:00:00+00:00,131.08448791503906
2026-04-01 00:00:00+00:00,130.85830688476562
2026-04-01 01:00:00+00:00,134.22984313964844
2026-04-01 02:00:00+00:00,137.4980010986328
2026-04-01 03:00:00+00:00,146.8994140625
2026-04-01 04:00:00+00:00,171.60891723632812
2026-04-01 05:00:00+00:00,194.05758666992188
2026-04-01 06:00:00+00:00,197.4997100830078
2026-04-01 07:00:00+00:00,171.66354370117188
2026-04-01 08:00:00+00:00,141.093994140625
2026-04-01 09:00:00+00:00,113.6940689086914
2026-04-01 10:00:00+00:00,93.9018325805664
2026-04-01 11:00:00+00:00,77.06268310546875
2026-04-01 12:00:00+00:00,74.0046157836914
2026-04-01 13:00:00+00:00,87.49806213378906
2026-04-01 14:00:00+00:00,109.4463882446289
2026-04-01 15:00:00+00:00,140.609375
2026-04-01 16:00:00+00:00,167.52008056640625
2026-04-01 17:00:00+00:00,200.64080810546875
2026-04-01 18:00:00+00:00,194.74188232421875
2026-04-01 19:00:00+00:00,174.39117431640625
2026-04-01 20:00:00+00:00,157.62892150878906
2026-04-01 21:00:00+00:00,144.7540740966797
2026-04-01 22:00:00+00:00,138.0738983154297
2026-04-01 23:00:00+00:00,131.60751342773438
2026-04-02 00:00:00+00:00,118.85743713378906
2026-04-02 01:00:00+00:00,119.9222412109375
2026-04-02 02:00:00+00:00,120.6883316040039
2026-04-02 03:00:00+00:00,127.6273193359375
2026-04-02 04:00:00+00:00,147.2969970703125
2026-04-02 05:00:00+00:00,160.87106323242188
2026-04-02 06:00:00+00:00,149.69749450683594
2026-04-02 07:00:00+00:00,114.1129379272461
2026-04-02 08:00:00+00:00,74.76136779785156
2026-04-02 09:00:00+00:00,45.29926681518555
2026-04-02 10:00:00+00:00,31.576065063476562
2026-04-02 11:00:00+00:00,26.20722198486328
2026-04-02 12:00:00+00:00,32.982566833496094
2026-04-02 13:00:00+00:00,52.61897659301758
2026-04-02 14:00:00+00:00,78.83364868164062
2026-04-02 15:00:00+00:00,112.40007019042969
2026-04-02 16:00:00+00:00,137.69834899902344
2026-04-02 17:00:00+00:00,167.70272827148438
2026-04-02 18:00:00+00:00,165.45057678222656
2026-04-02 19:00:00+00:00,148.46434020996094
2026-04-02 20:00:00+00:00,136.03160095214844
2026-04-02 21:00:00+00:00,124.20759582519531
2026-04-02 22:00:00+00:00,117.97080993652344
2026-04-02 23:00:00+00:00,113.47972106933594
2026-04-03 00:00:00+00:00,112.7271499633789
2026-04-03 01:00:00+00:00,110.98180389404297
2026-04-03 02:00:00+00:00,109.83203887939453
2026-04-03 03:00:00+00:00,116.74801635742188
2026-04-03 04:00:00+00:00,128.58724975585938
2026-04-03 05:00:00+00:00,137.18023681640625
2026-04-03 06:00:00+00:00,130.63316345214844
2026-04-03 07:00:00+00:00,102.78417205810547
2026-04-03 08:00:00+00:00,74.01750946044922
2026-04-03 09:00:00+00:00,46.36371994018555
2026-04-03 10:00:00+00:00,27.54991912841797
2026-04-03 11:00:00+00:00,14.309890747070312
2026-04-03 12:00:00+00:00,7.987449645996094
2026-04-03 13:00:00+00:00,10.672332763671875
2026-04-03 14:00:00+00:00,20.064186096191406
2026-04-03 15:00:00+00:00,44.54966354370117
2026-04-03 16:00:00+00:00,65.56890869140625
2026-04-03 17:00:00+00:00,87.50735473632812
2026-04-03 18:00:00+00:00,87.91060638427734
2026-04-03 19:00:00+00:00,77.09555053710938
2026-04-03 20:00:00+00:00,61.991188049316406
2026-04-03 21:00:00+00:00,47.00926208496094
2026-04-03 22:00:00+00:00,39.71795654296875
2026-04-03 23:00:00+00:00,29.658226013183594
2026-04-04 00:00:00+00:00,13.561569213867188
2026-04-04 01:00:00+00:00,13.651130676269531
2026-04-04 02:00:00+00:00,15.872154235839844
2026-04-04 03:00:00+00:00,22.17725372314453
2026-04-04 04:00:00+00:00,34.67948913574219
2026-04-04 05:00:00+00:00,45.708038330078125
2026-04-04 06:00:00+00:00,57.0645637512207
2026-04-04 07:00:00+00:00,51.2068977355957
2026-04-04 08:00:00+00:00,36.36268615722656
2026-04-04 09:00:00+00:00,20.868675231933594
2026-04-04 10:00:00+00:00,11.296409606933594
2026-04-04 11:00:00+00:00,5.0106353759765625
2026-04-04 12:00:00+00:00,4.653678894042969
2026-04-04 13:00:00+00:00,14.698944091796875
2026-04-04 14:00:00+00:00,39.36334228515625
2026-04-04 15:00:00+00:00,77.98334503173828
2026-04-04 16:00:00+00:00,113.31947326660156
2026-04-04 17:00:00+00:00,142.114501953125
2026-04-04 18:00:00+00:00,143.05230712890625
2026-04-04 19:00:00+00:00,126.58735656738281
2026-04-04 20:00:00+00:00,106.75335693359375
2026-04-04 21:00:00+00:00,88.80207824707031
2026-04-04 22:00:00+00:00,67.61173248291016
2026-04-04 23:00:00+00:00,56.88898849487305
2026-04-05 00:00:00+00:00,3.49896240234375
2026-04-05 01:00:00+00:00,0.20859527587890625
2026-04-05 02:00:00+00:00,-2.228363037109375
2026-04-05 03:00:00+00:00,-4.791656494140625
2026-04-05 04:00:00+00:00,-6.86895751953125
2026-04-05 05:00:00+00:00,-9.761466979980469
2026-04-05 06:00:00+00:00,-17.75250244140625
2026-04-05 07:00:00+00:00,-30.859512329101562
2026-04-05 08:00:00+00:00,-44.27759552001953
2026-04-05 09:00:00+00:00,-52.35419464111328
2026-04-05 10:00:00+00:00,-55.410240173339844
2026-04-05 11:00:00+00:00,-57.125892639160156
2026-04-05 12:00:00+00:00,-56.90331268310547
2026-04-05 13:00:00+00:00,-52.83271026611328
2026-04-05 14:00:00+00:00,-37.275733947753906
2026-04-05 15:00:00+00:00,-9.650787353515625
2026-04-05 16:00:00+00:00,32.69623565673828
2026-04-05 17:00:00+00:00,64.11607360839844
2026-04-05 18:00:00+00:00,76.20245361328125
2026-04-05 19:00:00+00:00,66.78073120117188
2026-04-05 20:00:00+00:00,57.968894958496094
2026-04-05 21:00:00+00:00,42.332191467285156
2026-04-05 22:00:00+00:00,33.27581024169922
2026-04-05 23:00:00+00:00,30.013954162597656
2026-04-06 00:00:00+00:00,4.4200897216796875
2026-04-06 01:00:00+00:00,6.961463928222656
2026-04-06 02:00:00+00:00,10.142776489257812
2026-04-06 03:00:00+00:00,15.0101318359375
2026-04-06 04:00:00+00:00,20.318031311035156
2026-04-06 05:00:00+00:00,20.273773193359375
2026-04-06 06:00:00+00:00,12.609657287597656
2026-04-06 07:00:00+00:00,-8.398681640625
2026-04-06 08:00:00+00:00,-31.473594665527344
2026-04-06 09:00:00+00:00,-51.458282470703125
2026-04-06 10:00:00+00:00,-64.01142883300781
2026-04-06 11:00:00+00:00,-69.80967712402344
2026-04-06 12:00:00+00:00,-64.80198669433594
2026-04-06 13:00:00+00:00,-47.90826416015625
2026-04-06 14:00:00+00:00,-23.353530883789062
2026-04-06 15:00:00+00:00,13.668571472167969
2026-04-06 16:00:00+00:00,58.76289367675781
2026-04-06 17:00:00+00:00,104.7691421508789
2026-04-06 18:00:00+00:00,112.94186401367188
2026-04-06 19:00:00+00:00,102.40019989013672
2026-04-06 20:00:00+00:00,95.56233978271484
2026-04-06 21:00:00+00:00,87.69559478759766
2026-04-06 22:00:00+00:00,83.02836608886719
2026-04-06 23:00:00+00:00,83.33890533447266
2026-04-07 00:00:00+00:00,95.60592651367188
2026-04-07 01:00:00+00:00,92.92061614990234
2026-04-07 02:00:00+00:00,96.45222473144531
2026-04-07 03:00:00+00:00,113.6158676147461
2026-04-07 04:00:00+00:00,138.52655029296875
2026-04-07 05:00:00+00:00,147.00469970703125
2026-04-07 06:00:00+00:00,135.24462890625
2026-04-07 07:00:00+00:00,100.93467712402344
2026-04-07 08:00:00+00:00,60.86924743652344
2026-04-07 09:00:00+00:00,26.24493408203125
2026-04-07 10:00:00+00:00,3.85516357421875
2026-04-07 11:00:00+00:00,-7.773124694824219
2026-04-07 12:00:00+00:00,-5.6896820068359375
2026-04-07 13:00:00+00:00,14.866744995117188
2026-04-07 14:00:00+00:00,48.35853576660156
2026-04-07 15:00:00+00:00,95.52954864501953
2026-04-07 16:00:00+00:00,144.28277587890625
2026-04-07 17:00:00+00:00,185.05294799804688
2026-04-07 18:00:00+00:00,186.0094757080078
2026-04-07 19:00:00+00:00,162.4473876953125
2026-04-07 20:00:00+00:00,145.66099548339844
2026-04-07 21:00:00+00:00,130.9429931640625
2026-04-07 22:00:00+00:00,121.1679458618164
2026-04-07 23:00:00+00:00,116.81499481201172
2026-04-08 00:00:00+00:00,106.59673309326172
2026-04-08 01:00:00+00:00,106.67652893066406
2026-04-08 02:00:00+00:00,109.0167007446289
2026-04-08 03:00:00+00:00,119.56302642822266
2026-04-08 04:00:00+00:00,140.99342346191406
2026-04-08 05:00:00+00:00,148.33135986328125
2026-04-08 06:00:00+00:00,130.68344116210938
2026-04-08 07:00:00+00:00,87.34040832519531
2026-04-08 08:00:00+00:00,41.68449020385742
2026-04-08 09:00:00+00:00,5.857902526855469
2026-04-08 10:00:00+00:00,-15.496139526367188
2026-04-08 11:00:00+00:00,-24.784828186035156
2026-04-08 12:00:00+00:00,-22.154281616210938
2026-04-08 13:00:00+00:00,-5.940643310546875
2026-04-08 14:00:00+00:00,27.425743103027344
2026-04-08 15:00:00+00:00,81.22396087646484
2026-04-08 16:00:00+00:00,130.08013916015625
2026-04-08 17:00:00+00:00,176.72666931152344
2026-04-08 18:00:00+00:00,171.62680053710938
2026-04-08 19:00:00+00:00,137.0217742919922
2026-04-08 20:00:00+00:00,117.07967376708984
2026-04-08 21:00:00+00:00,100.03375244140625
2026-04-08 22:00:00+00:00,93.5015640258789
2026-04-08 23:00:00+00:00,90.91394805908203
2026-04-09 00:00:00+00:00,94.82051086425781
2026-04-09 01:00:00+00:00,95.49321746826172
2026-04-09 02:00:00+00:00,100.83934020996094
2026-04-09 03:00:00+00:00,115.82672119140625
2026-04-09 04:00:00+00:00,138.8812255859375
2026-04-09 05:00:00+00:00,155.083251953125
2026-04-09 06:00:00+00:00,146.78221130371094
2026-04-09 07:00:00+00:00,113.62779998779297
2026-04-09 08:00:00+00:00,74.05903625488281
2026-04-09 09:00:00+00:00,34.629737854003906
2026-04-09 10:00:00+00:00,10.272377014160156
2026-04-09 11:00:00+00:00,-2.3720245361328125
2026-04-09 12:00:00+00:00,-3.809539794921875
2026-04-09 13:00:00+00:00,11.867530822753906
2026-04-09 14:00:00+00:00,42.84424591064453
2026-04-09 15:00:00+00:00,94.28504943847656
2026-04-09 16:00:00+00:00,127.07186126708984
2026-04-09 17:00:00+00:00,153.07049560546875
2026-04-09 18:00:00+00:00,152.23361206054688
2026-04-09 19:00:00+00:00,127.0521240234375
2026-04-09 20:00:00+00:00,110.86884307861328
2026-04-09 21:00:00+00:00,92.5116958618164
2026-04-09 22:00:00+00:00,82.00139617919922
2026-04-09 23:00:00+00:00,73.60861206054688
2026-04-10 00:00:00+00:00,81.5363998413086
2026-04-10 01:00:00+00:00,79.00928497314453
2026-04-10 02:00:00+00:00,80.7824935913086
2026-04-10 03:00:00+00:00,90.34449005126953
2026-04-10 04:00:00+00:00,110.83882141113281
2026-04-10 05:00:00+00:00,129.6182098388672
2026-04-10 06:00:00+00:00,139.11703491210938
2026-04-10 07:00:00+00:00,131.50914001464844
2026-04-10 08:00:00+00:00,112.0588607788086
2026-04-10 09:00:00+00:00,93.51358795166016
2026-04-10 10:00:00+00:00,83.22312927246094
2026-04-10 11:00:00+00:00,74.89930725097656
2026-04-10 12:00:00+00:00,71.37815856933594
2026-04-10 13:00:00+00:00,75.94024658203125
2026-04-10 14:00:00+00:00,93.09574127197266
2026-04-10 15:00:00+00:00,121.56063842773438
2026-04-10 16:00:00+00:00,143.5984344482422
2026-04-10 17:00:00+00:00,171.28341674804688
2026-04-10 18:00:00+00:00,174.44747924804688
2026-04-10 19:00:00+00:00,161.6866455078125
2026-04-10 20:00:00+00:00,152.25384521484375
2026-04-10 21:00:00+00:00,142.01193237304688
2026-04-10 22:00:00+00:00,135.57176208496094
2026-04-10 23:00:00+00:00,128.4932098388672
2026-04-11 00:00:00+00:00,113.97422790527344
2026-04-11 01:00:00+00:00,106.62620544433594
2026-04-11 02:00:00+00:00,97.7258529663086
2026-04-11 03:00:00+00:00,98.81871032714844
2026-04-11 04:00:00+00:00,105.0788345336914
2026-04-11 05:00:00+00:00,101.47163391113281
2026-04-11 06:00:00+00:00,81.8982925415039
2026-04-11 07:00:00+00:00,42.41988754272461
2026-04-11 08:00:00+00:00,5.9648284912109375
2026-04-11 09:00:00+00:00,-33.02427673339844
2026-04-11 10:00:00+00:00,-53.333396911621094
2026-04-11 11:00:00+00:00,-61.991172790527344
2026-04-11 12:00:00+00:00,-61.501747131347656
2026-04-11 13:00:00+00:00,-46.895652770996094
2026-04-11 14:00:00+00:00,-21.116546630859375
2026-04-11 15:00:00+00:00,28.582305908203125
2026-04-11 16:00:00+00:00,56.86002731323242
2026-04-11 17:00:00+00:00,84.64779663085938
2026-04-11 18:00:00+00:00,82.6069564819336
2026-04-11 19:00:00+00:00,69.19532775878906
2026-04-11 20:00:00+00:00,62.889102935791016
2026-04-11 21:00:00+00:00,54.61985778808594
2026-04-11 22:00:00+00:00,51.662906646728516
2026-04-11 23:00:00+00:00,46.20502471923828
2026-04-12 00:00:00+00:00,79.29719543457031
2026-04-12 01:00:00+00:00,80.7893295288086
2026-04-12 02:00:00+00:00,83.75382232666016
2026-04-12 03:00:00+00:00,90.21087646484375
2026-04-12 04:00:00+00:00,97.48191833496094
2026-04-12 05:00:00+00:00,102.0013198852539
2026-04-12 06:00:00+00:00,101.76283264160156
2026-04-12 07:00:00+00:00,95.34524536132812
2026-04-12 08:00:00+00:00,84.16703796386719
2026-04-12 09:00:00+00:00,73.16222381591797
2026-04-12 10:00:00+00:00,64.34834289550781
2026-04-12 11:00:00+00:00,60.35621643066406
2026-04-12 12:00:00+00:00,63.27354431152344
2026-04-12 13:00:00+00:00,76.85395812988281
2026-04-12 14:00:00+00:00,101.88768768310547
2026-04-12 15:00:00+00:00,125.26663208007812
2026-04-12 16:00:00+00:00,150.95272827148438
2026-04-12 17:00:00+00:00,174.09552001953125
2026-04-12 18:00:00+00:00,177.72027587890625
2026-04-12 19:00:00+00:00,164.26605224609375
2026-04-12 20:00:00+00:00,152.95925903320312
2026-04-12 21:00:00+00:00,141.37234497070312
2026-04-12 22:00:00+00:00,134.80783081054688
2026-04-12 23:00:00+00:00,128.2282257080078
2026-04-13 00:00:00+00:00,111.08439636230469
2026-04-13 01:00:00+00:00,111.08709716796875
2026-04-13 02:00:00+00:00,115.68351745605469
2026-04-13 03:00:00+00:00,126.62738037109375
2026-04-13 04:00:00+00:00,147.3134765625
2026-04-13 05:00:00+00:00,159.64793395996094
2026-04-13 06:00:00+00:00,160.5269775390625
2026-04-13 07:00:00+00:00,149.10816955566406
2026-04-13 08:00:00+00:00,133.2510986328125
2026-04-13 09:00:00+00:00,113.95901489257812
2026-04-13 10:00:00+00:00,96.67027282714844
2026-04-13 11:00:00+00:00,88.07754516601562
2026-04-13 12:00:00+00:00,89.78262329101562
2026-04-13 13:00:00+00:00,100.69943237304688
2026-04-13 14:00:00+00:00,116.81328582763672
2026-04-13 15:00:00+00:00,138.6988525390625
2026-04-13 16:00:00+00:00,153.7935791015625
2026-04-13 17:00:00+00:00,170.95639038085938
2026-04-13 18:00:00+00:00,171.381591796875
2026-04-13 19:00:00+00:00,155.87716674804688
2026-04-13 20:00:00+00:00,143.57142639160156
2026-04-13 21:00:00+00:00,134.27352905273438
2026-04-13 22:00:00+00:00,129.59982299804688
2026-04-13 23:00:00+00:00,125.07283782958984
2026-04-14 00:00:00+00:00,116.67436981201172
2026-04-14 01:00:00+00:00,117.6232681274414
2026-04-14 02:00:00+00:00,121.56903076171875
2026-04-14 03:00:00+00:00,130.6617431640625
2026-04-14 04:00:00+00:00,149.22840881347656
2026-04-14 05:00:00+00:00,164.8839111328125
2026-04-14 06:00:00+00:00,167.45611572265625
2026-04-14 07:00:00+00:00,153.17977905273438
2026-04-14 08:00:00+00:00,135.50973510742188
2026-04-14 09:00:00+00:00,120.59968566894531
2026-04-14 10:00:00+00:00,110.48941802978516
2026-04-14 11:00:00+00:00,103.08412170410156
2026-04-14 12:00:00+00:00,102.80690002441406
2026-04-14 13:00:00+00:00,110.11128234863281
2026-04-14 14:00:00+00:00,124.46525573730469
2026-04-14 15:00:00+00:00,143.2830810546875
2026-04-14 16:00:00+00:00,166.95074462890625
2026-04-14 17:00:00+00:00,191.60325622558594
2026-04-14 18:00:00+00:00,190.63026428222656
2026-04-14 19:00:00+00:00,174.13345336914062
2026-04-14 20:00:00+00:00,161.4392852783203
2026-04-14 21:00:00+00:00,150.9221649169922
2026-04-14 22:00:00+00:00,143.97947692871094
2026-04-14 23:00:00+00:00,138.86126708984375
2026-04-15 00:00:00+00:00,124.28495788574219
2026-04-15 01:00:00+00:00,125.03195190429688
2026-04-15 02:00:00+00:00,128.03448486328125
2026-04-15 03:00:00+00:00,137.92283630371094
2026-04-15 04:00:00+00:00,156.26080322265625
2026-04-15 05:00:00+00:00,167.10452270507812
2026-04-15 06:00:00+00:00,153.17523193359375
2026-04-15 07:00:00+00:00,117.40796661376953
2026-04-15 08:00:00+00:00,88.89388275146484
2026-04-15 09:00:00+00:00,67.78124237060547
2026-04-15 10:00:00+00:00,58.13351058959961
2026-04-15 11:00:00+00:00,52.94845962524414
2026-04-15 12:00:00+00:00,59.443275451660156
2026-04-15 13:00:00+00:00,76.62040710449219
2026-04-15 14:00:00+00:00,98.49519348144531
2026-04-15 15:00:00+00:00,128.5087127685547
2026-04-15 16:00:00+00:00,151.745361328125
2026-04-15 17:00:00+00:00,185.83282470703125
2026-04-15 18:00:00+00:00,183.38690185546875
2026-04-15 19:00:00+00:00,157.68919372558594
2026-04-15 20:00:00+00:00,139.74136352539062
2026-04-15 21:00:00+00:00,124.80670928955078
2026-04-15 22:00:00+00:00,118.20112609863281
2026-04-15 23:00:00+00:00,114.70838928222656
2026-04-16 00:00:00+00:00,102.84320831298828
2026-04-16 01:00:00+00:00,102.87648010253906
2026-04-16 02:00:00+00:00,106.88424682617188
2026-04-16 03:00:00+00:00,117.9072265625
2026-04-16 04:00:00+00:00,139.1136474609375
2026-04-16 05:00:00+00:00,149.96087646484375
2026-04-16 06:00:00+00:00,141.638916015625
2026-04-16 07:00:00+00:00,114.9881362915039
2026-04-16 08:00:00+00:00,89.35101318359375
2026-04-16 09:00:00+00:00,65.97306823730469
2026-04-16 10:00:00+00:00,51.328121185302734
2026-04-16 11:00:00+00:00,45.04849624633789
2026-04-16 12:00:00+00:00,50.75360870361328
2026-04-16 13:00:00+00:00,64.75252532958984
2026-04-16 14:00:00+00:00,84.13705444335938
2026-04-16 15:00:00+00:00,111.22845458984375
2026-04-16 16:00:00+00:00,139.66973876953125
2026-04-16 17:00:00+00:00,181.80335998535156
2026-04-16 18:00:00+00:00,184.15997314453125
2026-04-16 19:00:00+00:00,160.10379028320312
2026-04-16 20:00:00+00:00,146.05142211914062
2026-04-16 21:00:00+00:00,134.0861053466797
2026-04-16 22:00:00+00:00,129.72308349609375
2026-04-16 23:00:00+00:00,125.74948120117188
2026-04-17 00:00:00+00:00,117.45362091064453
2026-04-17 01:00:00+00:00,115.27655029296875
2026-04-17 02:00:00+00:00,116.60452270507812
2026-04-17 03:00:00+00:00,126.85356140136719
2026-04-17 04:00:00+00:00,148.3623046875
2026-04-17 05:00:00+00:00,155.69589233398438
2026-04-17 06:00:00+00:00,138.9417266845703
2026-04-17 07:00:00+00:00,101.98438262939453
2026-04-17 08:00:00+00:00,74.33564758300781
2026-04-17 09:00:00+00:00,51.71651077270508
2026-04-17 10:00:00+00:00,38.5551872253418
2026-04-17 11:00:00+00:00,32.7443733215332
2026-04-17 12:00:00+00:00,40.055789947509766
2026-04-17 13:00:00+00:00,54.73149108886719
2026-04-17 14:00:00+00:00,77.76264190673828
2026-04-17 15:00:00+00:00,110.63835144042969
2026-04-17 16:00:00+00:00,136.93186950683594
2026-04-17 17:00:00+00:00,171.441162109375
2026-04-17 18:00:00+00:00,169.95339965820312
2026-04-17 19:00:00+00:00,141.40664672851562
2026-04-17 20:00:00+00:00,125.93204498291016
2026-04-17 21:00:00+00:00,110.97142028808594
2026-04-17 22:00:00+00:00,106.25323486328125
2026-04-17 23:00:00+00:00,99.45803833007812
2026-04-18 00:00:00+00:00,106.45668029785156
2026-04-18 01:00:00+00:00,106.47364807128906
2026-04-18 02:00:00+00:00,106.40689849853516
2026-04-18 03:00:00+00:00,108.24903106689453
2026-04-18 04:00:00+00:00,112.09211730957031
2026-04-18 05:00:00+00:00,108.98040771484375
2026-04-18 06:00:00+00:00,95.83686828613281
2026-04-18 07:00:00+00:00,70.60980224609375
2026-04-18 08:00:00+00:00,45.029808044433594
2026-04-18 09:00:00+00:00,17.86724090576172
2026-04-18 10:00:00+00:00,0.07933807373046875
2026-04-18 11:00:00+00:00,-7.124015808105469
2026-04-18 12:00:00+00:00,0.6462936401367188
2026-04-18 13:00:00+00:00,22.942893981933594
2026-04-18 14:00:00+00:00,52.05183792114258
2026-04-18 15:00:00+00:00,82.16693115234375
2026-04-18 16:00:00+00:00,107.40033721923828
2026-04-18 17:00:00+00:00,136.850341796875
2026-04-18 18:00:00+00:00,137.2470703125
2026-04-18 19:00:00+00:00,118.35078430175781
2026-04-18 20:00:00+00:00,108.13298797607422
2026-04-18 21:00:00+00:00,97.4417953491211
2026-04-18 22:00:00+00:00,92.67729187011719
2026-04-18 23:00:00+00:00,88.66004943847656
2026-04-19 00:00:00+00:00,105.127685546875
2026-04-19 01:00:00+00:00,103.6859359741211
2026-04-19 02:00:00+00:00,102.5370864868164
2026-04-19 03:00:00+00:00,101.07640075683594
2026-04-19 04:00:00+00:00,102.04955291748047
2026-04-19 05:00:00+00:00,103.6312255859375
2026-04-19 06:00:00+00:00,103.09296417236328
2026-04-19 07:00:00+00:00,94.44142150878906
2026-04-19 08:00:00+00:00,75.22999572753906
2026-04-19 09:00:00+00:00,48.967384338378906
2026-04-19 10:00:00+00:00,26.434471130371094
2026-04-19 11:00:00+00:00,8.962921142578125
2026-04-19 12:00:00+00:00,-0.3802032470703125
2026-04-19 13:00:00+00:00,1.6252975463867188
2026-04-19 14:00:00+00:00,18.920028686523438
2026-04-19 15:00:00+00:00,50.69498825073242
2026-04-19 16:00:00+00:00,77.98269653320312
2026-04-19 17:00:00+00:00,105.79391479492188
2026-04-19 18:00:00+00:00,114.61868286132812
2026-04-19 19:00:00+00:00,107.38286590576172
2026-04-19 20:00:00+00:00,100.9786148071289
2026-04-19 21:00:00+00:00,89.9229736328125
2026-04-19 22:00:00+00:00,72.92552947998047
2026-04-19 23:00:00+00:00,66.48716735839844
2026-04-20 00:00:00+00:00,96.85192108154297
2026-04-20 01:00:00+00:00,94.40203094482422
2026-04-20 02:00:00+00:00,96.84869384765625
2026-04-20 03:00:00+00:00,109.83348083496094
2026-04-20 04:00:00+00:00,130.0750732421875
2026-04-20 05:00:00+00:00,138.76119995117188
2026-04-20 06:00:00+00:00,134.9413604736328
2026-04-20 07:00:00+00:00,114.00814819335938
2026-04-20 08:00:00+00:00,93.46047973632812
2026-04-20 09:00:00+00:00,75.62701416015625
2026-04-20 10:00:00+00:00,57.562870025634766
2026-04-20 11:00:00+00:00,49.805049896240234
2026-04-20 12:00:00+00:00,49.25575637817383
2026-04-20 13:00:00+00:00,57.92120361328125
2026-04-20 14:00:00+00:00,79.17210388183594
2026-04-20 15:00:00+00:00,106.48062896728516
2026-04-20 16:00:00+00:00,126.65234375
2026-04-20 17:00:00+00:00,152.19012451171875
2026-04-20 18:00:00+00:00,154.82972717285156
2026-04-20 19:00:00+00:00,138.4915008544922
2026-04-20 20:00:00+00:00,128.15476989746094
2026-04-20 21:00:00+00:00,110.16492462158203
2026-04-20 22:00:00+00:00,105.80182647705078
2026-04-20 23:00:00+00:00,104.13611602783203
2026-04-21 00:00:00+00:00,103.18665313720703
2026-04-21 01:00:00+00:00,104.40387725830078
2026-04-21 02:00:00+00:00,107.32557678222656
2026-04-21 03:00:00+00:00,117.38186645507812
2026-04-21 04:00:00+00:00,134.24940490722656
2026-04-21 05:00:00+00:00,139.7456817626953
2026-04-21 06:00:00+00:00,128.73521423339844
2026-04-21 07:00:00+00:00,100.25475311279297
2026-04-21 08:00:00+00:00,74.50135040283203
2026-04-21 09:00:00+00:00,52.9477424621582
2026-04-21 10:00:00+00:00,32.51628112792969
2026-04-21 11:00:00+00:00,29.742801666259766
2026-04-21 12:00:00+00:00,34.887779235839844
2026-04-21 13:00:00+00:00,44.70878601074219
2026-04-21 14:00:00+00:00,75.79057312011719
2026-04-21 15:00:00+00:00,116.4635238647461
2026-04-21 16:00:00+00:00,142.12295532226562
2026-04-21 17:00:00+00:00,175.44859313964844
2026-04-21 18:00:00+00:00,174.541748046875
2026-04-21 19:00:00+00:00,152.3758087158203
2026-04-21 20:00:00+00:00,142.11492919921875
2026-04-21 21:00:00+00:00,131.03077697753906
2026-04-21 22:00:00+00:00,126.55178833007812
2026-04-21 23:00:00+00:00,122.38176727294922
2026-04-22 00:00:00+00:00,104.73641967773438
2026-04-22 01:00:00+00:00,107.8158187866211
2026-04-22 02:00:00+00:00,109.6082763671875
2026-04-22 03:00:00+00:00,117.45419311523438
2026-04-22 04:00:00+00:00,130.04176330566406
2026-04-22 05:00:00+00:00,126.85479736328125
2026-04-22 06:00:00+00:00,100.87762451171875
2026-04-22 07:00:00+00:00,61.92768859863281
2026-04-22 08:00:00+00:00,17.904335021972656
2026-04-22 09:00:00+00:00,-19.05274200439453
2026-04-22 10:00:00+00:00,-42.02423858642578
2026-04-22 11:00:00+00:00,-52.00102996826172
2026-04-22 12:00:00+00:00,-53.42174530029297
2026-04-22 13:00:00+00:00,-42.14387512207031
2026-04-22 14:00:00+00:00,-11.542953491210938
2026-04-22 15:00:00+00:00,47.59769821166992
2026-04-22 16:00:00+00:00,98.86404418945312
2026-04-22 17:00:00+00:00,137.78518676757812
2026-04-22 18:00:00+00:00,141.0880889892578
2026-04-22 19:00:00+00:00,122.61866760253906
2026-04-22 20:00:00+00:00,111.74740600585938
2026-04-22 21:00:00+00:00,100.3216781616211
2026-04-22 22:00:00+00:00,94.09086608886719
2026-04-22 23:00:00+00:00,91.19583892822266
2026-04-23 00:00:00+00:00,98.18510437011719
2026-04-23 01:00:00+00:00,97.55995178222656
2026-04-23 02:00:00+00:00,97.75923156738281
2026-04-23 03:00:00+00:00,107.2364273071289
2026-04-23 04:00:00+00:00,120.74919128417969
2026-04-23 05:00:00+00:00,117.1846923828125
2026-04-23 06:00:00+00:00,91.905517578125
2026-04-23 07:00:00+00:00,50.27840805053711
2026-04-23 08:00:00+00:00,8.583686828613281
2026-04-23 09:00:00+00:00,-30.13519287109375
2026-04-23 10:00:00+00:00,-47.72850036621094
2026-04-23 11:00:00+00:00,-53.64483642578125
2026-04-23 12:00:00+00:00,-53.84771728515625
2026-04-23 13:00:00+00:00,-42.996002197265625
2026-04-23 14:00:00+00:00,-21.216445922851562
2026-04-23 15:00:00+00:00,29.623226165771484
2026-04-23 16:00:00+00:00,76.27701568603516
2026-04-23 17:00:00+00:00,114.03754425048828
2026-04-23 18:00:00+00:00,117.6419677734375
2026-04-23 19:00:00+00:00,102.72648620605469
2026-04-23 20:00:00+00:00,93.95758056640625
2026-04-23 21:00:00+00:00,86.64021301269531
2026-04-23 22:00:00+00:00,84.30123901367188
2026-04-23 23:00:00+00:00,82.64378356933594
2026-04-24 00:00:00+00:00,96.98246002197266
2026-04-24 01:00:00+00:00,98.25372314453125
2026-04-24 02:00:00+00:00,100.2557144165039
2026-04-24 03:00:00+00:00,108.80404663085938
2026-04-24 04:00:00+00:00,122.67257690429688
2026-04-24 05:00:00+00:00,124.082275390625
2026-04-24 06:00:00+00:00,107.87783813476562
2026-04-24 07:00:00+00:00,69.77977752685547
2026-04-24 08:00:00+00:00,25.32874298095703
2026-04-24 09:00:00+00:00,3.8858566284179688
2026-04-24 10:00:00+00:00,-13.348442077636719
2026-04-24 11:00:00+00:00,-29.59809112548828
2026-04-24 12:00:00+00:00,-35.01405334472656
2026-04-24 13:00:00+00:00,-20.695526123046875
2026-04-24 14:00:00+00:00,7.2275848388671875
2026-04-24 15:00:00+00:00,43.45397186279297
2026-04-24 16:00:00+00:00,95.68498229980469
2026-04-24 17:00:00+00:00,128.37010192871094
2026-04-24 18:00:00+00:00,136.49722290039062
2026-04-24 19:00:00+00:00,121.30200958251953
2026-04-24 20:00:00+00:00,109.50509643554688
2026-04-24 21:00:00+00:00,101.7026138305664
2026-04-24 22:00:00+00:00,99.40404510498047
2026-04-24 23:00:00+00:00,94.95541381835938
2026-04-25 00:00:00+00:00,95.38524627685547
2026-04-25 01:00:00+00:00,94.09214782714844
2026-04-25 02:00:00+00:00,93.94795989990234
2026-04-25 03:00:00+00:00,96.21147918701172
2026-04-25 04:00:00+00:00,94.93458557128906
2026-04-25 05:00:00+00:00,85.29410552978516
2026-04-25 06:00:00+00:00,60.24064636230469
2026-04-25 07:00:00+00:00,24.065204620361328
2026-04-25 08:00:00+00:00,-15.440567016601562
2026-04-25 09:00:00+00:00,-39.79893493652344
2026-04-25 10:00:00+00:00,-55.678680419921875
2026-04-25 11:00:00+00:00,-66.6663818359375
2026-04-25 12:00:00+00:00,-69.48831176757812
2026-04-25 13:00:00+00:00,-56.07359313964844
2026-04-25 14:00:00+00:00,-34.09492492675781
2026-04-25 15:00:00+00:00,-0.49283599853515625
2026-04-25 16:00:00+00:00,20.09252166748047
2026-04-25 17:00:00+00:00,45.37890625
2026-04-25 18:00:00+00:00,53.23793029785156
2026-04-25 19:00:00+00:00,49.288909912109375
2026-04-25 20:00:00+00:00,49.43940734863281
2026-04-25 21:00:00+00:00,48.16313934326172
2026-04-25 22:00:00+00:00,52.8279914855957
2026-04-25 23:00:00+00:00,56.1671142578125
2026-04-26 00:00:00+00:00,79.59752655029297
2026-04-26 01:00:00+00:00,81.67485046386719
2026-04-26 02:00:00+00:00,85.9958724975586
2026-04-26 03:00:00+00:00,90.76974487304688
2026-04-26 04:00:00+00:00,91.33731079101562
2026-04-26 05:00:00+00:00,82.44523620605469
2026-04-26 06:00:00+00:00,58.15568161010742
2026-04-26 07:00:00+00:00,24.563854217529297
2026-04-26 08:00:00+00:00,-17.29454803466797
2026-04-26 09:00:00+00:00,-45.75621795654297
2026-04-26 10:00:00+00:00,-59.353271484375
2026-04-26 11:00:00+00:00,-68.12388610839844
2026-04-26 12:00:00+00:00,-67.60740661621094
2026-04-26 13:00:00+00:00,-51.76145935058594
2026-04-26 14:00:00+00:00,-15.611152648925781
2026-04-26 15:00:00+00:00,45.13597106933594
2026-04-26 16:00:00+00:00,95.43402099609375
2026-04-26 17:00:00+00:00,132.89663696289062
2026-04-26 18:00:00+00:00,141.88055419921875
2026-04-26 19:00:00+00:00,127.68799591064453
2026-04-26 20:00:00+00:00,118.49869537353516
2026-04-26 21:00:00+00:00,109.44992065429688
2026-04-26 22:00:00+00:00,101.47747039794922
2026-04-26 23:00:00+00:00,96.52589416503906
2026-04-27 00:00:00+00:00,109.086669921875
2026-04-27 01:00:00+00:00,107.39753723144531
2026-04-27 02:00:00+00:00,110.31611633300781
2026-04-27 03:00:00+00:00,126.48321533203125
2026-04-27 04:00:00+00:00,144.798095703125
2026-04-27 05:00:00+00:00,146.60787963867188
2026-04-27 06:00:00+00:00,122.89385986328125
2026-04-27 07:00:00+00:00,75.49810791015625
2026-04-27 08:00:00+00:00,17.94341278076172
2026-04-27 09:00:00+00:00,-33.05188751220703
2026-04-27 10:00:00+00:00,-58.78105163574219
2026-04-27 11:00:00+00:00,-72.62200927734375
2026-04-27 12:00:00+00:00,-72.04092407226562
2026-04-27 13:00:00+00:00,-42.89598846435547
2026-04-27 14:00:00+00:00,7.5932769775390625
2026-04-27 15:00:00+00:00,76.17626953125
2026-04-27 16:00:00+00:00,131.0950164794922
2026-04-27 17:00:00+00:00,166.5731964111328
2026-04-27 18:00:00+00:00,167.546142578125
2026-04-27 19:00:00+00:00,141.58242797851562
2026-04-27 20:00:00+00:00,126.48685455322266
2026-04-27 21:00:00+00:00,116.77493286132812
2026-04-27 22:00:00+00:00,109.63700866699219
2026-04-27 23:00:00+00:00,106.18134307861328
2026-04-28 00:00:00+00:00,108.93824768066406
2026-04-28 01:00:00+00:00,107.93268585205078
2026-04-28 02:00:00+00:00,107.72360229492188
2026-04-28 03:00:00+00:00,117.88587951660156
2026-04-28 04:00:00+00:00,132.61090087890625
2026-04-28 05:00:00+00:00,131.85963439941406
2026-04-28 06:00:00+00:00,115.35539245605469
2026-04-28 07:00:00+00:00,76.47434997558594
2026-04-28 08:00:00+00:00,27.974411010742188
2026-04-28 09:00:00+00:00,2.4176101684570312
2026-04-28 10:00:00+00:00,-13.438545227050781
2026-04-28 11:00:00+00:00,-29.6376953125
2026-04-28 12:00:00+00:00,-31.101402282714844
2026-04-28 13:00:00+00:00,-16.904281616210938
2026-04-28 14:00:00+00:00,11.326629638671875
2026-04-28 15:00:00+00:00,54.26018524169922
2026-04-28 16:00:00+00:00,94.60526275634766
2026-04-28 17:00:00+00:00,128.56922912597656
2026-04-28 18:00:00+00:00,134.8739776611328
2026-04-28 19:00:00+00:00,118.47795104980469
2026-04-28 20:00:00+00:00,108.41683197021484
2026-04-28 21:00:00+00:00,101.43038177490234
2026-04-28 22:00:00+00:00,99.3017578125
2026-04-28 23:00:00+00:00,97.24916076660156
2026-04-29 00:00:00+00:00,96.79411315917969
2026-04-29 01:00:00+00:00,97.26361846923828
2026-04-29 02:00:00+00:00,100.40318298339844
2026-04-29 03:00:00+00:00,110.88829803466797
2026-04-29 04:00:00+00:00,122.83633422851562
2026-04-29 05:00:00+00:00,121.79940795898438
2026-04-29 06:00:00+00:00,100.76243591308594
2026-04-29 07:00:00+00:00,61.66646957397461
2026-04-29 08:00:00+00:00,11.659706115722656
2026-04-29 09:00:00+00:00,-19.262939453125
2026-04-29 10:00:00+00:00,-35.231292724609375
2026-04-29 11:00:00+00:00,-45.04749298095703
2026-04-29 12:00:00+00:00,-47.30237579345703
2026-04-29 13:00:00+00:00,-38.83131408691406
2026-04-29 14:00:00+00:00,-12.891654968261719
2026-04-29 15:00:00+00:00,39.86787033081055
2026-04-29 16:00:00+00:00,88.29971313476562
2026-04-29 17:00:00+00:00,124.64997863769531
2026-04-29 18:00:00+00:00,131.92422485351562
2026-04-29 19:00:00+00:00,116.59931945800781
2026-04-29 20:00:00+00:00,106.64910888671875
2026-04-29 21:00:00+00:00,100.07303619384766
2026-04-29 22:00:00+00:00,97.08827209472656
2026-04-29 23:00:00+00:00,95.5040283203125
2026-04-30 00:00:00+00:00,98.76119232177734
2026-04-30 01:00:00+00:00,99.46035766601562
2026-04-30 02:00:00+00:00,99.35395812988281
2026-04-30 03:00:00+00:00,108.99732971191406
2026-04-30 04:00:00+00:00,124.05680847167969
2026-04-30 05:00:00+00:00,121.52143859863281
2026-04-30 06:00:00+00:00,100.72978210449219
2026-04-30 07:00:00+00:00,57.79851531982422
2026-04-30 08:00:00+00:00,1.51812744140625
2026-04-30 09:00:00+00:00,-20.489768981933594
2026-04-30 10:00:00+00:00,-34.52964782714844
2026-04-30 11:00:00+00:00,-47.415565490722656
2026-04-30 12:00:00+00:00,-47.755653381347656
2026-04-30 13:00:00+00:00,-34.165863037109375
2026-04-30 14:00:00+00:00,-9.229377746582031
2026-04-30 15:00:00+00:00,34.89011764526367
2026-04-30 16:00:00+00:00,90.94190216064453
2026-04-30 17:00:00+00:00,129.57272338867188
2026-04-30 18:00:00+00:00,141.56884765625
2026-04-30 19:00:00+00:00,124.70777893066406
2026-04-30 20:00:00+00:00,112.15180969238281
2026-04-30 21:00:00+00:00,104.65406036376953
2026-04-30 22:00:00+00:00,101.94050598144531
2026-04-30 23:00:00+00:00,99.54227447509766
2026-05-01 00:00:00+00:00,103.47418212890625
2026-05-01 01:00:00+00:00,102.1209945678711
2026-05-01 02:00:00+00:00,101.86034393310547
2026-05-01 03:00:00+00:00,104.77606964111328
2026-05-01 04:00:00+00:00,107.70062255859375
2026-05-01 05:00:00+00:00,92.3127212524414
2026-05-01 06:00:00+00:00,64.65082550048828
2026-05-01 07:00:00+00:00,22.07095718383789
2026-05-01 08:00:00+00:00,-26.60968780517578
2026-05-01 09:00:00+00:00,-57.06654357910156
2026-05-01 10:00:00+00:00,-82.55007934570312
2026-05-01 11:00:00+00:00,-98.33720397949219
2026-05-01 12:00:00+00:00,-100.43894958496094
2026-05-01 13:00:00+00:00,-82.4415283203125
2026-05-01 14:00:00+00:00,-48.715354919433594
2026-05-01 15:00:00+00:00,1.332427978515625
2026-05-01 16:00:00+00:00,55.49775314331055
2026-05-01 17:00:00+00:00,101.86601257324219
2026-05-01 18:00:00+00:00,116.94371795654297
2026-05-01 19:00:00+00:00,107.59730529785156
2026-05-01 20:00:00+00:00,98.42648315429688
2026-05-01 21:00:00+00:00,90.63722229003906
2026-05-01 22:00:00+00:00,85.05474090576172
2026-05-01 23:00:00+00:00,80.63658905029297
2026-05-02 00:00:00+00:00,97.46324157714844
2026-05-02 01:00:00+00:00,91.45814514160156
2026-05-02 02:00:00+00:00,85.54275512695312
2026-05-02 03:00:00+00:00,85.51502227783203
2026-05-02 04:00:00+00:00,78.48882293701172
2026-05-02 05:00:00+00:00,50.607513427734375
2026-05-02 06:00:00+00:00,3.9582901000976562
2026-05-02 07:00:00+00:00,-30.959274291992188
2026-05-02 08:00:00+00:00,-69.20563507080078
2026-05-02 09:00:00+00:00,-150.49679565429688
2026-05-02 10:00:00+00:00,-256.72991943359375
2026-05-02 11:00:00+00:00,-334.5152587890625
2026-05-02 12:00:00+00:00,-337.9044494628906
2026-05-02 13:00:00+00:00,-222.17941284179688
2026-05-02 14:00:00+00:00,-78.17481231689453
2026-05-02 15:00:00+00:00,11.00168228149414
2026-05-02 16:00:00+00:00,88.20171356201172
2026-05-02 17:00:00+00:00,133.4300537109375
2026-05-02 18:00:00+00:00,150.5032196044922
2026-05-02 19:00:00+00:00,136.7373809814453
2026-05-02 20:00:00+00:00,123.86314392089844
2026-05-02 21:00:00+00:00,117.729736328125
2026-05-02 22:00:00+00:00,117.15109252929688
2026-05-02 23:00:00+00:00,114.43952178955078
2026-05-03 00:00:00+00:00,115.65001678466797
2026-05-03 01:00:00+00:00,111.72674560546875
2026-05-03 02:00:00+00:00,110.98176574707031
2026-05-03 03:00:00+00:00,112.32804107666016
2026-05-03 04:00:00+00:00,109.56591796875
2026-05-03 05:00:00+00:00,98.2017593383789
2026-05-03 06:00:00+00:00,79.863037109375
2026-05-03 07:00:00+00:00,59.82046890258789
2026-05-03 08:00:00+00:00,32.440731048583984
2026-05-03 09:00:00+00:00,-1.9750823974609375
2026-05-03 10:00:00+00:00,-33.45530700683594
2026-05-03 11:00:00+00:00,-49.244102478027344
2026-05-03 12:00:00+00:00,-46.6871337890625
2026-05-03 13:00:00+00:00,-21.38531494140625
2026-05-03 14:00:00+00:00,20.20584487915039
2026-05-03 15:00:00+00:00,71.09290313720703
2026-05-03 16:00:00+00:00,115.14152526855469
2026-05-03 17:00:00+00:00,146.22265625
2026-05-03 18:00:00+00:00,159.0133056640625
2026-05-03 19:00:00+00:00,143.60165405273438
2026-05-03 20:00:00+00:00,130.2747039794922
2026-05-03 21:00:00+00:00,121.05586242675781
2026-05-03 22:00:00+00:00,114.06927490234375
2026-05-03 23:00:00+00:00,109.86881256103516
2026-05-04 00:00:00+00:00,103.57440185546875
2026-05-04 01:00:00+00:00,100.71072387695312
2026-05-04 02:00:00+00:00,103.74402618408203
2026-05-04 03:00:00+00:00,118.23880004882812
2026-05-04 04:00:00+00:00,140.49267578125
2026-05-04 05:00:00+00:00,149.24282836914062
2026-05-04 06:00:00+00:00,141.3353271484375
2026-05-04 07:00:00+00:00,118.12936401367188
2026-05-04 08:00:00+00:00,93.04976654052734
2026-05-04 09:00:00+00:00,68.24314880371094
2026-05-04 10:00:00+00:00,54.750633239746094
2026-05-04 11:00:00+00:00,49.098968505859375
2026-05-04 12:00:00+00:00,57.039405822753906
2026-05-04 13:00:00+00:00,74.47386169433594
2026-05-04 14:00:00+00:00,106.94642639160156
2026-05-04 15:00:00+00:00,133.53329467773438
2026-05-04 16:00:00+00:00,150.57241821289062
2026-05-04 17:00:00+00:00,180.33139038085938
2026-05-04 18:00:00+00:00,182.43743896484375
2026-05-04 19:00:00+00:00,154.72091674804688
2026-05-04 20:00:00+00:00,138.1366424560547
2026-05-04 21:00:00+00:00,128.68328857421875
2026-05-04 22:00:00+00:00,123.53294372558594
2026-05-04 23:00:00+00:00,119.66175842285156
2026-05-05 00:00:00+00:00,123.45274353027344
2026-05-05 01:00:00+00:00,122.99787139892578
2026-05-05 02:00:00+00:00,124.53826904296875
2026-05-05 03:00:00+00:00,133.54290771484375
2026-05-05 04:00:00+00:00,154.69015502929688
2026-05-05 05:00:00+00:00,166.73114013671875
2026-05-05 06:00:00+00:00,162.29022216796875
2026-05-05 07:00:00+00:00,143.50119018554688
2026-05-05 08:00:00+00:00,123.48003387451172
2026-05-05 09:00:00+00:00,102.66363525390625
2026-05-05 10:00:00+00:00,90.56060791015625
2026-05-05 11:00:00+00:00,87.4434585571289
2026-05-05 12:00:00+00:00,95.18940734863281
2026-05-05 13:00:00+00:00,105.77985382080078
2026-05-05 14:00:00+00:00,121.91716003417969
2026-05-05 15:00:00+00:00,139.69668579101562
2026-05-05 16:00:00+00:00,151.48675537109375
2026-05-05 17:00:00+00:00,180.74282836914062
2026-05-05 18:00:00+00:00,179.613037109375
2026-05-05 19:00:00+00:00,144.5262451171875
2026-05-05 20:00:00+00:00,127.77084350585938
2026-05-05 21:00:00+00:00,117.44256591796875
2026-05-05 22:00:00+00:00,108.34774017333984
2026-05-05 23:00:00+00:00,103.77827453613281
2026-05-06 00:00:00+00:00,110.36074829101562
2026-05-06 01:00:00+00:00,107.15921020507812
2026-05-06 02:00:00+00:00,106.85643768310547
2026-05-06 03:00:00+00:00,112.33365631103516
2026-05-06 04:00:00+00:00,126.00125885009766
2026-05-06 05:00:00+00:00,135.65460205078125
2026-05-06 06:00:00+00:00,135.10552978515625
2026-05-06 07:00:00+00:00,125.39747619628906
2026-05-06 08:00:00+00:00,116.00839233398438
2026-05-06 09:00:00+00:00,104.96357727050781
2026-05-06 10:00:00+00:00,96.10264587402344
2026-05-06 11:00:00+00:00,91.62344360351562
2026-05-06 12:00:00+00:00,94.44505310058594
2026-05-06 13:00:00+00:00,100.82181549072266
2026-05-06 14:00:00+00:00,115.08706665039062
2026-05-06 15:00:00+00:00,129.33348083496094
2026-05-06 16:00:00+00:00,138.49583435058594
2026-05-06 17:00:00+00:00,173.489013671875
2026-05-06 18:00:00+00:00,178.08152770996094
2026-05-06 19:00:00+00:00,147.34585571289062
2026-05-06 20:00:00+00:00,133.7361602783203
2026-05-06 21:00:00+00:00,126.10055541992188
2026-05-06 22:00:00+00:00,121.12774658203125
2026-05-06 23:00:00+00:00,119.49113464355469
2026-05-07 00:00:00+00:00,117.3544921875
2026-05-07 01:00:00+00:00,116.86820983886719
2026-05-07 02:00:00+00:00,120.091552734375
2026-05-07 03:00:00+00:00,128.40371704101562
2026-05-07 04:00:00+00:00,145.86915588378906
2026-05-07 05:00:00+00:00,155.88275146484375
2026-05-07 06:00:00+00:00,152.63397216796875
2026-05-07 07:00:00+00:00,138.29537963867188
2026-05-07 08:00:00+00:00,126.2071304321289
2026-05-07 09:00:00+00:00,115.18489074707031
2026-05-07 10:00:00+00:00,105.69886779785156
2026-05-07 11:00:00+00:00,100.6915283203125
2026-05-07 12:00:00+00:00,102.10492706298828
2026-05-07 13:00:00+00:00,109.4500503540039
2026-05-07 14:00:00+00:00,121.29930114746094
2026-05-07 15:00:00+00:00,137.06222534179688
2026-05-07 16:00:00+00:00,150.987548828125
2026-05-07 17:00:00+00:00,181.06021118164062
2026-05-07 18:00:00+00:00,181.80030822753906
2026-05-07 19:00:00+00:00,157.58050537109375
2026-05-07 20:00:00+00:00,141.8753662109375
2026-05-07 21:00:00+00:00,131.49072265625
2026-05-07 22:00:00+00:00,125.85417175292969
2026-05-07 23:00:00+00:00,122.23147583007812
2026-05-08 00:00:00+00:00,116.87783813476562
2026-05-08 01:00:00+00:00,116.22924041748047
2026-05-08 02:00:00+00:00,119.97308349609375
2026-05-08 03:00:00+00:00,129.48182678222656
2026-05-08 04:00:00+00:00,144.2344512939453
2026-05-08 05:00:00+00:00,143.94419860839844
2026-05-08 06:00:00+00:00,126.64230346679688
2026-05-08 07:00:00+00:00,97.93061065673828
2026-05-08 08:00:00+00:00,75.32672882080078
2026-05-08 09:00:00+00:00,59.18791198730469
2026-05-08 10:00:00+00:00,47.474609375
2026-05-08 11:00:00+00:00,40.81936264038086
2026-05-08 12:00:00+00:00,45.658843994140625
2026-05-08 13:00:00+00:00,57.58433532714844
2026-05-08 14:00:00+00:00,75.16783905029297
2026-05-08 15:00:00+00:00,99.8116226196289
2026-05-08 16:00:00+00:00,127.77010345458984
2026-05-08 17:00:00+00:00,155.99395751953125
2026-05-08 18:00:00+00:00,163.15968322753906
2026-05-08 19:00:00+00:00,138.57174682617188
2026-05-08 20:00:00+00:00,122.4375991821289
2026-05-08 21:00:00+00:00,113.65303802490234
2026-05-08 22:00:00+00:00,109.71658325195312
2026-05-08 23:00:00+00:00,105.34471130371094
2026-05-09 00:00:00+00:00,117.64947509765625
2026-05-09 01:00:00+00:00,116.43132019042969
2026-05-09 02:00:00+00:00,114.53095245361328
2026-05-09 03:00:00+00:00,114.85608673095703
2026-05-09 04:00:00+00:00,109.6264877319336
2026-05-09 05:00:00+00:00,92.55838012695312
2026-05-09 06:00:00+00:00,60.60523223876953
2026-05-09 07:00:00+00:00,27.580291748046875
2026-05-09 08:00:00+00:00,-11.946083068847656
2026-05-09 09:00:00+00:00,-59.017845153808594
2026-05-09 10:00:00+00:00,-92.8885726928711
2026-05-09 11:00:00+00:00,-113.30158233642578
2026-05-09 12:00:00+00:00,-97.9078140258789
2026-05-09 13:00:00+00:00,-49.72484588623047
2026-05-09 14:00:00+00:00,1.8859481811523438
2026-05-09 15:00:00+00:00,49.14618682861328
2026-05-09 16:00:00+00:00,114.42488098144531
2026-05-09 17:00:00+00:00,153.78480529785156
2026-05-09 18:00:00+00:00,167.65965270996094
2026-05-09 19:00:00+00:00,149.4381561279297
2026-05-09 20:00:00+00:00,134.40567016601562
2026-05-09 21:00:00+00:00,127.32994079589844
2026-05-09 22:00:00+00:00,124.62702941894531
2026-05-09 23:00:00+00:00,120.87321472167969
2026-05-10 00:00:00+00:00,124.52401733398438
2026-05-10 01:00:00+00:00,122.14984130859375
2026-05-10 02:00:00+00:00,121.16715240478516
2026-05-10 03:00:00+00:00,120.11668395996094
2026-05-10 04:00:00+00:00,114.59007263183594
2026-05-10 05:00:00+00:00,100.37821960449219
2026-05-10 06:00:00+00:00,76.75106048583984
2026-05-10 07:00:00+00:00,45.2015380859375
2026-05-10 08:00:00+00:00,12.139739990234375
2026-05-10 09:00:00+00:00,-15.529228210449219
2026-05-10 10:00:00+00:00,-33.66297912597656
2026-05-10 11:00:00+00:00,-47.74586486816406
2026-05-10 12:00:00+00:00,-44.06425476074219
2026-05-10 13:00:00+00:00,-19.023193359375
2026-05-10 14:00:00+00:00,25.208168029785156
2026-05-10 15:00:00+00:00,76.88768768310547
2026-05-10 16:00:00+00:00,113.3692398071289
2026-05-10 17:00:00+00:00,138.0071563720703
2026-05-10 18:00:00+00:00,146.18008422851562
2026-05-10 19:00:00+00:00,137.03640747070312
2026-05-10 20:00:00+00:00,130.01263427734375
2026-05-10 21:00:00+00:00,125.17012023925781
2026-05-10 22:00:00+00:00,122.85968017578125
2026-05-10 23:00:00+00:00,120.77633666992188
2026-05-11 00:00:00+00:00,111.60900115966797
2026-05-11 01:00:00+00:00,112.66618347167969
2026-05-11 02:00:00+00:00,114.70927429199219
2026-05-11 03:00:00+00:00,123.26242065429688
2026-05-11 04:00:00+00:00,136.6356201171875
2026-05-11 05:00:00+00:00,141.23828125
2026-05-11 06:00:00+00:00,137.5414276123047
2026-05-11 07:00:00+00:00,125.12770080566406
2026-05-11 08:00:00+00:00,110.31443786621094
2026-05-11 09:00:00+00:00,96.04934692382812
2026-05-11 10:00:00+00:00,79.431396484375
2026-05-11 11:00:00+00:00,65.83296966552734
2026-05-11 12:00:00+00:00,62.37595748901367
2026-05-11 13:00:00+00:00,70.72172546386719
2026-05-11 14:00:00+00:00,88.33094024658203
2026-05-11 15:00:00+00:00,104.13504791259766
2026-05-11 16:00:00+00:00,110.15380859375
2026-05-11 17:00:00+00:00,117.04432678222656
2026-05-11 18:00:00+00:00,118.52401733398438
2026-05-11 19:00:00+00:00,114.0013198852539
2026-05-11 20:00:00+00:00,107.83070373535156
2026-05-11 21:00:00+00:00,100.2421875
2026-05-11 22:00:00+00:00,95.0121841430664
2026-05-11 23:00:00+00:00,92.55571746826172
2026-05-12 00:00:00+00:00,91.82872772216797
2026-05-12 01:00:00+00:00,90.81068420410156
2026-05-12 02:00:00+00:00,92.70282745361328
2026-05-12 03:00:00+00:00,98.68357849121094
2026-05-12 04:00:00+00:00,106.73633575439453
2026-05-12 05:00:00+00:00,109.1485824584961
2026-05-12 06:00:00+00:00,101.54893493652344
2026-05-12 07:00:00+00:00,83.68441772460938
2026-05-12 08:00:00+00:00,65.95514678955078
2026-05-12 09:00:00+00:00,52.289920806884766
2026-05-12 10:00:00+00:00,43.56854248046875
2026-05-12 11:00:00+00:00,36.240169525146484
2026-05-12 12:00:00+00:00,32.592063903808594
2026-05-12 13:00:00+00:00,38.44073486328125
2026-05-12 14:00:00+00:00,51.849822998046875
2026-05-12 15:00:00+00:00,75.79171752929688
2026-05-12 16:00:00+00:00,104.11833953857422
2026-05-12 17:00:00+00:00,123.37254333496094
2026-05-12 18:00:00+00:00,131.751220703125
2026-05-12 19:00:00+00:00,127.26640319824219
2026-05-12 20:00:00+00:00,119.93182373046875
2026-05-12 21:00:00+00:00,109.16178894042969
2026-05-12 22:00:00+00:00,102.54476928710938
2026-05-12 23:00:00+00:00,98.34176635742188
2026-05-13 00:00:00+00:00,103.12492370605469
2026-05-13 01:00:00+00:00,100.45826721191406
2026-05-13 02:00:00+00:00,101.441650390625
2026-05-13 03:00:00+00:00,109.53273010253906
2026-05-13 04:00:00+00:00,127.52243041992188
2026-05-13 05:00:00+00:00,132.88381958007812
2026-05-13 06:00:00+00:00,123.97637939453125
2026-05-13 07:00:00+00:00,102.9626693725586
2026-05-13 08:00:00+00:00,86.22527313232422
2026-05-13 09:00:00+00:00,74.82757568359375
2026-05-13 10:00:00+00:00,64.23890686035156
2026-05-13 11:00:00+00:00,56.68223571777344
2026-05-13 12:00:00+00:00,56.987796783447266
2026-05-13 13:00:00+00:00,69.14224243164062
2026-05-13 14:00:00+00:00,91.5897216796875
2026-05-13 15:00:00+00:00,113.99627685546875
2026-05-13 16:00:00+00:00,131.073974609375
2026-05-13 17:00:00+00:00,154.0574188232422
2026-05-13 18:00:00+00:00,161.79864501953125
2026-05-13 19:00:00+00:00,147.41661071777344
2026-05-13 20:00:00+00:00,133.77081298828125
2026-05-13 21:00:00+00:00,123.38807678222656
2026-05-13 22:00:00+00:00,117.18521881103516
2026-05-13 23:00:00+00:00,112.28749084472656
2026-05-14 00:00:00+00:00,114.10726165771484
2026-05-14 01:00:00+00:00,111.7364273071289
2026-05-14 02:00:00+00:00,105.95455932617188
2026-05-14 03:00:00+00:00,97.2960205078125
2026-05-14 04:00:00+00:00,79.36457061767578
2026-05-14 05:00:00+00:00,57.42143630981445
2026-05-14 06:00:00+00:00,38.008636474609375
2026-05-14 07:00:00+00:00,18.337478637695312
2026-05-14 08:00:00+00:00,1.0049819946289062
2026-05-14 09:00:00+00:00,-24.56383514404297
2026-05-14 10:00:00+00:00,-43.569252014160156
2026-05-14 11:00:00+00:00,-62.027305603027344
2026-05-14 12:00:00+00:00,-64.6317367553711
2026-05-14 13:00:00+00:00,-37.62913513183594
2026-05-14 14:00:00+00:00,13.369468688964844
2026-05-14 15:00:00+00:00,75.88496398925781
2026-05-14 16:00:00+00:00,111.51405334472656
2026-05-14 17:00:00+00:00,137.5960235595703
2026-05-14 18:00:00+00:00,147.84597778320312
2026-05-14 19:00:00+00:00,140.7882537841797
2026-05-14 20:00:00+00:00,134.05406188964844
2026-05-14 21:00:00+00:00,127.81668090820312
2026-05-14 22:00:00+00:00,130.970703125
2026-05-14 23:00:00+00:00,121.20409393310547
2026-05-15 00:00:00+00:00,127.20634460449219
2026-05-15 01:00:00+00:00,124.70822143554688
2026-05-15 02:00:00+00:00,124.3099365234375
2026-05-15 03:00:00+00:00,128.75848388671875
2026-05-15 04:00:00+00:00,135.60592651367188
2026-05-15 05:00:00+00:00,135.11630249023438
2026-05-15 06:00:00+00:00,126.6080093383789
2026-05-15 07:00:00+00:00,109.845458984375
2026-05-15 08:00:00+00:00,92.9787368774414
2026-05-15 09:00:00+00:00,76.51841735839844
2026-05-15 10:00:00+00:00,62.95460510253906
2026-05-15 11:00:00+00:00,54.88517761230469
2026-05-15 12:00:00+00:00,55.69593048095703
2026-05-15 13:00:00+00:00,67.56840515136719
2026-05-15 14:00:00+00:00,85.46492004394531
2026-05-15 15:00:00+00:00,106.93511199951172
2026-05-15 16:00:00+00:00,127.672607421875
2026-05-15 17:00:00+00:00,142.19805908203125
2026-05-15 18:00:00+00:00,146.74424743652344
2026-05-15 19:00:00+00:00,140.30445861816406
2026-05-15 20:00:00+00:00,130.7650146484375
2026-05-15 21:00:00+00:00,123.41255950927734
2026-05-15 22:00:00+00:00,120.7791748046875
2026-05-15 23:00:00+00:00,117.06997680664062
2026-05-16 00:00:00+00:00,117.56675720214844
2026-05-16 01:00:00+00:00,112.25139617919922
2026-05-16 02:00:00+00:00,109.41426849365234
2026-05-16 03:00:00+00:00,108.97671508789062
2026-05-16 04:00:00+00:00,108.20252227783203
2026-05-16 05:00:00+00:00,102.27214050292969
2026-05-16 06:00:00+00:00,85.65829467773438
2026-05-16 07:00:00+00:00,61.76947021484375
2026-05-16 08:00:00+00:00,39.1504020690918
2026-05-16 09:00:00+00:00,20.113372802734375
2026-05-16 10:00:00+00:00,5.0601959228515625
2026-05-16 11:00:00+00:00,-6.660797119140625
2026-05-16 12:00:00+00:00,-8.930084228515625
2026-05-16 13:00:00+00:00,3.3469009399414062
2026-05-16 14:00:00+00:00,32.677764892578125
2026-05-16 15:00:00+00:00,73.1612548828125
2026-05-16 16:00:00+00:00,108.58293151855469
2026-05-16 17:00:00+00:00,133.46652221679688
2026-05-16 18:00:00+00:00,145.21099853515625
2026-05-16 19:00:00+00:00,140.85165405273438
2026-05-16 20:00:00+00:00,134.2248992919922
2026-05-16 21:00:00+00:00,125.82037353515625
2026-05-16 22:00:00+00:00,120.32000732421875
2026-05-16 23:00:00+00:00,114.42909240722656
2026-05-17 00:00:00+00:00,115.9215087890625
2026-05-17 01:00:00+00:00,115.46940612792969
2026-05-17 02:00:00+00:00,115.58905029296875
2026-05-17 03:00:00+00:00,114.25148010253906
2026-05-17 04:00:00+00:00,109.07810974121094
2026-05-17 05:00:00+00:00,95.30306243896484
2026-05-17 06:00:00+00:00,70.96871185302734
2026-05-17 07:00:00+00:00,31.0067138671875
2026-05-17 08:00:00+00:00,5.37567138671875
2026-05-17 09:00:00+00:00,-3.3325119018554688
2026-05-17 10:00:00+00:00,-7.159034729003906
2026-05-17 11:00:00+00:00,-7.1930694580078125
2026-05-17 12:00:00+00:00,-4.254692077636719
2026-05-17 13:00:00+00:00,2.7039108276367188
2026-05-17 14:00:00+00:00,30.10873031616211
2026-05-17 15:00:00+00:00,91.12947845458984
2026-05-17 16:00:00+00:00,120.92764282226562
2026-05-17 17:00:00+00:00,139.904052734375
2026-05-17 18:00:00+00:00,147.57559204101562
2026-05-17 19:00:00+00:00,143.23025512695312
2026-05-17 20:00:00+00:00,134.6643829345703
2026-05-17 21:00:00+00:00,127.12611389160156
2026-05-17 22:00:00+00:00,123.30096435546875
2026-05-17 23:00:00+00:00,118.91063690185547
2026-05-18 00:00:00+00:00,116.7754898071289
2026-05-18 01:00:00+00:00,114.39946746826172
2026-05-18 02:00:00+00:00,115.93325805664062
2026-05-18 03:00:00+00:00,125.83367919921875
2026-05-18 04:00:00+00:00,140.40780639648438
2026-05-18 05:00:00+00:00,143.158935546875
2026-05-18 06:00:00+00:00,134.35462951660156
2026-05-18 07:00:00+00:00,116.73945617675781
2026-05-18 08:00:00+00:00,99.5691909790039
2026-05-18 09:00:00+00:00,86.63432312011719
2026-05-18 10:00:00+00:00,77.66616821289062
2026-05-18 11:00:00+00:00,75.4315414428711
2026-05-18 12:00:00+00:00,81.2459716796875
2026-05-18 13:00:00+00:00,92.51766204833984
2026-05-18 14:00:00+00:00,110.1732406616211
2026-05-18 15:00:00+00:00,127.25892639160156
2026-05-18 16:00:00+00:00,148.05010986328125
2026-05-18 17:00:00+00:00,169.76947021484375
2026-05-18 18:00:00+00:00,180.29171752929688
2026-05-18 19:00:00+00:00,163.8355712890625
2026-05-18 20:00:00+00:00,148.3692626953125
2026-05-18 21:00:00+00:00,137.9437255859375
2026-05-18 22:00:00+00:00,132.38609313964844
2026-05-18 23:00:00+00:00,127.13201904296875
2026-05-19 00:00:00+00:00,134.49635314941406
2026-05-19 01:00:00+00:00,132.20053100585938
2026-05-19 02:00:00+00:00,133.50579833984375
2026-05-19 03:00:00+00:00,140.47308349609375
2026-05-19 04:00:00+00:00,152.87228393554688
2026-05-19 05:00:00+00:00,152.27565002441406
2026-05-19 06:00:00+00:00,139.9632110595703
2026-05-19 07:00:00+00:00,116.62398529052734
2026-05-19 08:00:00+00:00,97.0061264038086
2026-05-19 09:00:00+00:00,83.34668731689453
2026-05-19 10:00:00+00:00,74.89776611328125
2026-05-19 11:00:00+00:00,70.02861785888672
2026-05-19 12:00:00+00:00,71.86917114257812
2026-05-19 13:00:00+00:00,82.24031066894531
2026-05-19 14:00:00+00:00,98.45916748046875
2026-05-19 15:00:00+00:00,117.17499542236328
2026-05-19 16:00:00+00:00,140.7448272705078
2026-05-19 17:00:00+00:00,159.86886596679688
2026-05-19 18:00:00+00:00,169.625244140625
2026-05-19 19:00:00+00:00,154.99264526367188
2026-05-19 20:00:00+00:00,140.88177490234375
2026-05-19 21:00:00+00:00,132.30029296875
2026-05-19 22:00:00+00:00,128.49838256835938
2026-05-19 23:00:00+00:00,124.51712036132812
2026-05-20 00:00:00+00:00,114.01950073242188
2026-05-20 01:00:00+00:00,113.20500183105469
2026-05-20 02:00:00+00:00,115.3713607788086
2026-05-20 03:00:00+00:00,121.903076171875
2026-05-20 04:00:00+00:00,135.37197875976562
2026-05-20 05:00:00+00:00,141.16871643066406
2026-05-20 06:00:00+00:00,134.00714111328125
2026-05-20 07:00:00+00:00,113.86898040771484
2026-05-20 08:00:00+00:00,97.98884582519531
2026-05-20 09:00:00+00:00,88.28382110595703
2026-05-20 10:00:00+00:00,79.08372497558594
2026-05-20 11:00:00+00:00,69.11138916015625
2026-05-20 12:00:00+00:00,67.88567352294922
2026-05-20 13:00:00+00:00,76.51097106933594
2026-05-20 14:00:00+00:00,92.9804458618164
2026-05-20 15:00:00+00:00,113.52596282958984
2026-05-20 16:00:00+00:00,132.7416229248047
2026-05-20 17:00:00+00:00,158.24745178222656
2026-05-20 18:00:00+00:00,170.6824951171875
2026-05-20 19:00:00+00:00,160.72662353515625
2026-05-20 20:00:00+00:00,144.6282958984375
2026-05-20 21:00:00+00:00,130.34886169433594
2026-05-20 22:00:00+00:00,125.02241516113281
2026-05-20 23:00:00+00:00,118.06285095214844
2026-05-21 00:00:00+00:00,116.22942352294922
2026-05-21 01:00:00+00:00,114.80612182617188
2026-05-21 02:00:00+00:00,117.25007629394531
2026-05-21 03:00:00+00:00,126.95358276367188
2026-05-21 04:00:00+00:00,138.56265258789062
2026-05-21 05:00:00+00:00,136.64862060546875
2026-05-21 06:00:00+00:00,121.57884216308594
2026-05-21 07:00:00+00:00,95.32974243164062
2026-05-21 08:00:00+00:00,73.57701110839844
2026-05-21 09:00:00+00:00,58.58134460449219
2026-05-21 10:00:00+00:00,46.92475509643555
2026-05-21 11:00:00+00:00,38.90961837768555
2026-05-21 12:00:00+00:00,39.39662551879883
2026-05-21 13:00:00+00:00,50.87103271484375
2026-05-21 14:00:00+00:00,75.75202941894531
2026-05-21 15:00:00+00:00,106.04730224609375
2026-05-21 16:00:00+00:00,134.6993408203125
2026-05-21 17:00:00+00:00,165.11740112304688
2026-05-21 18:00:00+00:00,184.09967041015625
2026-05-21 19:00:00+00:00,168.9325408935547
2026-05-21 20:00:00+00:00,151.7445831298828
2026-05-21 21:00:00+00:00,143.56964111328125
2026-05-21 22:00:00+00:00,139.79000854492188
2026-05-21 23:00:00+00:00,133.84567260742188
2026-05-22 00:00:00+00:00,133.13876342773438
2026-05-22 01:00:00+00:00,129.9140625
2026-05-22 02:00:00+00:00,131.38641357421875
2026-05-22 03:00:00+00:00,137.08616638183594
2026-05-22 04:00:00+00:00,143.25863647460938
2026-05-22 05:00:00+00:00,134.318603515625
2026-05-22 06:00:00+00:00,111.9095458984375
2026-05-22 07:00:00+00:00,78.55172729492188
2026-05-22 08:00:00+00:00,46.69072341918945
2026-05-22 09:00:00+00:00,24.028480529785156
2026-05-22 10:00:00+00:00,10.597213745117188
2026-05-22 11:00:00+00:00,5.524360656738281
2026-05-22 12:00:00+00:00,11.019584655761719
2026-05-22 13:00:00+00:00,27.768169403076172
2026-05-22 14:00:00+00:00,58.62087631225586
2026-05-22 15:00:00+00:00,95.53929138183594
2026-05-22 16:00:00+00:00,136.07411193847656
2026-05-22 17:00:00+00:00,166.01290893554688
2026-05-22 18:00:00+00:00,182.78880310058594
2026-05-22 19:00:00+00:00,167.5119171142578
2026-05-22 20:00:00+00:00,151.24786376953125
2026-05-22 21:00:00+00:00,140.3868865966797
2026-05-22 22:00:00+00:00,135.96092224121094
2026-05-22 23:00:00+00:00,128.5168914794922
2026-05-23 00:00:00+00:00,125.99813842773438
2026-05-23 01:00:00+00:00,119.86865234375
2026-05-23 02:00:00+00:00,117.05615234375
2026-05-23 03:00:00+00:00,116.5972900390625
2026-05-23 04:00:00+00:00,110.96702575683594
2026-05-23 05:00:00+00:00,93.44912719726562
2026-05-23 06:00:00+00:00,64.48535919189453
2026-05-23 07:00:00+00:00,27.120540618896484
2026-05-23 08:00:00+00:00,-11.06939697265625
2026-05-23 09:00:00+00:00,-43.408050537109375
2026-05-23 10:00:00+00:00,-69.00556945800781
2026-05-23 11:00:00+00:00,-80.82318115234375
2026-05-23 12:00:00+00:00,-77.65962219238281
2026-05-23 13:00:00+00:00,-43.335845947265625
2026-05-23 14:00:00+00:00,10.387275695800781
2026-05-23 15:00:00+00:00,76.47157287597656
2026-05-23 16:00:00+00:00,121.79316711425781
2026-05-23 17:00:00+00:00,152.52468872070312
2026-05-23 18:00:00+00:00,170.1768798828125
2026-05-23 19:00:00+00:00,160.25759887695312
2026-05-23 20:00:00+00:00,144.80712890625
2026-05-23 21:00:00+00:00,135.9255828857422
2026-05-23 22:00:00+00:00,132.4887237548828
2026-05-23 23:00:00+00:00,128.8146209716797
2026-05-24 00:00:00+00:00,124.47325134277344
2026-05-24 01:00:00+00:00,118.25480651855469
2026-05-24 02:00:00+00:00,114.30471801757812
2026-05-24 03:00:00+00:00,111.01388549804688
2026-05-24 04:00:00+00:00,102.46973419189453
2026-05-24 05:00:00+00:00,82.01742553710938
2026-05-24 06:00:00+00:00,54.29035186767578
2026-05-24 07:00:00+00:00,17.89081573486328
2026-05-24 08:00:00+00:00,-8.886756896972656
2026-05-24 09:00:00+00:00,-25.23332977294922
2026-05-24 10:00:00+00:00,-36.750823974609375
2026-05-24 11:00:00+00:00,-45.602935791015625
2026-05-24 12:00:00+00:00,-46.934600830078125
2026-05-24 13:00:00+00:00,-34.64081573486328
2026-05-24 14:00:00+00:00,-1.694061279296875
2026-05-24 15:00:00+00:00,57.359580993652344
2026-05-24 16:00:00+00:00,104.74345397949219
2026-05-24 17:00:00+00:00,134.3889923095703
2026-05-24 18:00:00+00:00,151.10421752929688
2026-05-24 19:00:00+00:00,144.37017822265625
2026-05-24 20:00:00+00:00,133.06619262695312
2026-05-24 21:00:00+00:00,124.41421508789062
2026-05-24 22:00:00+00:00,120.81684112548828
2026-05-24 23:00:00+00:00,116.17448425292969
2026-05-25 00:00:00+00:00,124.08936309814453
2026-05-25 01:00:00+00:00,118.55778503417969
2026-05-25 02:00:00+00:00,116.05361938476562
2026-05-25 03:00:00+00:00,113.77823638916016
2026-05-25 04:00:00+00:00,105.24159240722656
2026-05-25 05:00:00+00:00,79.76812744140625
2026-05-25 06:00:00+00:00,39.38232421875
2026-05-25 07:00:00+00:00,-3.3973541259765625
2026-05-25 08:00:00+00:00,-51.159339904785156
2026-05-25 09:00:00+00:00,-100.70793914794922
2026-05-25 10:00:00+00:00,-162.06350708007812
2026-05-25 11:00:00+00:00,-196.94577026367188
2026-05-25 12:00:00+00:00,-186.21975708007812
2026-05-25 13:00:00+00:00,-124.41287994384766
2026-05-25 14:00:00+00:00,-39.96410369873047
2026-05-25 15:00:00+00:00,30.38390350341797
2026-05-25 16:00:00+00:00,107.8261947631836
2026-05-25 17:00:00+00:00,147.93429565429688
2026-05-25 18:00:00+00:00,166.8611602783203
2026-05-25 19:00:00+00:00,156.42921447753906
2026-05-25 20:00:00+00:00,141.25091552734375
2026-05-25 21:00:00+00:00,131.94833374023438
2026-05-25 22:00:00+00:00,128.91481018066406
2026-05-25 23:00:00+00:00,124.02754211425781
2026-05-26 00:00:00+00:00,122.99461364746094
2026-05-26 01:00:00+00:00,119.94967651367188
2026-05-26 02:00:00+00:00,121.64341735839844
2026-05-26 03:00:00+00:00,129.58673095703125
2026-05-26 04:00:00+00:00,137.36814880371094
2026-05-26 05:00:00+00:00,128.66493225097656
2026-05-26 06:00:00+00:00,99.70539093017578
2026-05-26 07:00:00+00:00,52.899131774902344
2026-05-26 08:00:00+00:00,15.270095825195312
2026-05-26 09:00:00+00:00,-4.682472229003906
2026-05-26 10:00:00+00:00,-20.53399658203125
2026-05-26 11:00:00+00:00,-28.957489013671875
2026-05-26 12:00:00+00:00,-25.397354125976562
2026-05-26 13:00:00+00:00,-8.489883422851562
2026-05-26 14:00:00+00:00,19.900245666503906
2026-05-26 15:00:00+00:00,63.602317810058594
2026-05-26 16:00:00+00:00,116.70476531982422
2026-05-26 17:00:00+00:00,150.9224853515625
2026-05-26 18:00:00+00:00,169.8377685546875
2026-05-26 19:00:00+00:00,158.99728393554688
2026-05-26 20:00:00+00:00,139.68992614746094
2026-05-26 21:00:00+00:00,126.51887512207031
2026-05-26 22:00:00+00:00,122.58824157714844
2026-05-26 23:00:00+00:00,116.84832763671875
2026-05-27 00:00:00+00:00,121.58219909667969
2026-05-27 01:00:00+00:00,118.81509399414062
2026-05-27 02:00:00+00:00,120.14968872070312
2026-05-27 03:00:00+00:00,129.39785766601562
2026-05-27 04:00:00+00:00,139.5293426513672
2026-05-27 05:00:00+00:00,130.5062713623047
2026-05-27 06:00:00+00:00,101.15908813476562
2026-05-27 07:00:00+00:00,55.65571594238281
2026-05-27 08:00:00+00:00,15.777717590332031
2026-05-27 09:00:00+00:00,-9.176559448242188
2026-05-27 10:00:00+00:00,-30.45281982421875
2026-05-27 11:00:00+00:00,-44.454933166503906
2026-05-27 12:00:00+00:00,-43.847496032714844
2026-05-27 13:00:00+00:00,-25.20311737060547
2026-05-27 14:00:00+00:00,5.2759246826171875
2026-05-27 15:00:00+00:00,51.99445724487305
2026-05-27 16:00:00+00:00,107.151123046875
2026-05-27 17:00:00+00:00,149.0625
2026-05-27 18:00:00+00:00,176.0021514892578
2026-05-27 19:00:00+00:00,164.40985107421875
2026-05-27 20:00:00+00:00,146.48733520507812
2026-05-27 21:00:00+00:00,135.2122802734375
2026-05-27 22:00:00+00:00,133.070068359375
2026-05-27 23:00:00+00:00,127.90000915527344
2026-05-28 00:00:00+00:00,128.88426208496094
2026-05-28 01:00:00+00:00,127.1853256225586
2026-05-28 02:00:00+00:00,128.9197540283203
2026-05-28 03:00:00+00:00,135.53758239746094
2026-05-28 04:00:00+00:00,142.47909545898438
2026-05-28 05:00:00+00:00,135.07940673828125
2026-05-28 06:00:00+00:00,107.7411880493164
2026-05-28 07:00:00+00:00,63.16255569458008
2026-05-28 08:00:00+00:00,23.0167236328125
2026-05-28 09:00:00+00:00,3.1797103881835938
2026-05-28 10:00:00+00:00,-6.94207763671875
2026-05-28 11:00:00+00:00,-9.421829223632812
2026-05-28 12:00:00+00:00,-7.1363525390625
2026-05-28 13:00:00+00:00,5.457359313964844
2026-05-28 14:00:00+00:00,34.46682357788086
2026-05-28 15:00:00+00:00,77.8814697265625
2026-05-28 16:00:00+00:00,135.69244384765625
2026-05-28 17:00:00+00:00,177.67474365234375
2026-05-28 18:00:00+00:00,208.52792358398438
2026-05-28 19:00:00+00:00,193.69915771484375
2026-05-28 20:00:00+00:00,169.10797119140625
2026-05-28 21:00:00+00:00,154.71676635742188
2026-05-28 22:00:00+00:00,149.2368621826172
2026-05-28 23:00:00+00:00,141.1493682861328
2026-05-29 00:00:00+00:00,131.55679321289062
2026-05-29 01:00:00+00:00,128.3949432373047
2026-05-29 02:00:00+00:00,128.9932861328125
2026-05-29 03:00:00+00:00,133.58908081054688
2026-05-29 04:00:00+00:00,137.91290283203125
2026-05-29 05:00:00+00:00,123.65335845947266
2026-05-29 06:00:00+00:00,89.52948760986328
2026-05-29 07:00:00+00:00,44.596675872802734
2026-05-29 08:00:00+00:00,8.557418823242188
2026-05-29 09:00:00+00:00,-11.082382202148438
2026-05-29 10:00:00+00:00,-19.46831512451172
2026-05-29 11:00:00+00:00,-21.866966247558594
2026-05-29 12:00:00+00:00,-19.158889770507812
2026-05-29 13:00:00+00:00,-7.42791748046875
2026-05-29 14:00:00+00:00,19.86749267578125
2026-05-29 15:00:00+00:00,68.79685974121094
2026-05-29 16:00:00+00:00,120.08922576904297
2026-05-29 17:00:00+00:00,163.9072265625
2026-05-29 18:00:00+00:00,203.32861328125
2026-05-29 19:00:00+00:00,185.12091064453125
2026-05-29 20:00:00+00:00,157.76951599121094
2026-05-29 21:00:00+00:00,141.98519897460938
2026-05-29 22:00:00+00:00,136.378173828125
2026-05-29 23:00:00+00:00,129.05447387695312
2026-05-30 00:00:00+00:00,124.18401336669922
2026-05-30 01:00:00+00:00,120.56794738769531
2026-05-30 02:00:00+00:00,119.20669555664062
2026-05-30 03:00:00+00:00,120.79356384277344
2026-05-30 04:00:00+00:00,119.68495178222656
2026-05-30 05:00:00+00:00,105.54090118408203
2026-05-30 06:00:00+00:00,78.95818328857422
2026-05-30 07:00:00+00:00,40.380455017089844
2026-05-30 08:00:00+00:00,9.517463684082031
2026-05-30 09:00:00+00:00,-9.514144897460938
2026-05-30 10:00:00+00:00,-20.982933044433594
2026-05-30 11:00:00+00:00,-25.54132843017578
2026-05-30 12:00:00+00:00,-24.10468292236328
2026-05-30 13:00:00+00:00,-13.225456237792969
2026-05-30 14:00:00+00:00,14.524169921875
2026-05-30 15:00:00+00:00,61.951148986816406
2026-05-30 16:00:00+00:00,112.40106964111328
2026-05-30 17:00:00+00:00,149.476318359375
2026-05-30 18:00:00+00:00,181.05673217773438
2026-05-30 19:00:00+00:00,173.51239013671875
2026-05-30 20:00:00+00:00,155.16122436523438
2026-05-30 21:00:00+00:00,143.37664794921875
2026-05-30 22:00:00+00:00,138.9908447265625
2026-05-30 23:00:00+00:00,132.30938720703125
2026-05-31 00:00:00+00:00,126.98190307617188
2026-05-31 01:00:00+00:00,124.7573471069336
2026-05-31 02:00:00+00:00,123.56647491455078
2026-05-31 03:00:00+00:00,122.52839660644531
2026-05-31 04:00:00+00:00,117.17333221435547
2026-05-31 05:00:00+00:00,101.52932739257812
2026-05-31 06:00:00+00:00,72.92996215820312
2026-05-31 07:00:00+00:00,37.905494689941406
2026-05-31 08:00:00+00:00,21.12079620361328
2026-05-31 09:00:00+00:00,14.122032165527344
2026-05-31 10:00:00+00:00,6.557090759277344
2026-05-31 11:00:00+00:00,0.9797515869140625
2026-05-31 12:00:00+00:00,0.79693603515625
2026-05-31 13:00:00+00:00,9.239723205566406
2026-05-31 14:00:00+00:00,35.749053955078125
2026-05-31 15:00:00+00:00,88.19055938720703
2026-05-31 16:00:00+00:00,125.69207000732422
2026-05-31 17:00:00+00:00,146.7712860107422
2026-05-31 18:00:00+00:00,160.9499969482422
2026-05-31 19:00:00+00:00,159.83030700683594
2026-05-31 20:00:00+00:00,149.95693969726562
2026-05-31 21:00:00+00:00,141.58514404296875
2026-05-31 22:00:00+00:00,137.2694091796875
2026-05-31 23:00:00+00:00,130.67063903808594
2026-06-01 00:00:00+00:00,127.79381561279297
2026-06-01 01:00:00+00:00,126.9754638671875
2026-06-01 02:00:00+00:00,130.2407989501953
2026-06-01 03:00:00+00:00,141.0439453125
2026-06-01 04:00:00+00:00,154.23858642578125
2026-06-01 05:00:00+00:00,154.73773193359375
2026-06-01 06:00:00+00:00,142.6702117919922
2026-06-01 07:00:00+00:00,115.43163299560547
2026-06-01 08:00:00+00:00,90.68365478515625
2026-06-01 09:00:00+00:00,73.91890716552734
2026-06-01 10:00:00+00:00,63.144561767578125
2026-06-01 11:00:00+00:00,60.41168212890625
2026-06-01 12:00:00+00:00,64.3525390625
2026-06-01 13:00:00+00:00,75.31867980957031
2026-06-01 14:00:00+00:00,100.66886901855469
2026-06-01 15:00:00+00:00,131.47860717773438
2026-06-01 16:00:00+00:00,158.9051055908203
2026-06-01 17:00:00+00:00,194.6363525390625
2026-06-01 18:00:00+00:00,231.00616455078125
2026-06-01 19:00:00+00:00,208.06430053710938
2026-06-01 20:00:00+00:00,174.22885131835938
2026-06-01 21:00:00+00:00,155.12722778320312
2026-06-01 22:00:00+00:00,143.728759765625
2026-06-01 23:00:00+00:00,133.6240997314453
2026-06-02 00:00:00+00:00,125.10558319091797
2026-06-02 01:00:00+00:00,121.3414535522461
2026-06-02 02:00:00+00:00,121.92095184326172
2026-06-02 03:00:00+00:00,128.96432495117188
2026-06-02 04:00:00+00:00,141.20602416992188
2026-06-02 05:00:00+00:00,140.79443359375
2026-06-02 06:00:00+00:00,130.1848602294922
2026-06-02 07:00:00+00:00,105.86320495605469
2026-06-02 08:00:00+00:00,83.716796875
2026-06-02 09:00:00+00:00,67.97257232666016
2026-06-02 10:00:00+00:00,59.47353744506836
2026-06-02 11:00:00+00:00,58.16156005859375
2026-06-02 12:00:00+00:00,61.79840087890625
2026-06-02 13:00:00+00:00,75.1933364868164
2026-06-02 14:00:00+00:00,98.52263641357422
2026-06-02 15:00:00+00:00,123.68428039550781
2026-06-02 16:00:00+00:00,143.5529022216797
2026-06-02 17:00:00+00:00,169.6961669921875
2026-06-02 18:00:00+00:00,195.39801025390625
2026-06-02 19:00:00+00:00,169.03826904296875
2026-06-02 20:00:00+00:00,142.32835388183594
2026-06-02 21:00:00+00:00,126.75343322753906
2026-06-02 22:00:00+00:00,117.59040069580078
2026-06-02 23:00:00+00:00,111.01844024658203
2026-06-03 00:00:00+00:00,108.64041137695312
2026-06-03 01:00:00+00:00,109.74647521972656
2026-06-03 02:00:00+00:00,113.49795532226562
2026-06-03 03:00:00+00:00,121.41283416748047
2026-06-03 04:00:00+00:00,133.47415161132812
2026-06-03 05:00:00+00:00,134.76190185546875
2026-06-03 06:00:00+00:00,123.875732421875
2026-06-03 07:00:00+00:00,104.4323501586914
2026-06-03 08:00:00+00:00,89.99279022216797
2026-06-03 09:00:00+00:00,78.9865951538086
2026-06-03 10:00:00+00:00,70.53749084472656
2026-06-03 11:00:00+00:00,63.4835319519043
2026-06-03 12:00:00+00:00,63.69428634643555
2026-06-03 13:00:00+00:00,70.48741912841797
2026-06-03 14:00:00+00:00,86.97480773925781
2026-06-03 15:00:00+00:00,108.71712493896484
2026-06-03 16:00:00+00:00,128.5048065185547
2026-06-03 17:00:00+00:00,147.36891174316406
2026-06-03 18:00:00+00:00,158.10919189453125
2026-06-03 19:00:00+00:00,143.57186889648438
2026-06-03 20:00:00+00:00,120.33427429199219
2026-06-03 21:00:00+00:00,97.91699981689453
2026-06-03 22:00:00+00:00,86.09534454345703
2026-06-03 23:00:00+00:00,76.53157043457031
2026-06-04 00:00:00+00:00,73.13111877441406
2026-06-04 01:00:00+00:00,69.21350860595703
2026-06-04 02:00:00+00:00,68.09054565429688
2026-06-04 03:00:00+00:00,70.09734344482422
2026-06-04 04:00:00+00:00,71.34233856201172
2026-06-04 05:00:00+00:00,68.03766632080078
2026-06-04 06:00:00+00:00,58.45710372924805
2026-06-04 07:00:00+00:00,40.3485221862793
2026-06-04 08:00:00+00:00,24.665023803710938
2026-06-04 09:00:00+00:00,13.363723754882812
2026-06-04 10:00:00+00:00,3.319091796875
2026-06-04 11:00:00+00:00,-3.1887588500976562
2026-06-04 12:00:00+00:00,-1.198638916015625
2026-06-04 13:00:00+00:00,10.875808715820312
2026-06-04 14:00:00+00:00,37.128936767578125
2026-06-04 15:00:00+00:00,69.35099792480469
2026-06-04 16:00:00+00:00,92.48774719238281
2026-06-04 17:00:00+00:00,106.60382080078125
2026-06-04 18:00:00+00:00,114.65054321289062
2026-06-04 19:00:00+00:00,111.20264434814453
2026-06-04 20:00:00+00:00,104.75859832763672
2026-06-04 21:00:00+00:00,95.18309783935547
2026-06-04 22:00:00+00:00,91.45269775390625
2026-06-04 23:00:00+00:00,87.13224029541016
2026-06-05 00:00:00+00:00,77.98751068115234
2026-06-05 01:00:00+00:00,78.29290008544922
2026-06-05 02:00:00+00:00,83.0555191040039
2026-06-05 03:00:00+00:00,92.08989715576172
2026-06-05 04:00:00+00:00,100.61526489257812
2026-06-05 05:00:00+00:00,103.43999481201172
2026-06-05 06:00:00+00:00,95.91536712646484
2026-06-05 07:00:00+00:00,72.42034912109375
2026-06-05 08:00:00+00:00,51.39304733276367
2026-06-05 09:00:00+00:00,38.4814338684082
2026-06-05 10:00:00+00:00,28.079795837402344
2026-06-05 11:00:00+00:00,22.398880004882812
2026-06-05 12:00:00+00:00,25.458160400390625
2026-06-05 13:00:00+00:00,36.657127380371094
2026-06-05 14:00:00+00:00,69.76982116699219
2026-06-05 15:00:00+00:00,105.8033676147461
2026-06-05 16:00:00+00:00,130.45748901367188
2026-06-05 17:00:00+00:00,159.335205078125
2026-06-05 18:00:00+00:00,189.61256408691406
2026-06-05 19:00:00+00:00,186.9637451171875
2026-06-05 20:00:00+00:00,169.87376403808594
2026-06-05 21:00:00+00:00,153.5970458984375
2026-06-05 22:00:00+00:00,146.12255859375
2026-06-05 23:00:00+00:00,138.23248291015625
2026-06-06 00:00:00+00:00,136.05404663085938
2026-06-06 01:00:00+00:00,133.93605041503906
2026-06-06 02:00:00+00:00,133.9014892578125
2026-06-06 03:00:00+00:00,131.98446655273438
2026-06-06 04:00:00+00:00,127.30066680908203
2026-06-06 05:00:00+00:00,114.39143371582031
2026-06-06 06:00:00+00:00,93.07940673828125
2026-06-06 07:00:00+00:00,56.88893508911133
2026-06-06 08:00:00+00:00,26.78912353515625
2026-06-06 09:00:00+00:00,14.955718994140625
2026-06-06 10:00:00+00:00,9.944351196289062
2026-06-06 11:00:00+00:00,7.9476470947265625
2026-06-06 12:00:00+00:00,8.692481994628906
2026-06-06 13:00:00+00:00,16.730712890625
2026-06-06 14:00:00+00:00,46.705345153808594
2026-06-06 15:00:00+00:00,90.58406829833984
2026-06-06 16:00:00+00:00,122.95173645019531
2026-06-06 17:00:00+00:00,141.79725646972656
2026-06-06 18:00:00+00:00,153.07720947265625
2026-06-06 19:00:00+00:00,147.17784118652344
2026-06-06 20:00:00+00:00,135.56500244140625
2026-06-06 21:00:00+00:00,123.39614868164062
2026-06-06 22:00:00+00:00,115.7923355102539
2026-06-06 23:00:00+00:00,108.18409729003906
2026-06-07 00:00:00+00:00,97.87924194335938
2026-06-07 01:00:00+00:00,92.87047576904297
2026-06-07 02:00:00+00:00,88.44190979003906
2026-06-07 03:00:00+00:00,84.25399780273438
2026-06-07 04:00:00+00:00,79.04173278808594
2026-06-07 05:00:00+00:00,67.34471130371094
2026-06-07 06:00:00+00:00,43.941741943359375
2026-06-07 07:00:00+00:00,13.876861572265625
2026-06-07 08:00:00+00:00,-1.7956695556640625
2026-06-07 09:00:00+00:00,-3.9225845336914062
2026-06-07 10:00:00+00:00,-7.025604248046875
2026-06-07 11:00:00+00:00,-9.744316101074219
2026-06-07 12:00:00+00:00,-12.461189270019531
2026-06-07 13:00:00+00:00,-8.297836303710938
2026-06-07 14:00:00+00:00,9.487388610839844
2026-06-07 15:00:00+00:00,49.377132415771484
2026-06-07 16:00:00+00:00,89.52082824707031
2026-06-07 17:00:00+00:00,114.79290008544922
2026-06-07 18:00:00+00:00,133.57974243164062
2026-06-07 19:00:00+00:00,141.11932373046875
2026-06-07 20:00:00+00:00,138.84567260742188
2026-06-07 21:00:00+00:00,131.76161193847656
2026-06-07 22:00:00+00:00,128.42568969726562
2026-06-07 23:00:00+00:00,123.17906188964844
2026-06-08 00:00:00+00:00,124.8165512084961
2026-06-08 01:00:00+00:00,121.35134887695312
2026-06-08 02:00:00+00:00,122.526611328125
2026-06-08 03:00:00+00:00,129.56275939941406
2026-06-08 04:00:00+00:00,138.67588806152344
2026-06-08 05:00:00+00:00,135.8513641357422
2026-06-08 06:00:00+00:00,122.13314056396484
2026-06-08 07:00:00+00:00,96.04256439208984
2026-06-08 08:00:00+00:00,67.60491180419922
2026-06-08 09:00:00+00:00,51.8135871887207
2026-06-08 10:00:00+00:00,46.387325286865234
2026-06-08 11:00:00+00:00,48.725406646728516
2026-06-08 12:00:00+00:00,53.56425094604492
2026-06-08 13:00:00+00:00,68.08661651611328
2026-06-08 14:00:00+00:00,95.45365905761719
2026-06-08 15:00:00+00:00,124.65834045410156
2026-06-08 16:00:00+00:00,147.30479431152344
2026-06-08 17:00:00+00:00,172.59056091308594
2026-06-08 18:00:00+00:00,194.46006774902344
2026-06-08 19:00:00+00:00,175.37637329101562
2026-06-08 20:00:00+00:00,150.978515625
2026-06-08 21:00:00+00:00,130.963134765625
2026-06-08 22:00:00+00:00,122.05823516845703
2026-06-08 23:00:00+00:00,115.81243896484375
2026-06-09 00:00:00+00:00,111.8196792602539
2026-06-09 01:00:00+00:00,107.99181365966797
2026-06-09 02:00:00+00:00,106.59898376464844
2026-06-09 03:00:00+00:00,109.19110870361328
2026-06-09 04:00:00+00:00,118.97451782226562
2026-06-09 05:00:00+00:00,121.59071350097656
2026-06-09 06:00:00+00:00,114.130859375
2026-06-09 07:00:00+00:00,95.63477325439453
2026-06-09 08:00:00+00:00,77.28746032714844
2026-06-09 09:00:00+00:00,60.46889114379883
2026-06-09 10:00:00+00:00,44.92768859863281
2026-06-09 11:00:00+00:00,32.841094970703125
2026-06-09 12:00:00+00:00,28.20879364013672
2026-06-09 13:00:00+00:00,35.9965705871582
2026-06-09 14:00:00+00:00,58.51803207397461
2026-06-09 15:00:00+00:00,88.21820068359375
2026-06-09 16:00:00+00:00,117.65493774414062
2026-06-09 17:00:00+00:00,142.43663024902344
2026-06-09 18:00:00+00:00,158.215087890625
2026-06-09 19:00:00+00:00,158.9720916748047
2026-06-09 20:00:00+00:00,147.33160400390625
2026-06-09 21:00:00+00:00,133.21995544433594
2026-06-09 22:00:00+00:00,121.22006225585938
2026-06-09 23:00:00+00:00,113.99071502685547
2026-06-10 00:00:00+00:00,112.17383575439453
2026-06-10 01:00:00+00:00,110.60131072998047
2026-06-10 02:00:00+00:00,111.54875183105469
2026-06-10 03:00:00+00:00,118.61180877685547
2026-06-10 04:00:00+00:00,128.1630096435547
2026-06-10 05:00:00+00:00,130.8968048095703
2026-06-10 06:00:00+00:00,121.64411163330078
2026-06-10 07:00:00+00:00,102.0097885131836
2026-06-10 08:00:00+00:00,84.9806137084961
2026-06-10 09:00:00+00:00,70.23688507080078
2026-06-10 10:00:00+00:00,60.670467376708984
2026-06-10 11:00:00+00:00,57.296485900878906
2026-06-10 12:00:00+00:00,59.055824279785156
2026-06-10 13:00:00+00:00,72.43746948242188
2026-06-10 14:00:00+00:00,96.94677734375
2026-06-10 15:00:00+00:00,124.84730529785156
2026-06-10 16:00:00+00:00,144.78475952148438
2026-06-10 17:00:00+00:00,164.52532958984375
2026-06-10 18:00:00+00:00,180.17593383789062
2026-06-10 19:00:00+00:00,176.2535858154297
2026-06-10 20:00:00+00:00,164.80722045898438
2026-06-10 21:00:00+00:00,153.24847412109375
2026-06-10 22:00:00+00:00,146.5670928955078
2026-06-10 23:00:00+00:00,139.9249725341797
2026-06-11 00:00:00+00:00,134.2225341796875
2026-06-11 01:00:00+00:00,132.62303161621094
2026-06-11 02:00:00+00:00,134.104248046875
2026-06-11 03:00:00+00:00,139.38479614257812
2026-06-11 04:00:00+00:00,150.52513122558594
2026-06-11 05:00:00+00:00,152.99981689453125
2026-06-11 06:00:00+00:00,145.67640686035156
2026-06-11 07:00:00+00:00,124.84761047363281
2026-06-11 08:00:00+00:00,102.56376647949219
2026-06-11 09:00:00+00:00,85.61405181884766
2026-06-11 10:00:00+00:00,72.89642333984375
2026-06-11 11:00:00+00:00,64.421630859375
2026-06-11 12:00:00+00:00,59.67436981201172
2026-06-11 13:00:00+00:00,62.05930709838867
2026-06-11 14:00:00+00:00,82.55170440673828
2026-06-11 15:00:00+00:00,112.93256378173828
2026-06-11 16:00:00+00:00,137.21383666992188
2026-06-11 17:00:00+00:00,167.15487670898438
2026-06-11 18:00:00+00:00,195.1795654296875
2026-06-11 19:00:00+00:00,188.56982421875
2026-06-11 20:00:00+00:00,166.6032257080078
2026-06-11 21:00:00+00:00,142.03396606445312
2026-06-11 22:00:00+00:00,129.04429626464844
2026-06-11 23:00:00+00:00,115.19341278076172
2026-06-12 00:00:00+00:00,103.09384155273438
2026-06-12 01:00:00+00:00,101.18125915527344
2026-06-12 02:00:00+00:00,103.92155456542969
2026-06-12 03:00:00+00:00,110.86116027832031
2026-06-12 04:00:00+00:00,124.15008544921875
2026-06-12 05:00:00+00:00,130.55198669433594
2026-06-12 06:00:00+00:00,130.47348022460938
2026-06-12 07:00:00+00:00,121.95574188232422
2026-06-12 08:00:00+00:00,108.170166015625
2026-06-12 09:00:00+00:00,91.41163635253906
2026-06-12 10:00:00+00:00,74.44651794433594
2026-06-12 11:00:00+00:00,60.72528076171875
2026-06-12 12:00:00+00:00,50.781394958496094
2026-06-12 13:00:00+00:00,50.311588287353516
2026-06-12 14:00:00+00:00,63.224159240722656
2026-06-12 15:00:00+00:00,85.64720916748047
2026-06-12 16:00:00+00:00,99.66027069091797
2026-06-12 17:00:00+00:00,117.46684265136719
2026-06-12 18:00:00+00:00,128.83885192871094
2026-06-12 19:00:00+00:00,128.1084442138672
2026-06-12 20:00:00+00:00,118.575439453125
2026-06-12 21:00:00+00:00,107.6354751586914
2026-06-12 22:00:00+00:00,99.1103286743164
2026-06-12 23:00:00+00:00,92.91033172607422
2026-06-13 00:00:00+00:00,70.0656967163086
2026-06-13 01:00:00+00:00,66.22439575195312
2026-06-13 02:00:00+00:00,58.637306213378906
2026-06-13 03:00:00+00:00,46.5338249206543
2026-06-13 04:00:00+00:00,33.39585876464844
2026-06-13 05:00:00+00:00,21.04621124267578
2026-06-13 06:00:00+00:00,9.919517517089844
2026-06-13 07:00:00+00:00,-2.3034286499023438
2026-06-13 08:00:00+00:00,-10.636268615722656
2026-06-13 09:00:00+00:00,-15.98370361328125
2026-06-13 10:00:00+00:00,-21.270843505859375
2026-06-13 11:00:00+00:00,-27.005340576171875
2026-06-13 12:00:00+00:00,-32.541290283203125
2026-06-13 13:00:00+00:00,-30.12921142578125
2026-06-13 14:00:00+00:00,-16.738876342773438
2026-06-13 15:00:00+00:00,3.7087860107421875
2026-06-13 16:00:00+00:00,31.69073486328125
2026-06-13 17:00:00+00:00,42.900089263916016
2026-06-13 18:00:00+00:00,60.581787109375
2026-06-13 19:00:00+00:00,68.97891235351562
2026-06-13 20:00:00+00:00,70.28468322753906
2026-06-13 21:00:00+00:00,62.26233673095703
2026-06-13 22:00:00+00:00,62.07316970825195
2026-06-13 23:00:00+00:00,54.676734924316406
2026-06-14 00:00:00+00:00,44.508644104003906
2026-06-14 01:00:00+00:00,39.95210266113281
2026-06-14 02:00:00+00:00,30.70172882080078
2026-06-14 03:00:00+00:00,11.809486389160156
2026-06-14 04:00:00+00:00,-11.813400268554688
2026-06-14 05:00:00+00:00,-20.373184204101562
2026-06-14 06:00:00+00:00,-16.3603515625
2026-06-14 07:00:00+00:00,-14.549781799316406
2026-06-14 08:00:00+00:00,-16.220962524414062
2026-06-14 09:00:00+00:00,-21.025161743164062
2026-06-14 10:00:00+00:00,-27.043556213378906
2026-06-14 11:00:00+00:00,-36.3603515625
2026-06-14 12:00:00+00:00,-42.2158203125
2026-06-14 13:00:00+00:00,-38.44856262207031
2026-06-14 14:00:00+00:00,-22.93163299560547
2026-06-14 15:00:00+00:00,-6.173881530761719
2026-06-14 16:00:00+00:00,4.43121337890625
2026-06-14 17:00:00+00:00,36.49968338012695
2026-06-14 18:00:00+00:00,74.00057983398438
2026-06-14 19:00:00+00:00,93.47489929199219
2026-06-14 20:00:00+00:00,101.47390747070312
2026-06-14 21:00:00+00:00,94.41727447509766
2026-06-14 22:00:00+00:00,82.66860961914062
2026-06-14 23:00:00+00:00,73.1379165649414
2026-06-15 00:00:00+00:00,81.41261291503906
2026-06-15 01:00:00+00:00,78.39419555664062
2026-06-15 02:00:00+00:00,78.34153747558594
2026-06-15 03:00:00+00:00,83.46485137939453
2026-06-15 04:00:00+00:00,91.25679779052734
2026-06-15 05:00:00+00:00,92.24661254882812
2026-06-15 06:00:00+00:00,85.82691192626953
2026-06-15 07:00:00+00:00,68.34355163574219
2026-06-15 08:00:00+00:00,48.42039489746094
2026-06-15 09:00:00+00:00,31.42438507080078
2026-06-15 10:00:00+00:00,19.427467346191406
2026-06-15 11:00:00+00:00,11.419960021972656
2026-06-15 12:00:00+00:00,10.841445922851562
2026-06-15 13:00:00+00:00,18.72595977783203
2026-06-15 14:00:00+00:00,35.595558166503906
2026-06-15 15:00:00+00:00,59.838661193847656
2026-06-15 16:00:00+00:00,84.6709976196289
2026-06-15 17:00:00+00:00,127.16523742675781
2026-06-15 18:00:00+00:00,161.78237915039062
2026-06-15 19:00:00+00:00,160.36102294921875
2026-06-15 20:00:00+00:00,147.35134887695312
2026-06-15 21:00:00+00:00,137.83966064453125
2026-06-15 22:00:00+00:00,134.95248413085938
2026-06-15 23:00:00+00:00,127.6024398803711
2026-06-16 00:00:00+00:00,118.08694458007812
2026-06-16 01:00:00+00:00,119.51759338378906
2026-06-16 02:00:00+00:00,122.60943603515625
2026-06-16 03:00:00+00:00,130.416015625
2026-06-16 04:00:00+00:00,139.73275756835938
2026-06-16 05:00:00+00:00,138.46051025390625
2026-06-16 06:00:00+00:00,129.7198028564453
2026-06-16 07:00:00+00:00,112.22042083740234
2026-06-16 08:00:00+00:00,92.59565734863281
2026-06-16 09:00:00+00:00,74.39594268798828
2026-06-16 10:00:00+00:00,64.12294006347656
2026-06-16 11:00:00+00:00,60.24000549316406
2026-06-16 12:00:00+00:00,60.48817443847656
2026-06-16 13:00:00+00:00,70.40049743652344
2026-06-16 14:00:00+00:00,92.47334289550781
2026-06-16 15:00:00+00:00,119.59148406982422
2026-06-16 16:00:00+00:00,141.89967346191406
2026-06-16 17:00:00+00:00,168.54116821289062
2026-06-16 18:00:00+00:00,189.10867309570312
2026-06-16 19:00:00+00:00,181.47412109375
2026-06-16 20:00:00+00:00,163.41384887695312
2026-06-16 21:00:00+00:00,147.91049194335938
2026-06-16 22:00:00+00:00,140.94049072265625
2026-06-16 23:00:00+00:00,135.20254516601562
2026-06-17 00:00:00+00:00,130.12509155273438
2026-06-17 01:00:00+00:00,126.37760925292969
2026-06-17 02:00:00+00:00,127.05624389648438
2026-06-17 03:00:00+00:00,132.07302856445312
2026-06-17 04:00:00+00:00,140.05308532714844
2026-06-17 05:00:00+00:00,138.62460327148438
2026-06-17 06:00:00+00:00,127.51316833496094
2026-06-17 07:00:00+00:00,103.71487426757812
2026-06-17 08:00:00+00:00,76.25899505615234
2026-06-17 09:00:00+00:00,54.615386962890625
2026-06-17 10:00:00+00:00,41.716102600097656
2026-06-17 11:00:00+00:00,36.019561767578125
2026-06-17 12:00:00+00:00,36.72745895385742
2026-06-17 13:00:00+00:00,48.32032012939453
2026-06-17 14:00:00+00:00,73.23438262939453
2026-06-17 15:00:00+00:00,104.5217514038086
2026-06-17 16:00:00+00:00,129.02410888671875
2026-06-17 17:00:00+00:00,156.72930908203125
2026-06-17 18:00:00+00:00,180.95335388183594
2026-06-17 19:00:00+00:00,180.66226196289062
2026-06-17 20:00:00+00:00,160.93565368652344
2026-06-17 21:00:00+00:00,142.2822265625
2026-06-17 22:00:00+00:00,133.75323486328125
2026-06-17 23:00:00+00:00,126.12287902832031
2026-06-18 00:00:00+00:00,122.92665100097656
2026-06-18 01:00:00+00:00,120.27809143066406
2026-06-18 02:00:00+00:00,120.97315979003906
2026-06-18 03:00:00+00:00,124.995849609375
2026-06-18 04:00:00+00:00,130.94940185546875
2026-06-18 05:00:00+00:00,127.23434448242188
2026-06-18 06:00:00+00:00,109.26310729980469
2026-06-18 07:00:00+00:00,74.99363708496094
2026-06-18 08:00:00+00:00,41.617305755615234
2026-06-18 09:00:00+00:00,21.35388946533203
2026-06-18 10:00:00+00:00,11.530998229980469
2026-06-18 11:00:00+00:00,8.236740112304688
2026-06-18 12:00:00+00:00,12.096908569335938
2026-06-18 13:00:00+00:00,25.53807830810547
2026-06-18 14:00:00+00:00,54.435813903808594
2026-06-18 15:00:00+00:00,97.37010192871094
2026-06-18 16:00:00+00:00,133.0258026123047
2026-06-18 17:00:00+00:00,169.26300048828125
2026-06-18 18:00:00+00:00,197.35232543945312
2026-06-18 19:00:00+00:00,192.16165161132812
2026-06-18 20:00:00+00:00,167.89797973632812
2026-06-18 21:00:00+00:00,147.77139282226562
2026-06-18 22:00:00+00:00,139.833984375
2026-06-18 23:00:00+00:00,132.60128784179688
2026-06-19 00:00:00+00:00,127.66680908203125
2026-06-19 01:00:00+00:00,123.50703430175781
2026-06-19 02:00:00+00:00,126.90469360351562
2026-06-19 03:00:00+00:00,133.029541015625
2026-06-19 04:00:00+00:00,138.63400268554688
2026-06-19 05:00:00+00:00,133.0170135498047
2026-06-19 06:00:00+00:00,114.70661926269531
2026-06-19 07:00:00+00:00,75.63507843017578
2026-06-19 08:00:00+00:00,29.291412353515625
2026-06-19 09:00:00+00:00,7.421012878417969
2026-06-19 10:00:00+00:00,1.352081298828125
2026-06-19 11:00:00+00:00,-0.8799896240234375
2026-06-19 12:00:00+00:00,1.3727798461914062
2026-06-19 13:00:00+00:00,13.653152465820312
2026-06-19 14:00:00+00:00,47.66844940185547
2026-06-19 15:00:00+00:00,93.35488891601562
2026-06-19 16:00:00+00:00,134.8486785888672
2026-06-19 17:00:00+00:00,182.92770385742188
2026-06-19 18:00:00+00:00,242.97039794921875
2026-06-19 19:00:00+00:00,213.31210327148438
2026-06-19 20:00:00+00:00,161.60037231445312
2026-06-19 21:00:00+00:00,133.9006805419922
2026-06-19 22:00:00+00:00,123.98834991455078
2026-06-19 23:00:00+00:00,118.08137512207031
2026-06-20 00:00:00+00:00,121.24150085449219
2026-06-20 01:00:00+00:00,120.43032836914062
2026-06-20 02:00:00+00:00,122.28401947021484
2026-06-20 03:00:00+00:00,121.40055847167969
2026-06-20 04:00:00+00:00,115.42324829101562
2026-06-20 05:00:00+00:00,101.67823791503906
2026-06-20 06:00:00+00:00,76.06412506103516
2026-06-20 07:00:00+00:00,36.359046936035156
2026-06-20 08:00:00+00:00,7.266563415527344
2026-06-20 09:00:00+00:00,-6.463645935058594
2026-06-20 10:00:00+00:00,-10.821212768554688
2026-06-20 11:00:00+00:00,-13.586784362792969
2026-06-20 12:00:00+00:00,-12.299156188964844
2026-06-20 13:00:00+00:00,-6.0833740234375
2026-06-20 14:00:00+00:00,16.844161987304688
2026-06-20 15:00:00+00:00,61.69034194946289
2026-06-20 16:00:00+00:00,111.23932647705078
2026-06-20 17:00:00+00:00,144.924560546875
2026-06-20 18:00:00+00:00,168.53138732910156
2026-06-20 19:00:00+00:00,171.0751953125
2026-06-20 20:00:00+00:00,155.84022521972656
2026-06-20 21:00:00+00:00,143.30813598632812
2026-06-20 22:00:00+00:00,136.79296875
2026-06-20 23:00:00+00:00,131.2630157470703
2026-06-21 00:00:00+00:00,127.20266723632812
2026-06-21 01:00:00+00:00,125.10494995117188
2026-06-21 02:00:00+00:00,123.07894897460938
2026-06-21 03:00:00+00:00,116.42704010009766
2026-06-21 04:00:00+00:00,105.5994644165039
2026-06-21 05:00:00+00:00,84.09039306640625
2026-06-21 06:00:00+00:00,56.10929489135742
2026-06-21 07:00:00+00:00,24.579345703125
2026-06-21 08:00:00+00:00,-0.4064788818359375
2026-06-21 09:00:00+00:00,-17.20050811767578
2026-06-21 10:00:00+00:00,-25.208938598632812
2026-06-21 11:00:00+00:00,-29.83447265625
2026-06-21 12:00:00+00:00,-27.32860565185547
2026-06-21 13:00:00+00:00,-14.875396728515625
2026-06-21 14:00:00+00:00,19.441627502441406
2026-06-21 15:00:00+00:00,64.8396987915039
2026-06-21 16:00:00+00:00,111.94017028808594
2026-06-21 17:00:00+00:00,142.82015991210938
2026-06-21 18:00:00+00:00,159.70437622070312
2026-06-21 19:00:00+00:00,160.26914978027344
2026-06-21 20:00:00+00:00,148.1742401123047
2026-06-21 21:00:00+00:00,136.36729431152344
2026-06-21 22:00:00+00:00,130.42173767089844
2026-06-21 23:00:00+00:00,125.81132507324219
2026-06-22 00:00:00+00:00,116.44800567626953
2026-06-22 01:00:00+00:00,117.27059173583984
2026-06-22 02:00:00+00:00,120.27893829345703
2026-06-22 03:00:00+00:00,129.1747283935547
2026-06-22 04:00:00+00:00,139.18280029296875
2026-06-22 05:00:00+00:00,136.70428466796875
2026-06-22 06:00:00+00:00,120.7932357788086
2026-06-22 07:00:00+00:00,88.9269790649414
2026-06-22 08:00:00+00:00,51.856849670410156
2026-06-22 09:00:00+00:00,36.441707611083984
2026-06-22 10:00:00+00:00,29.957748413085938
2026-06-22 11:00:00+00:00,29.33221435546875
2026-06-22 12:00:00+00:00,31.405967712402344
2026-06-22 13:00:00+00:00,38.59247589111328
2026-06-22 14:00:00+00:00,60.625667572021484
2026-06-22 15:00:00+00:00,99.87800598144531
2026-06-22 16:00:00+00:00,132.79888916015625
2026-06-22 17:00:00+00:00,176.6021270751953
2026-06-22 18:00:00+00:00,213.89923095703125
2026-06-22 19:00:00+00:00,205.53482055664062
2026-06-22 20:00:00+00:00,175.83607482910156
2026-06-22 21:00:00+00:00,152.31930541992188
2026-06-22 22:00:00+00:00,143.7578125
2026-06-22 23:00:00+00:00,138.044921875
2026-06-23 00:00:00+00:00,135.57969665527344
2026-06-23 01:00:00+00:00,134.82322692871094
2026-06-23 02:00:00+00:00,136.29458618164062
2026-06-23 03:00:00+00:00,143.54498291015625
2026-06-23 04:00:00+00:00,153.67990112304688
2026-06-23 05:00:00+00:00,149.9202117919922
2026-06-23 06:00:00+00:00,134.3094940185547
2026-06-23 07:00:00+00:00,109.65737915039062
2026-06-23 08:00:00+00:00,77.9581298828125
2026-06-23 09:00:00+00:00,57.6510009765625
2026-06-23 10:00:00+00:00,47.260047912597656
2026-06-23 11:00:00+00:00,43.56337356567383
2026-06-23 12:00:00+00:00,46.66841125488281
2026-06-23 13:00:00+00:00,59.04627990722656
2026-06-23 14:00:00+00:00,87.65541076660156
2026-06-23 15:00:00+00:00,121.40204620361328
2026-06-23 16:00:00+00:00,151.32827758789062
2026-06-23 17:00:00+00:00,200.6044921875
2026-06-23 18:00:00+00:00,258.57171630859375
2026-06-23 19:00:00+00:00,240.53677368164062
2026-06-23 20:00:00+00:00,187.73272705078125
2026-06-23 21:00:00+00:00,155.67149353027344
2026-06-23 22:00:00+00:00,147.271240234375
2026-06-23 23:00:00+00:00,140.0704345703125
2026-06-24 00:00:00+00:00,144.49343872070312
2026-06-24 01:00:00+00:00,140.2577362060547
2026-06-24 02:00:00+00:00,142.4944305419922
2026-06-24 03:00:00+00:00,150.55484008789062
2026-06-24 04:00:00+00:00,163.96319580078125
2026-06-24 05:00:00+00:00,158.65933227539062
2026-06-24 06:00:00+00:00,136.23255920410156
2026-06-24 07:00:00+00:00,107.70040893554688
2026-06-24 08:00:00+00:00,77.21733856201172
2026-06-24 09:00:00+00:00,53.701473236083984
2026-06-24 10:00:00+00:00,41.233985900878906
2026-06-24 11:00:00+00:00,37.18730926513672
2026-06-24 12:00:00+00:00,43.45978927612305
2026-06-24 13:00:00+00:00,59.24736785888672
2026-06-24 14:00:00+00:00,89.77887725830078
2026-06-24 15:00:00+00:00,121.99789428710938
2026-06-24 16:00:00+00:00,159.4812469482422
2026-06-24 17:00:00+00:00,258.11846923828125
2026-06-24 18:00:00+00:00,391.94036865234375
2026-06-24 19:00:00+00:00,372.17919921875
2026-06-24 20:00:00+00:00,252.75999450683594
2026-06-24 21:00:00+00:00,181.91229248046875
2026-06-24 22:00:00+00:00,165.66004943847656
2026-06-24 23:00:00+00:00,153.6315155029297
2026-06-25 00:00:00+00:00,141.52919006347656
2026-06-25 01:00:00+00:00,138.59811401367188
2026-06-25 02:00:00+00:00,139.55340576171875
2026-06-25 03:00:00+00:00,147.58798217773438
2026-06-25 04:00:00+00:00,163.48452758789062
2026-06-25 05:00:00+00:00,156.9720916748047
2026-06-25 06:00:00+00:00,131.57908630371094
2026-06-25 07:00:00+00:00,100.28448486328125
2026-06-25 08:00:00+00:00,70.11239624023438
2026-06-25 09:00:00+00:00,46.97883605957031
2026-06-25 10:00:00+00:00,34.800621032714844
2026-06-25 11:00:00+00:00,29.819976806640625
2026-06-25 12:00:00+00:00,34.43201446533203
2026-06-25 13:00:00+00:00,49.16284942626953
2026-06-25 14:00:00+00:00,73.52501678466797
2026-06-25 15:00:00+00:00,103.80581665039062
2026-06-25 16:00:00+00:00,151.51722717285156
2026-06-25 17:00:00+00:00,308.6317138671875
2026-06-25 18:00:00+00:00,488.5419006347656
2026-06-25 19:00:00+00:00,459.0980224609375
2026-06-25 20:00:00+00:00,287.8846740722656
2026-06-25 21:00:00+00:00,176.28382873535156
2026-06-25 22:00:00+00:00,144.86911010742188
2026-06-25 23:00:00+00:00,131.22364807128906
2026-06-26 00:00:00+00:00,125.95134735107422
2026-06-26 01:00:00+00:00,123.55484008789062
2026-06-26 02:00:00+00:00,123.98312377929688
2026-06-26 03:00:00+00:00,129.77008056640625
2026-06-26 04:00:00+00:00,138.0067596435547
2026-06-26 05:00:00+00:00,131.62313842773438
2026-06-26 06:00:00+00:00,108.37459564208984
2026-06-26 07:00:00+00:00,71.70599365234375
2026-06-26 08:00:00+00:00,37.94312286376953
2026-06-26 09:00:00+00:00,17.416893005371094
2026-06-26 10:00:00+00:00,8.73114013671875
2026-06-26 11:00:00+00:00,7.510467529296875
2026-06-26 12:00:00+00:00,13.210205078125
2026-06-26 13:00:00+00:00,29.254913330078125
2026-06-26 14:00:00+00:00,61.51937484741211
2026-06-26 15:00:00+00:00,98.8521728515625
2026-06-26 16:00:00+00:00,136.47726440429688
2026-06-26 17:00:00+00:00,180.5321044921875
2026-06-26 18:00:00+00:00,217.76919555664062
2026-06-26 19:00:00+00:00,197.35072326660156
2026-06-26 20:00:00+00:00,157.39846801757812
2026-06-26 21:00:00+00:00,133.82400512695312
2026-06-26 22:00:00+00:00,123.45182800292969
2026-06-26 23:00:00+00:00,116.3890151977539
2026-06-27 00:00:00+00:00,121.24852752685547
2026-06-27 01:00:00+00:00,120.16220092773438
2026-06-27 02:00:00+00:00,119.95764923095703
2026-06-27 03:00:00+00:00,121.45574188232422
2026-06-27 04:00:00+00:00,120.24105834960938
2026-06-27 05:00:00+00:00,108.05497741699219
2026-06-27 06:00:00+00:00,86.48788452148438
2026-06-27 07:00:00+00:00,46.89891052246094
2026-06-27 08:00:00+00:00,18.62584686279297
2026-06-27 09:00:00+00:00,8.442535400390625
2026-06-27 10:00:00+00:00,5.59295654296875
2026-06-27 11:00:00+00:00,3.4875946044921875
2026-06-27 12:00:00+00:00,5.058692932128906
2026-06-27 13:00:00+00:00,10.681190490722656
2026-06-27 14:00:00+00:00,36.16138458251953
2026-06-27 15:00:00+00:00,91.81607055664062
2026-06-27 16:00:00+00:00,129.64317321777344
2026-06-27 17:00:00+00:00,176.73316955566406
2026-06-27 18:00:00+00:00,214.80255126953125
2026-06-27 19:00:00+00:00,214.0030517578125
2026-06-27 20:00:00+00:00,181.40469360351562
2026-06-27 21:00:00+00:00,151.134765625
2026-06-27 22:00:00+00:00,136.65451049804688
2026-06-27 23:00:00+00:00,128.44400024414062
2026-06-28 00:00:00+00:00,119.77052307128906
2026-06-28 01:00:00+00:00,115.0735092163086
2026-06-28 02:00:00+00:00,111.26240539550781
2026-06-28 03:00:00+00:00,105.40230560302734
2026-06-28 04:00:00+00:00,95.86677551269531
2026-06-28 05:00:00+00:00,84.15167999267578
2026-06-28 06:00:00+00:00,66.31314086914062
2026-06-28 07:00:00+00:00,33.856658935546875
2026-06-28 08:00:00+00:00,5.566314697265625
2026-06-28 09:00:00+00:00,-3.9496612548828125
2026-06-28 10:00:00+00:00,-4.819549560546875
2026-06-28 11:00:00+00:00,-7.514404296875
2026-06-28 12:00:00+00:00,-8.288238525390625
2026-06-28 13:00:00+00:00,-4.5915069580078125
2026-06-28 14:00:00+00:00,25.53882598876953
2026-06-28 15:00:00+00:00,78.56509399414062
2026-06-28 16:00:00+00:00,115.96400451660156
2026-06-28 17:00:00+00:00,147.60296630859375
2026-06-28 18:00:00+00:00,175.81130981445312
2026-06-28 19:00:00+00:00,178.7135009765625
2026-06-28 20:00:00+00:00,165.57498168945312
2026-06-28 21:00:00+00:00,150.60195922851562
2026-06-28 22:00:00+00:00,142.29940795898438
2026-06-28 23:00:00+00:00,134.4814453125
2026-06-29 00:00:00+00:00,115.5895004272461
2026-06-29 01:00:00+00:00,116.97844696044922
2026-06-29 02:00:00+00:00,120.39888763427734
2026-06-29 03:00:00+00:00,127.21920013427734
2026-06-29 04:00:00+00:00,138.87979125976562
2026-06-29 05:00:00+00:00,140.39097595214844
2026-06-29 06:00:00+00:00,131.80838012695312
2026-06-29 07:00:00+00:00,117.27388763427734
2026-06-29 08:00:00+00:00,100.05003356933594
2026-06-29 09:00:00+00:00,86.73067474365234
2026-06-29 10:00:00+00:00,74.51823425292969
2026-06-29 11:00:00+00:00,67.03153991699219
2026-06-29 12:00:00+00:00,66.46748352050781
2026-06-29 13:00:00+00:00,74.63001251220703
2026-06-29 14:00:00+00:00,93.19881439208984
2026-06-29 15:00:00+00:00,116.64688110351562
2026-06-29 16:00:00+00:00,129.81744384765625
2026-06-29 17:00:00+00:00,153.33013916015625
2026-06-29 18:00:00+00:00,178.341552734375
2026-06-29 19:00:00+00:00,180.31204223632812
2026-06-29 20:00:00+00:00,162.8327178955078
2026-06-29 21:00:00+00:00,144.5509796142578
2026-06-29 22:00:00+00:00,135.6809539794922
2026-06-29 23:00:00+00:00,128.8258819580078
2026-06-30 00:00:00+00:00,135.56365966796875
2026-06-30 01:00:00+00:00,134.37716674804688
2026-06-30 02:00:00+00:00,135.02513122558594
2026-06-30 03:00:00+00:00,139.91021728515625
2026-06-30 04:00:00+00:00,154.9014129638672
2026-06-30 05:00:00+00:00,153.1734619140625
2026-06-30 06:00:00+00:00,138.55067443847656
2026-06-30 07:00:00+00:00,120.46683502197266
2026-06-30 08:00:00+00:00,107.8836441040039
2026-06-30 09:00:00+00:00,98.14847564697266
2026-06-30 10:00:00+00:00,89.22142028808594
2026-06-30 11:00:00+00:00,85.49049377441406
2026-06-30 12:00:00+00:00,88.77375030517578
2026-06-30 13:00:00+00:00,101.99401092529297
2026-06-30 14:00:00+00:00,118.45616912841797
2026-06-30 15:00:00+00:00,133.18923950195312
2026-06-30 16:00:00+00:00,155.8018798828125
2026-06-30 17:00:00+00:00,226.185302734375
2026-06-30 18:00:00+00:00,314.7008972167969
2026-06-30 19:00:00+00:00,312.54205322265625
2026-06-30 20:00:00+00:00,228.52667236328125
2026-06-30 21:00:00+00:00,169.8204345703125
