,forecast_eur_mwh
2026-01-02 00:00:00+00:00,3.6315136
2026-01-02 01:00:00+00:00,3.1201231
2026-01-02 02:00:00+00:00,3.748314
2026-01-02 03:00:00+00:00,8.637514
2026-01-02 04:00:00+00:00,18.876865
2026-01-02 05:00:00+00:00,35.95397
2026-01-02 06:00:00+00:00,49.817387
2026-01-02 07:00:00+00:00,53.7049
2026-01-02 08:00:00+00:00,47.476177
2026-01-02 09:00:00+00:00,44.81514
2026-01-02 10:00:00+00:00,44.37801
2026-01-02 11:00:00+00:00,44.153095
2026-01-02 12:00:00+00:00,50.169403
2026-01-02 13:00:00+00:00,58.341423
2026-01-02 14:00:00+00:00,69.20164
2026-01-02 15:00:00+00:00,80.06139
2026-01-02 16:00:00+00:00,87.238
2026-01-02 17:00:00+00:00,85.38891
2026-01-02 18:00:00+00:00,75.90902
2026-01-02 19:00:00+00:00,63.88439
2026-01-02 20:00:00+00:00,57.697227
2026-01-02 21:00:00+00:00,52.27832
2026-01-02 22:00:00+00:00,48.17245
2026-01-02 23:00:00+00:00,43.84328
2026-01-03 00:00:00+00:00,73.45523
2026-01-03 01:00:00+00:00,70.10115
2026-01-03 02:00:00+00:00,68.492
2026-01-03 03:00:00+00:00,68.04053
2026-01-03 04:00:00+00:00,67.32745
2026-01-03 05:00:00+00:00,69.47429
2026-01-03 06:00:00+00:00,76.20551
2026-01-03 07:00:00+00:00,80.011826
2026-01-03 08:00:00+00:00,78.318985
2026-01-03 09:00:00+00:00,76.19175
2026-01-03 10:00:00+00:00,73.47501
2026-01-03 11:00:00+00:00,71.81987
2026-01-03 12:00:00+00:00,71.74513
2026-01-03 13:00:00+00:00,76.04084
2026-01-03 14:00:00+00:00,82.48608
2026-01-03 15:00:00+00:00,89.93198
2026-01-03 16:00:00+00:00,96.23702
2026-01-03 17:00:00+00:00,94.999756
2026-01-03 18:00:00+00:00,89.641174
2026-01-03 19:00:00+00:00,84.57223
2026-01-03 20:00:00+00:00,78.9926
2026-01-03 21:00:00+00:00,76.01523
2026-01-03 22:00:00+00:00,73.27687
2026-01-03 23:00:00+00:00,69.25366
2026-01-04 00:00:00+00:00,85.25884
2026-01-04 01:00:00+00:00,82.75571
2026-01-04 02:00:00+00:00,81.45237
2026-01-04 03:00:00+00:00,82.04779
2026-01-04 04:00:00+00:00,86.034805
2026-01-04 05:00:00+00:00,94.481476
2026-01-04 06:00:00+00:00,103.49493
2026-01-04 07:00:00+00:00,107.15787
2026-01-04 08:00:00+00:00,102.50881
2026-01-04 09:00:00+00:00,99.59305
2026-01-04 10:00:00+00:00,98.19096
2026-01-04 11:00:00+00:00,96.81294
2026-01-04 12:00:00+00:00,97.95913
2026-01-04 13:00:00+00:00,102.98591
2026-01-04 14:00:00+00:00,110.49313
2026-01-04 15:00:00+00:00,118.72547
2026-01-04 16:00:00+00:00,124.42415
2026-01-04 17:00:00+00:00,123.74982
2026-01-04 18:00:00+00:00,118.56263
2026-01-04 19:00:00+00:00,110.43743
2026-01-04 20:00:00+00:00,104.33601
2026-01-04 21:00:00+00:00,100.35955
2026-01-04 22:00:00+00:00,96.61263
2026-01-04 23:00:00+00:00,93.73558
2026-01-05 00:00:00+00:00,85.99858
2026-01-05 01:00:00+00:00,84.00432
2026-01-05 02:00:00+00:00,83.334305
2026-01-05 03:00:00+00:00,86.18149
2026-01-05 04:00:00+00:00,95.36715
2026-01-05 05:00:00+00:00,112.79976
2026-01-05 06:00:00+00:00,128.47699
2026-01-05 07:00:00+00:00,133.42845
2026-01-05 08:00:00+00:00,126.58087
2026-01-05 09:00:00+00:00,121.10352
2026-01-05 10:00:00+00:00,118.51015
2026-01-05 11:00:00+00:00,117.66824
2026-01-05 12:00:00+00:00,119.86266
2026-01-05 13:00:00+00:00,123.97066
2026-01-05 14:00:00+00:00,130.12206
2026-01-05 15:00:00+00:00,137.49643
2026-01-05 16:00:00+00:00,143.60474
2026-01-05 17:00:00+00:00,144.72046
2026-01-05 18:00:00+00:00,136.5628
2026-01-05 19:00:00+00:00,122.85783
2026-01-05 20:00:00+00:00,113.75576
2026-01-05 21:00:00+00:00,108.40546
2026-01-05 22:00:00+00:00,103.284706
2026-01-05 23:00:00+00:00,100.46668
2026-01-06 00:00:00+00:00,102.72342
2026-01-06 01:00:00+00:00,99.04569
2026-01-06 02:00:00+00:00,97.020905
2026-01-06 03:00:00+00:00,100.03675
2026-01-06 04:00:00+00:00,111.3876
2026-01-06 05:00:00+00:00,131.17776
2026-01-06 06:00:00+00:00,151.71889
2026-01-06 07:00:00+00:00,160.89209
2026-01-06 08:00:00+00:00,155.42581
2026-01-06 09:00:00+00:00,150.3988
2026-01-06 10:00:00+00:00,146.87668
2026-01-06 11:00:00+00:00,143.69646
2026-01-06 12:00:00+00:00,141.67313
2026-01-06 13:00:00+00:00,143.32654
2026-01-06 14:00:00+00:00,149.23639
2026-01-06 15:00:00+00:00,161.68565
2026-01-06 16:00:00+00:00,170.2995
2026-01-06 17:00:00+00:00,161.98816
2026-01-06 18:00:00+00:00,142.34854
2026-01-06 19:00:00+00:00,125.58821
2026-01-06 20:00:00+00:00,113.10004
2026-01-06 21:00:00+00:00,103.42882
2026-01-06 22:00:00+00:00,94.32837
2026-01-06 23:00:00+00:00,91.277534
2026-01-07 00:00:00+00:00,89.367516
2026-01-07 01:00:00+00:00,86.06381
2026-01-07 02:00:00+00:00,84.1651
2026-01-07 03:00:00+00:00,85.31963
2026-01-07 04:00:00+00:00,90.7158
2026-01-07 05:00:00+00:00,102.18841
2026-01-07 06:00:00+00:00,115.532974
2026-01-07 07:00:00+00:00,121.27951
2026-01-07 08:00:00+00:00,116.57918
2026-01-07 09:00:00+00:00,110.90879
2026-01-07 10:00:00+00:00,107.50999
2026-01-07 11:00:00+00:00,105.54995
2026-01-07 12:00:00+00:00,104.31602
2026-01-07 13:00:00+00:00,105.20334
2026-01-07 14:00:00+00:00,106.489655
2026-01-07 15:00:00+00:00,112.76376
2026-01-07 16:00:00+00:00,118.146255
2026-01-07 17:00:00+00:00,116.48168
2026-01-07 18:00:00+00:00,109.001
2026-01-07 19:00:00+00:00,100.79164
2026-01-07 20:00:00+00:00,95.961975
2026-01-07 21:00:00+00:00,92.80336
2026-01-07 22:00:00+00:00,88.478226
2026-01-07 23:00:00+00:00,86.26946
2026-01-08 00:00:00+00:00,83.192444
2026-01-08 01:00:00+00:00,81.400314
2026-01-08 02:00:00+00:00,81.181656
2026-01-08 03:00:00+00:00,85.999435
2026-01-08 04:00:00+00:00,97.750885
2026-01-08 05:00:00+00:00,114.1466
2026-01-08 06:00:00+00:00,130.41711
2026-01-08 07:00:00+00:00,136.79575
2026-01-08 08:00:00+00:00,132.00266
2026-01-08 09:00:00+00:00,127.6267
2026-01-08 10:00:00+00:00,125.34177
2026-01-08 11:00:00+00:00,123.91272
2026-01-08 12:00:00+00:00,124.37267
2026-01-08 13:00:00+00:00,126.94481
2026-01-08 14:00:00+00:00,132.80438
2026-01-08 15:00:00+00:00,139.53157
2026-01-08 16:00:00+00:00,143.00475
2026-01-08 17:00:00+00:00,138.87979
2026-01-08 18:00:00+00:00,127.85503
2026-01-08 19:00:00+00:00,114.01949
2026-01-08 20:00:00+00:00,103.80214
2026-01-08 21:00:00+00:00,94.06818
2026-01-08 22:00:00+00:00,85.50266
2026-01-08 23:00:00+00:00,82.17175
2026-01-09 00:00:00+00:00,71.94156
2026-01-09 01:00:00+00:00,68.777176
2026-01-09 02:00:00+00:00,64.597786
2026-01-09 03:00:00+00:00,62.60726
2026-01-09 04:00:00+00:00,61.164963
2026-01-09 05:00:00+00:00,66.89373
2026-01-09 06:00:00+00:00,74.67649
2026-01-09 07:00:00+00:00,78.25828
2026-01-09 08:00:00+00:00,83.87216
2026-01-09 09:00:00+00:00,79.982544
2026-01-09 10:00:00+00:00,79.26445
2026-01-09 11:00:00+00:00,84.251305
2026-01-09 12:00:00+00:00,85.86125
2026-01-09 13:00:00+00:00,86.87632
2026-01-09 14:00:00+00:00,86.60039
2026-01-09 15:00:00+00:00,86.83507
2026-01-09 16:00:00+00:00,93.70332
2026-01-09 17:00:00+00:00,94.405304
2026-01-09 18:00:00+00:00,84.088234
2026-01-09 19:00:00+00:00,67.22936
2026-01-09 20:00:00+00:00,56.48021
2026-01-09 21:00:00+00:00,56.881466
2026-01-09 22:00:00+00:00,56.769
2026-01-09 23:00:00+00:00,54.607475
2026-01-10 00:00:00+00:00,66.96884
2026-01-10 01:00:00+00:00,64.93818
2026-01-10 02:00:00+00:00,63.803623
2026-01-10 03:00:00+00:00,63.853508
2026-01-10 04:00:00+00:00,66.284386
2026-01-10 05:00:00+00:00,74.98987
2026-01-10 06:00:00+00:00,87.20481
2026-01-10 07:00:00+00:00,93.299644
2026-01-10 08:00:00+00:00,94.4984
2026-01-10 09:00:00+00:00,93.65009
2026-01-10 10:00:00+00:00,92.12512
2026-01-10 11:00:00+00:00,92.73517
2026-01-10 12:00:00+00:00,93.973206
2026-01-10 13:00:00+00:00,99.02569
2026-01-10 14:00:00+00:00,107.0819
2026-01-10 15:00:00+00:00,117.28143
2026-01-10 16:00:00+00:00,127.902176
2026-01-10 17:00:00+00:00,126.80947
2026-01-10 18:00:00+00:00,118.08218
2026-01-10 19:00:00+00:00,110.32054
2026-01-10 20:00:00+00:00,105.34144
2026-01-10 21:00:00+00:00,101.780876
2026-01-10 22:00:00+00:00,98.84895
2026-01-10 23:00:00+00:00,96.04874
2026-01-11 00:00:00+00:00,91.55356
2026-01-11 01:00:00+00:00,87.948395
2026-01-11 02:00:00+00:00,85.63502
2026-01-11 03:00:00+00:00,84.974434
2026-01-11 04:00:00+00:00,87.38521
2026-01-11 05:00:00+00:00,93.83816
2026-01-11 06:00:00+00:00,101.65948
2026-01-11 07:00:00+00:00,106.13821
2026-01-11 08:00:00+00:00,105.26167
2026-01-11 09:00:00+00:00,104.87432
2026-01-11 10:00:00+00:00,105.0535
2026-01-11 11:00:00+00:00,103.41177
2026-01-11 12:00:00+00:00,103.17796
2026-01-11 13:00:00+00:00,107.37488
2026-01-11 14:00:00+00:00,113.41258
2026-01-11 15:00:00+00:00,121.643326
2026-01-11 16:00:00+00:00,126.7565
2026-01-11 17:00:00+00:00,122.904305
2026-01-11 18:00:00+00:00,115.271996
2026-01-11 19:00:00+00:00,107.1319
2026-01-11 20:00:00+00:00,99.75589
2026-01-11 21:00:00+00:00,93.4845
2026-01-11 22:00:00+00:00,86.370056
2026-01-11 23:00:00+00:00,82.75265
2026-01-12 00:00:00+00:00,78.92853
2026-01-12 01:00:00+00:00,76.52359
2026-01-12 02:00:00+00:00,74.48785
2026-01-12 03:00:00+00:00,76.72371
2026-01-12 04:00:00+00:00,86.441574
2026-01-12 05:00:00+00:00,100.65743
2026-01-12 06:00:00+00:00,113.0865
2026-01-12 07:00:00+00:00,116.87788
2026-01-12 08:00:00+00:00,112.8033
2026-01-12 09:00:00+00:00,111.811295
2026-01-12 10:00:00+00:00,111.25223
2026-01-12 11:00:00+00:00,110.59454
2026-01-12 12:00:00+00:00,109.11174
2026-01-12 13:00:00+00:00,109.53075
2026-01-12 14:00:00+00:00,112.08865
2026-01-12 15:00:00+00:00,113.14479
2026-01-12 16:00:00+00:00,116.02255
2026-01-12 17:00:00+00:00,116.72525
2026-01-12 18:00:00+00:00,110.480865
2026-01-12 19:00:00+00:00,102.29256
2026-01-12 20:00:00+00:00,97.698555
2026-01-12 21:00:00+00:00,91.867874
2026-01-12 22:00:00+00:00,85.162
2026-01-12 23:00:00+00:00,84.74572
2026-01-13 00:00:00+00:00,85.645386
2026-01-13 01:00:00+00:00,84.03119
2026-01-13 02:00:00+00:00,83.693855
2026-01-13 03:00:00+00:00,86.62965
2026-01-13 04:00:00+00:00,93.84504
2026-01-13 05:00:00+00:00,104.3195
2026-01-13 06:00:00+00:00,114.43532
2026-01-13 07:00:00+00:00,121.992874
2026-01-13 08:00:00+00:00,121.69827
2026-01-13 09:00:00+00:00,121.27508
2026-01-13 10:00:00+00:00,121.065956
2026-01-13 11:00:00+00:00,121.16632
2026-01-13 12:00:00+00:00,120.06897
2026-01-13 13:00:00+00:00,119.53024
2026-01-13 14:00:00+00:00,121.0139
2026-01-13 15:00:00+00:00,122.71705
2026-01-13 16:00:00+00:00,123.081314
2026-01-13 17:00:00+00:00,117.07396
2026-01-13 18:00:00+00:00,109.06801
2026-01-13 19:00:00+00:00,100.77844
2026-01-13 20:00:00+00:00,93.67013
2026-01-13 21:00:00+00:00,87.656075
2026-01-13 22:00:00+00:00,81.67214
2026-01-13 23:00:00+00:00,80.075
2026-01-14 00:00:00+00:00,83.94755
2026-01-14 01:00:00+00:00,82.10976
2026-01-14 02:00:00+00:00,80.63933
2026-01-14 03:00:00+00:00,82.10338
2026-01-14 04:00:00+00:00,87.254486
2026-01-14 05:00:00+00:00,99.59713
2026-01-14 06:00:00+00:00,114.68032
2026-01-14 07:00:00+00:00,122.4708
2026-01-14 08:00:00+00:00,119.1234
2026-01-14 09:00:00+00:00,115.31362
2026-01-14 10:00:00+00:00,113.296364
2026-01-14 11:00:00+00:00,113.12844
2026-01-14 12:00:00+00:00,114.14018
2026-01-14 13:00:00+00:00,116.37099
2026-01-14 14:00:00+00:00,120.45908
2026-01-14 15:00:00+00:00,126.64656
2026-01-14 16:00:00+00:00,131.60832
2026-01-14 17:00:00+00:00,129.24852
2026-01-14 18:00:00+00:00,119.30107
2026-01-14 19:00:00+00:00,109.88256
2026-01-14 20:00:00+00:00,104.322815
2026-01-14 21:00:00+00:00,100.54862
2026-01-14 22:00:00+00:00,95.29006
2026-01-14 23:00:00+00:00,93.98559
2026-01-15 00:00:00+00:00,95.767715
2026-01-15 01:00:00+00:00,91.53923
2026-01-15 02:00:00+00:00,88.31481
2026-01-15 03:00:00+00:00,89.57212
2026-01-15 04:00:00+00:00,96.53769
2026-01-15 05:00:00+00:00,111.28943
2026-01-15 06:00:00+00:00,126.13338
2026-01-15 07:00:00+00:00,128.03513
2026-01-15 08:00:00+00:00,117.62799
2026-01-15 09:00:00+00:00,107.89507
2026-01-15 10:00:00+00:00,102.52915
2026-01-15 11:00:00+00:00,102.14441
2026-01-15 12:00:00+00:00,103.50568
2026-01-15 13:00:00+00:00,108.70656
2026-01-15 14:00:00+00:00,116.84006
2026-01-15 15:00:00+00:00,130.99399
2026-01-15 16:00:00+00:00,140.58176
2026-01-15 17:00:00+00:00,133.85468
2026-01-15 18:00:00+00:00,117.93115
2026-01-15 19:00:00+00:00,102.99393
2026-01-15 20:00:00+00:00,94.21654
2026-01-15 21:00:00+00:00,89.24074
2026-01-15 22:00:00+00:00,82.506195
2026-01-15 23:00:00+00:00,79.97886
2026-01-16 00:00:00+00:00,77.35535
2026-01-16 01:00:00+00:00,74.941895
2026-01-16 02:00:00+00:00,73.20448
2026-01-16 03:00:00+00:00,76.526794
2026-01-16 04:00:00+00:00,85.60341
2026-01-16 05:00:00+00:00,99.728745
2026-01-16 06:00:00+00:00,112.90971
2026-01-16 07:00:00+00:00,114.30289
2026-01-16 08:00:00+00:00,106.396095
2026-01-16 09:00:00+00:00,100.657585
2026-01-16 10:00:00+00:00,98.817116
2026-01-16 11:00:00+00:00,101.38325
2026-01-16 12:00:00+00:00,106.440834
2026-01-16 13:00:00+00:00,114.078384
2026-01-16 14:00:00+00:00,124.2858
2026-01-16 15:00:00+00:00,134.61412
2026-01-16 16:00:00+00:00,139.80142
2026-01-16 17:00:00+00:00,133.86801
2026-01-16 18:00:00+00:00,121.23009
2026-01-16 19:00:00+00:00,110.932076
2026-01-16 20:00:00+00:00,105.398346
2026-01-16 21:00:00+00:00,101.2555
2026-01-16 22:00:00+00:00,96.16574
2026-01-16 23:00:00+00:00,93.471565
2026-01-17 00:00:00+00:00,97.555504
2026-01-17 01:00:00+00:00,93.79814
2026-01-17 02:00:00+00:00,91.0483
2026-01-17 03:00:00+00:00,90.34768
2026-01-17 04:00:00+00:00,91.800705
2026-01-17 05:00:00+00:00,97.58316
2026-01-17 06:00:00+00:00,107.026596
2026-01-17 07:00:00+00:00,113.218666
2026-01-17 08:00:00+00:00,113.27788
2026-01-17 09:00:00+00:00,110.15645
2026-01-17 10:00:00+00:00,108.67503
2026-01-17 11:00:00+00:00,108.21463
2026-01-17 12:00:00+00:00,108.09699
2026-01-17 13:00:00+00:00,113.62407
2026-01-17 14:00:00+00:00,120.78374
2026-01-17 15:00:00+00:00,133.97795
2026-01-17 16:00:00+00:00,142.82475
2026-01-17 17:00:00+00:00,138.14992
2026-01-17 18:00:00+00:00,126.24548
2026-01-17 19:00:00+00:00,115.677284
2026-01-17 20:00:00+00:00,109.04167
2026-01-17 21:00:00+00:00,105.00972
2026-01-17 22:00:00+00:00,100.02127
2026-01-17 23:00:00+00:00,97.00813
2026-01-18 00:00:00+00:00,108.99193
2026-01-18 01:00:00+00:00,105.49693
2026-01-18 02:00:00+00:00,103.11597
2026-01-18 03:00:00+00:00,102.71748
2026-01-18 04:00:00+00:00,103.340485
2026-01-18 05:00:00+00:00,106.9121
2026-01-18 06:00:00+00:00,113.53673
2026-01-18 07:00:00+00:00,119.00441
2026-01-18 08:00:00+00:00,115.66824
2026-01-18 09:00:00+00:00,112.12904
2026-01-18 10:00:00+00:00,110.528885
2026-01-18 11:00:00+00:00,108.829414
2026-01-18 12:00:00+00:00,107.919914
2026-01-18 13:00:00+00:00,111.10943
2026-01-18 14:00:00+00:00,116.38872
2026-01-18 15:00:00+00:00,125.553604
2026-01-18 16:00:00+00:00,133.2601
2026-01-18 17:00:00+00:00,132.90738
2026-01-18 18:00:00+00:00,126.39402
2026-01-18 19:00:00+00:00,118.31442
2026-01-18 20:00:00+00:00,112.56676
2026-01-18 21:00:00+00:00,108.771126
2026-01-18 22:00:00+00:00,104.70541
2026-01-18 23:00:00+00:00,101.63121
2026-01-19 00:00:00+00:00,101.58194
2026-01-19 01:00:00+00:00,99.99526
2026-01-19 02:00:00+00:00,99.24528
2026-01-19 03:00:00+00:00,103.39995
2026-01-19 04:00:00+00:00,115.084076
2026-01-19 05:00:00+00:00,136.89354
2026-01-19 06:00:00+00:00,156.07495
2026-01-19 07:00:00+00:00,158.39223
2026-01-19 08:00:00+00:00,144.26364
2026-01-19 09:00:00+00:00,131.61485
2026-01-19 10:00:00+00:00,126.14346
2026-01-19 11:00:00+00:00,124.74659
2026-01-19 12:00:00+00:00,127.20355
2026-01-19 13:00:00+00:00,131.63766
2026-01-19 14:00:00+00:00,140.8933
2026-01-19 15:00:00+00:00,152.62909
2026-01-19 16:00:00+00:00,164.17964
2026-01-19 17:00:00+00:00,169.57098
2026-01-19 18:00:00+00:00,158.06732
2026-01-19 19:00:00+00:00,137.42482
2026-01-19 20:00:00+00:00,126.175934
2026-01-19 21:00:00+00:00,120.50404
2026-01-19 22:00:00+00:00,114.572495
2026-01-19 23:00:00+00:00,112.481865
2026-01-20 00:00:00+00:00,116.04865
2026-01-20 01:00:00+00:00,113.1358
2026-01-20 02:00:00+00:00,111.22323
2026-01-20 03:00:00+00:00,114.62351
2026-01-20 04:00:00+00:00,127.63369
2026-01-20 05:00:00+00:00,153.39006
2026-01-20 06:00:00+00:00,178.60454
2026-01-20 07:00:00+00:00,180.71005
2026-01-20 08:00:00+00:00,160.2156
2026-01-20 09:00:00+00:00,143.78615
2026-01-20 10:00:00+00:00,135.78331
2026-01-20 11:00:00+00:00,133.54248
2026-01-20 12:00:00+00:00,136.07901
2026-01-20 13:00:00+00:00,145.36707
2026-01-20 14:00:00+00:00,161.74411
2026-01-20 15:00:00+00:00,181.97063
2026-01-20 16:00:00+00:00,190.33037
2026-01-20 17:00:00+00:00,181.84155
2026-01-20 18:00:00+00:00,164.99834
2026-01-20 19:00:00+00:00,147.75374
2026-01-20 20:00:00+00:00,134.49454
2026-01-20 21:00:00+00:00,126.59027
2026-01-20 22:00:00+00:00,120.12563
2026-01-20 23:00:00+00:00,117.95271
2026-01-21 00:00:00+00:00,100.16988
2026-01-21 01:00:00+00:00,98.833305
2026-01-21 02:00:00+00:00,98.71644
2026-01-21 03:00:00+00:00,104.094
2026-01-21 04:00:00+00:00,118.14823
2026-01-21 05:00:00+00:00,146.72119
2026-01-21 06:00:00+00:00,175.18126
2026-01-21 07:00:00+00:00,166.85518
2026-01-21 08:00:00+00:00,134.36621
2026-01-21 09:00:00+00:00,109.449326
2026-01-21 10:00:00+00:00,95.12058
2026-01-21 11:00:00+00:00,92.21856
2026-01-21 12:00:00+00:00,96.66865
2026-01-21 13:00:00+00:00,111.31036
2026-01-21 14:00:00+00:00,130.84119
2026-01-21 15:00:00+00:00,152.9428
2026-01-21 16:00:00+00:00,160.51881
2026-01-21 17:00:00+00:00,148.65512
2026-01-21 18:00:00+00:00,131.27185
2026-01-21 19:00:00+00:00,116.72397
2026-01-21 20:00:00+00:00,106.701004
2026-01-21 21:00:00+00:00,101.10604
2026-01-21 22:00:00+00:00,96.947395
2026-01-21 23:00:00+00:00,96.83454
2026-01-22 00:00:00+00:00,93.87314
2026-01-22 01:00:00+00:00,92.01161
2026-01-22 02:00:00+00:00,90.4963
2026-01-22 03:00:00+00:00,92.40735
2026-01-22 04:00:00+00:00,98.12321
2026-01-22 05:00:00+00:00,111.441574
2026-01-22 06:00:00+00:00,127.42039
2026-01-22 07:00:00+00:00,129.20052
2026-01-22 08:00:00+00:00,115.05022
2026-01-22 09:00:00+00:00,103.91938
2026-01-22 10:00:00+00:00,97.09697
2026-01-22 11:00:00+00:00,94.38647
2026-01-22 12:00:00+00:00,94.86503
2026-01-22 13:00:00+00:00,100.72565
2026-01-22 14:00:00+00:00,109.11648
2026-01-22 15:00:00+00:00,121.10399
2026-01-22 16:00:00+00:00,128.88762
2026-01-22 17:00:00+00:00,127.49499
2026-01-22 18:00:00+00:00,119.1607
2026-01-22 19:00:00+00:00,109.24431
2026-01-22 20:00:00+00:00,102.124855
2026-01-22 21:00:00+00:00,99.377464
2026-01-22 22:00:00+00:00,96.31697
2026-01-22 23:00:00+00:00,94.254944
2026-01-23 00:00:00+00:00,95.93248
2026-01-23 01:00:00+00:00,93.85979
2026-01-23 02:00:00+00:00,92.23877
2026-01-23 03:00:00+00:00,93.92828
2026-01-23 04:00:00+00:00,98.94858
2026-01-23 05:00:00+00:00,111.58139
2026-01-23 06:00:00+00:00,125.652985
2026-01-23 07:00:00+00:00,126.23001
2026-01-23 08:00:00+00:00,113.272865
2026-01-23 09:00:00+00:00,102.715836
2026-01-23 10:00:00+00:00,96.430786
2026-01-23 11:00:00+00:00,93.975235
2026-01-23 12:00:00+00:00,93.96988
2026-01-23 13:00:00+00:00,99.04922
2026-01-23 14:00:00+00:00,106.970726
2026-01-23 15:00:00+00:00,118.09911
2026-01-23 16:00:00+00:00,125.33155
2026-01-23 17:00:00+00:00,123.772415
2026-01-23 18:00:00+00:00,115.64981
2026-01-23 19:00:00+00:00,107.22745
2026-01-23 20:00:00+00:00,101.023636
2026-01-23 21:00:00+00:00,98.37259
2026-01-23 22:00:00+00:00,95.313446
2026-01-23 23:00:00+00:00,94.23354
2026-01-24 00:00:00+00:00,96.60788
2026-01-24 01:00:00+00:00,94.76145
2026-01-24 02:00:00+00:00,94.12894
2026-01-24 03:00:00+00:00,95.48181
2026-01-24 04:00:00+00:00,97.38688
2026-01-24 05:00:00+00:00,102.35779
2026-01-24 06:00:00+00:00,112.875694
2026-01-24 07:00:00+00:00,119.134895
2026-01-24 08:00:00+00:00,117.27117
2026-01-24 09:00:00+00:00,113.44104
2026-01-24 10:00:00+00:00,110.10248
2026-01-24 11:00:00+00:00,107.36468
2026-01-24 12:00:00+00:00,104.976524
2026-01-24 13:00:00+00:00,109.84394
2026-01-24 14:00:00+00:00,117.79091
2026-01-24 15:00:00+00:00,129.52649
2026-01-24 16:00:00+00:00,141.09929
2026-01-24 17:00:00+00:00,139.9095
2026-01-24 18:00:00+00:00,130.06046
2026-01-24 19:00:00+00:00,120.885254
2026-01-24 20:00:00+00:00,114.82129
2026-01-24 21:00:00+00:00,112.31242
2026-01-24 22:00:00+00:00,109.79033
2026-01-24 23:00:00+00:00,107.04727
2026-01-25 00:00:00+00:00,101.529434
2026-01-25 01:00:00+00:00,98.08847
2026-01-25 02:00:00+00:00,95.87529
2026-01-25 03:00:00+00:00,95.548416
2026-01-25 04:00:00+00:00,96.549194
2026-01-25 05:00:00+00:00,100.900246
2026-01-25 06:00:00+00:00,108.5404
2026-01-25 07:00:00+00:00,114.94971
2026-01-25 08:00:00+00:00,115.07476
2026-01-25 09:00:00+00:00,113.8125
2026-01-25 10:00:00+00:00,112.86958
2026-01-25 11:00:00+00:00,109.9258
2026-01-25 12:00:00+00:00,107.43409
2026-01-25 13:00:00+00:00,109.74163
2026-01-25 14:00:00+00:00,114.386795
2026-01-25 15:00:00+00:00,124.0376
2026-01-25 16:00:00+00:00,132.99982
2026-01-25 17:00:00+00:00,132.93683
2026-01-25 18:00:00+00:00,124.90083
2026-01-25 19:00:00+00:00,117.31192
2026-01-25 20:00:00+00:00,112.05316
2026-01-25 21:00:00+00:00,108.085754
2026-01-25 22:00:00+00:00,103.393585
2026-01-25 23:00:00+00:00,100.50862
2026-01-26 00:00:00+00:00,101.32027
2026-01-26 01:00:00+00:00,98.71779
2026-01-26 02:00:00+00:00,96.98028
2026-01-26 03:00:00+00:00,100.229485
2026-01-26 04:00:00+00:00,113.370575
2026-01-26 05:00:00+00:00,134.77206
2026-01-26 06:00:00+00:00,151.98709
2026-01-26 07:00:00+00:00,155.78297
2026-01-26 08:00:00+00:00,148.19135
2026-01-26 09:00:00+00:00,141.97191
2026-01-26 10:00:00+00:00,139.1185
2026-01-26 11:00:00+00:00,137.49368
2026-01-26 12:00:00+00:00,137.882
2026-01-26 13:00:00+00:00,139.479
2026-01-26 14:00:00+00:00,143.50021
2026-01-26 15:00:00+00:00,148.80377
2026-01-26 16:00:00+00:00,156.18942
2026-01-26 17:00:00+00:00,160.466
2026-01-26 18:00:00+00:00,151.9242
2026-01-26 19:00:00+00:00,136.42366
2026-01-26 20:00:00+00:00,128.02094
2026-01-26 21:00:00+00:00,121.98361
2026-01-26 22:00:00+00:00,114.8568
2026-01-26 23:00:00+00:00,113.39147
2026-01-27 00:00:00+00:00,117.377396
2026-01-27 01:00:00+00:00,113.965775
2026-01-27 02:00:00+00:00,111.30891
2026-01-27 03:00:00+00:00,112.447296
2026-01-27 04:00:00+00:00,121.23694
2026-01-27 05:00:00+00:00,141.92717
2026-01-27 06:00:00+00:00,166.0253
2026-01-27 07:00:00+00:00,178.31757
2026-01-27 08:00:00+00:00,170.88353
2026-01-27 09:00:00+00:00,162.65909
2026-01-27 10:00:00+00:00,157.67975
2026-01-27 11:00:00+00:00,153.00925
2026-01-27 12:00:00+00:00,149.62277
2026-01-27 13:00:00+00:00,149.38571
2026-01-27 14:00:00+00:00,151.03783
2026-01-27 15:00:00+00:00,158.01141
2026-01-27 16:00:00+00:00,164.05145
2026-01-27 17:00:00+00:00,159.84967
2026-01-27 18:00:00+00:00,148.45969
2026-01-27 19:00:00+00:00,136.67953
2026-01-27 20:00:00+00:00,126.91061
2026-01-27 21:00:00+00:00,120.06307
2026-01-27 22:00:00+00:00,113.16475
2026-01-27 23:00:00+00:00,111.52762
2026-01-28 00:00:00+00:00,104.67825
2026-01-28 01:00:00+00:00,102.08017
2026-01-28 02:00:00+00:00,99.91358
2026-01-28 03:00:00+00:00,101.69764
2026-01-28 04:00:00+00:00,109.28934
2026-01-28 05:00:00+00:00,126.82761
2026-01-28 06:00:00+00:00,146.42966
2026-01-28 07:00:00+00:00,153.56764
2026-01-28 08:00:00+00:00,144.05208
2026-01-28 09:00:00+00:00,135.37514
2026-01-28 10:00:00+00:00,130.29544
2026-01-28 11:00:00+00:00,127.17888
2026-01-28 12:00:00+00:00,125.41568
2026-01-28 13:00:00+00:00,127.17241
2026-01-28 14:00:00+00:00,129.99783
2026-01-28 15:00:00+00:00,136.4974
2026-01-28 16:00:00+00:00,142.9367
2026-01-28 17:00:00+00:00,142.4068
2026-01-28 18:00:00+00:00,132.58868
2026-01-28 19:00:00+00:00,122.480545
2026-01-28 20:00:00+00:00,116.053566
2026-01-28 21:00:00+00:00,111.9139
2026-01-28 22:00:00+00:00,106.40286
2026-01-28 23:00:00+00:00,104.33088
2026-01-29 00:00:00+00:00,105.05293
2026-01-29 01:00:00+00:00,102.15278
2026-01-29 02:00:00+00:00,99.99979
2026-01-29 03:00:00+00:00,102.55333
2026-01-29 04:00:00+00:00,112.61312
2026-01-29 05:00:00+00:00,132.3176
2026-01-29 06:00:00+00:00,154.66527
2026-01-29 07:00:00+00:00,166.82889
2026-01-29 08:00:00+00:00,162.70403
2026-01-29 09:00:00+00:00,157.07738
2026-01-29 10:00:00+00:00,154.03015
2026-01-29 11:00:00+00:00,151.53693
2026-01-29 12:00:00+00:00,148.9659
2026-01-29 13:00:00+00:00,148.92198
2026-01-29 14:00:00+00:00,150.56482
2026-01-29 15:00:00+00:00,156.74481
2026-01-29 16:00:00+00:00,162.82278
2026-01-29 17:00:00+00:00,160.38814
2026-01-29 18:00:00+00:00,149.24344
2026-01-29 19:00:00+00:00,135.29216
2026-01-29 20:00:00+00:00,124.98855
2026-01-29 21:00:00+00:00,117.48933
2026-01-29 22:00:00+00:00,109.97618
2026-01-29 23:00:00+00:00,107.62564
2026-01-30 00:00:00+00:00,104.34713
2026-01-30 01:00:00+00:00,101.2644
2026-01-30 02:00:00+00:00,98.84552
2026-01-30 03:00:00+00:00,100.4267
2026-01-30 04:00:00+00:00,107.86159
2026-01-30 05:00:00+00:00,124.66754
2026-01-30 06:00:00+00:00,144.04504
2026-01-30 07:00:00+00:00,152.13107
2026-01-30 08:00:00+00:00,145.34055
2026-01-30 09:00:00+00:00,138.10518
2026-01-30 10:00:00+00:00,133.93304
2026-01-30 11:00:00+00:00,130.85074
2026-01-30 12:00:00+00:00,129.06818
2026-01-30 13:00:00+00:00,130.09393
2026-01-30 14:00:00+00:00,131.72098
2026-01-30 15:00:00+00:00,137.29544
2026-01-30 16:00:00+00:00,141.78159
2026-01-30 17:00:00+00:00,138.38226
2026-01-30 18:00:00+00:00,128.99915
2026-01-30 19:00:00+00:00,118.3117
2026-01-30 20:00:00+00:00,110.060715
2026-01-30 21:00:00+00:00,105.20511
2026-01-30 22:00:00+00:00,99.78697
2026-01-30 23:00:00+00:00,98.58292
2026-01-31 00:00:00+00:00,91.728455
2026-01-31 01:00:00+00:00,89.17143
2026-01-31 02:00:00+00:00,87.445045
2026-01-31 03:00:00+00:00,87.46309
2026-01-31 04:00:00+00:00,87.66443
2026-01-31 05:00:00+00:00,90.67353
2026-01-31 06:00:00+00:00,99.77455
2026-01-31 07:00:00+00:00,107.574234
2026-01-31 08:00:00+00:00,108.73462
2026-01-31 09:00:00+00:00,107.147156
2026-01-31 10:00:00+00:00,105.49592
2026-01-31 11:00:00+00:00,103.54595
2026-01-31 12:00:00+00:00,100.57937
2026-01-31 13:00:00+00:00,102.034
2026-01-31 14:00:00+00:00,104.988686
2026-01-31 15:00:00+00:00,112.23062
2026-01-31 16:00:00+00:00,121.24916
2026-01-31 17:00:00+00:00,121.54084
2026-01-31 18:00:00+00:00,115.20069
2026-01-31 19:00:00+00:00,108.83927
2026-01-31 20:00:00+00:00,104.4491
2026-01-31 21:00:00+00:00,102.318115
2026-01-31 22:00:00+00:00,99.58838
2026-01-31 23:00:00+00:00,97.050674
2026-02-01 00:00:00+00:00,95.173325
2026-02-01 01:00:00+00:00,91.848885
2026-02-01 02:00:00+00:00,89.68595
2026-02-01 03:00:00+00:00,89.71907
2026-02-01 04:00:00+00:00,91.43315
2026-02-01 05:00:00+00:00,95.51953
2026-02-01 06:00:00+00:00,102.58975
2026-02-01 07:00:00+00:00,108.71893
2026-02-01 08:00:00+00:00,109.82922
2026-02-01 09:00:00+00:00,109.6516
2026-02-01 10:00:00+00:00,109.23833
2026-02-01 11:00:00+00:00,107.3738
2026-02-01 12:00:00+00:00,105.13043
2026-02-01 13:00:00+00:00,106.00857
2026-02-01 14:00:00+00:00,108.72382
2026-02-01 15:00:00+00:00,116.66343
2026-02-01 16:00:00+00:00,126.0659
2026-02-01 17:00:00+00:00,127.708176
2026-02-01 18:00:00+00:00,121.68062
2026-02-01 19:00:00+00:00,113.425316
2026-02-01 20:00:00+00:00,107.05195
2026-02-01 21:00:00+00:00,102.090614
2026-02-01 22:00:00+00:00,96.265144
2026-02-01 23:00:00+00:00,92.27372
2026-02-02 00:00:00+00:00,97.530045
2026-02-02 01:00:00+00:00,94.803764
2026-02-02 02:00:00+00:00,93.19696
2026-02-02 03:00:00+00:00,97.49528
2026-02-02 04:00:00+00:00,109.805145
2026-02-02 05:00:00+00:00,128.50053
2026-02-02 06:00:00+00:00,143.38245
2026-02-02 07:00:00+00:00,143.9933
2026-02-02 08:00:00+00:00,132.65536
2026-02-02 09:00:00+00:00,122.718895
2026-02-02 10:00:00+00:00,117.76448
2026-02-02 11:00:00+00:00,114.146324
2026-02-02 12:00:00+00:00,113.38878
2026-02-02 13:00:00+00:00,115.32706
2026-02-02 14:00:00+00:00,119.81771
2026-02-02 15:00:00+00:00,127.30085
2026-02-02 16:00:00+00:00,137.73956
2026-02-02 17:00:00+00:00,142.2407
2026-02-02 18:00:00+00:00,133.38124
2026-02-02 19:00:00+00:00,119.159004
2026-02-02 20:00:00+00:00,110.687744
2026-02-02 21:00:00+00:00,104.55067
2026-02-02 22:00:00+00:00,97.46195
2026-02-02 23:00:00+00:00,94.55122
2026-02-03 00:00:00+00:00,87.82427
2026-02-03 01:00:00+00:00,85.78349
2026-02-03 02:00:00+00:00,84.465614
2026-02-03 03:00:00+00:00,86.267395
2026-02-03 04:00:00+00:00,91.147766
2026-02-03 05:00:00+00:00,102.45418
2026-02-03 06:00:00+00:00,115.17313
2026-02-03 07:00:00+00:00,119.15282
2026-02-03 08:00:00+00:00,111.255974
2026-02-03 09:00:00+00:00,104.43411
2026-02-03 10:00:00+00:00,100.12083
2026-02-03 11:00:00+00:00,97.71855
2026-02-03 12:00:00+00:00,96.64111
2026-02-03 13:00:00+00:00,98.65306
2026-02-03 14:00:00+00:00,102.24988
2026-02-03 15:00:00+00:00,109.467445
2026-02-03 16:00:00+00:00,117.25662
2026-02-03 17:00:00+00:00,118.165535
2026-02-03 18:00:00+00:00,111.97195
2026-02-03 19:00:00+00:00,105.28112
2026-02-03 20:00:00+00:00,99.34634
2026-02-03 21:00:00+00:00,96.222435
2026-02-03 22:00:00+00:00,92.99708
2026-02-03 23:00:00+00:00,91.425964
2026-02-04 00:00:00+00:00,93.34842
2026-02-04 01:00:00+00:00,91.701004
2026-02-04 02:00:00+00:00,90.57853
2026-02-04 03:00:00+00:00,93.40831
2026-02-04 04:00:00+00:00,101.666336
2026-02-04 05:00:00+00:00,116.861946
2026-02-04 06:00:00+00:00,131.86908
2026-02-04 07:00:00+00:00,133.68369
2026-02-04 08:00:00+00:00,122.791466
2026-02-04 09:00:00+00:00,113.75595
2026-02-04 10:00:00+00:00,108.52053
2026-02-04 11:00:00+00:00,106.57991
2026-02-04 12:00:00+00:00,107.12058
2026-02-04 13:00:00+00:00,111.116135
2026-02-04 14:00:00+00:00,116.98055
2026-02-04 15:00:00+00:00,125.8272
2026-02-04 16:00:00+00:00,133.13979
2026-02-04 17:00:00+00:00,133.15092
2026-02-04 18:00:00+00:00,124.20766
2026-02-04 19:00:00+00:00,112.06356
2026-02-04 20:00:00+00:00,103.70904
2026-02-04 21:00:00+00:00,99.619446
2026-02-04 22:00:00+00:00,95.15409
2026-02-04 23:00:00+00:00,93.414795
2026-02-05 00:00:00+00:00,89.98475
2026-02-05 01:00:00+00:00,88.56485
2026-02-05 02:00:00+00:00,87.789055
2026-02-05 03:00:00+00:00,89.92491
2026-02-05 04:00:00+00:00,95.93126
2026-02-05 05:00:00+00:00,109.16235
2026-02-05 06:00:00+00:00,123.34033
2026-02-05 07:00:00+00:00,127.17445
2026-02-05 08:00:00+00:00,118.67882
2026-02-05 09:00:00+00:00,111.30534
2026-02-05 10:00:00+00:00,106.67891
2026-02-05 11:00:00+00:00,104.556885
2026-02-05 12:00:00+00:00,104.02377
2026-02-05 13:00:00+00:00,107.04787
2026-02-05 14:00:00+00:00,112.339905
2026-02-05 15:00:00+00:00,121.27227
2026-02-05 16:00:00+00:00,129.3059
2026-02-05 17:00:00+00:00,129.88565
2026-02-05 18:00:00+00:00,120.953575
2026-02-05 19:00:00+00:00,110.8796
2026-02-05 20:00:00+00:00,104.46296
2026-02-05 21:00:00+00:00,102.04062
2026-02-05 22:00:00+00:00,98.51315
2026-02-05 23:00:00+00:00,97.475914
2026-02-06 00:00:00+00:00,99.03139
2026-02-06 01:00:00+00:00,96.791466
2026-02-06 02:00:00+00:00,95.6774
2026-02-06 03:00:00+00:00,98.03506
2026-02-06 04:00:00+00:00,106.85071
2026-02-06 05:00:00+00:00,124.32783
2026-02-06 06:00:00+00:00,142.10303
2026-02-06 07:00:00+00:00,148.31802
2026-02-06 08:00:00+00:00,140.79759
2026-02-06 09:00:00+00:00,133.81659
2026-02-06 10:00:00+00:00,129.95901
2026-02-06 11:00:00+00:00,128.32205
2026-02-06 12:00:00+00:00,127.797615
2026-02-06 13:00:00+00:00,129.65964
2026-02-06 14:00:00+00:00,133.72508
2026-02-06 15:00:00+00:00,140.76059
2026-02-06 16:00:00+00:00,146.70378
2026-02-06 17:00:00+00:00,144.99402
2026-02-06 18:00:00+00:00,133.7426
2026-02-06 19:00:00+00:00,121.31729
2026-02-06 20:00:00+00:00,113.46195
2026-02-06 21:00:00+00:00,109.006195
2026-02-06 22:00:00+00:00,103.760864
2026-02-06 23:00:00+00:00,102.640465
2026-02-07 00:00:00+00:00,101.86991
2026-02-07 01:00:00+00:00,99.82627
2026-02-07 02:00:00+00:00,99.09281
2026-02-07 03:00:00+00:00,101.12106
2026-02-07 04:00:00+00:00,103.239395
2026-02-07 05:00:00+00:00,106.22288
2026-02-07 06:00:00+00:00,113.5339
2026-02-07 07:00:00+00:00,121.84078
2026-02-07 08:00:00+00:00,124.59935
2026-02-07 09:00:00+00:00,123.40489
2026-02-07 10:00:00+00:00,122.631165
2026-02-07 11:00:00+00:00,120.732086
2026-02-07 12:00:00+00:00,117.96215
2026-02-07 13:00:00+00:00,119.38106
2026-02-07 14:00:00+00:00,121.598694
2026-02-07 15:00:00+00:00,126.88428
2026-02-07 16:00:00+00:00,133.70645
2026-02-07 17:00:00+00:00,133.32971
2026-02-07 18:00:00+00:00,124.93672
2026-02-07 19:00:00+00:00,116.433586
2026-02-07 20:00:00+00:00,111.28448
2026-02-07 21:00:00+00:00,109.45355
2026-02-07 22:00:00+00:00,107.10895
2026-02-07 23:00:00+00:00,104.98584
2026-02-08 00:00:00+00:00,99.49466
2026-02-08 01:00:00+00:00,96.37181
2026-02-08 02:00:00+00:00,94.482346
2026-02-08 03:00:00+00:00,94.0122
2026-02-08 04:00:00+00:00,93.26639
2026-02-08 05:00:00+00:00,94.813095
2026-02-08 06:00:00+00:00,100.04572
2026-02-08 07:00:00+00:00,104.51793
2026-02-08 08:00:00+00:00,103.330475
2026-02-08 09:00:00+00:00,100.86664
2026-02-08 10:00:00+00:00,98.542725
2026-02-08 11:00:00+00:00,95.919426
2026-02-08 12:00:00+00:00,93.55716
2026-02-08 13:00:00+00:00,96.91045
2026-02-08 14:00:00+00:00,101.881836
2026-02-08 15:00:00+00:00,111.22893
2026-02-08 16:00:00+00:00,121.93108
2026-02-08 17:00:00+00:00,125.44908
2026-02-08 18:00:00+00:00,119.93059
2026-02-08 19:00:00+00:00,113.84462
2026-02-08 20:00:00+00:00,109.77139
2026-02-08 21:00:00+00:00,107.16208
2026-02-08 22:00:00+00:00,103.93546
2026-02-08 23:00:00+00:00,101.6144
2026-02-09 00:00:00+00:00,96.51027
2026-02-09 01:00:00+00:00,94.764694
2026-02-09 02:00:00+00:00,94.375595
2026-02-09 03:00:00+00:00,99.072945
2026-02-09 04:00:00+00:00,112.40222
2026-02-09 05:00:00+00:00,135.42828
2026-02-09 06:00:00+00:00,154.18011
2026-02-09 07:00:00+00:00,156.79227
2026-02-09 08:00:00+00:00,145.63803
2026-02-09 09:00:00+00:00,136.4185
2026-02-09 10:00:00+00:00,131.541
2026-02-09 11:00:00+00:00,129.37802
2026-02-09 12:00:00+00:00,130.00621
2026-02-09 13:00:00+00:00,133.03958
2026-02-09 14:00:00+00:00,139.35837
2026-02-09 15:00:00+00:00,148.56104
2026-02-09 16:00:00+00:00,159.05418
2026-02-09 17:00:00+00:00,163.01898
2026-02-09 18:00:00+00:00,150.32254
2026-02-09 19:00:00+00:00,131.6694
2026-02-09 20:00:00+00:00,121.5245
2026-02-09 21:00:00+00:00,115.776276
2026-02-09 22:00:00+00:00,109.68138
2026-02-09 23:00:00+00:00,108.193436
2026-02-10 00:00:00+00:00,106.87744
2026-02-10 01:00:00+00:00,103.193275
2026-02-10 02:00:00+00:00,100.957146
2026-02-10 03:00:00+00:00,103.17076
2026-02-10 04:00:00+00:00,113.72011
2026-02-10 05:00:00+00:00,135.31316
2026-02-10 06:00:00+00:00,156.97862
2026-02-10 07:00:00+00:00,161.9067
2026-02-10 08:00:00+00:00,148.23534
2026-02-10 09:00:00+00:00,136.36108
2026-02-10 10:00:00+00:00,129.1639
2026-02-10 11:00:00+00:00,125.05934
2026-02-10 12:00:00+00:00,123.72345
2026-02-10 13:00:00+00:00,126.88439
2026-02-10 14:00:00+00:00,134.31183
2026-02-10 15:00:00+00:00,149.39201
2026-02-10 16:00:00+00:00,159.7404
2026-02-10 17:00:00+00:00,153.59932
2026-02-10 18:00:00+00:00,137.94781
2026-02-10 19:00:00+00:00,125.65579
2026-02-10 20:00:00+00:00,117.17837
2026-02-10 21:00:00+00:00,111.08597
2026-02-10 22:00:00+00:00,104.315475
2026-02-10 23:00:00+00:00,101.96135
2026-02-11 00:00:00+00:00,97.81022
2026-02-11 01:00:00+00:00,95.45374
2026-02-11 02:00:00+00:00,93.953476
2026-02-11 03:00:00+00:00,96.22632
2026-02-11 04:00:00+00:00,101.88593
2026-02-11 05:00:00+00:00,113.61494
2026-02-11 06:00:00+00:00,127.20836
2026-02-11 07:00:00+00:00,132.17952
2026-02-11 08:00:00+00:00,125.11568
2026-02-11 09:00:00+00:00,118.778015
2026-02-11 10:00:00+00:00,114.930984
2026-02-11 11:00:00+00:00,113.094765
2026-02-11 12:00:00+00:00,111.89395
2026-02-11 13:00:00+00:00,114.210556
2026-02-11 14:00:00+00:00,117.342896
2026-02-11 15:00:00+00:00,123.80528
2026-02-11 16:00:00+00:00,129.54588
2026-02-11 17:00:00+00:00,127.827255
2026-02-11 18:00:00+00:00,118.37082
2026-02-11 19:00:00+00:00,109.14208
2026-02-11 20:00:00+00:00,103.78916
2026-02-11 21:00:00+00:00,101.2245
2026-02-11 22:00:00+00:00,96.901886
2026-02-11 23:00:00+00:00,94.97629
2026-02-12 00:00:00+00:00,88.273186
2026-02-12 01:00:00+00:00,86.23356
2026-02-12 02:00:00+00:00,84.94148
2026-02-12 03:00:00+00:00,87.481155
2026-02-12 04:00:00+00:00,94.90234
2026-02-12 05:00:00+00:00,108.02783
2026-02-12 06:00:00+00:00,121.48581
2026-02-12 07:00:00+00:00,126.190834
2026-02-12 08:00:00+00:00,119.84319
2026-02-12 09:00:00+00:00,114.23656
2026-02-12 10:00:00+00:00,110.86373
2026-02-12 11:00:00+00:00,108.72721
2026-02-12 12:00:00+00:00,107.58772
2026-02-12 13:00:00+00:00,109.101974
2026-02-12 14:00:00+00:00,111.601944
2026-02-12 15:00:00+00:00,117.11127
2026-02-12 16:00:00+00:00,122.58513
2026-02-12 17:00:00+00:00,121.25853
2026-02-12 18:00:00+00:00,113.11128
2026-02-12 19:00:00+00:00,104.72051
2026-02-12 20:00:00+00:00,98.96658
2026-02-12 21:00:00+00:00,95.197556
2026-02-12 22:00:00+00:00,89.86747
2026-02-12 23:00:00+00:00,87.08738
2026-02-13 00:00:00+00:00,83.31476
2026-02-13 01:00:00+00:00,81.730705
2026-02-13 02:00:00+00:00,80.58772
2026-02-13 03:00:00+00:00,83.19727
2026-02-13 04:00:00+00:00,91.876305
2026-02-13 05:00:00+00:00,107.936554
2026-02-13 06:00:00+00:00,123.7021
2026-02-13 07:00:00+00:00,127.230255
2026-02-13 08:00:00+00:00,118.77199
2026-02-13 09:00:00+00:00,111.23343
2026-02-13 10:00:00+00:00,107.26274
2026-02-13 11:00:00+00:00,106.37483
2026-02-13 12:00:00+00:00,107.20219
2026-02-13 13:00:00+00:00,110.21997
2026-02-13 14:00:00+00:00,115.737976
2026-02-13 15:00:00+00:00,124.66675
2026-02-13 16:00:00+00:00,134.43
2026-02-13 17:00:00+00:00,138.58054
2026-02-13 18:00:00+00:00,130.64525
2026-02-13 19:00:00+00:00,117.377495
2026-02-13 20:00:00+00:00,109.55678
2026-02-13 21:00:00+00:00,104.95712
2026-02-13 22:00:00+00:00,99.848854
2026-02-13 23:00:00+00:00,97.65952
2026-02-14 00:00:00+00:00,92.46392
2026-02-14 01:00:00+00:00,90.286575
2026-02-14 02:00:00+00:00,89.36025
2026-02-14 03:00:00+00:00,90.20718
2026-02-14 04:00:00+00:00,93.06243
2026-02-14 05:00:00+00:00,99.22004
2026-02-14 06:00:00+00:00,106.72211
2026-02-14 07:00:00+00:00,111.18112
2026-02-14 08:00:00+00:00,109.9762
2026-02-14 09:00:00+00:00,106.430176
2026-02-14 10:00:00+00:00,104.44134
2026-02-14 11:00:00+00:00,102.7437
2026-02-14 12:00:00+00:00,100.2504
2026-02-14 13:00:00+00:00,103.732925
2026-02-14 14:00:00+00:00,109.5519
2026-02-14 15:00:00+00:00,118.770584
2026-02-14 16:00:00+00:00,130.06503
2026-02-14 17:00:00+00:00,133.16026
2026-02-14 18:00:00+00:00,128.29039
2026-02-14 19:00:00+00:00,121.50762
2026-02-14 20:00:00+00:00,115.61681
2026-02-14 21:00:00+00:00,113.537445
2026-02-14 22:00:00+00:00,111.77865
2026-02-14 23:00:00+00:00,109.302246
2026-02-15 00:00:00+00:00,99.74216
2026-02-15 01:00:00+00:00,96.40971
2026-02-15 02:00:00+00:00,95.11209
2026-02-15 03:00:00+00:00,94.094955
2026-02-15 04:00:00+00:00,94.232346
2026-02-15 05:00:00+00:00,97.610535
2026-02-15 06:00:00+00:00,103.68686
2026-02-15 07:00:00+00:00,105.744545
2026-02-15 08:00:00+00:00,99.643166
2026-02-15 09:00:00+00:00,92.86671
2026-02-15 10:00:00+00:00,88.68751
2026-02-15 11:00:00+00:00,84.76481
2026-02-15 12:00:00+00:00,82.10704
2026-02-15 13:00:00+00:00,83.88638
2026-02-15 14:00:00+00:00,88.188835
2026-02-15 15:00:00+00:00,97.73708
2026-02-15 16:00:00+00:00,104.03375
2026-02-15 17:00:00+00:00,100.99541
2026-02-15 18:00:00+00:00,95.192764
2026-02-15 19:00:00+00:00,90.354935
2026-02-15 20:00:00+00:00,86.0818
2026-02-15 21:00:00+00:00,81.88489
2026-02-15 22:00:00+00:00,77.87606
2026-02-15 23:00:00+00:00,75.82224
2026-02-16 00:00:00+00:00,65.54045
2026-02-16 01:00:00+00:00,63.98917
2026-02-16 02:00:00+00:00,63.15683
2026-02-16 03:00:00+00:00,65.953636
2026-02-16 04:00:00+00:00,73.49637
2026-02-16 05:00:00+00:00,86.985794
2026-02-16 06:00:00+00:00,99.58086
2026-02-16 07:00:00+00:00,103.32518
2026-02-16 08:00:00+00:00,95.986465
2026-02-16 09:00:00+00:00,89.87749
2026-02-16 10:00:00+00:00,86.98334
2026-02-16 11:00:00+00:00,85.81535
2026-02-16 12:00:00+00:00,89.315544
2026-02-16 13:00:00+00:00,94.67442
2026-02-16 14:00:00+00:00,103.15886
2026-02-16 15:00:00+00:00,115.03162
2026-02-16 16:00:00+00:00,125.962616
2026-02-16 17:00:00+00:00,130.05014
2026-02-16 18:00:00+00:00,120.75175
2026-02-16 19:00:00+00:00,106.07968
2026-02-16 20:00:00+00:00,98.359726
2026-02-16 21:00:00+00:00,92.96066
2026-02-16 22:00:00+00:00,87.960815
2026-02-16 23:00:00+00:00,85.18089
2026-02-17 00:00:00+00:00,83.924904
2026-02-17 01:00:00+00:00,81.75189
2026-02-17 02:00:00+00:00,81.20538
2026-02-17 03:00:00+00:00,84.5874
2026-02-17 04:00:00+00:00,94.61144
2026-02-17 05:00:00+00:00,110.79735
2026-02-17 06:00:00+00:00,125.05532
2026-02-17 07:00:00+00:00,126.72707
2026-02-17 08:00:00+00:00,116.20233
2026-02-17 09:00:00+00:00,107.459236
2026-02-17 10:00:00+00:00,102.06769
2026-02-17 11:00:00+00:00,99.563866
2026-02-17 12:00:00+00:00,99.15702
2026-02-17 13:00:00+00:00,102.14972
2026-02-17 14:00:00+00:00,107.781845
2026-02-17 15:00:00+00:00,116.90793
2026-02-17 16:00:00+00:00,125.070694
2026-02-17 17:00:00+00:00,125.18174
2026-02-17 18:00:00+00:00,116.66046
2026-02-17 19:00:00+00:00,105.940315
2026-02-17 20:00:00+00:00,98.40546
2026-02-17 21:00:00+00:00,93.91727
2026-02-17 22:00:00+00:00,88.891495
2026-02-17 23:00:00+00:00,86.311195
2026-02-18 00:00:00+00:00,95.4784
2026-02-18 01:00:00+00:00,94.476555
2026-02-18 02:00:00+00:00,94.12579
2026-02-18 03:00:00+00:00,97.07816
2026-02-18 04:00:00+00:00,105.748
2026-02-18 05:00:00+00:00,120.40184
2026-02-18 06:00:00+00:00,133.95715
2026-02-18 07:00:00+00:00,134.85367
2026-02-18 08:00:00+00:00,122.63313
2026-02-18 09:00:00+00:00,112.70241
2026-02-18 10:00:00+00:00,106.89115
2026-02-18 11:00:00+00:00,103.53144
2026-02-18 12:00:00+00:00,101.40994
2026-02-18 13:00:00+00:00,102.93742
2026-02-18 14:00:00+00:00,107.93688
2026-02-18 15:00:00+00:00,117.772736
2026-02-18 16:00:00+00:00,128.09981
2026-02-18 17:00:00+00:00,131.67651
2026-02-18 18:00:00+00:00,123.36288
2026-02-18 19:00:00+00:00,109.73891
2026-02-18 20:00:00+00:00,100.283066
2026-02-18 21:00:00+00:00,95.9665
2026-02-18 22:00:00+00:00,91.52683
2026-02-18 23:00:00+00:00,89.77494
2026-02-19 00:00:00+00:00,82.29117
2026-02-19 01:00:00+00:00,79.59359
2026-02-19 02:00:00+00:00,77.932236
2026-02-19 03:00:00+00:00,79.566086
2026-02-19 04:00:00+00:00,85.33009
2026-02-19 05:00:00+00:00,100.4164
2026-02-19 06:00:00+00:00,115.44549
2026-02-19 07:00:00+00:00,116.274155
2026-02-19 08:00:00+00:00,102.60665
2026-02-19 09:00:00+00:00,91.936676
2026-02-19 10:00:00+00:00,84.94926
2026-02-19 11:00:00+00:00,80.84462
2026-02-19 12:00:00+00:00,80.64709
2026-02-19 13:00:00+00:00,84.6379
2026-02-19 14:00:00+00:00,91.02277
2026-02-19 15:00:00+00:00,102.83973
2026-02-19 16:00:00+00:00,114.08539
2026-02-19 17:00:00+00:00,115.973045
2026-02-19 18:00:00+00:00,107.148834
2026-02-19 19:00:00+00:00,96.50072
2026-02-19 20:00:00+00:00,90.10397
2026-02-19 21:00:00+00:00,87.51048
2026-02-19 22:00:00+00:00,83.61288
2026-02-19 23:00:00+00:00,81.7672
2026-02-20 00:00:00+00:00,85.00228
2026-02-20 01:00:00+00:00,83.568954
2026-02-20 02:00:00+00:00,82.66066
2026-02-20 03:00:00+00:00,84.95231
2026-02-20 04:00:00+00:00,92.44301
2026-02-20 05:00:00+00:00,103.742516
2026-02-20 06:00:00+00:00,112.73161
2026-02-20 07:00:00+00:00,110.827286
2026-02-20 08:00:00+00:00,101.12252
2026-02-20 09:00:00+00:00,93.45518
2026-02-20 10:00:00+00:00,88.41945
2026-02-20 11:00:00+00:00,86.68237
2026-02-20 12:00:00+00:00,87.30659
2026-02-20 13:00:00+00:00,91.04054
2026-02-20 14:00:00+00:00,96.41371
2026-02-20 15:00:00+00:00,104.53355
2026-02-20 16:00:00+00:00,111.192474
2026-02-20 17:00:00+00:00,109.885025
2026-02-20 18:00:00+00:00,101.6479
2026-02-20 19:00:00+00:00,92.2668
2026-02-20 20:00:00+00:00,85.758545
2026-02-20 21:00:00+00:00,81.44793
2026-02-20 22:00:00+00:00,76.7808
2026-02-20 23:00:00+00:00,74.546005
2026-02-21 00:00:00+00:00,48.107246
2026-02-21 01:00:00+00:00,46.75964
2026-02-21 02:00:00+00:00,46.075787
2026-02-21 03:00:00+00:00,46.547653
2026-02-21 04:00:00+00:00,47.56989
2026-02-21 05:00:00+00:00,51.009045
2026-02-21 06:00:00+00:00,59.40839
2026-02-21 07:00:00+00:00,64.5075
2026-02-21 08:00:00+00:00,65.711426
2026-02-21 09:00:00+00:00,64.769775
2026-02-21 10:00:00+00:00,63.13452
2026-02-21 11:00:00+00:00,62.122784
2026-02-21 12:00:00+00:00,62.381577
2026-02-21 13:00:00+00:00,64.526825
2026-02-21 14:00:00+00:00,69.194565
2026-02-21 15:00:00+00:00,77.493744
2026-02-21 16:00:00+00:00,86.26575
2026-02-21 17:00:00+00:00,87.47464
2026-02-21 18:00:00+00:00,81.473206
2026-02-21 19:00:00+00:00,75.265465
2026-02-21 20:00:00+00:00,70.61205
2026-02-21 21:00:00+00:00,67.2032
2026-02-21 22:00:00+00:00,64.19926
2026-02-21 23:00:00+00:00,61.39966
2026-02-22 00:00:00+00:00,50.194363
2026-02-22 01:00:00+00:00,47.683956
2026-02-22 02:00:00+00:00,46.473915
2026-02-22 03:00:00+00:00,45.855934
2026-02-22 04:00:00+00:00,46.80074
2026-02-22 05:00:00+00:00,50.473957
2026-02-22 06:00:00+00:00,55.32343
2026-02-22 07:00:00+00:00,57.174297
2026-02-22 08:00:00+00:00,55.993507
2026-02-22 09:00:00+00:00,53.5343
2026-02-22 10:00:00+00:00,50.934994
2026-02-22 11:00:00+00:00,48.89261
2026-02-22 12:00:00+00:00,49.43141
2026-02-22 13:00:00+00:00,51.91971
2026-02-22 14:00:00+00:00,57.1072
2026-02-22 15:00:00+00:00,67.09227
2026-02-22 16:00:00+00:00,76.92472
2026-02-22 17:00:00+00:00,79.241264
2026-02-22 18:00:00+00:00,74.62186
2026-02-22 19:00:00+00:00,68.90908
2026-02-22 20:00:00+00:00,64.02073
2026-02-22 21:00:00+00:00,59.250607
2026-02-22 22:00:00+00:00,54.114094
2026-02-22 23:00:00+00:00,50.51366
2026-02-23 00:00:00+00:00,42.579956
2026-02-23 01:00:00+00:00,41.38262
2026-02-23 02:00:00+00:00,42.103134
2026-02-23 03:00:00+00:00,48.709137
2026-02-23 04:00:00+00:00,63.191174
2026-02-23 05:00:00+00:00,81.00452
2026-02-23 06:00:00+00:00,91.885635
2026-02-23 07:00:00+00:00,89.55261
2026-02-23 08:00:00+00:00,76.59047
2026-02-23 09:00:00+00:00,67.076515
2026-02-23 10:00:00+00:00,62.00802
2026-02-23 11:00:00+00:00,59.041733
2026-02-23 12:00:00+00:00,61.78057
2026-02-23 13:00:00+00:00,67.82068
2026-02-23 14:00:00+00:00,76.731346
2026-02-23 15:00:00+00:00,87.01877
2026-02-23 16:00:00+00:00,96.60327
2026-02-23 17:00:00+00:00,99.747284
2026-02-23 18:00:00+00:00,94.03241
2026-02-23 19:00:00+00:00,83.04617
2026-02-23 20:00:00+00:00,76.471085
2026-02-23 21:00:00+00:00,70.92299
2026-02-23 22:00:00+00:00,66.2026
2026-02-23 23:00:00+00:00,61.98562
2026-02-24 00:00:00+00:00,80.84009
2026-02-24 01:00:00+00:00,81.54988
2026-02-24 02:00:00+00:00,84.92137
2026-02-24 03:00:00+00:00,92.96434
2026-02-24 04:00:00+00:00,103.856636
2026-02-24 05:00:00+00:00,125.69103
2026-02-24 06:00:00+00:00,147.17207
2026-02-24 07:00:00+00:00,151.81403
2026-02-24 08:00:00+00:00,141.55403
2026-02-24 09:00:00+00:00,130.2787
2026-02-24 10:00:00+00:00,122.2823
2026-02-24 11:00:00+00:00,119.16197
2026-02-24 12:00:00+00:00,122.30946
2026-02-24 13:00:00+00:00,126.63027
2026-02-24 14:00:00+00:00,136.44565
2026-02-24 15:00:00+00:00,152.74338
2026-02-24 16:00:00+00:00,166.3104
2026-02-24 17:00:00+00:00,169.977
2026-02-24 18:00:00+00:00,153.41455
2026-02-24 19:00:00+00:00,134.7531
2026-02-24 20:00:00+00:00,124.780624
2026-02-24 21:00:00+00:00,120.04034
2026-02-24 22:00:00+00:00,113.711205
2026-02-24 23:00:00+00:00,110.26972
2026-02-25 00:00:00+00:00,91.9948
2026-02-25 01:00:00+00:00,89.3943
2026-02-25 02:00:00+00:00,88.89531
2026-02-25 03:00:00+00:00,93.43492
2026-02-25 04:00:00+00:00,106.745026
2026-02-25 05:00:00+00:00,125.08341
2026-02-25 06:00:00+00:00,134.86656
2026-02-25 07:00:00+00:00,127.41233
2026-02-25 08:00:00+00:00,109.355354
2026-02-25 09:00:00+00:00,94.14065
2026-02-25 10:00:00+00:00,84.11487
2026-02-25 11:00:00+00:00,77.67549
2026-02-25 12:00:00+00:00,75.08845
2026-02-25 13:00:00+00:00,77.34474
2026-02-25 14:00:00+00:00,85.50042
2026-02-25 15:00:00+00:00,104.16285
2026-02-25 16:00:00+00:00,122.340576
2026-02-25 17:00:00+00:00,124.73107
2026-02-25 18:00:00+00:00,108.43344
2026-02-25 19:00:00+00:00,93.92348
2026-02-25 20:00:00+00:00,86.89355
2026-02-25 21:00:00+00:00,83.463524
2026-02-25 22:00:00+00:00,79.62121
2026-02-25 23:00:00+00:00,77.90853
2026-02-26 00:00:00+00:00,74.99851
2026-02-26 01:00:00+00:00,73.29269
2026-02-26 02:00:00+00:00,73.56062
2026-02-26 03:00:00+00:00,77.99051
2026-02-26 04:00:00+00:00,86.87856
2026-02-26 05:00:00+00:00,98.59653
2026-02-26 06:00:00+00:00,104.97725
2026-02-26 07:00:00+00:00,96.45179
2026-02-26 08:00:00+00:00,79.53327
2026-02-26 09:00:00+00:00,66.71283
2026-02-26 10:00:00+00:00,57.810913
2026-02-26 11:00:00+00:00,53.64754
2026-02-26 12:00:00+00:00,55.41217
2026-02-26 13:00:00+00:00,62.812653
2026-02-26 14:00:00+00:00,73.81354
2026-02-26 15:00:00+00:00,90.69931
2026-02-26 16:00:00+00:00,104.601
2026-02-26 17:00:00+00:00,108.16331
2026-02-26 18:00:00+00:00,99.528915
2026-02-26 19:00:00+00:00,87.9777
2026-02-26 20:00:00+00:00,80.66442
2026-02-26 21:00:00+00:00,77.40921
2026-02-26 22:00:00+00:00,73.38516
2026-02-26 23:00:00+00:00,70.431175
2026-02-27 00:00:00+00:00,54.496655
2026-02-27 01:00:00+00:00,53.64744
2026-02-27 02:00:00+00:00,54.86047
2026-02-27 03:00:00+00:00,60.96157
2026-02-27 04:00:00+00:00,73.65285
2026-02-27 05:00:00+00:00,87.461624
2026-02-27 06:00:00+00:00,92.64985
2026-02-27 07:00:00+00:00,78.87749
2026-02-27 08:00:00+00:00,57.112457
2026-02-27 09:00:00+00:00,39.219986
2026-02-27 10:00:00+00:00,28.114672
2026-02-27 11:00:00+00:00,23.271746
2026-02-27 12:00:00+00:00,27.748632
2026-02-27 13:00:00+00:00,41.411537
2026-02-27 14:00:00+00:00,61.9914
2026-02-27 15:00:00+00:00,89.33204
2026-02-27 16:00:00+00:00,109.938835
2026-02-27 17:00:00+00:00,116.58914
2026-02-27 18:00:00+00:00,108.12973
2026-02-27 19:00:00+00:00,95.72713
2026-02-27 20:00:00+00:00,88.12647
2026-02-27 21:00:00+00:00,83.38369
2026-02-27 22:00:00+00:00,79.68854
2026-02-27 23:00:00+00:00,75.753296
2026-02-28 00:00:00+00:00,75.63611
2026-02-28 01:00:00+00:00,74.38277
2026-02-28 02:00:00+00:00,74.8353
2026-02-28 03:00:00+00:00,77.64825
2026-02-28 04:00:00+00:00,81.559296
2026-02-28 05:00:00+00:00,85.20705
2026-02-28 06:00:00+00:00,84.09836
2026-02-28 07:00:00+00:00,69.93461
2026-02-28 08:00:00+00:00,50.31042
2026-02-28 09:00:00+00:00,34.124325
2026-02-28 10:00:00+00:00,22.633327
2026-02-28 11:00:00+00:00,16.611021
2026-02-28 12:00:00+00:00,18.580757
2026-02-28 13:00:00+00:00,31.099146
2026-02-28 14:00:00+00:00,51.562572
2026-02-28 15:00:00+00:00,78.10968
2026-02-28 16:00:00+00:00,93.56817
2026-02-28 17:00:00+00:00,93.70628
2026-02-28 18:00:00+00:00,87.444534
2026-02-28 19:00:00+00:00,80.98304
2026-02-28 20:00:00+00:00,75.180664
2026-02-28 21:00:00+00:00,72.1785
2026-02-28 22:00:00+00:00,67.479515
2026-02-28 23:00:00+00:00,64.19881
2026-03-01 00:00:00+00:00,47.841267
2026-03-01 01:00:00+00:00,47.832153
2026-03-01 02:00:00+00:00,48.968086
2026-03-01 03:00:00+00:00,52.375496
2026-03-01 04:00:00+00:00,58.946426
2026-03-01 05:00:00+00:00,67.21382
2026-03-01 06:00:00+00:00,71.41168
2026-03-01 07:00:00+00:00,62.960716
2026-03-01 08:00:00+00:00,48.30202
2026-03-01 09:00:00+00:00,37.585957
2026-03-01 10:00:00+00:00,29.632929
2026-03-01 11:00:00+00:00,25.382915
2026-03-01 12:00:00+00:00,28.875345
2026-03-01 13:00:00+00:00,41.400833
2026-03-01 14:00:00+00:00,63.052315
2026-03-01 15:00:00+00:00,92.41357
2026-03-01 16:00:00+00:00,117.57396
2026-03-01 17:00:00+00:00,125.14097
2026-03-01 18:00:00+00:00,114.400955
2026-03-01 19:00:00+00:00,100.21748
2026-03-01 20:00:00+00:00,90.35547
2026-03-01 21:00:00+00:00,83.38133
2026-03-01 22:00:00+00:00,77.77894
2026-03-01 23:00:00+00:00,73.14894
2026-03-02 00:00:00+00:00,64.7556
2026-03-02 01:00:00+00:00,65.18699
2026-03-02 02:00:00+00:00,67.25955
2026-03-02 03:00:00+00:00,76.96537
2026-03-02 04:00:00+00:00,95.26076
2026-03-02 05:00:00+00:00,115.73245
2026-03-02 06:00:00+00:00,122.557335
2026-03-02 07:00:00+00:00,107.60261
2026-03-02 08:00:00+00:00,83.61815
2026-03-02 09:00:00+00:00,65.78218
2026-03-02 10:00:00+00:00,56.75071
2026-03-02 11:00:00+00:00,53.351685
2026-03-02 12:00:00+00:00,56.735474
2026-03-02 13:00:00+00:00,68.37867
2026-03-02 14:00:00+00:00,87.44487
2026-03-02 15:00:00+00:00,114.327385
2026-03-02 16:00:00+00:00,140.34772
2026-03-02 17:00:00+00:00,153.40884
2026-03-02 18:00:00+00:00,136.4539
2026-03-02 19:00:00+00:00,109.50616
2026-03-02 20:00:00+00:00,95.79452
2026-03-02 21:00:00+00:00,90.754135
2026-03-02 22:00:00+00:00,86.74571
2026-03-02 23:00:00+00:00,83.56506
2026-03-03 00:00:00+00:00,90.49326
2026-03-03 01:00:00+00:00,89.799416
2026-03-03 02:00:00+00:00,90.85763
2026-03-03 03:00:00+00:00,97.2056
2026-03-03 04:00:00+00:00,112.9778
2026-03-03 05:00:00+00:00,132.4549
2026-03-03 06:00:00+00:00,134.92947
2026-03-03 07:00:00+00:00,116.402084
2026-03-03 08:00:00+00:00,88.79083
2026-03-03 09:00:00+00:00,67.67512
2026-03-03 10:00:00+00:00,55.86561
2026-03-03 11:00:00+00:00,50.65976
2026-03-03 12:00:00+00:00,54.104607
2026-03-03 13:00:00+00:00,66.7399
2026-03-03 14:00:00+00:00,90.585724
2026-03-03 15:00:00+00:00,124.6294
2026-03-03 16:00:00+00:00,154.71524
2026-03-03 17:00:00+00:00,166.05865
2026-03-03 18:00:00+00:00,142.11156
2026-03-03 19:00:00+00:00,113.87912
2026-03-03 20:00:00+00:00,103.013565
2026-03-03 21:00:00+00:00,102.02383
2026-03-03 22:00:00+00:00,99.5692
2026-03-03 23:00:00+00:00,97.901146
2026-03-04 00:00:00+00:00,122.88862
2026-03-04 01:00:00+00:00,121.31031
2026-03-04 02:00:00+00:00,120.92561
2026-03-04 03:00:00+00:00,125.662384
2026-03-04 04:00:00+00:00,139.8613
2026-03-04 05:00:00+00:00,160.83272
2026-03-04 06:00:00+00:00,163.55229
2026-03-04 07:00:00+00:00,141.99876
2026-03-04 08:00:00+00:00,108.34494
2026-03-04 09:00:00+00:00,80.640205
2026-03-04 10:00:00+00:00,65.61356
2026-03-04 11:00:00+00:00,59.02794
2026-03-04 12:00:00+00:00,59.6743
2026-03-04 13:00:00+00:00,72.732605
2026-03-04 14:00:00+00:00,100.81279
2026-03-04 15:00:00+00:00,137.42813
2026-03-04 16:00:00+00:00,169.62946
2026-03-04 17:00:00+00:00,185.20116
2026-03-04 18:00:00+00:00,165.7489
2026-03-04 19:00:00+00:00,134.6164
2026-03-04 20:00:00+00:00,121.55674
2026-03-04 21:00:00+00:00,120.29296
2026-03-04 22:00:00+00:00,116.55004
2026-03-04 23:00:00+00:00,114.66949
2026-03-05 00:00:00+00:00,117.67481
2026-03-05 01:00:00+00:00,114.71106
2026-03-05 02:00:00+00:00,113.95977
2026-03-05 03:00:00+00:00,121.71347
2026-03-05 04:00:00+00:00,144.53096
2026-03-05 05:00:00+00:00,175.14009
2026-03-05 06:00:00+00:00,178.74811
2026-03-05 07:00:00+00:00,147.45439
2026-03-05 08:00:00+00:00,102.80225
2026-03-05 09:00:00+00:00,66.25581
2026-03-05 10:00:00+00:00,44.74855
2026-03-05 11:00:00+00:00,36.041267
2026-03-05 12:00:00+00:00,39.103584
2026-03-05 13:00:00+00:00,57.341618
2026-03-05 14:00:00+00:00,92.34067
2026-03-05 15:00:00+00:00,142.21013
2026-03-05 16:00:00+00:00,195.8515
2026-03-05 17:00:00+00:00,214.28163
2026-03-05 18:00:00+00:00,179.76773
2026-03-05 19:00:00+00:00,142.2642
2026-03-05 20:00:00+00:00,126.35819
2026-03-05 21:00:00+00:00,118.16396
2026-03-05 22:00:00+00:00,111.07739
2026-03-05 23:00:00+00:00,106.02387
2026-03-06 00:00:00+00:00,110.60117
2026-03-06 01:00:00+00:00,110.70189
2026-03-06 02:00:00+00:00,113.58634
2026-03-06 03:00:00+00:00,123.48151
2026-03-06 04:00:00+00:00,145.11832
2026-03-06 05:00:00+00:00,173.79863
2026-03-06 06:00:00+00:00,176.78505
2026-03-06 07:00:00+00:00,149.35098
2026-03-06 08:00:00+00:00,107.71225
2026-03-06 09:00:00+00:00,76.463844
2026-03-06 10:00:00+00:00,58.333153
2026-03-06 11:00:00+00:00,50.08394
2026-03-06 12:00:00+00:00,55.725822
2026-03-06 13:00:00+00:00,76.08336
2026-03-06 14:00:00+00:00,117.36604
2026-03-06 15:00:00+00:00,167.58537
2026-03-06 16:00:00+00:00,210.7095
2026-03-06 17:00:00+00:00,224.17735
2026-03-06 18:00:00+00:00,197.1914
2026-03-06 19:00:00+00:00,165.98517
2026-03-06 20:00:00+00:00,149.48666
2026-03-06 21:00:00+00:00,142.52484
2026-03-06 22:00:00+00:00,135.8146
2026-03-06 23:00:00+00:00,131.27657
2026-03-07 00:00:00+00:00,133.47112
2026-03-07 01:00:00+00:00,130.08923
2026-03-07 02:00:00+00:00,128.13768
2026-03-07 03:00:00+00:00,127.41983
2026-03-07 04:00:00+00:00,129.11089
2026-03-07 05:00:00+00:00,136.00284
2026-03-07 06:00:00+00:00,131.11514
2026-03-07 07:00:00+00:00,111.51509
2026-03-07 08:00:00+00:00,83.210686
2026-03-07 09:00:00+00:00,58.54741
2026-03-07 10:00:00+00:00,41.587036
2026-03-07 11:00:00+00:00,32.17401
2026-03-07 12:00:00+00:00,33.583454
2026-03-07 13:00:00+00:00,51.784176
2026-03-07 14:00:00+00:00,87.67355
2026-03-07 15:00:00+00:00,130.10736
2026-03-07 16:00:00+00:00,165.96484
2026-03-07 17:00:00+00:00,180.72365
2026-03-07 18:00:00+00:00,166.9085
2026-03-07 19:00:00+00:00,145.76122
2026-03-07 20:00:00+00:00,134.59506
2026-03-07 21:00:00+00:00,132.39828
2026-03-07 22:00:00+00:00,128.61024
2026-03-07 23:00:00+00:00,124.377365
2026-03-08 00:00:00+00:00,133.54749
2026-03-08 01:00:00+00:00,129.23738
2026-03-08 02:00:00+00:00,127.27341
2026-03-08 03:00:00+00:00,127.49092
2026-03-08 04:00:00+00:00,129.62997
2026-03-08 05:00:00+00:00,136.91956
2026-03-08 06:00:00+00:00,132.57065
2026-03-08 07:00:00+00:00,112.38657
2026-03-08 08:00:00+00:00,80.65731
2026-03-08 09:00:00+00:00,52.846806
2026-03-08 10:00:00+00:00,32.254665
2026-03-08 11:00:00+00:00,19.140242
2026-03-08 12:00:00+00:00,20.294394
2026-03-08 13:00:00+00:00,40.141323
2026-03-08 14:00:00+00:00,79.51306
2026-03-08 15:00:00+00:00,123.89546
2026-03-08 16:00:00+00:00,155.2266
2026-03-08 17:00:00+00:00,163.66568
2026-03-08 18:00:00+00:00,154.2171
2026-03-08 19:00:00+00:00,141.55083
2026-03-08 20:00:00+00:00,132.74364
2026-03-08 21:00:00+00:00,125.35515
2026-03-08 22:00:00+00:00,117.40288
2026-03-08 23:00:00+00:00,111.5356
2026-03-09 00:00:00+00:00,117.827385
2026-03-09 01:00:00+00:00,118.29446
2026-03-09 02:00:00+00:00,120.9954
2026-03-09 03:00:00+00:00,132.5733
2026-03-09 04:00:00+00:00,155.81348
2026-03-09 05:00:00+00:00,185.2908
2026-03-09 06:00:00+00:00,195.25252
2026-03-09 07:00:00+00:00,175.59865
2026-03-09 08:00:00+00:00,141.91344
2026-03-09 09:00:00+00:00,114.52691
2026-03-09 10:00:00+00:00,100.13086
2026-03-09 11:00:00+00:00,93.19382
2026-03-09 12:00:00+00:00,96.48032
2026-03-09 13:00:00+00:00,107.158646
2026-03-09 14:00:00+00:00,131.86913
2026-03-09 15:00:00+00:00,164.7074
2026-03-09 16:00:00+00:00,201.82188
2026-03-09 17:00:00+00:00,222.47017
2026-03-09 18:00:00+00:00,201.84538
2026-03-09 19:00:00+00:00,168.15138
2026-03-09 20:00:00+00:00,151.39359
2026-03-09 21:00:00+00:00,143.25589
2026-03-09 22:00:00+00:00,136.62039
2026-03-09 23:00:00+00:00,132.57404
2026-03-10 00:00:00+00:00,136.37863
2026-03-10 01:00:00+00:00,134.26976
2026-03-10 02:00:00+00:00,133.42834
2026-03-10 03:00:00+00:00,139.18356
2026-03-10 04:00:00+00:00,156.01872
2026-03-10 05:00:00+00:00,179.64728
2026-03-10 06:00:00+00:00,184.3393
2026-03-10 07:00:00+00:00,161.62566
2026-03-10 08:00:00+00:00,126.59044
2026-03-10 09:00:00+00:00,99.75496
2026-03-10 10:00:00+00:00,84.62535
2026-03-10 11:00:00+00:00,77.49541
2026-03-10 12:00:00+00:00,78.23252
2026-03-10 13:00:00+00:00,88.53172
2026-03-10 14:00:00+00:00,111.728134
2026-03-10 15:00:00+00:00,143.28415
2026-03-10 16:00:00+00:00,175.67242
2026-03-10 17:00:00+00:00,194.67041
2026-03-10 18:00:00+00:00,180.2114
2026-03-10 19:00:00+00:00,150.43163
2026-03-10 20:00:00+00:00,134.1258
2026-03-10 21:00:00+00:00,129.04099
2026-03-10 22:00:00+00:00,123.61743
2026-03-10 23:00:00+00:00,119.29561
2026-03-11 00:00:00+00:00,81.855255
2026-03-11 01:00:00+00:00,78.9924
2026-03-11 02:00:00+00:00,78.09326
2026-03-11 03:00:00+00:00,81.16617
2026-03-11 04:00:00+00:00,91.393654
2026-03-11 05:00:00+00:00,104.64907
2026-03-11 06:00:00+00:00,110.56955
2026-03-11 07:00:00+00:00,102.55969
2026-03-11 08:00:00+00:00,86.690384
2026-03-11 09:00:00+00:00,73.49242
2026-03-11 10:00:00+00:00,65.95039
2026-03-11 11:00:00+00:00,61.523262
2026-03-11 12:00:00+00:00,61.76326
2026-03-11 13:00:00+00:00,68.70243
2026-03-11 14:00:00+00:00,80.76181
2026-03-11 15:00:00+00:00,99.68372
2026-03-11 16:00:00+00:00,120.418686
2026-03-11 17:00:00+00:00,133.0581
2026-03-11 18:00:00+00:00,127.11336
2026-03-11 19:00:00+00:00,111.639984
2026-03-11 20:00:00+00:00,102.058395
2026-03-11 21:00:00+00:00,96.658554
2026-03-11 22:00:00+00:00,92.72099
2026-03-11 23:00:00+00:00,88.63507
2026-03-12 00:00:00+00:00,93.729004
2026-03-12 01:00:00+00:00,91.5712
2026-03-12 02:00:00+00:00,90.85171
2026-03-12 03:00:00+00:00,95.47553
2026-03-12 04:00:00+00:00,107.13179
2026-03-12 05:00:00+00:00,121.58959
2026-03-12 06:00:00+00:00,126.050865
2026-03-12 07:00:00+00:00,108.075264
2026-03-12 08:00:00+00:00,78.19531
2026-03-12 09:00:00+00:00,54.387146
2026-03-12 10:00:00+00:00,39.165466
2026-03-12 11:00:00+00:00,31.983595
2026-03-12 12:00:00+00:00,33.208786
2026-03-12 13:00:00+00:00,47.00715
2026-03-12 14:00:00+00:00,69.52374
2026-03-12 15:00:00+00:00,96.840126
2026-03-12 16:00:00+00:00,118.37778
2026-03-12 17:00:00+00:00,127.48119
2026-03-12 18:00:00+00:00,123.65384
2026-03-12 19:00:00+00:00,106.96681
2026-03-12 20:00:00+00:00,95.43601
2026-03-12 21:00:00+00:00,89.8788
2026-03-12 22:00:00+00:00,84.10701
2026-03-12 23:00:00+00:00,78.57443
2026-03-13 00:00:00+00:00,5.395315
2026-03-13 01:00:00+00:00,6.9530735
2026-03-13 02:00:00+00:00,10.242374
2026-03-13 03:00:00+00:00,22.6279
2026-03-13 04:00:00+00:00,47.8993
2026-03-13 05:00:00+00:00,72.18524
2026-03-13 06:00:00+00:00,78.194855
2026-03-13 07:00:00+00:00,63.529507
2026-03-13 08:00:00+00:00,41.51939
2026-03-13 09:00:00+00:00,25.368109
2026-03-13 10:00:00+00:00,18.198671
2026-03-13 11:00:00+00:00,16.525414
2026-03-13 12:00:00+00:00,23.3776
2026-03-13 13:00:00+00:00,40.869858
2026-03-13 14:00:00+00:00,69.20532
2026-03-13 15:00:00+00:00,112.19371
2026-03-13 16:00:00+00:00,159.96996
2026-03-13 17:00:00+00:00,184.18295
2026-03-13 18:00:00+00:00,173.24051
2026-03-13 19:00:00+00:00,153.08365
2026-03-13 20:00:00+00:00,144.36429
2026-03-13 21:00:00+00:00,133.41559
2026-03-13 22:00:00+00:00,127.60328
2026-03-13 23:00:00+00:00,122.35779
2026-03-14 00:00:00+00:00,100.76128
2026-03-14 01:00:00+00:00,98.62299
2026-03-14 02:00:00+00:00,97.59202
2026-03-14 03:00:00+00:00,97.68828
2026-03-14 04:00:00+00:00,99.861046
2026-03-14 05:00:00+00:00,109.033676
2026-03-14 06:00:00+00:00,115.9058
2026-03-14 07:00:00+00:00,111.29797
2026-03-14 08:00:00+00:00,95.70892
2026-03-14 09:00:00+00:00,83.30214
2026-03-14 10:00:00+00:00,73.80545
2026-03-14 11:00:00+00:00,66.88638
2026-03-14 12:00:00+00:00,68.4294
2026-03-14 13:00:00+00:00,80.630646
2026-03-14 14:00:00+00:00,102.57691
2026-03-14 15:00:00+00:00,133.0545
2026-03-14 16:00:00+00:00,159.39241
2026-03-14 17:00:00+00:00,173.18192
2026-03-14 18:00:00+00:00,162.83856
2026-03-14 19:00:00+00:00,145.27892
2026-03-14 20:00:00+00:00,128.88416
2026-03-14 21:00:00+00:00,120.8488
2026-03-14 22:00:00+00:00,114.50199
2026-03-14 23:00:00+00:00,108.201485
2026-03-15 00:00:00+00:00,133.0613
2026-03-15 01:00:00+00:00,129.9747
2026-03-15 02:00:00+00:00,128.12718
2026-03-15 03:00:00+00:00,127.57177
2026-03-15 04:00:00+00:00,130.1795
2026-03-15 05:00:00+00:00,136.64645
2026-03-15 06:00:00+00:00,140.63625
2026-03-15 07:00:00+00:00,137.86642
2026-03-15 08:00:00+00:00,127.144554
2026-03-15 09:00:00+00:00,117.90863
2026-03-15 10:00:00+00:00,111.48624
2026-03-15 11:00:00+00:00,105.41909
2026-03-15 12:00:00+00:00,101.5934
2026-03-15 13:00:00+00:00,104.04343
2026-03-15 14:00:00+00:00,112.55444
2026-03-15 15:00:00+00:00,123.4947
2026-03-15 16:00:00+00:00,137.60306
2026-03-15 17:00:00+00:00,146.87216
2026-03-15 18:00:00+00:00,142.59836
2026-03-15 19:00:00+00:00,129.543
2026-03-15 20:00:00+00:00,118.29123
2026-03-15 21:00:00+00:00,111.48204
2026-03-15 22:00:00+00:00,105.79053
2026-03-15 23:00:00+00:00,101.64603
2026-03-16 00:00:00+00:00,18.341991
2026-03-16 01:00:00+00:00,17.79961
2026-03-16 02:00:00+00:00,22.508688
2026-03-16 03:00:00+00:00,42.03261
2026-03-16 04:00:00+00:00,74.76697
2026-03-16 05:00:00+00:00,100.05475
2026-03-16 06:00:00+00:00,106.51229
2026-03-16 07:00:00+00:00,93.31099
2026-03-16 08:00:00+00:00,74.53842
2026-03-16 09:00:00+00:00,58.65279
2026-03-16 10:00:00+00:00,51.809914
2026-03-16 11:00:00+00:00,44.067703
2026-03-16 12:00:00+00:00,45.30565
2026-03-16 13:00:00+00:00,56.439674
2026-03-16 14:00:00+00:00,79.259926
2026-03-16 15:00:00+00:00,117.290535
2026-03-16 16:00:00+00:00,162.80229
2026-03-16 17:00:00+00:00,187.13364
2026-03-16 18:00:00+00:00,175.54448
2026-03-16 19:00:00+00:00,157.85977
2026-03-16 20:00:00+00:00,148.74863
2026-03-16 21:00:00+00:00,132.79149
2026-03-16 22:00:00+00:00,123.292015
2026-03-16 23:00:00+00:00,114.719864
2026-03-17 00:00:00+00:00,101.55483
2026-03-17 01:00:00+00:00,100.11338
2026-03-17 02:00:00+00:00,100.1662
2026-03-17 03:00:00+00:00,106.48537
2026-03-17 04:00:00+00:00,122.39702
2026-03-17 05:00:00+00:00,143.91109
2026-03-17 06:00:00+00:00,155.82556
2026-03-17 07:00:00+00:00,142.99092
2026-03-17 08:00:00+00:00,115.12723
2026-03-17 09:00:00+00:00,93.77582
2026-03-17 10:00:00+00:00,80.85446
2026-03-17 11:00:00+00:00,76.178955
2026-03-17 12:00:00+00:00,78.787224
2026-03-17 13:00:00+00:00,89.26988
2026-03-17 14:00:00+00:00,107.066696
2026-03-17 15:00:00+00:00,133.36224
2026-03-17 16:00:00+00:00,161.64055
2026-03-17 17:00:00+00:00,178.76256
2026-03-17 18:00:00+00:00,165.94878
2026-03-17 19:00:00+00:00,136.42938
2026-03-17 20:00:00+00:00,117.02946
2026-03-17 21:00:00+00:00,110.408775
2026-03-17 22:00:00+00:00,104.886734
2026-03-17 23:00:00+00:00,99.70387
2026-03-18 00:00:00+00:00,90.31956
2026-03-18 01:00:00+00:00,88.78746
2026-03-18 02:00:00+00:00,89.630005
2026-03-18 03:00:00+00:00,96.93517
2026-03-18 04:00:00+00:00,113.73372
2026-03-18 05:00:00+00:00,132.3038
2026-03-18 06:00:00+00:00,132.12616
2026-03-18 07:00:00+00:00,112.29419
2026-03-18 08:00:00+00:00,86.79198
2026-03-18 09:00:00+00:00,66.97102
2026-03-18 10:00:00+00:00,55.81569
2026-03-18 11:00:00+00:00,49.317623
2026-03-18 12:00:00+00:00,51.638153
2026-03-18 13:00:00+00:00,62.08275
2026-03-18 14:00:00+00:00,80.28225
2026-03-18 15:00:00+00:00,108.8589
2026-03-18 16:00:00+00:00,141.08209
2026-03-18 17:00:00+00:00,161.64955
2026-03-18 18:00:00+00:00,153.2396
2026-03-18 19:00:00+00:00,130.61548
2026-03-18 20:00:00+00:00,115.49753
2026-03-18 21:00:00+00:00,110.21088
2026-03-18 22:00:00+00:00,106.98008
2026-03-18 23:00:00+00:00,102.98654
2026-03-19 00:00:00+00:00,109.291756
2026-03-19 01:00:00+00:00,110.5372
2026-03-19 02:00:00+00:00,112.845184
2026-03-19 03:00:00+00:00,122.678116
2026-03-19 04:00:00+00:00,142.67915
2026-03-19 05:00:00+00:00,164.04425
2026-03-19 06:00:00+00:00,158.8772
2026-03-19 07:00:00+00:00,125.68532
2026-03-19 08:00:00+00:00,83.101
2026-03-19 09:00:00+00:00,52.045685
2026-03-19 10:00:00+00:00,35.103508
2026-03-19 11:00:00+00:00,29.503635
2026-03-19 12:00:00+00:00,33.088528
2026-03-19 13:00:00+00:00,49.491814
2026-03-19 14:00:00+00:00,85.62953
2026-03-19 15:00:00+00:00,132.0632
2026-03-19 16:00:00+00:00,175.78827
2026-03-19 17:00:00+00:00,202.60107
2026-03-19 18:00:00+00:00,189.2829
2026-03-19 19:00:00+00:00,156.7142
2026-03-19 20:00:00+00:00,136.99467
2026-03-19 21:00:00+00:00,132.15146
2026-03-19 22:00:00+00:00,127.03862
2026-03-19 23:00:00+00:00,123.26646
2026-03-20 00:00:00+00:00,139.82648
2026-03-20 01:00:00+00:00,139.05685
2026-03-20 02:00:00+00:00,139.04337
2026-03-20 03:00:00+00:00,145.39804
2026-03-20 04:00:00+00:00,159.97281
2026-03-20 05:00:00+00:00,179.6185
2026-03-20 06:00:00+00:00,176.83154
2026-03-20 07:00:00+00:00,146.9974
2026-03-20 08:00:00+00:00,105.54511
2026-03-20 09:00:00+00:00,72.66808
2026-03-20 10:00:00+00:00,54.428185
2026-03-20 11:00:00+00:00,47.285603
2026-03-20 12:00:00+00:00,50.015987
2026-03-20 13:00:00+00:00,68.37358
2026-03-20 14:00:00+00:00,105.01447
2026-03-20 15:00:00+00:00,146.3827
2026-03-20 16:00:00+00:00,184.51268
2026-03-20 17:00:00+00:00,210.98328
2026-03-20 18:00:00+00:00,199.83209
2026-03-20 19:00:00+00:00,166.33386
2026-03-20 20:00:00+00:00,147.4337
2026-03-20 21:00:00+00:00,143.1478
2026-03-20 22:00:00+00:00,137.51071
2026-03-20 23:00:00+00:00,133.49475
2026-03-21 00:00:00+00:00,142.69795
2026-03-21 01:00:00+00:00,138.05869
2026-03-21 02:00:00+00:00,135.35947
2026-03-21 03:00:00+00:00,134.29028
2026-03-21 04:00:00+00:00,135.58243
2026-03-21 05:00:00+00:00,142.6095
2026-03-21 06:00:00+00:00,142.08173
2026-03-21 07:00:00+00:00,126.31595
2026-03-21 08:00:00+00:00,101.40182
2026-03-21 09:00:00+00:00,81.79826
2026-03-21 10:00:00+00:00,66.98866
2026-03-21 11:00:00+00:00,58.157684
2026-03-21 12:00:00+00:00,57.03779
2026-03-21 13:00:00+00:00,69.94369
2026-03-21 14:00:00+00:00,96.17688
2026-03-21 15:00:00+00:00,126.787964
2026-03-21 16:00:00+00:00,155.41724
2026-03-21 17:00:00+00:00,170.7622
2026-03-21 18:00:00+00:00,167.18608
2026-03-21 19:00:00+00:00,151.58954
2026-03-21 20:00:00+00:00,138.56395
2026-03-21 21:00:00+00:00,131.06995
2026-03-21 22:00:00+00:00,124.3287
2026-03-21 23:00:00+00:00,118.149414
2026-03-22 00:00:00+00:00,100.18686
2026-03-22 01:00:00+00:00,98.19815
2026-03-22 02:00:00+00:00,97.41182
2026-03-22 03:00:00+00:00,97.38919
2026-03-22 04:00:00+00:00,97.721695
2026-03-22 05:00:00+00:00,99.772
2026-03-22 06:00:00+00:00,91.31076
2026-03-22 07:00:00+00:00,68.34601
2026-03-22 08:00:00+00:00,40.658802
2026-03-22 09:00:00+00:00,18.186563
2026-03-22 10:00:00+00:00,3.6273575
2026-03-22 11:00:00+00:00,-4.1019287
2026-03-22 12:00:00+00:00,-0.32777393
2026-03-22 13:00:00+00:00,19.544786
2026-03-22 14:00:00+00:00,55.81129
2026-03-22 15:00:00+00:00,99.72307
2026-03-22 16:00:00+00:00,141.52486
2026-03-22 17:00:00+00:00,167.50362
2026-03-22 18:00:00+00:00,166.37106
2026-03-22 19:00:00+00:00,149.16656
2026-03-22 20:00:00+00:00,134.37332
2026-03-22 21:00:00+00:00,127.82755
2026-03-22 22:00:00+00:00,123.260666
2026-03-22 23:00:00+00:00,118.08056
2026-03-23 00:00:00+00:00,129.76361
2026-03-23 01:00:00+00:00,131.74014
2026-03-23 02:00:00+00:00,135.59717
2026-03-23 03:00:00+00:00,150.80301
2026-03-23 04:00:00+00:00,177.39885
2026-03-23 05:00:00+00:00,200.85379
2026-03-23 06:00:00+00:00,194.17166
2026-03-23 07:00:00+00:00,159.8812
2026-03-23 08:00:00+00:00,120.32566
2026-03-23 09:00:00+00:00,94.49539
2026-03-23 10:00:00+00:00,79.70724
2026-03-23 11:00:00+00:00,75.00867
2026-03-23 12:00:00+00:00,77.4733
2026-03-23 13:00:00+00:00,90.81535
2026-03-23 14:00:00+00:00,121.839806
2026-03-23 15:00:00+00:00,162.07672
2026-03-23 16:00:00+00:00,209.47223
2026-03-23 17:00:00+00:00,240.97803
2026-03-23 18:00:00+00:00,220.29672
2026-03-23 19:00:00+00:00,178.80641
2026-03-23 20:00:00+00:00,156.31436
2026-03-23 21:00:00+00:00,149.48587
2026-03-23 22:00:00+00:00,143.00739
2026-03-23 23:00:00+00:00,137.81158
2026-03-24 00:00:00+00:00,139.48555
2026-03-24 01:00:00+00:00,135.1773
2026-03-24 02:00:00+00:00,134.31116
2026-03-24 03:00:00+00:00,136.58171
2026-03-24 04:00:00+00:00,144.4151
2026-03-24 05:00:00+00:00,153.9838
2026-03-24 06:00:00+00:00,150.61113
2026-03-24 07:00:00+00:00,129.75388
2026-03-24 08:00:00+00:00,98.76859
2026-03-24 09:00:00+00:00,76.81111
2026-03-24 10:00:00+00:00,63.11624
2026-03-24 11:00:00+00:00,57.47614
2026-03-24 12:00:00+00:00,57.945145
2026-03-24 13:00:00+00:00,67.39179
2026-03-24 14:00:00+00:00,90.17914
2026-03-24 15:00:00+00:00,114.52363
2026-03-24 16:00:00+00:00,140.20851
2026-03-24 17:00:00+00:00,155.31993
2026-03-24 18:00:00+00:00,148.90189
2026-03-24 19:00:00+00:00,128.59576
2026-03-24 20:00:00+00:00,112.76445
2026-03-24 21:00:00+00:00,105.136246
2026-03-24 22:00:00+00:00,99.862526
2026-03-24 23:00:00+00:00,94.526215
2026-03-25 00:00:00+00:00,4.4490128
2026-03-25 01:00:00+00:00,4.0459785
2026-03-25 02:00:00+00:00,4.6858845
2026-03-25 03:00:00+00:00,11.20385
2026-03-25 04:00:00+00:00,25.984083
2026-03-25 05:00:00+00:00,40.8793
2026-03-25 06:00:00+00:00,48.735195
2026-03-25 07:00:00+00:00,43.381508
2026-03-25 08:00:00+00:00,28.180069
2026-03-25 09:00:00+00:00,14.79384
2026-03-25 10:00:00+00:00,8.104128
2026-03-25 11:00:00+00:00,3.6830978
2026-03-25 12:00:00+00:00,8.382397
2026-03-25 13:00:00+00:00,20.10289
2026-03-25 14:00:00+00:00,42.37895
2026-03-25 15:00:00+00:00,77.63099
2026-03-25 16:00:00+00:00,120.93912
2026-03-25 17:00:00+00:00,146.0334
2026-03-25 18:00:00+00:00,141.19798
2026-03-25 19:00:00+00:00,122.640434
2026-03-25 20:00:00+00:00,110.287735
2026-03-25 21:00:00+00:00,97.5084
2026-03-25 22:00:00+00:00,90.30998
2026-03-25 23:00:00+00:00,83.51829
2026-03-26 00:00:00+00:00,87.89311
2026-03-26 01:00:00+00:00,86.625984
2026-03-26 02:00:00+00:00,86.56848
2026-03-26 03:00:00+00:00,91.12584
2026-03-26 04:00:00+00:00,101.79782
2026-03-26 05:00:00+00:00,111.43215
2026-03-26 06:00:00+00:00,109.715515
2026-03-26 07:00:00+00:00,90.96602
2026-03-26 08:00:00+00:00,63.095795
2026-03-26 09:00:00+00:00,45.12063
2026-03-26 10:00:00+00:00,34.773556
2026-03-26 11:00:00+00:00,30.018923
2026-03-26 12:00:00+00:00,29.834185
2026-03-26 13:00:00+00:00,38.152298
2026-03-26 14:00:00+00:00,56.7695
2026-03-26 15:00:00+00:00,83.607346
2026-03-26 16:00:00+00:00,115.5735
2026-03-26 17:00:00+00:00,148.93518
2026-03-26 18:00:00+00:00,157.42989
2026-03-26 19:00:00+00:00,131.5787
2026-03-26 20:00:00+00:00,109.55936
2026-03-26 21:00:00+00:00,103.72783
2026-03-26 22:00:00+00:00,99.59102
2026-03-26 23:00:00+00:00,94.080635
2026-03-27 00:00:00+00:00,116.506676
2026-03-27 01:00:00+00:00,117.074234
2026-03-27 02:00:00+00:00,118.99941
2026-03-27 03:00:00+00:00,130.02641
2026-03-27 04:00:00+00:00,152.62254
2026-03-27 05:00:00+00:00,175.79605
2026-03-27 06:00:00+00:00,178.58841
2026-03-27 07:00:00+00:00,151.68604
2026-03-27 08:00:00+00:00,114.74722
2026-03-27 09:00:00+00:00,87.507225
2026-03-27 10:00:00+00:00,71.92382
2026-03-27 11:00:00+00:00,64.75107
2026-03-27 12:00:00+00:00,65.05865
2026-03-27 13:00:00+00:00,77.11116
2026-03-27 14:00:00+00:00,101.05594
2026-03-27 15:00:00+00:00,131.38255
2026-03-27 16:00:00+00:00,162.02708
2026-03-27 17:00:00+00:00,183.5021
2026-03-27 18:00:00+00:00,174.80998
2026-03-27 19:00:00+00:00,148.21097
2026-03-27 20:00:00+00:00,129.86487
2026-03-27 21:00:00+00:00,122.324165
2026-03-27 22:00:00+00:00,116.36705
2026-03-27 23:00:00+00:00,112.04731
2026-03-28 00:00:00+00:00,95.24856
2026-03-28 01:00:00+00:00,93.070076
2026-03-28 02:00:00+00:00,91.91751
2026-03-28 03:00:00+00:00,91.98027
2026-03-28 04:00:00+00:00,93.98527
2026-03-28 05:00:00+00:00,97.04829
2026-03-28 06:00:00+00:00,95.77538
2026-03-28 07:00:00+00:00,84.26203
2026-03-28 08:00:00+00:00,70.90979
2026-03-28 09:00:00+00:00,61.4768
2026-03-28 10:00:00+00:00,53.41563
2026-03-28 11:00:00+00:00,48.248966
2026-03-28 12:00:00+00:00,48.5189
2026-03-28 13:00:00+00:00,59.58317
2026-03-28 14:00:00+00:00,78.06978
2026-03-28 15:00:00+00:00,102.53137
2026-03-28 16:00:00+00:00,129.5155
2026-03-28 17:00:00+00:00,145.98978
2026-03-28 18:00:00+00:00,145.02188
2026-03-28 19:00:00+00:00,131.23274
2026-03-28 20:00:00+00:00,117.90033
2026-03-28 21:00:00+00:00,111.04294
2026-03-28 22:00:00+00:00,107.92139
2026-03-28 23:00:00+00:00,102.53931
2026-03-29 00:00:00+00:00,108.73278
2026-03-29 01:00:00+00:00,106.36229
2026-03-29 02:00:00+00:00,106.19137
2026-03-29 03:00:00+00:00,110.858574
2026-03-29 04:00:00+00:00,119.00049
2026-03-29 05:00:00+00:00,126.178505
2026-03-29 06:00:00+00:00,120.7294
2026-03-29 07:00:00+00:00,100.300674
2026-03-29 08:00:00+00:00,73.643364
2026-03-29 09:00:00+00:00,53.09263
2026-03-29 10:00:00+00:00,38.6631
2026-03-29 11:00:00+00:00,28.059278
2026-03-29 12:00:00+00:00,26.3663
2026-03-29 13:00:00+00:00,39.274323
2026-03-29 14:00:00+00:00,64.67535
2026-03-29 15:00:00+00:00,94.21955
2026-03-29 16:00:00+00:00,118.47322
2026-03-29 17:00:00+00:00,129.43991
2026-03-29 18:00:00+00:00,125.71418
2026-03-29 19:00:00+00:00,112.45936
2026-03-29 20:00:00+00:00,98.726715
2026-03-29 21:00:00+00:00,88.5805
2026-03-29 22:00:00+00:00,81.66084
2026-03-29 23:00:00+00:00,75.77426
2026-03-30 00:00:00+00:00,3.5897486
2026-03-30 01:00:00+00:00,6.1849957
2026-03-30 02:00:00+00:00,12.861418
2026-03-30 03:00:00+00:00,34.680244
2026-03-30 04:00:00+00:00,68.271065
2026-03-30 05:00:00+00:00,92.27579
2026-03-30 06:00:00+00:00,93.9249
2026-03-30 07:00:00+00:00,77.85417
2026-03-30 08:00:00+00:00,59.54426
2026-03-30 09:00:00+00:00,45.69715
2026-03-30 10:00:00+00:00,38.1027
2026-03-30 11:00:00+00:00,32.835598
2026-03-30 12:00:00+00:00,34.093708
2026-03-30 13:00:00+00:00,45.926033
2026-03-30 14:00:00+00:00,63.037674
2026-03-30 15:00:00+00:00,97.2836
2026-03-30 16:00:00+00:00,139.1853
2026-03-30 17:00:00+00:00,159.64755
2026-03-30 18:00:00+00:00,143.60123
2026-03-30 19:00:00+00:00,122.50183
2026-03-30 20:00:00+00:00,113.88713
2026-03-30 21:00:00+00:00,103.15422
2026-03-30 22:00:00+00:00,98.20664
2026-03-30 23:00:00+00:00,93.88274
2026-03-31 00:00:00+00:00,97.37039
2026-03-31 01:00:00+00:00,96.78243
2026-03-31 02:00:00+00:00,100.20216
2026-03-31 03:00:00+00:00,111.72039
2026-03-31 04:00:00+00:00,130.42236
2026-03-31 05:00:00+00:00,145.63676
2026-03-31 06:00:00+00:00,144.3733
2026-03-31 07:00:00+00:00,124.065605
2026-03-31 08:00:00+00:00,98.92133
2026-03-31 09:00:00+00:00,79.44333
2026-03-31 10:00:00+00:00,66.82163
2026-03-31 11:00:00+00:00,58.230194
2026-03-31 12:00:00+00:00,59.412415
2026-03-31 13:00:00+00:00,68.77733
2026-03-31 14:00:00+00:00,89.55801
2026-03-31 15:00:00+00:00,116.36598
2026-03-31 16:00:00+00:00,145.18332
2026-03-31 17:00:00+00:00,171.18478
2026-03-31 18:00:00+00:00,171.46033
2026-03-31 19:00:00+00:00,153.27882
2026-03-31 20:00:00+00:00,139.50189
2026-03-31 21:00:00+00:00,134.10733
2026-03-31 22:00:00+00:00,128.75423
2026-03-31 23:00:00+00:00,122.41509
2026-04-01 00:00:00+00:00,127.41881
2026-04-01 01:00:00+00:00,128.15523
2026-04-01 02:00:00+00:00,132.69104
2026-04-01 03:00:00+00:00,148.66994
2026-04-01 04:00:00+00:00,178.64717
2026-04-01 05:00:00+00:00,201.70981
2026-04-01 06:00:00+00:00,196.06503
2026-04-01 07:00:00+00:00,166.79686
2026-04-01 08:00:00+00:00,135.33786
2026-04-01 09:00:00+00:00,113.4012
2026-04-01 10:00:00+00:00,100.15254
2026-04-01 11:00:00+00:00,93.075935
2026-04-01 12:00:00+00:00,93.13558
2026-04-01 13:00:00+00:00,102.92114
2026-04-01 14:00:00+00:00,124.12521
2026-04-01 15:00:00+00:00,154.33185
2026-04-01 16:00:00+00:00,190.219
2026-04-01 17:00:00+00:00,213.08806
2026-04-01 18:00:00+00:00,198.9914
2026-04-01 19:00:00+00:00,173.13037
2026-04-01 20:00:00+00:00,156.24329
2026-04-01 21:00:00+00:00,147.17177
2026-04-01 22:00:00+00:00,141.49896
2026-04-01 23:00:00+00:00,135.49066
2026-04-02 00:00:00+00:00,122.41564
2026-04-02 01:00:00+00:00,121.7028
2026-04-02 02:00:00+00:00,125.38609
2026-04-02 03:00:00+00:00,138.9337
2026-04-02 04:00:00+00:00,163.57079
2026-04-02 05:00:00+00:00,182.51933
2026-04-02 06:00:00+00:00,171.35173
2026-04-02 07:00:00+00:00,140.47166
2026-04-02 08:00:00+00:00,113.599815
2026-04-02 09:00:00+00:00,96.80812
2026-04-02 10:00:00+00:00,86.03668
2026-04-02 11:00:00+00:00,79.47409
2026-04-02 12:00:00+00:00,80.56415
2026-04-02 13:00:00+00:00,88.9185
2026-04-02 14:00:00+00:00,105.359795
2026-04-02 15:00:00+00:00,128.43088
2026-04-02 16:00:00+00:00,156.26752
2026-04-02 17:00:00+00:00,174.5619
2026-04-02 18:00:00+00:00,165.47705
2026-04-02 19:00:00+00:00,146.73032
2026-04-02 20:00:00+00:00,133.58551
2026-04-02 21:00:00+00:00,126.48268
2026-04-02 22:00:00+00:00,121.1933
2026-04-02 23:00:00+00:00,115.90242
2026-04-03 00:00:00+00:00,124.25344
2026-04-03 01:00:00+00:00,120.526184
2026-04-03 02:00:00+00:00,119.31652
2026-04-03 03:00:00+00:00,118.15186
2026-04-03 04:00:00+00:00,118.57824
2026-04-03 05:00:00+00:00,120.2047
2026-04-03 06:00:00+00:00,116.612175
2026-04-03 07:00:00+00:00,101.25486
2026-04-03 08:00:00+00:00,78.894936
2026-04-03 09:00:00+00:00,62.167984
2026-04-03 10:00:00+00:00,50.148056
2026-04-03 11:00:00+00:00,43.320972
2026-04-03 12:00:00+00:00,45.16583
2026-04-03 13:00:00+00:00,57.148277
2026-04-03 14:00:00+00:00,80.541046
2026-04-03 15:00:00+00:00,104.57292
2026-04-03 16:00:00+00:00,123.82314
2026-04-03 17:00:00+00:00,130.35207
2026-04-03 18:00:00+00:00,126.16206
2026-04-03 19:00:00+00:00,115.07598
2026-04-03 20:00:00+00:00,105.09917
2026-04-03 21:00:00+00:00,98.69262
2026-04-03 22:00:00+00:00,93.2256
2026-04-03 23:00:00+00:00,87.3739
2026-04-04 00:00:00+00:00,5.581669
2026-04-04 01:00:00+00:00,5.7013664
2026-04-04 02:00:00+00:00,7.704479
2026-04-04 03:00:00+00:00,16.925451
2026-04-04 04:00:00+00:00,33.54375
2026-04-04 05:00:00+00:00,44.65544
2026-04-04 06:00:00+00:00,46.21213
2026-04-04 07:00:00+00:00,38.623222
2026-04-04 08:00:00+00:00,27.205685
2026-04-04 09:00:00+00:00,16.143574
2026-04-04 10:00:00+00:00,10.892956
2026-04-04 11:00:00+00:00,5.767988
2026-04-04 12:00:00+00:00,8.8541355
2026-04-04 13:00:00+00:00,21.46694
2026-04-04 14:00:00+00:00,45.82357
2026-04-04 15:00:00+00:00,83.61297
2026-04-04 16:00:00+00:00,123.398254
2026-04-04 17:00:00+00:00,139.19026
2026-04-04 18:00:00+00:00,130.62042
2026-04-04 19:00:00+00:00,116.953384
2026-04-04 20:00:00+00:00,107.112076
2026-04-04 21:00:00+00:00,92.453575
2026-04-04 22:00:00+00:00,84.54222
2026-04-04 23:00:00+00:00,78.07163
2026-04-05 00:00:00+00:00,2.178263
2026-04-05 01:00:00+00:00,2.8753111
2026-04-05 02:00:00+00:00,3.570658
2026-04-05 03:00:00+00:00,4.239153
2026-04-05 04:00:00+00:00,5.9501724
2026-04-05 05:00:00+00:00,8.398251
2026-04-05 06:00:00+00:00,9.521215
2026-04-05 07:00:00+00:00,10.661722
2026-04-05 08:00:00+00:00,8.39094
2026-04-05 09:00:00+00:00,3.8657112
2026-04-05 10:00:00+00:00,0.06462884
2026-04-05 11:00:00+00:00,-2.7670763
2026-04-05 12:00:00+00:00,2.680405
2026-04-05 13:00:00+00:00,6.617241
2026-04-05 14:00:00+00:00,18.228914
2026-04-05 15:00:00+00:00,34.466988
2026-04-05 16:00:00+00:00,57.472824
2026-04-05 17:00:00+00:00,72.72775
2026-04-05 18:00:00+00:00,67.39449
2026-04-05 19:00:00+00:00,55.60451
2026-04-05 20:00:00+00:00,48.6977
2026-04-05 21:00:00+00:00,44.31288
2026-04-05 22:00:00+00:00,40.01238
2026-04-05 23:00:00+00:00,35.77527
2026-04-06 00:00:00+00:00,0.71024156
2026-04-06 01:00:00+00:00,3.2778456
2026-04-06 02:00:00+00:00,6.8913193
2026-04-06 03:00:00+00:00,16.653654
2026-04-06 04:00:00+00:00,31.380539
2026-04-06 05:00:00+00:00,42.953815
2026-04-06 06:00:00+00:00,41.834137
2026-04-06 07:00:00+00:00,21.5609
2026-04-06 08:00:00+00:00,-3.1850033
2026-04-06 09:00:00+00:00,-19.062792
2026-04-06 10:00:00+00:00,-25.845633
2026-04-06 11:00:00+00:00,-29.221617
2026-04-06 12:00:00+00:00,-22.780298
2026-04-06 13:00:00+00:00,-5.966051
2026-04-06 14:00:00+00:00,21.67951
2026-04-06 15:00:00+00:00,55.69011
2026-04-06 16:00:00+00:00,84.40487
2026-04-06 17:00:00+00:00,108.22974
2026-04-06 18:00:00+00:00,112.60753
2026-04-06 19:00:00+00:00,97.443665
2026-04-06 20:00:00+00:00,84.260445
2026-04-06 21:00:00+00:00,76.60735
2026-04-06 22:00:00+00:00,74.365395
2026-04-06 23:00:00+00:00,69.50784
2026-04-07 00:00:00+00:00,96.41351
2026-04-07 01:00:00+00:00,99.72087
2026-04-07 02:00:00+00:00,105.66877
2026-04-07 03:00:00+00:00,122.06052
2026-04-07 04:00:00+00:00,146.59384
2026-04-07 05:00:00+00:00,161.73364
2026-04-07 06:00:00+00:00,150.07507
2026-04-07 07:00:00+00:00,113.1947
2026-04-07 08:00:00+00:00,74.75801
2026-04-07 09:00:00+00:00,50.89576
2026-04-07 10:00:00+00:00,35.48102
2026-04-07 11:00:00+00:00,31.547636
2026-04-07 12:00:00+00:00,33.887016
2026-04-07 13:00:00+00:00,46.040657
2026-04-07 14:00:00+00:00,74.36218
2026-04-07 15:00:00+00:00,109.306305
2026-04-07 16:00:00+00:00,152.1135
2026-04-07 17:00:00+00:00,188.73706
2026-04-07 18:00:00+00:00,179.99286
2026-04-07 19:00:00+00:00,140.85785
2026-04-07 20:00:00+00:00,118.203
2026-04-07 21:00:00+00:00,113.9182
2026-04-07 22:00:00+00:00,107.15192
2026-04-07 23:00:00+00:00,100.95383
2026-04-08 00:00:00+00:00,101.716034
2026-04-08 01:00:00+00:00,103.63651
2026-04-08 02:00:00+00:00,108.95015
2026-04-08 03:00:00+00:00,123.81543
2026-04-08 04:00:00+00:00,146.1166
2026-04-08 05:00:00+00:00,152.11908
2026-04-08 06:00:00+00:00,121.831566
2026-04-08 07:00:00+00:00,73.29351
2026-04-08 08:00:00+00:00,32.541676
2026-04-08 09:00:00+00:00,5.1452694
2026-04-08 10:00:00+00:00,-9.4146805
2026-04-08 11:00:00+00:00,-12.519308
2026-04-08 12:00:00+00:00,-7.7851048
2026-04-08 13:00:00+00:00,9.496246
2026-04-08 14:00:00+00:00,47.60977
2026-04-08 15:00:00+00:00,93.66668
2026-04-08 16:00:00+00:00,138.10237
2026-04-08 17:00:00+00:00,170.76834
2026-04-08 18:00:00+00:00,158.6378
2026-04-08 19:00:00+00:00,124.288
2026-04-08 20:00:00+00:00,104.9045
2026-04-08 21:00:00+00:00,100.30859
2026-04-08 22:00:00+00:00,96.18898
2026-04-08 23:00:00+00:00,90.149704
2026-04-09 00:00:00+00:00,102.27477
2026-04-09 01:00:00+00:00,103.41053
2026-04-09 02:00:00+00:00,108.15384
2026-04-09 03:00:00+00:00,122.25253
2026-04-09 04:00:00+00:00,143.74677
2026-04-09 05:00:00+00:00,152.96573
2026-04-09 06:00:00+00:00,130.87383
2026-04-09 07:00:00+00:00,88.12763
2026-04-09 08:00:00+00:00,49.157417
2026-04-09 09:00:00+00:00,20.970142
2026-04-09 10:00:00+00:00,5.0794888
2026-04-09 11:00:00+00:00,-0.42517257
2026-04-09 12:00:00+00:00,4.8881474
2026-04-09 13:00:00+00:00,23.519407
2026-04-09 14:00:00+00:00,60.52227
2026-04-09 15:00:00+00:00,104.299774
2026-04-09 16:00:00+00:00,142.31383
2026-04-09 17:00:00+00:00,166.11618
2026-04-09 18:00:00+00:00,154.2362
2026-04-09 19:00:00+00:00,124.38645
2026-04-09 20:00:00+00:00,107.07251
2026-04-09 21:00:00+00:00,101.48146
2026-04-09 22:00:00+00:00,96.16314
2026-04-09 23:00:00+00:00,90.297264
2026-04-10 00:00:00+00:00,82.12888
2026-04-10 01:00:00+00:00,83.53358
2026-04-10 02:00:00+00:00,88.340256
2026-04-10 03:00:00+00:00,98.20871
2026-04-10 04:00:00+00:00,113.0659
2026-04-10 05:00:00+00:00,128.96994
2026-04-10 06:00:00+00:00,123.590546
2026-04-10 07:00:00+00:00,105.6722
2026-04-10 08:00:00+00:00,77.13408
2026-04-10 09:00:00+00:00,59.09562
2026-04-10 10:00:00+00:00,49.559395
2026-04-10 11:00:00+00:00,45.73561
2026-04-10 12:00:00+00:00,49.27614
2026-04-10 13:00:00+00:00,61.888287
2026-04-10 14:00:00+00:00,95.51813
2026-04-10 15:00:00+00:00,133.06366
2026-04-10 16:00:00+00:00,169.01672
2026-04-10 17:00:00+00:00,191.16924
2026-04-10 18:00:00+00:00,185.82713
2026-04-10 19:00:00+00:00,161.81792
2026-04-10 20:00:00+00:00,140.8334
2026-04-10 21:00:00+00:00,133.32799
2026-04-10 22:00:00+00:00,128.30186
2026-04-10 23:00:00+00:00,124.7056
2026-04-11 00:00:00+00:00,116.59406
2026-04-11 01:00:00+00:00,113.5437
2026-04-11 02:00:00+00:00,111.6852
2026-04-11 03:00:00+00:00,110.889946
2026-04-11 04:00:00+00:00,111.635925
2026-04-11 05:00:00+00:00,112.32484
2026-04-11 06:00:00+00:00,104.62786
2026-04-11 07:00:00+00:00,89.66843
2026-04-11 08:00:00+00:00,69.17013
2026-04-11 09:00:00+00:00,57.20342
2026-04-11 10:00:00+00:00,47.27956
2026-04-11 11:00:00+00:00,42.363148
2026-04-11 12:00:00+00:00,42.799786
2026-04-11 13:00:00+00:00,49.32399
2026-04-11 14:00:00+00:00,62.38779
2026-04-11 15:00:00+00:00,80.22574
2026-04-11 16:00:00+00:00,100.65293
2026-04-11 17:00:00+00:00,118.04088
2026-04-11 18:00:00+00:00,121.67134
2026-04-11 19:00:00+00:00,110.21526
2026-04-11 20:00:00+00:00,99.29584
2026-04-11 21:00:00+00:00,96.27112
2026-04-11 22:00:00+00:00,94.51085
2026-04-11 23:00:00+00:00,90.70032
2026-04-12 00:00:00+00:00,79.44697
2026-04-12 01:00:00+00:00,81.35668
2026-04-12 02:00:00+00:00,86.54926
2026-04-12 03:00:00+00:00,93.573135
2026-04-12 04:00:00+00:00,95.87042
2026-04-12 05:00:00+00:00,96.07343
2026-04-12 06:00:00+00:00,82.54319
2026-04-12 07:00:00+00:00,66.24993
2026-04-12 08:00:00+00:00,47.142525
2026-04-12 09:00:00+00:00,35.20079
2026-04-12 10:00:00+00:00,26.39583
2026-04-12 11:00:00+00:00,20.79129
2026-04-12 12:00:00+00:00,25.754475
2026-04-12 13:00:00+00:00,38.773796
2026-04-12 14:00:00+00:00,72.49213
2026-04-12 15:00:00+00:00,111.62911
2026-04-12 16:00:00+00:00,143.45947
2026-04-12 17:00:00+00:00,159.64542
2026-04-12 18:00:00+00:00,153.4039
2026-04-12 19:00:00+00:00,135.94824
2026-04-12 20:00:00+00:00,119.108315
2026-04-12 21:00:00+00:00,111.194855
2026-04-12 22:00:00+00:00,103.602066
2026-04-12 23:00:00+00:00,98.30438
2026-04-13 00:00:00+00:00,107.12578
2026-04-13 01:00:00+00:00,107.34169
2026-04-13 02:00:00+00:00,111.453064
2026-04-13 03:00:00+00:00,126.94001
2026-04-13 04:00:00+00:00,152.4535
2026-04-13 05:00:00+00:00,169.66101
2026-04-13 06:00:00+00:00,163.8433
2026-04-13 07:00:00+00:00,139.62418
2026-04-13 08:00:00+00:00,118.460846
2026-04-13 09:00:00+00:00,103.980576
2026-04-13 10:00:00+00:00,94.508316
2026-04-13 11:00:00+00:00,89.53824
2026-04-13 12:00:00+00:00,90.43671
2026-04-13 13:00:00+00:00,99.0332
2026-04-13 14:00:00+00:00,115.43185
2026-04-13 15:00:00+00:00,135.62048
2026-04-13 16:00:00+00:00,157.76814
2026-04-13 17:00:00+00:00,170.46533
2026-04-13 18:00:00+00:00,154.5425
2026-04-13 19:00:00+00:00,134.41353
2026-04-13 20:00:00+00:00,123.59018
2026-04-13 21:00:00+00:00,117.015
2026-04-13 22:00:00+00:00,110.701416
2026-04-13 23:00:00+00:00,106.802
2026-04-14 00:00:00+00:00,117.57908
2026-04-14 01:00:00+00:00,116.72638
2026-04-14 02:00:00+00:00,118.86055
2026-04-14 03:00:00+00:00,128.72499
2026-04-14 04:00:00+00:00,147.13382
2026-04-14 05:00:00+00:00,165.7521
2026-04-14 06:00:00+00:00,167.58237
2026-04-14 07:00:00+00:00,153.06042
2026-04-14 08:00:00+00:00,134.21187
2026-04-14 09:00:00+00:00,121.95924
2026-04-14 10:00:00+00:00,114.53517
2026-04-14 11:00:00+00:00,110.28178
2026-04-14 12:00:00+00:00,110.1364
2026-04-14 13:00:00+00:00,114.07056
2026-04-14 14:00:00+00:00,123.29471
2026-04-14 15:00:00+00:00,139.10243
2026-04-14 16:00:00+00:00,160.82355
2026-04-14 17:00:00+00:00,178.06299
2026-04-14 18:00:00+00:00,170.7499
2026-04-14 19:00:00+00:00,150.99463
2026-04-14 20:00:00+00:00,137.74461
2026-04-14 21:00:00+00:00,131.44205
2026-04-14 22:00:00+00:00,126.3404
2026-04-14 23:00:00+00:00,122.34504
2026-04-15 00:00:00+00:00,118.50756
2026-04-15 01:00:00+00:00,118.31382
2026-04-15 02:00:00+00:00,120.53444
2026-04-15 03:00:00+00:00,131.99956
2026-04-15 04:00:00+00:00,153.22421
2026-04-15 05:00:00+00:00,168.80936
2026-04-15 06:00:00+00:00,157.73535
2026-04-15 07:00:00+00:00,131.85944
2026-04-15 08:00:00+00:00,109.95923
2026-04-15 09:00:00+00:00,97.47325
2026-04-15 10:00:00+00:00,90.821976
2026-04-15 11:00:00+00:00,88.79479
2026-04-15 12:00:00+00:00,90.87144
2026-04-15 13:00:00+00:00,97.578575
2026-04-15 14:00:00+00:00,110.757965
2026-04-15 15:00:00+00:00,131.30206
2026-04-15 16:00:00+00:00,164.54295
2026-04-15 17:00:00+00:00,195.6502
2026-04-15 18:00:00+00:00,188.51245
2026-04-15 19:00:00+00:00,156.12982
2026-04-15 20:00:00+00:00,132.51273
2026-04-15 21:00:00+00:00,123.46682
2026-04-15 22:00:00+00:00,119.07417
2026-04-15 23:00:00+00:00,113.8434
2026-04-16 00:00:00+00:00,103.740036
2026-04-16 01:00:00+00:00,103.6396
2026-04-16 02:00:00+00:00,106.940895
2026-04-16 03:00:00+00:00,118.809364
2026-04-16 04:00:00+00:00,138.67685
2026-04-16 05:00:00+00:00,151.27003
2026-04-16 06:00:00+00:00,139.48048
2026-04-16 07:00:00+00:00,113.17865
2026-04-16 08:00:00+00:00,90.090324
2026-04-16 09:00:00+00:00,75.55084
2026-04-16 10:00:00+00:00,66.828995
2026-04-16 11:00:00+00:00,63.171604
2026-04-16 12:00:00+00:00,65.50388
2026-04-16 13:00:00+00:00,74.96733
2026-04-16 14:00:00+00:00,92.887924
2026-04-16 15:00:00+00:00,116.49266
2026-04-16 16:00:00+00:00,147.51584
2026-04-16 17:00:00+00:00,175.81877
2026-04-16 18:00:00+00:00,171.84665
2026-04-16 19:00:00+00:00,146.40637
2026-04-16 20:00:00+00:00,128.21004
2026-04-16 21:00:00+00:00,121.17398
2026-04-16 22:00:00+00:00,117.26544
2026-04-16 23:00:00+00:00,112.22514
2026-04-17 00:00:00+00:00,116.58061
2026-04-17 01:00:00+00:00,116.69687
2026-04-17 02:00:00+00:00,120.031296
2026-04-17 03:00:00+00:00,132.01624
2026-04-17 04:00:00+00:00,151.48882
2026-04-17 05:00:00+00:00,161.35959
2026-04-17 06:00:00+00:00,144.12187
2026-04-17 07:00:00+00:00,112.99161
2026-04-17 08:00:00+00:00,87.02019
2026-04-17 09:00:00+00:00,71.73094
2026-04-17 10:00:00+00:00,63.233894
2026-04-17 11:00:00+00:00,60.529438
2026-04-17 12:00:00+00:00,62.898094
2026-04-17 13:00:00+00:00,72.81477
2026-04-17 14:00:00+00:00,92.58081
2026-04-17 15:00:00+00:00,115.964035
2026-04-17 16:00:00+00:00,144.35811
2026-04-17 17:00:00+00:00,170.20709
2026-04-17 18:00:00+00:00,166.34216
2026-04-17 19:00:00+00:00,143.11473
2026-04-17 20:00:00+00:00,126.26189
2026-04-17 21:00:00+00:00,119.57925
2026-04-17 22:00:00+00:00,114.854034
2026-04-17 23:00:00+00:00,108.996666
2026-04-18 00:00:00+00:00,114.273895
2026-04-18 01:00:00+00:00,112.76782
2026-04-18 02:00:00+00:00,113.39159
2026-04-18 03:00:00+00:00,114.41322
2026-04-18 04:00:00+00:00,113.28883
2026-04-18 05:00:00+00:00,110.06428
2026-04-18 06:00:00+00:00,96.67421
2026-04-18 07:00:00+00:00,72.11142
2026-04-18 08:00:00+00:00,47.3584
2026-04-18 09:00:00+00:00,30.708282
2026-04-18 10:00:00+00:00,18.302696
2026-04-18 11:00:00+00:00,12.219326
2026-04-18 12:00:00+00:00,14.480797
2026-04-18 13:00:00+00:00,30.497696
2026-04-18 14:00:00+00:00,61.36086
2026-04-18 15:00:00+00:00,93.3715
2026-04-18 16:00:00+00:00,121.43333
2026-04-18 17:00:00+00:00,139.91454
2026-04-18 18:00:00+00:00,140.95352
2026-04-18 19:00:00+00:00,129.7585
2026-04-18 20:00:00+00:00,118.900314
2026-04-18 21:00:00+00:00,115.39891
2026-04-18 22:00:00+00:00,111.906906
2026-04-18 23:00:00+00:00,105.90333
2026-04-19 00:00:00+00:00,110.67807
2026-04-19 01:00:00+00:00,107.243774
2026-04-19 02:00:00+00:00,105.463554
2026-04-19 03:00:00+00:00,104.86286
2026-04-19 04:00:00+00:00,102.38783
2026-04-19 05:00:00+00:00,96.81378
2026-04-19 06:00:00+00:00,86.8986
2026-04-19 07:00:00+00:00,70.52509
2026-04-19 08:00:00+00:00,50.4738
2026-04-19 09:00:00+00:00,36.16079
2026-04-19 10:00:00+00:00,22.27741
2026-04-19 11:00:00+00:00,11.236612
2026-04-19 12:00:00+00:00,7.0001545
2026-04-19 13:00:00+00:00,18.657475
2026-04-19 14:00:00+00:00,43.873302
2026-04-19 15:00:00+00:00,73.128265
2026-04-19 16:00:00+00:00,96.74579
2026-04-19 17:00:00+00:00,114.15979
2026-04-19 18:00:00+00:00,122.960144
2026-04-19 19:00:00+00:00,119.65494
2026-04-19 20:00:00+00:00,110.99316
2026-04-19 21:00:00+00:00,102.55253
2026-04-19 22:00:00+00:00,96.06021
2026-04-19 23:00:00+00:00,90.26868
2026-04-20 00:00:00+00:00,98.8273
2026-04-20 01:00:00+00:00,98.15002
2026-04-20 02:00:00+00:00,101.208755
2026-04-20 03:00:00+00:00,113.96197
2026-04-20 04:00:00+00:00,134.28506
2026-04-20 05:00:00+00:00,146.69162
2026-04-20 06:00:00+00:00,141.57414
2026-04-20 07:00:00+00:00,118.708725
2026-04-20 08:00:00+00:00,96.315384
2026-04-20 09:00:00+00:00,80.319405
2026-04-20 10:00:00+00:00,69.70588
2026-04-20 11:00:00+00:00,62.122437
2026-04-20 12:00:00+00:00,61.48064
2026-04-20 13:00:00+00:00,68.9581
2026-04-20 14:00:00+00:00,83.98311
2026-04-20 15:00:00+00:00,105.66076
2026-04-20 16:00:00+00:00,132.6179
2026-04-20 17:00:00+00:00,153.61961
2026-04-20 18:00:00+00:00,146.84557
2026-04-20 19:00:00+00:00,126.737656
2026-04-20 20:00:00+00:00,113.13309
2026-04-20 21:00:00+00:00,105.116425
2026-04-20 22:00:00+00:00,98.86276
2026-04-20 23:00:00+00:00,94.12667
2026-04-21 00:00:00+00:00,97.76234
2026-04-21 01:00:00+00:00,97.788315
2026-04-21 02:00:00+00:00,101.11351
2026-04-21 03:00:00+00:00,112.1175
2026-04-21 04:00:00+00:00,129.52615
2026-04-21 05:00:00+00:00,138.56775
2026-04-21 06:00:00+00:00,127.60049
2026-04-21 07:00:00+00:00,103.0539
2026-04-21 08:00:00+00:00,80.73057
2026-04-21 09:00:00+00:00,65.356766
2026-04-21 10:00:00+00:00,56.431946
2026-04-21 11:00:00+00:00,52.87285
2026-04-21 12:00:00+00:00,55.807625
2026-04-21 13:00:00+00:00,66.61593
2026-04-21 14:00:00+00:00,85.64355
2026-04-21 15:00:00+00:00,110.5404
2026-04-21 16:00:00+00:00,134.8983
2026-04-21 17:00:00+00:00,151.95868
2026-04-21 18:00:00+00:00,147.10117
2026-04-21 19:00:00+00:00,130.20038
2026-04-21 20:00:00+00:00,117.625
2026-04-21 21:00:00+00:00,111.69902
2026-04-21 22:00:00+00:00,107.32638
2026-04-21 23:00:00+00:00,101.70224
2026-04-22 00:00:00+00:00,101.579315
2026-04-22 01:00:00+00:00,102.71056
2026-04-22 02:00:00+00:00,106.376076
2026-04-22 03:00:00+00:00,116.33471
2026-04-22 04:00:00+00:00,129.10168
2026-04-22 05:00:00+00:00,129.5814
2026-04-22 06:00:00+00:00,104.803055
2026-04-22 07:00:00+00:00,64.316765
2026-04-22 08:00:00+00:00,27.959412
2026-04-22 09:00:00+00:00,4.284931
2026-04-22 10:00:00+00:00,-8.141502
2026-04-22 11:00:00+00:00,-13.195061
2026-04-22 12:00:00+00:00,-10.863611
2026-04-22 13:00:00+00:00,5.347952
2026-04-22 14:00:00+00:00,39.65993
2026-04-22 15:00:00+00:00,79.07696
2026-04-22 16:00:00+00:00,111.123344
2026-04-22 17:00:00+00:00,136.13937
2026-04-22 18:00:00+00:00,136.34393
2026-04-22 19:00:00+00:00,117.98144
2026-04-22 20:00:00+00:00,103.56891
2026-04-22 21:00:00+00:00,99.80493
2026-04-22 22:00:00+00:00,95.54583
2026-04-22 23:00:00+00:00,89.1393
2026-04-23 00:00:00+00:00,95.27054
2026-04-23 01:00:00+00:00,96.38205
2026-04-23 02:00:00+00:00,100.688896
2026-04-23 03:00:00+00:00,111.840034
2026-04-23 04:00:00+00:00,126.0107
2026-04-23 05:00:00+00:00,126.57007
2026-04-23 06:00:00+00:00,100.44134
2026-04-23 07:00:00+00:00,59.116547
2026-04-23 08:00:00+00:00,23.706827
2026-04-23 09:00:00+00:00,0.05098164
2026-04-23 10:00:00+00:00,-13.22975
2026-04-23 11:00:00+00:00,-17.671873
2026-04-23 12:00:00+00:00,-13.620295
2026-04-23 13:00:00+00:00,2.082323
2026-04-23 14:00:00+00:00,35.754055
2026-04-23 15:00:00+00:00,74.8151
2026-04-23 16:00:00+00:00,110.14873
2026-04-23 17:00:00+00:00,139.42657
2026-04-23 18:00:00+00:00,138.35422
2026-04-23 19:00:00+00:00,114.24192
2026-04-23 20:00:00+00:00,98.62306
2026-04-23 21:00:00+00:00,95.70566
2026-04-23 22:00:00+00:00,91.6877
2026-04-23 23:00:00+00:00,85.90703
2026-04-24 00:00:00+00:00,94.69336
2026-04-24 01:00:00+00:00,96.784065
2026-04-24 02:00:00+00:00,101.379456
2026-04-24 03:00:00+00:00,113.091606
2026-04-24 04:00:00+00:00,128.41782
2026-04-24 05:00:00+00:00,129.60406
2026-04-24 06:00:00+00:00,102.54342
2026-04-24 07:00:00+00:00,59.024338
2026-04-24 08:00:00+00:00,20.868008
2026-04-24 09:00:00+00:00,-4.197447
2026-04-24 10:00:00+00:00,-18.86445
2026-04-24 11:00:00+00:00,-23.15358
2026-04-24 12:00:00+00:00,-18.214682
2026-04-24 13:00:00+00:00,-1.2324047
2026-04-24 14:00:00+00:00,35.435703
2026-04-24 15:00:00+00:00,77.14911
2026-04-24 16:00:00+00:00,113.67457
2026-04-24 17:00:00+00:00,145.66089
2026-04-24 18:00:00+00:00,146.41449
2026-04-24 19:00:00+00:00,120.34778
2026-04-24 20:00:00+00:00,102.97339
2026-04-24 21:00:00+00:00,100.531075
2026-04-24 22:00:00+00:00,96.28412
2026-04-24 23:00:00+00:00,90.45013
2026-04-25 00:00:00+00:00,94.782585
2026-04-25 01:00:00+00:00,92.494606
2026-04-25 02:00:00+00:00,91.51849
2026-04-25 03:00:00+00:00,89.45329
2026-04-25 04:00:00+00:00,83.910515
2026-04-25 05:00:00+00:00,74.65236
2026-04-25 06:00:00+00:00,53.82391
2026-04-25 07:00:00+00:00,21.343437
2026-04-25 08:00:00+00:00,-10.273304
2026-04-25 09:00:00+00:00,-29.968513
2026-04-25 10:00:00+00:00,-45.248005
2026-04-25 11:00:00+00:00,-52.683388
2026-04-25 12:00:00+00:00,-49.800632
2026-04-25 13:00:00+00:00,-34.71013
2026-04-25 14:00:00+00:00,1.11409
2026-04-25 15:00:00+00:00,41.630295
2026-04-25 16:00:00+00:00,73.36355
2026-04-25 17:00:00+00:00,90.71901
2026-04-25 18:00:00+00:00,100.65471
2026-04-25 19:00:00+00:00,98.82921
2026-04-25 20:00:00+00:00,91.485565
2026-04-25 21:00:00+00:00,88.97831
2026-04-25 22:00:00+00:00,84.3605
2026-04-25 23:00:00+00:00,77.92193
2026-04-26 00:00:00+00:00,78.08496
2026-04-26 01:00:00+00:00,79.88228
2026-04-26 02:00:00+00:00,87.050186
2026-04-26 03:00:00+00:00,93.48694
2026-04-26 04:00:00+00:00,89.40799
2026-04-26 05:00:00+00:00,81.58778
2026-04-26 06:00:00+00:00,52.63051
2026-04-26 07:00:00+00:00,14.776969
2026-04-26 08:00:00+00:00,-21.925634
2026-04-26 09:00:00+00:00,-42.07779
2026-04-26 10:00:00+00:00,-59.459545
2026-04-26 11:00:00+00:00,-67.143936
2026-04-26 12:00:00+00:00,-61.082954
2026-04-26 13:00:00+00:00,-38.664963
2026-04-26 14:00:00+00:00,19.557491
2026-04-26 15:00:00+00:00,76.86487
2026-04-26 16:00:00+00:00,107.22599
2026-04-26 17:00:00+00:00,116.05147
2026-04-26 18:00:00+00:00,117.86228
2026-04-26 19:00:00+00:00,112.23325
2026-04-26 20:00:00+00:00,104.63422
2026-04-26 21:00:00+00:00,100.596436
2026-04-26 22:00:00+00:00,89.96951
2026-04-26 23:00:00+00:00,83.79755
2026-04-27 00:00:00+00:00,96.7949
2026-04-27 01:00:00+00:00,103.08994
2026-04-27 02:00:00+00:00,124.36339
2026-04-27 03:00:00+00:00,161.83347
2026-04-27 04:00:00+00:00,192.52548
2026-04-27 05:00:00+00:00,205.48772
2026-04-27 06:00:00+00:00,185.25232
2026-04-27 07:00:00+00:00,141.89038
2026-04-27 08:00:00+00:00,108.00229
2026-04-27 09:00:00+00:00,75.20079
2026-04-27 10:00:00+00:00,42.16902
2026-04-27 11:00:00+00:00,29.907661
2026-04-27 12:00:00+00:00,39.539146
2026-04-27 13:00:00+00:00,75.533966
2026-04-27 14:00:00+00:00,155.34229
2026-04-27 15:00:00+00:00,202.92383
2026-04-27 16:00:00+00:00,222.98663
2026-04-27 17:00:00+00:00,211.94951
2026-04-27 18:00:00+00:00,180.4992
2026-04-27 19:00:00+00:00,151.63121
2026-04-27 20:00:00+00:00,143.43134
2026-04-27 21:00:00+00:00,130.88379
2026-04-27 22:00:00+00:00,106.37361
2026-04-27 23:00:00+00:00,98.74626
2026-04-28 00:00:00+00:00,107.4451
2026-04-28 01:00:00+00:00,107.79285
2026-04-28 02:00:00+00:00,111.14876
2026-04-28 03:00:00+00:00,121.95782
2026-04-28 04:00:00+00:00,135.33298
2026-04-28 05:00:00+00:00,135.78038
2026-04-28 06:00:00+00:00,112.48665
2026-04-28 07:00:00+00:00,75.52269
2026-04-28 08:00:00+00:00,41.879753
2026-04-28 09:00:00+00:00,18.704247
2026-04-28 10:00:00+00:00,5.2185802
2026-04-28 11:00:00+00:00,-0.14825225
2026-04-28 12:00:00+00:00,2.5660744
2026-04-28 13:00:00+00:00,18.257263
2026-04-28 14:00:00+00:00,50.982338
2026-04-28 15:00:00+00:00,88.41946
2026-04-28 16:00:00+00:00,122.59628
2026-04-28 17:00:00+00:00,152.15746
2026-04-28 18:00:00+00:00,151.76035
2026-04-28 19:00:00+00:00,126.61798
2026-04-28 20:00:00+00:00,109.45885
2026-04-28 21:00:00+00:00,104.71405
2026-04-28 22:00:00+00:00,100.546295
2026-04-28 23:00:00+00:00,93.96864
2026-04-29 00:00:00+00:00,94.195435
2026-04-29 01:00:00+00:00,96.27902
2026-04-29 02:00:00+00:00,101.39028
2026-04-29 03:00:00+00:00,113.78532
2026-04-29 04:00:00+00:00,129.86783
2026-04-29 05:00:00+00:00,131.73105
2026-04-29 06:00:00+00:00,105.55944
2026-04-29 07:00:00+00:00,63.292065
2026-04-29 08:00:00+00:00,28.096796
2026-04-29 09:00:00+00:00,5.3992004
2026-04-29 10:00:00+00:00,-7.497923
2026-04-29 11:00:00+00:00,-11.855654
2026-04-29 12:00:00+00:00,-8.309221
2026-04-29 13:00:00+00:00,6.894474
2026-04-29 14:00:00+00:00,39.350784
2026-04-29 15:00:00+00:00,77.71518
2026-04-29 16:00:00+00:00,110.55537
2026-04-29 17:00:00+00:00,139.67107
2026-04-29 18:00:00+00:00,141.22845
2026-04-29 19:00:00+00:00,119.27472
2026-04-29 20:00:00+00:00,102.6362
2026-04-29 21:00:00+00:00,98.772736
2026-04-29 22:00:00+00:00,94.4257
2026-04-29 23:00:00+00:00,88.65373
2026-04-30 00:00:00+00:00,95.34422
2026-04-30 01:00:00+00:00,97.73062
2026-04-30 02:00:00+00:00,102.66826
2026-04-30 03:00:00+00:00,113.58065
2026-04-30 04:00:00+00:00,125.27833
2026-04-30 05:00:00+00:00,120.35521
2026-04-30 06:00:00+00:00,85.25134
2026-04-30 07:00:00+00:00,35.633747
2026-04-30 08:00:00+00:00,-5.0749493
2026-04-30 09:00:00+00:00,-30.15746
2026-04-30 10:00:00+00:00,-44.2927
2026-04-30 11:00:00+00:00,-48.282063
2026-04-30 12:00:00+00:00,-43.292603
2026-04-30 13:00:00+00:00,-24.389763
2026-04-30 14:00:00+00:00,18.316072
2026-04-30 15:00:00+00:00,66.262566
2026-04-30 16:00:00+00:00,106.20817
2026-04-30 17:00:00+00:00,140.4411
2026-04-30 18:00:00+00:00,144.53067
2026-04-30 19:00:00+00:00,121.03443
2026-04-30 20:00:00+00:00,103.60552
2026-04-30 21:00:00+00:00,100.93375
2026-04-30 22:00:00+00:00,96.13234
2026-04-30 23:00:00+00:00,89.27191
2026-05-01 00:00:00+00:00,96.81912
2026-05-01 01:00:00+00:00,96.97135
2026-05-01 02:00:00+00:00,98.02999
2026-05-01 03:00:00+00:00,98.41342
2026-05-01 04:00:00+00:00,91.90966
2026-05-01 05:00:00+00:00,74.41784
2026-05-01 06:00:00+00:00,40.744656
2026-05-01 07:00:00+00:00,0.90120125
2026-05-01 08:00:00+00:00,-31.8419
2026-05-01 09:00:00+00:00,-49.815056
2026-05-01 10:00:00+00:00,-62.263542
2026-05-01 11:00:00+00:00,-66.19298
2026-05-01 12:00:00+00:00,-60.949097
2026-05-01 13:00:00+00:00,-42.616535
2026-05-01 14:00:00+00:00,-0.45892143
2026-05-01 15:00:00+00:00,46.659313
2026-05-01 16:00:00+00:00,89.52406
2026-05-01 17:00:00+00:00,123.964966
2026-05-01 18:00:00+00:00,134.03069
2026-05-01 19:00:00+00:00,117.06655
2026-05-01 20:00:00+00:00,99.47493
2026-05-01 21:00:00+00:00,95.66292
2026-05-01 22:00:00+00:00,91.3741
2026-05-01 23:00:00+00:00,84.00652
2026-05-02 00:00:00+00:00,85.57993
2026-05-02 01:00:00+00:00,87.67484
2026-05-02 02:00:00+00:00,103.81257
2026-05-02 03:00:00+00:00,123.58122
2026-05-02 04:00:00+00:00,120.566315
2026-05-02 05:00:00+00:00,110.848236
2026-05-02 06:00:00+00:00,80.21927
2026-05-02 07:00:00+00:00,38.83368
2026-05-02 08:00:00+00:00,-9.504559
2026-05-02 09:00:00+00:00,-53.683548
2026-05-02 10:00:00+00:00,-105.079216
2026-05-02 11:00:00+00:00,-130.79614
2026-05-02 12:00:00+00:00,-115.7124
2026-05-02 13:00:00+00:00,-57.760143
2026-05-02 14:00:00+00:00,66.2122
2026-05-02 15:00:00+00:00,143.00584
2026-05-02 16:00:00+00:00,160.38884
2026-05-02 17:00:00+00:00,146.70667
2026-05-02 18:00:00+00:00,151.24062
2026-05-02 19:00:00+00:00,145.89763
2026-05-02 20:00:00+00:00,141.0023
2026-05-02 21:00:00+00:00,123.77415
2026-05-02 22:00:00+00:00,96.51128
2026-05-02 23:00:00+00:00,91.266235
2026-05-03 00:00:00+00:00,111.20873
2026-05-03 01:00:00+00:00,110.05259
2026-05-03 02:00:00+00:00,109.35947
2026-05-03 03:00:00+00:00,107.21479
2026-05-03 04:00:00+00:00,93.71129
2026-05-03 05:00:00+00:00,73.39379
2026-05-03 06:00:00+00:00,44.64983
2026-05-03 07:00:00+00:00,15.329601
2026-05-03 08:00:00+00:00,-8.653021
2026-05-03 09:00:00+00:00,-24.12152
2026-05-03 10:00:00+00:00,-42.48709
2026-05-03 11:00:00+00:00,-49.644733
2026-05-03 12:00:00+00:00,-44.68551
2026-05-03 13:00:00+00:00,-19.658052
2026-05-03 14:00:00+00:00,29.315025
2026-05-03 15:00:00+00:00,75.54535
2026-05-03 16:00:00+00:00,114.30759
2026-05-03 17:00:00+00:00,146.86172
2026-05-03 18:00:00+00:00,154.15085
2026-05-03 19:00:00+00:00,134.11276
2026-05-03 20:00:00+00:00,117.63542
2026-05-03 21:00:00+00:00,110.476494
2026-05-03 22:00:00+00:00,102.68187
2026-05-03 23:00:00+00:00,97.03303
2026-05-04 00:00:00+00:00,107.53926
2026-05-04 01:00:00+00:00,109.14141
2026-05-04 02:00:00+00:00,114.79637
2026-05-04 03:00:00+00:00,131.86691
2026-05-04 04:00:00+00:00,157.63849
2026-05-04 05:00:00+00:00,168.98691
2026-05-04 06:00:00+00:00,153.19392
2026-05-04 07:00:00+00:00,123.74282
2026-05-04 08:00:00+00:00,103.18732
2026-05-04 09:00:00+00:00,93.09883
2026-05-04 10:00:00+00:00,87.81116
2026-05-04 11:00:00+00:00,87.80927
2026-05-04 12:00:00+00:00,91.680984
2026-05-04 13:00:00+00:00,99.4571
2026-05-04 14:00:00+00:00,117.041855
2026-05-04 15:00:00+00:00,141.93777
2026-05-04 16:00:00+00:00,180.01933
2026-05-04 17:00:00+00:00,212.8729
2026-05-04 18:00:00+00:00,198.19495
2026-05-04 19:00:00+00:00,162.78574
2026-05-04 20:00:00+00:00,141.36176
2026-05-04 21:00:00+00:00,130.78726
2026-05-04 22:00:00+00:00,123.640366
2026-05-04 23:00:00+00:00,118.18738
2026-05-05 00:00:00+00:00,127.30719
2026-05-05 01:00:00+00:00,127.33618
2026-05-05 02:00:00+00:00,129.89415
2026-05-05 03:00:00+00:00,142.18936
2026-05-05 04:00:00+00:00,161.02347
2026-05-05 05:00:00+00:00,169.75334
2026-05-05 06:00:00+00:00,156.82503
2026-05-05 07:00:00+00:00,132.5672
2026-05-05 08:00:00+00:00,112.32275
2026-05-05 09:00:00+00:00,101.73932
2026-05-05 10:00:00+00:00,96.6154
2026-05-05 11:00:00+00:00,95.73699
2026-05-05 12:00:00+00:00,97.71614
2026-05-05 13:00:00+00:00,103.439255
2026-05-05 14:00:00+00:00,116.68752
2026-05-05 15:00:00+00:00,135.23991
2026-05-05 16:00:00+00:00,169.03162
2026-05-05 17:00:00+00:00,207.63676
2026-05-05 18:00:00+00:00,202.68002
2026-05-05 19:00:00+00:00,162.80518
2026-05-05 20:00:00+00:00,135.63205
2026-05-05 21:00:00+00:00,125.13212
2026-05-05 22:00:00+00:00,121.253914
2026-05-05 23:00:00+00:00,115.21214
2026-05-06 00:00:00+00:00,116.19144
2026-05-06 01:00:00+00:00,114.87671
2026-05-06 02:00:00+00:00,116.74691
2026-05-06 03:00:00+00:00,126.60623
2026-05-06 04:00:00+00:00,142.8152
2026-05-06 05:00:00+00:00,153.56857
2026-05-06 06:00:00+00:00,147.15138
2026-05-06 07:00:00+00:00,129.97003
2026-05-06 08:00:00+00:00,114.96744
2026-05-06 09:00:00+00:00,106.43002
2026-05-06 10:00:00+00:00,101.44428
2026-05-06 11:00:00+00:00,98.63269
2026-05-06 12:00:00+00:00,99.193146
2026-05-06 13:00:00+00:00,104.389725
2026-05-06 14:00:00+00:00,113.65442
2026-05-06 15:00:00+00:00,127.150024
2026-05-06 16:00:00+00:00,147.54832
2026-05-06 17:00:00+00:00,166.82874
2026-05-06 18:00:00+00:00,164.62877
2026-05-06 19:00:00+00:00,147.13208
2026-05-06 20:00:00+00:00,133.94244
2026-05-06 21:00:00+00:00,126.9268
2026-05-06 22:00:00+00:00,122.679634
2026-05-06 23:00:00+00:00,117.596436
2026-05-07 00:00:00+00:00,118.34265
2026-05-07 01:00:00+00:00,118.02812
2026-05-07 02:00:00+00:00,120.78955
2026-05-07 03:00:00+00:00,131.97585
2026-05-07 04:00:00+00:00,150.6776
2026-05-07 05:00:00+00:00,162.89381
2026-05-07 06:00:00+00:00,157.03922
2026-05-07 07:00:00+00:00,139.41707
2026-05-07 08:00:00+00:00,123.90112
2026-05-07 09:00:00+00:00,115.450165
2026-05-07 10:00:00+00:00,110.24423
2026-05-07 11:00:00+00:00,107.6397
2026-05-07 12:00:00+00:00,107.44461
2026-05-07 13:00:00+00:00,111.30128
2026-05-07 14:00:00+00:00,119.87799
2026-05-07 15:00:00+00:00,133.32002
2026-05-07 16:00:00+00:00,153.97235
2026-05-07 17:00:00+00:00,174.6882
2026-05-07 18:00:00+00:00,175.27466
2026-05-07 19:00:00+00:00,159.7949
2026-05-07 20:00:00+00:00,145.74573
2026-05-07 21:00:00+00:00,136.97244
2026-05-07 22:00:00+00:00,131.88501
2026-05-07 23:00:00+00:00,125.86168
2026-05-08 00:00:00+00:00,123.12178
2026-05-08 01:00:00+00:00,122.868935
2026-05-08 02:00:00+00:00,125.64808
2026-05-08 03:00:00+00:00,137.7777
2026-05-08 04:00:00+00:00,157.03242
2026-05-08 05:00:00+00:00,165.8216
2026-05-08 06:00:00+00:00,150.87729
2026-05-08 07:00:00+00:00,124.948395
2026-05-08 08:00:00+00:00,104.6699
2026-05-08 09:00:00+00:00,94.08263
2026-05-08 10:00:00+00:00,87.8692
2026-05-08 11:00:00+00:00,84.37045
2026-05-08 12:00:00+00:00,84.62073
2026-05-08 13:00:00+00:00,90.44057
2026-05-08 14:00:00+00:00,102.4133
2026-05-08 15:00:00+00:00,120.242134
2026-05-08 16:00:00+00:00,146.88159
2026-05-08 17:00:00+00:00,175.06013
2026-05-08 18:00:00+00:00,179.69186
2026-05-08 19:00:00+00:00,159.51152
2026-05-08 20:00:00+00:00,139.08766
2026-05-08 21:00:00+00:00,128.03714
2026-05-08 22:00:00+00:00,122.50795
2026-05-08 23:00:00+00:00,115.35396
2026-05-09 00:00:00+00:00,125.728775
2026-05-09 01:00:00+00:00,124.94409
2026-05-09 02:00:00+00:00,125.49928
2026-05-09 03:00:00+00:00,125.68457
2026-05-09 04:00:00+00:00,122.14834
2026-05-09 05:00:00+00:00,116.944824
2026-05-09 06:00:00+00:00,103.13281
2026-05-09 07:00:00+00:00,79.65614
2026-05-09 08:00:00+00:00,56.088646
2026-05-09 09:00:00+00:00,40.38649
2026-05-09 10:00:00+00:00,28.707092
2026-05-09 11:00:00+00:00,21.737549
2026-05-09 12:00:00+00:00,23.88553
2026-05-09 13:00:00+00:00,39.757904
2026-05-09 14:00:00+00:00,70.06171
2026-05-09 15:00:00+00:00,99.466
2026-05-09 16:00:00+00:00,123.98033
2026-05-09 17:00:00+00:00,142.1034
2026-05-09 18:00:00+00:00,147.88182
2026-05-09 19:00:00+00:00,140.25853
2026-05-09 20:00:00+00:00,129.29753
2026-05-09 21:00:00+00:00,125.13925
2026-05-09 22:00:00+00:00,120.903946
2026-05-09 23:00:00+00:00,114.15266
2026-05-10 00:00:00+00:00,127.75165
2026-05-10 01:00:00+00:00,126.042206
2026-05-10 02:00:00+00:00,125.44098
2026-05-10 03:00:00+00:00,122.903625
2026-05-10 04:00:00+00:00,113.99773
2026-05-10 05:00:00+00:00,100.885124
2026-05-10 06:00:00+00:00,77.57283
2026-05-10 07:00:00+00:00,48.72326
2026-05-10 08:00:00+00:00,22.953627
2026-05-10 09:00:00+00:00,8.249847
2026-05-10 10:00:00+00:00,-5.1748276
2026-05-10 11:00:00+00:00,-13.371048
2026-05-10 12:00:00+00:00,-12.132252
2026-05-10 13:00:00+00:00,6.0691967
2026-05-10 14:00:00+00:00,44.49275
2026-05-10 15:00:00+00:00,83.503654
2026-05-10 16:00:00+00:00,113.54166
2026-05-10 17:00:00+00:00,135.06773
2026-05-10 18:00:00+00:00,143.9122
2026-05-10 19:00:00+00:00,140.0519
2026-05-10 20:00:00+00:00,131.77617
2026-05-10 21:00:00+00:00,126.71594
2026-05-10 22:00:00+00:00,119.467766
2026-05-10 23:00:00+00:00,113.76195
2026-05-11 00:00:00+00:00,109.50177
2026-05-11 01:00:00+00:00,110.10793
2026-05-11 02:00:00+00:00,113.377235
2026-05-11 03:00:00+00:00,126.87857
2026-05-11 04:00:00+00:00,147.4148
2026-05-11 05:00:00+00:00,155.9304
2026-05-11 06:00:00+00:00,146.0233
2026-05-11 07:00:00+00:00,123.32398
2026-05-11 08:00:00+00:00,108.0641
2026-05-11 09:00:00+00:00,97.62298
2026-05-11 10:00:00+00:00,88.48257
2026-05-11 11:00:00+00:00,83.66149
2026-05-11 12:00:00+00:00,82.9709
2026-05-11 13:00:00+00:00,87.70981
2026-05-11 14:00:00+00:00,96.32626
2026-05-11 15:00:00+00:00,110.15976
2026-05-11 16:00:00+00:00,129.19637
2026-05-11 17:00:00+00:00,147.44505
2026-05-11 18:00:00+00:00,143.78958
2026-05-11 19:00:00+00:00,125.41084
2026-05-11 20:00:00+00:00,112.982864
2026-05-11 21:00:00+00:00,104.16295
2026-05-11 22:00:00+00:00,98.30548
2026-05-11 23:00:00+00:00,92.74653
2026-05-12 00:00:00+00:00,94.41898
2026-05-12 01:00:00+00:00,93.3127
2026-05-12 02:00:00+00:00,95.36749
2026-05-12 03:00:00+00:00,103.97694
2026-05-12 04:00:00+00:00,117.44063
2026-05-12 05:00:00+00:00,125.52066
2026-05-12 06:00:00+00:00,120.566154
2026-05-12 07:00:00+00:00,105.80916
2026-05-12 08:00:00+00:00,91.56336
2026-05-12 09:00:00+00:00,82.953094
2026-05-12 10:00:00+00:00,77.37489
2026-05-12 11:00:00+00:00,73.163284
2026-05-12 12:00:00+00:00,73.39297
2026-05-12 13:00:00+00:00,79.20809
2026-05-12 14:00:00+00:00,88.35766
2026-05-12 15:00:00+00:00,103.14904
2026-05-12 16:00:00+00:00,121.64479
2026-05-12 17:00:00+00:00,137.53777
2026-05-12 18:00:00+00:00,139.2028
2026-05-12 19:00:00+00:00,127.698814
2026-05-12 20:00:00+00:00,115.30744
2026-05-12 21:00:00+00:00,107.58014
2026-05-12 22:00:00+00:00,103.48394
2026-05-12 23:00:00+00:00,97.597496
2026-05-13 00:00:00+00:00,103.93703
2026-05-13 01:00:00+00:00,103.190994
2026-05-13 02:00:00+00:00,106.074615
2026-05-13 03:00:00+00:00,117.09165
2026-05-13 04:00:00+00:00,134.57562
2026-05-13 05:00:00+00:00,142.55728
2026-05-13 06:00:00+00:00,131.46495
2026-05-13 07:00:00+00:00,108.410576
2026-05-13 08:00:00+00:00,89.778854
2026-05-13 09:00:00+00:00,78.0935
2026-05-13 10:00:00+00:00,70.9072
2026-05-13 11:00:00+00:00,67.50935
2026-05-13 12:00:00+00:00,69.86194
2026-05-13 13:00:00+00:00,78.64131
2026-05-13 14:00:00+00:00,93.786835
2026-05-13 15:00:00+00:00,112.93198
2026-05-13 16:00:00+00:00,136.32019
2026-05-13 17:00:00+00:00,158.46158
2026-05-13 18:00:00+00:00,159.84618
2026-05-13 19:00:00+00:00,143.50134
2026-05-13 20:00:00+00:00,129.26859
2026-05-13 21:00:00+00:00,121.14211
2026-05-13 22:00:00+00:00,115.228424
2026-05-13 23:00:00+00:00,108.36595
2026-05-14 00:00:00+00:00,119.69554
2026-05-14 01:00:00+00:00,118.23476
2026-05-14 02:00:00+00:00,117.73185
2026-05-14 03:00:00+00:00,116.68777
2026-05-14 04:00:00+00:00,113.33759
2026-05-14 05:00:00+00:00,108.77002
2026-05-14 06:00:00+00:00,98.58989
2026-05-14 07:00:00+00:00,78.51547
2026-05-14 08:00:00+00:00,58.832127
2026-05-14 09:00:00+00:00,46.49135
2026-05-14 10:00:00+00:00,37.076225
2026-05-14 11:00:00+00:00,31.074814
2026-05-14 12:00:00+00:00,31.389275
2026-05-14 13:00:00+00:00,45.414696
2026-05-14 14:00:00+00:00,71.35667
2026-05-14 15:00:00+00:00,99.68389
2026-05-14 16:00:00+00:00,129.53084
2026-05-14 17:00:00+00:00,153.22256
2026-05-14 18:00:00+00:00,163.61041
2026-05-14 19:00:00+00:00,155.4848
2026-05-14 20:00:00+00:00,141.63599
2026-05-14 21:00:00+00:00,135.32858
2026-05-14 22:00:00+00:00,132.79298
2026-05-14 23:00:00+00:00,126.03944
2026-05-15 00:00:00+00:00,129.15231
2026-05-15 01:00:00+00:00,128.5431
2026-05-15 02:00:00+00:00,130.99667
2026-05-15 03:00:00+00:00,141.3195
2026-05-15 04:00:00+00:00,156.6502
2026-05-15 05:00:00+00:00,163.19946
2026-05-15 06:00:00+00:00,151.2982
2026-05-15 07:00:00+00:00,125.51337
2026-05-15 08:00:00+00:00,102.42667
2026-05-15 09:00:00+00:00,88.43541
2026-05-15 10:00:00+00:00,77.41964
2026-05-15 11:00:00+00:00,69.482285
2026-05-15 12:00:00+00:00,68.69177
2026-05-15 13:00:00+00:00,77.911514
2026-05-15 14:00:00+00:00,97.76326
2026-05-15 15:00:00+00:00,119.43579
2026-05-15 16:00:00+00:00,143.27095
2026-05-15 17:00:00+00:00,165.63971
2026-05-15 18:00:00+00:00,168.22977
2026-05-15 19:00:00+00:00,153.21428
2026-05-15 20:00:00+00:00,138.72838
2026-05-15 21:00:00+00:00,129.91515
2026-05-15 22:00:00+00:00,122.43829
2026-05-15 23:00:00+00:00,115.80061
2026-05-16 00:00:00+00:00,121.52644
2026-05-16 01:00:00+00:00,118.78254
2026-05-16 02:00:00+00:00,117.70155
2026-05-16 03:00:00+00:00,115.411674
2026-05-16 04:00:00+00:00,108.346756
2026-05-16 05:00:00+00:00,98.63995
2026-05-16 06:00:00+00:00,85.10959
2026-05-16 07:00:00+00:00,64.61687
2026-05-16 08:00:00+00:00,42.53158
2026-05-16 09:00:00+00:00,28.131111
2026-05-16 10:00:00+00:00,16.081068
2026-05-16 11:00:00+00:00,6.583788
2026-05-16 12:00:00+00:00,6.4914703
2026-05-16 13:00:00+00:00,22.108248
2026-05-16 14:00:00+00:00,52.01015
2026-05-16 15:00:00+00:00,83.82432
2026-05-16 16:00:00+00:00,111.51769
2026-05-16 17:00:00+00:00,134.48544
2026-05-16 18:00:00+00:00,148.92584
2026-05-16 19:00:00+00:00,146.40665
2026-05-16 20:00:00+00:00,136.93282
2026-05-16 21:00:00+00:00,130.4613
2026-05-16 22:00:00+00:00,124.567245
2026-05-16 23:00:00+00:00,117.25497
2026-05-17 00:00:00+00:00,114.55194
2026-05-17 01:00:00+00:00,113.50158
2026-05-17 02:00:00+00:00,112.8371
2026-05-17 03:00:00+00:00,109.688965
2026-05-17 04:00:00+00:00,99.28952
2026-05-17 05:00:00+00:00,82.28088
2026-05-17 06:00:00+00:00,57.659714
2026-05-17 07:00:00+00:00,29.690874
2026-05-17 08:00:00+00:00,8.055923
2026-05-17 09:00:00+00:00,-1.445545
2026-05-17 10:00:00+00:00,-10.799524
2026-05-17 11:00:00+00:00,-16.77305
2026-05-17 12:00:00+00:00,-14.22847
2026-05-17 13:00:00+00:00,3.6960487
2026-05-17 14:00:00+00:00,39.09816
2026-05-17 15:00:00+00:00,77.31486
2026-05-17 16:00:00+00:00,112.73961
2026-05-17 17:00:00+00:00,142.3472
2026-05-17 18:00:00+00:00,153.59428
2026-05-17 19:00:00+00:00,145.76213
2026-05-17 20:00:00+00:00,133.07788
2026-05-17 21:00:00+00:00,125.105385
2026-05-17 22:00:00+00:00,118.06952
2026-05-17 23:00:00+00:00,111.432175
2026-05-18 00:00:00+00:00,124.70497
2026-05-18 01:00:00+00:00,125.7692
2026-05-18 02:00:00+00:00,130.1443
2026-05-18 03:00:00+00:00,145.6239
2026-05-18 04:00:00+00:00,167.58028
2026-05-18 05:00:00+00:00,173.47104
2026-05-18 06:00:00+00:00,158.23758
2026-05-18 07:00:00+00:00,131.30203
2026-05-18 08:00:00+00:00,114.26997
2026-05-18 09:00:00+00:00,107.52202
2026-05-18 10:00:00+00:00,102.51649
2026-05-18 11:00:00+00:00,102.48472
2026-05-18 12:00:00+00:00,104.92785
2026-05-18 13:00:00+00:00,112.75926
2026-05-18 14:00:00+00:00,127.7289
2026-05-18 15:00:00+00:00,148.34615
2026-05-18 16:00:00+00:00,183.58461
2026-05-18 17:00:00+00:00,218.78082
2026-05-18 18:00:00+00:00,213.71634
2026-05-18 19:00:00+00:00,182.6099
2026-05-18 20:00:00+00:00,159.06303
2026-05-18 21:00:00+00:00,145.55948
2026-05-18 22:00:00+00:00,137.0867
2026-05-18 23:00:00+00:00,129.35884
2026-05-19 00:00:00+00:00,141.88579
2026-05-19 01:00:00+00:00,141.72543
2026-05-19 02:00:00+00:00,143.65907
2026-05-19 03:00:00+00:00,154.29858
2026-05-19 04:00:00+00:00,169.98727
2026-05-19 05:00:00+00:00,174.84653
2026-05-19 06:00:00+00:00,159.21007
2026-05-19 07:00:00+00:00,134.04921
2026-05-19 08:00:00+00:00,114.47441
2026-05-19 09:00:00+00:00,104.53607
2026-05-19 10:00:00+00:00,100.408554
2026-05-19 11:00:00+00:00,99.022575
2026-05-19 12:00:00+00:00,100.51791
2026-05-19 13:00:00+00:00,106.13616
2026-05-19 14:00:00+00:00,119.27231
2026-05-19 15:00:00+00:00,135.80579
2026-05-19 16:00:00+00:00,165.42365
2026-05-19 17:00:00+00:00,202.43134
2026-05-19 18:00:00+00:00,209.3426
2026-05-19 19:00:00+00:00,180.32076
2026-05-19 20:00:00+00:00,153.70848
2026-05-19 21:00:00+00:00,140.18246
2026-05-19 22:00:00+00:00,133.58826
2026-05-19 23:00:00+00:00,125.20048
2026-05-20 00:00:00+00:00,115.887115
2026-05-20 01:00:00+00:00,114.89661
2026-05-20 02:00:00+00:00,117.467964
2026-05-20 03:00:00+00:00,129.32193
2026-05-20 04:00:00+00:00,145.95345
2026-05-20 05:00:00+00:00,152.24887
2026-05-20 06:00:00+00:00,140.76244
2026-05-20 07:00:00+00:00,119.75525
2026-05-20 08:00:00+00:00,103.425125
2026-05-20 09:00:00+00:00,93.34839
2026-05-20 10:00:00+00:00,87.0883
2026-05-20 11:00:00+00:00,81.98353
2026-05-20 12:00:00+00:00,82.45258
2026-05-20 13:00:00+00:00,88.89963
2026-05-20 14:00:00+00:00,102.00047
2026-05-20 15:00:00+00:00,119.78123
2026-05-20 16:00:00+00:00,145.46475
2026-05-20 17:00:00+00:00,173.55505
2026-05-20 18:00:00+00:00,179.42517
2026-05-20 19:00:00+00:00,161.75076
2026-05-20 20:00:00+00:00,144.72696
2026-05-20 21:00:00+00:00,133.85452
2026-05-20 22:00:00+00:00,128.38535
2026-05-20 23:00:00+00:00,120.565155
2026-05-21 00:00:00+00:00,120.530174
2026-05-21 01:00:00+00:00,120.394684
2026-05-21 02:00:00+00:00,124.31352
2026-05-21 03:00:00+00:00,136.58481
2026-05-21 04:00:00+00:00,152.69983
2026-05-21 05:00:00+00:00,155.8767
2026-05-21 06:00:00+00:00,137.60185
2026-05-21 07:00:00+00:00,108.06546
2026-05-21 08:00:00+00:00,83.52611
2026-05-21 09:00:00+00:00,69.2018
2026-05-21 10:00:00+00:00,60.733025
2026-05-21 11:00:00+00:00,55.139465
2026-05-21 12:00:00+00:00,55.215157
2026-05-21 13:00:00+00:00,66.435585
2026-05-21 14:00:00+00:00,89.62559
2026-05-21 15:00:00+00:00,118.586784
2026-05-21 16:00:00+00:00,149.78822
2026-05-21 17:00:00+00:00,178.9599
2026-05-21 18:00:00+00:00,185.46469
2026-05-21 19:00:00+00:00,170.18747
2026-05-21 20:00:00+00:00,153.7274
2026-05-21 21:00:00+00:00,143.30165
2026-05-21 22:00:00+00:00,137.07022
2026-05-21 23:00:00+00:00,128.62592
2026-05-22 00:00:00+00:00,134.65805
2026-05-22 01:00:00+00:00,135.33464
2026-05-22 02:00:00+00:00,138.26318
2026-05-22 03:00:00+00:00,148.77605
2026-05-22 04:00:00+00:00,162.04364
2026-05-22 05:00:00+00:00,162.1663
2026-05-22 06:00:00+00:00,138.30458
2026-05-22 07:00:00+00:00,100.65831
2026-05-22 08:00:00+00:00,68.86431
2026-05-22 09:00:00+00:00,51.02079
2026-05-22 10:00:00+00:00,41.130413
2026-05-22 11:00:00+00:00,37.23586
2026-05-22 12:00:00+00:00,38.640694
2026-05-22 13:00:00+00:00,52.534225
2026-05-22 14:00:00+00:00,83.25197
2026-05-22 15:00:00+00:00,117.01697
2026-05-22 16:00:00+00:00,153.73396
2026-05-22 17:00:00+00:00,191.95335
2026-05-22 18:00:00+00:00,202.74332
2026-05-22 19:00:00+00:00,180.17154
2026-05-22 20:00:00+00:00,156.23114
2026-05-22 21:00:00+00:00,144.31024
2026-05-22 22:00:00+00:00,136.79158
2026-05-22 23:00:00+00:00,126.977684
2026-05-23 00:00:00+00:00,131.69405
2026-05-23 01:00:00+00:00,129.72714
2026-05-23 02:00:00+00:00,126.93759
2026-05-23 03:00:00+00:00,120.0459
2026-05-23 04:00:00+00:00,102.848526
2026-05-23 05:00:00+00:00,83.580925
2026-05-23 06:00:00+00:00,58.672295
2026-05-23 07:00:00+00:00,28.186155
2026-05-23 08:00:00+00:00,-1.460699
2026-05-23 09:00:00+00:00,-18.70595
2026-05-23 10:00:00+00:00,-32.90073
2026-05-23 11:00:00+00:00,-39.616013
2026-05-23 12:00:00+00:00,-35.979748
2026-05-23 13:00:00+00:00,-15.315195
2026-05-23 14:00:00+00:00,29.094398
2026-05-23 15:00:00+00:00,75.591736
2026-05-23 16:00:00+00:00,119.43397
2026-05-23 17:00:00+00:00,157.33209
2026-05-23 18:00:00+00:00,177.88972
2026-05-23 19:00:00+00:00,167.16261
2026-05-23 20:00:00+00:00,147.13918
2026-05-23 21:00:00+00:00,137.76556
2026-05-23 22:00:00+00:00,130.91849
2026-05-23 23:00:00+00:00,123.00923
2026-05-24 00:00:00+00:00,132.08173
2026-05-24 01:00:00+00:00,130.43639
2026-05-24 02:00:00+00:00,128.79892
2026-05-24 03:00:00+00:00,120.95454
2026-05-24 04:00:00+00:00,100.855194
2026-05-24 05:00:00+00:00,73.5352
2026-05-24 06:00:00+00:00,41.133194
2026-05-24 07:00:00+00:00,9.39971
2026-05-24 08:00:00+00:00,-15.492012
2026-05-24 09:00:00+00:00,-27.724863
2026-05-24 10:00:00+00:00,-41.89404
2026-05-24 11:00:00+00:00,-49.11706
2026-05-24 12:00:00+00:00,-45.768394
2026-05-24 13:00:00+00:00,-26.346283
2026-05-24 14:00:00+00:00,17.105108
2026-05-24 15:00:00+00:00,62.00586
2026-05-24 16:00:00+00:00,103.73275
2026-05-24 17:00:00+00:00,141.1756
2026-05-24 18:00:00+00:00,160.70012
2026-05-24 19:00:00+00:00,155.98976
2026-05-24 20:00:00+00:00,143.58876
2026-05-24 21:00:00+00:00,135.37518
2026-05-24 22:00:00+00:00,128.50993
2026-05-24 23:00:00+00:00,121.93748
2026-05-25 00:00:00+00:00,121.26201
2026-05-25 01:00:00+00:00,121.911736
2026-05-25 02:00:00+00:00,123.341606
2026-05-25 03:00:00+00:00,122.152985
2026-05-25 04:00:00+00:00,109.83456
2026-05-25 05:00:00+00:00,86.90595
2026-05-25 06:00:00+00:00,53.66086
2026-05-25 07:00:00+00:00,15.9281225
2026-05-25 08:00:00+00:00,-15.64761
2026-05-25 09:00:00+00:00,-31.412888
2026-05-25 10:00:00+00:00,-46.7999
2026-05-25 11:00:00+00:00,-53.600704
2026-05-25 12:00:00+00:00,-48.438625
2026-05-25 13:00:00+00:00,-26.014057
2026-05-25 14:00:00+00:00,22.339218
2026-05-25 15:00:00+00:00,70.91447
2026-05-25 16:00:00+00:00,114.78125
2026-05-25 17:00:00+00:00,153.98772
2026-05-25 18:00:00+00:00,167.06088
2026-05-25 19:00:00+00:00,151.98132
2026-05-25 20:00:00+00:00,135.53645
2026-05-25 21:00:00+00:00,126.3305
2026-05-25 22:00:00+00:00,118.33525
2026-05-25 23:00:00+00:00,111.037094
2026-05-26 00:00:00+00:00,119.62969
2026-05-26 01:00:00+00:00,121.63733
2026-05-26 02:00:00+00:00,126.71608
2026-05-26 03:00:00+00:00,142.81177
2026-05-26 04:00:00+00:00,163.30856
2026-05-26 05:00:00+00:00,163.69833
2026-05-26 06:00:00+00:00,135.22145
2026-05-26 07:00:00+00:00,93.31893
2026-05-26 08:00:00+00:00,63.747753
2026-05-26 09:00:00+00:00,48.002766
2026-05-26 10:00:00+00:00,36.32474
2026-05-26 11:00:00+00:00,33.068867
2026-05-26 12:00:00+00:00,34.963486
2026-05-26 13:00:00+00:00,48.258514
2026-05-26 14:00:00+00:00,78.29698
2026-05-26 15:00:00+00:00,114.79189
2026-05-26 16:00:00+00:00,161.43361
2026-05-26 17:00:00+00:00,206.62311
2026-05-26 18:00:00+00:00,207.70285
2026-05-26 19:00:00+00:00,169.78151
2026-05-26 20:00:00+00:00,140.50574
2026-05-26 21:00:00+00:00,126.54563
2026-05-26 22:00:00+00:00,118.6677
2026-05-26 23:00:00+00:00,108.93896
2026-05-27 00:00:00+00:00,120.894356
2026-05-27 01:00:00+00:00,122.31451
2026-05-27 02:00:00+00:00,125.39001
2026-05-27 03:00:00+00:00,135.83867
2026-05-27 04:00:00+00:00,147.91623
2026-05-27 05:00:00+00:00,145.65677
2026-05-27 06:00:00+00:00,115.24371
2026-05-27 07:00:00+00:00,72.54261
2026-05-27 08:00:00+00:00,36.177197
2026-05-27 09:00:00+00:00,14.942507
2026-05-27 10:00:00+00:00,4.375126
2026-05-27 11:00:00+00:00,1.0795176
2026-05-27 12:00:00+00:00,4.6430836
2026-05-27 13:00:00+00:00,18.737913
2026-05-27 14:00:00+00:00,54.833393
2026-05-27 15:00:00+00:00,97.119736
2026-05-27 16:00:00+00:00,143.47989
2026-05-27 17:00:00+00:00,190.35376
2026-05-27 18:00:00+00:00,197.8773
2026-05-27 19:00:00+00:00,165.80261
2026-05-27 20:00:00+00:00,140.9039
2026-05-27 21:00:00+00:00,133.7836
2026-05-27 22:00:00+00:00,128.19574
2026-05-27 23:00:00+00:00,120.29886
2026-05-28 00:00:00+00:00,120.54494
2026-05-28 01:00:00+00:00,123.745094
2026-05-28 02:00:00+00:00,128.64804
2026-05-28 03:00:00+00:00,140.47311
2026-05-28 04:00:00+00:00,153.84494
2026-05-28 05:00:00+00:00,151.46265
2026-05-28 06:00:00+00:00,118.74365
2026-05-28 07:00:00+00:00,72.02379
2026-05-28 08:00:00+00:00,36.451134
2026-05-28 09:00:00+00:00,17.14702
2026-05-28 10:00:00+00:00,6.7112026
2026-05-28 11:00:00+00:00,4.8023796
2026-05-28 12:00:00+00:00,7.882696
2026-05-28 13:00:00+00:00,22.740768
2026-05-28 14:00:00+00:00,57.881794
2026-05-28 15:00:00+00:00,100.48111
2026-05-28 16:00:00+00:00,143.37595
2026-05-28 17:00:00+00:00,184.44841
2026-05-28 18:00:00+00:00,191.25076
2026-05-28 19:00:00+00:00,163.56496
2026-05-28 20:00:00+00:00,138.71472
2026-05-28 21:00:00+00:00,130.58244
2026-05-28 22:00:00+00:00,126.25325
2026-05-28 23:00:00+00:00,118.65466
2026-05-29 00:00:00+00:00,129.70042
2026-05-29 01:00:00+00:00,128.97418
2026-05-29 02:00:00+00:00,123.96091
2026-05-29 03:00:00+00:00,125.00946
2026-05-29 04:00:00+00:00,126.80853
2026-05-29 05:00:00+00:00,117.9362
2026-05-29 06:00:00+00:00,92.81177
2026-05-29 07:00:00+00:00,52.732746
2026-05-29 08:00:00+00:00,16.03471
2026-05-29 09:00:00+00:00,7.723076
2026-05-29 10:00:00+00:00,3.6534557
2026-05-29 11:00:00+00:00,3.5761833
2026-05-29 12:00:00+00:00,3.56411
2026-05-29 13:00:00+00:00,6.42325
2026-05-29 14:00:00+00:00,32.29666
2026-05-29 15:00:00+00:00,75.958206
2026-05-29 16:00:00+00:00,158.64609
2026-05-29 17:00:00+00:00,252.48871
2026-05-29 18:00:00+00:00,290.4148
2026-05-29 19:00:00+00:00,238.93925
2026-05-29 20:00:00+00:00,167.78313
2026-05-29 21:00:00+00:00,131.06218
2026-05-29 22:00:00+00:00,124.564735
2026-05-29 23:00:00+00:00,111.2137
2026-05-30 00:00:00+00:00,128.77235
2026-05-30 01:00:00+00:00,126.32358
2026-05-30 02:00:00+00:00,123.3702
2026-05-30 03:00:00+00:00,116.955444
2026-05-30 04:00:00+00:00,101.35096
2026-05-30 05:00:00+00:00,82.66206
2026-05-30 06:00:00+00:00,58.259342
2026-05-30 07:00:00+00:00,30.100222
2026-05-30 08:00:00+00:00,2.9114342
2026-05-30 09:00:00+00:00,-12.045183
2026-05-30 10:00:00+00:00,-24.73441
2026-05-30 11:00:00+00:00,-32.177055
2026-05-30 12:00:00+00:00,-29.871391
2026-05-30 13:00:00+00:00,-12.248415
2026-05-30 14:00:00+00:00,28.549143
2026-05-30 15:00:00+00:00,74.755775
2026-05-30 16:00:00+00:00,122.50067
2026-05-30 17:00:00+00:00,165.74358
2026-05-30 18:00:00+00:00,187.79941
2026-05-30 19:00:00+00:00,174.38693
2026-05-30 20:00:00+00:00,152.48311
2026-05-30 21:00:00+00:00,141.93948
2026-05-30 22:00:00+00:00,135.11783
2026-05-30 23:00:00+00:00,127.22215
2026-05-31 00:00:00+00:00,127.39931
2026-05-31 01:00:00+00:00,126.205345
2026-05-31 02:00:00+00:00,125.51458
2026-05-31 03:00:00+00:00,123.31581
2026-05-31 04:00:00+00:00,113.72333
2026-05-31 05:00:00+00:00,97.43271
2026-05-31 06:00:00+00:00,73.167595
2026-05-31 07:00:00+00:00,46.45191
2026-05-31 08:00:00+00:00,25.917383
2026-05-31 09:00:00+00:00,17.177044
2026-05-31 10:00:00+00:00,7.213993
2026-05-31 11:00:00+00:00,-0.77997756
2026-05-31 12:00:00+00:00,0.042736292
2026-05-31 13:00:00+00:00,14.632469
2026-05-31 14:00:00+00:00,47.808327
2026-05-31 15:00:00+00:00,83.8187
2026-05-31 16:00:00+00:00,117.30583
2026-05-31 17:00:00+00:00,146.18571
2026-05-31 18:00:00+00:00,162.0361
2026-05-31 19:00:00+00:00,159.13846
2026-05-31 20:00:00+00:00,147.31216
2026-05-31 21:00:00+00:00,137.75888
2026-05-31 22:00:00+00:00,129.71655
2026-05-31 23:00:00+00:00,121.959076
2026-06-01 00:00:00+00:00,125.8638
2026-06-01 01:00:00+00:00,126.90232
2026-06-01 02:00:00+00:00,131.71227
2026-06-01 03:00:00+00:00,148.16458
2026-06-01 04:00:00+00:00,170.2027
2026-06-01 05:00:00+00:00,176.77193
2026-06-01 06:00:00+00:00,159.36424
2026-06-01 07:00:00+00:00,127.90829
2026-06-01 08:00:00+00:00,104.98982
2026-06-01 09:00:00+00:00,93.84669
2026-06-01 10:00:00+00:00,87.057144
2026-06-01 11:00:00+00:00,85.57765
2026-06-01 12:00:00+00:00,86.89199
2026-06-01 13:00:00+00:00,96.16804
2026-06-01 14:00:00+00:00,116.18534
2026-06-01 15:00:00+00:00,143.31906
2026-06-01 16:00:00+00:00,181.71466
2026-06-01 17:00:00+00:00,219.06941
2026-06-01 18:00:00+00:00,215.32863
2026-06-01 19:00:00+00:00,183.11717
2026-06-01 20:00:00+00:00,157.76648
2026-06-01 21:00:00+00:00,144.04361
2026-06-01 22:00:00+00:00,136.84935
2026-06-01 23:00:00+00:00,128.70401
2026-06-02 00:00:00+00:00,128.49814
2026-06-02 01:00:00+00:00,126.121315
2026-06-02 02:00:00+00:00,124.016
2026-06-02 03:00:00+00:00,132.38168
2026-06-02 04:00:00+00:00,149.07812
2026-06-02 05:00:00+00:00,150.78976
2026-06-02 06:00:00+00:00,134.53053
2026-06-02 07:00:00+00:00,107.68446
2026-06-02 08:00:00+00:00,85.24783
2026-06-02 09:00:00+00:00,80.62712
2026-06-02 10:00:00+00:00,79.31716
2026-06-02 11:00:00+00:00,78.72185
2026-06-02 12:00:00+00:00,79.19169
2026-06-02 13:00:00+00:00,80.08235
2026-06-02 14:00:00+00:00,92.801056
2026-06-02 15:00:00+00:00,118.321625
2026-06-02 16:00:00+00:00,172.81836
2026-06-02 17:00:00+00:00,235.63997
2026-06-02 18:00:00+00:00,258.4358
2026-06-02 19:00:00+00:00,219.76923
2026-06-02 20:00:00+00:00,168.35004
2026-06-02 21:00:00+00:00,133.86421
2026-06-02 22:00:00+00:00,123.696594
2026-06-02 23:00:00+00:00,108.9872
2026-06-03 00:00:00+00:00,112.28122
2026-06-03 01:00:00+00:00,111.08025
2026-06-03 02:00:00+00:00,112.856285
2026-06-03 03:00:00+00:00,122.145355
2026-06-03 04:00:00+00:00,135.69463
2026-06-03 05:00:00+00:00,141.05069
2026-06-03 06:00:00+00:00,131.97089
2026-06-03 07:00:00+00:00,115.13036
2026-06-03 08:00:00+00:00,101.742584
2026-06-03 09:00:00+00:00,93.83325
2026-06-03 10:00:00+00:00,88.45221
2026-06-03 11:00:00+00:00,84.66602
2026-06-03 12:00:00+00:00,86.05327
2026-06-03 13:00:00+00:00,92.27314
2026-06-03 14:00:00+00:00,102.5132
2026-06-03 15:00:00+00:00,116.82202
2026-06-03 16:00:00+00:00,138.01845
2026-06-03 17:00:00+00:00,158.37514
2026-06-03 18:00:00+00:00,159.92845
2026-06-03 19:00:00+00:00,142.0008
2026-06-03 20:00:00+00:00,125.99526
2026-06-03 21:00:00+00:00,115.15351
2026-06-03 22:00:00+00:00,108.471085
2026-06-03 23:00:00+00:00,101.383606
2026-06-04 00:00:00+00:00,74.22714
2026-06-04 01:00:00+00:00,72.07373
2026-06-04 02:00:00+00:00,71.31172
2026-06-04 03:00:00+00:00,71.02466
2026-06-04 04:00:00+00:00,71.43026
2026-06-04 05:00:00+00:00,68.752686
2026-06-04 06:00:00+00:00,62.520626
2026-06-04 07:00:00+00:00,48.546875
2026-06-04 08:00:00+00:00,35.82027
2026-06-04 09:00:00+00:00,27.021393
2026-06-04 10:00:00+00:00,18.412714
2026-06-04 11:00:00+00:00,12.101421
2026-06-04 12:00:00+00:00,13.410654
2026-06-04 13:00:00+00:00,23.34105
2026-06-04 14:00:00+00:00,40.688854
2026-06-04 15:00:00+00:00,64.769226
2026-06-04 16:00:00+00:00,87.90862
2026-06-04 17:00:00+00:00,101.18331
2026-06-04 18:00:00+00:00,104.62401
2026-06-04 19:00:00+00:00,100.64569
2026-06-04 20:00:00+00:00,92.73625
2026-06-04 21:00:00+00:00,85.08001
2026-06-04 22:00:00+00:00,79.600624
2026-06-04 23:00:00+00:00,73.61299
2026-06-05 00:00:00+00:00,71.609055
2026-06-05 01:00:00+00:00,73.193085
2026-06-05 02:00:00+00:00,75.99666
2026-06-05 03:00:00+00:00,86.029655
2026-06-05 04:00:00+00:00,102.32028
2026-06-05 05:00:00+00:00,110.934044
2026-06-05 06:00:00+00:00,101.13059
2026-06-05 07:00:00+00:00,75.97629
2026-06-05 08:00:00+00:00,55.102757
2026-06-05 09:00:00+00:00,44.46735
2026-06-05 10:00:00+00:00,39.452183
2026-06-05 11:00:00+00:00,38.338432
2026-06-05 12:00:00+00:00,39.848007
2026-06-05 13:00:00+00:00,48.566093
2026-06-05 14:00:00+00:00,66.19332
2026-06-05 15:00:00+00:00,89.7614
2026-06-05 16:00:00+00:00,120.145096
2026-06-05 17:00:00+00:00,156.63704
2026-06-05 18:00:00+00:00,168.22562
2026-06-05 19:00:00+00:00,151.75346
2026-06-05 20:00:00+00:00,134.68227
2026-06-05 21:00:00+00:00,126.68007
2026-06-05 22:00:00+00:00,122.66038
2026-06-05 23:00:00+00:00,116.82173
2026-06-06 00:00:00+00:00,137.2297
2026-06-06 01:00:00+00:00,134.79935
2026-06-06 02:00:00+00:00,134.17993
2026-06-06 03:00:00+00:00,133.82727
2026-06-06 04:00:00+00:00,131.50258
2026-06-06 05:00:00+00:00,125.132706
2026-06-06 06:00:00+00:00,109.623566
2026-06-06 07:00:00+00:00,86.18425
2026-06-06 08:00:00+00:00,63.541924
2026-06-06 09:00:00+00:00,51.354355
2026-06-06 10:00:00+00:00,42.21955
2026-06-06 11:00:00+00:00,34.30153
2026-06-06 12:00:00+00:00,32.92459
2026-06-06 13:00:00+00:00,44.03392
2026-06-06 14:00:00+00:00,69.31157
2026-06-06 15:00:00+00:00,97.433334
2026-06-06 16:00:00+00:00,121.056046
2026-06-06 17:00:00+00:00,140.5342
2026-06-06 18:00:00+00:00,151.94708
2026-06-06 19:00:00+00:00,149.25835
2026-06-06 20:00:00+00:00,138.0865
2026-06-06 21:00:00+00:00,128.37996
2026-06-06 22:00:00+00:00,120.53382
2026-06-06 23:00:00+00:00,111.65079
2026-06-07 00:00:00+00:00,96.3801
2026-06-07 01:00:00+00:00,93.817505
2026-06-07 02:00:00+00:00,91.35723
2026-06-07 03:00:00+00:00,85.810524
2026-06-07 04:00:00+00:00,72.072815
2026-06-07 05:00:00+00:00,53.16028
2026-06-07 06:00:00+00:00,32.79885
2026-06-07 07:00:00+00:00,11.127695
2026-06-07 08:00:00+00:00,-7.2499313
2026-06-07 09:00:00+00:00,-17.359306
2026-06-07 10:00:00+00:00,-27.025782
2026-06-07 11:00:00+00:00,-34.053307
2026-06-07 12:00:00+00:00,-32.82576
2026-06-07 13:00:00+00:00,-16.968288
2026-06-07 14:00:00+00:00,14.732639
2026-06-07 15:00:00+00:00,53.074886
2026-06-07 16:00:00+00:00,90.79295
2026-06-07 17:00:00+00:00,123.857254
2026-06-07 18:00:00+00:00,145.31425
2026-06-07 19:00:00+00:00,145.08444
2026-06-07 20:00:00+00:00,136.10257
2026-06-07 21:00:00+00:00,128.50603
2026-06-07 22:00:00+00:00,122.93321
2026-06-07 23:00:00+00:00,116.82092
2026-06-08 00:00:00+00:00,130.00644
2026-06-08 01:00:00+00:00,132.1264
2026-06-08 02:00:00+00:00,136.02191
2026-06-08 03:00:00+00:00,147.82207
2026-06-08 04:00:00+00:00,169.07648
2026-06-08 05:00:00+00:00,174.42894
2026-06-08 06:00:00+00:00,162.08679
2026-06-08 07:00:00+00:00,132.22253
2026-06-08 08:00:00+00:00,105.35433
2026-06-08 09:00:00+00:00,93.377625
2026-06-08 10:00:00+00:00,85.380035
2026-06-08 11:00:00+00:00,82.85841
2026-06-08 12:00:00+00:00,83.856964
2026-06-08 13:00:00+00:00,94.89879
2026-06-08 14:00:00+00:00,113.1813
2026-06-08 15:00:00+00:00,138.14401
2026-06-08 16:00:00+00:00,170.63242
2026-06-08 17:00:00+00:00,202.97101
2026-06-08 18:00:00+00:00,204.84454
2026-06-08 19:00:00+00:00,176.30954
2026-06-08 20:00:00+00:00,152.40285
2026-06-08 21:00:00+00:00,138.41206
2026-06-08 22:00:00+00:00,128.78416
2026-06-08 23:00:00+00:00,118.364525
2026-06-09 00:00:00+00:00,120.1764
2026-06-09 01:00:00+00:00,118.85797
2026-06-09 02:00:00+00:00,120.15024
2026-06-09 03:00:00+00:00,129.13095
2026-06-09 04:00:00+00:00,141.20581
2026-06-09 05:00:00+00:00,143.3248
2026-06-09 06:00:00+00:00,129.50609
2026-06-09 07:00:00+00:00,106.849396
2026-06-09 08:00:00+00:00,86.7251
2026-06-09 09:00:00+00:00,74.27701
2026-06-09 10:00:00+00:00,67.06816
2026-06-09 11:00:00+00:00,62.5691
2026-06-09 12:00:00+00:00,64.301636
2026-06-09 13:00:00+00:00,73.07213
2026-06-09 14:00:00+00:00,91.032776
2026-06-09 15:00:00+00:00,114.26651
2026-06-09 16:00:00+00:00,148.02303
2026-06-09 17:00:00+00:00,184.30417
2026-06-09 18:00:00+00:00,190.98842
2026-06-09 19:00:00+00:00,164.65683
2026-06-09 20:00:00+00:00,141.91786
2026-06-09 21:00:00+00:00,130.52866
2026-06-09 22:00:00+00:00,125.224014
2026-06-09 23:00:00+00:00,117.137985
2026-06-10 00:00:00+00:00,114.05638
2026-06-10 01:00:00+00:00,114.22412
2026-06-10 02:00:00+00:00,118.473526
2026-06-10 03:00:00+00:00,130.65274
2026-06-10 04:00:00+00:00,147.60739
2026-06-10 05:00:00+00:00,154.74435
2026-06-10 06:00:00+00:00,142.27695
2026-06-10 07:00:00+00:00,116.1062
2026-06-10 08:00:00+00:00,92.62479
2026-06-10 09:00:00+00:00,78.25026
2026-06-10 10:00:00+00:00,70.23673
2026-06-10 11:00:00+00:00,64.322685
2026-06-10 12:00:00+00:00,65.90904
2026-06-10 13:00:00+00:00,76.03625
2026-06-10 14:00:00+00:00,99.42963
2026-06-10 15:00:00+00:00,128.4406
2026-06-10 16:00:00+00:00,158.04771
2026-06-10 17:00:00+00:00,184.65224
2026-06-10 18:00:00+00:00,188.00977
2026-06-10 19:00:00+00:00,172.80527
2026-06-10 20:00:00+00:00,157.3084
2026-06-10 21:00:00+00:00,147.17725
2026-06-10 22:00:00+00:00,140.24936
2026-06-10 23:00:00+00:00,132.13779
2026-06-11 00:00:00+00:00,131.22429
2026-06-11 01:00:00+00:00,130.2812
2026-06-11 02:00:00+00:00,131.81851
2026-06-11 03:00:00+00:00,141.80292
2026-06-11 04:00:00+00:00,156.6662
2026-06-11 05:00:00+00:00,160.62224
2026-06-11 06:00:00+00:00,146.1139
2026-06-11 07:00:00+00:00,121.57413
2026-06-11 08:00:00+00:00,102.34984
2026-06-11 09:00:00+00:00,92.542465
2026-06-11 10:00:00+00:00,87.28637
2026-06-11 11:00:00+00:00,84.03016
2026-06-11 12:00:00+00:00,83.24357
2026-06-11 13:00:00+00:00,88.505264
2026-06-11 14:00:00+00:00,102.06737
2026-06-11 15:00:00+00:00,120.73253
2026-06-11 16:00:00+00:00,148.06439
2026-06-11 17:00:00+00:00,179.20816
2026-06-11 18:00:00+00:00,193.5786
2026-06-11 19:00:00+00:00,177.69574
2026-06-11 20:00:00+00:00,156.08612
2026-06-11 21:00:00+00:00,141.37207
2026-06-11 22:00:00+00:00,133.60745
2026-06-11 23:00:00+00:00,124.1901
2026-06-12 00:00:00+00:00,97.72722
2026-06-12 01:00:00+00:00,95.35691
2026-06-12 02:00:00+00:00,96.25822
2026-06-12 03:00:00+00:00,104.196396
2026-06-12 04:00:00+00:00,116.908
2026-06-12 05:00:00+00:00,122.283615
2026-06-12 06:00:00+00:00,115.23125
2026-06-12 07:00:00+00:00,98.88573
2026-06-12 08:00:00+00:00,84.89549
2026-06-12 09:00:00+00:00,76.13461
2026-06-12 10:00:00+00:00,68.25485
2026-06-12 11:00:00+00:00,60.727997
2026-06-12 12:00:00+00:00,57.84902
2026-06-12 13:00:00+00:00,62.54314
2026-06-12 14:00:00+00:00,72.27945
2026-06-12 15:00:00+00:00,89.08591
2026-06-12 16:00:00+00:00,110.38449
2026-06-12 17:00:00+00:00,129.20737
2026-06-12 18:00:00+00:00,135.01663
2026-06-12 19:00:00+00:00,126.37063
2026-06-12 20:00:00+00:00,114.692024
2026-06-12 21:00:00+00:00,104.70598
2026-06-12 22:00:00+00:00,98.69195
2026-06-12 23:00:00+00:00,91.49602
2026-06-13 00:00:00+00:00,68.376724
2026-06-13 01:00:00+00:00,66.42818
2026-06-13 02:00:00+00:00,65.73218
2026-06-13 03:00:00+00:00,65.65694
2026-06-13 04:00:00+00:00,66.85367
2026-06-13 05:00:00+00:00,65.180374
2026-06-13 06:00:00+00:00,59.08329
2026-06-13 07:00:00+00:00,46.467594
2026-06-13 08:00:00+00:00,33.175003
2026-06-13 09:00:00+00:00,24.786121
2026-06-13 10:00:00+00:00,17.217112
2026-06-13 11:00:00+00:00,10.762312
2026-06-13 12:00:00+00:00,10.751972
2026-06-13 13:00:00+00:00,16.631523
2026-06-13 14:00:00+00:00,29.698845
2026-06-13 15:00:00+00:00,48.20363
2026-06-13 16:00:00+00:00,66.79662
2026-06-13 17:00:00+00:00,79.787994
2026-06-13 18:00:00+00:00,85.50515
2026-06-13 19:00:00+00:00,84.532684
2026-06-13 20:00:00+00:00,80.411736
2026-06-13 21:00:00+00:00,75.90195
2026-06-13 22:00:00+00:00,72.50747
2026-06-13 23:00:00+00:00,67.448456
2026-06-14 00:00:00+00:00,44.555218
2026-06-14 01:00:00+00:00,43.297165
2026-06-14 02:00:00+00:00,43.804966
2026-06-14 03:00:00+00:00,43.05645
2026-06-14 04:00:00+00:00,37.64579
2026-06-14 05:00:00+00:00,25.488262
2026-06-14 06:00:00+00:00,7.9320545
2026-06-14 07:00:00+00:00,-10.219067
2026-06-14 08:00:00+00:00,-19.493433
2026-06-14 09:00:00+00:00,-21.203745
2026-06-14 10:00:00+00:00,-23.418812
2026-06-14 11:00:00+00:00,-27.914183
2026-06-14 12:00:00+00:00,-28.029875
2026-06-14 13:00:00+00:00,-23.891453
2026-06-14 14:00:00+00:00,-10.811203
2026-06-14 15:00:00+00:00,9.129808
2026-06-14 16:00:00+00:00,29.317041
2026-06-14 17:00:00+00:00,49.291306
2026-06-14 18:00:00+00:00,72.05383
2026-06-14 19:00:00+00:00,84.508
2026-06-14 20:00:00+00:00,82.432556
2026-06-14 21:00:00+00:00,77.04042
2026-06-14 22:00:00+00:00,73.38439
2026-06-14 23:00:00+00:00,68.90375
2026-06-15 00:00:00+00:00,82.52028
2026-06-15 01:00:00+00:00,83.180595
2026-06-15 02:00:00+00:00,86.59493
2026-06-15 03:00:00+00:00,97.22303
2026-06-15 04:00:00+00:00,111.0336
2026-06-15 05:00:00+00:00,115.86612
2026-06-15 06:00:00+00:00,101.42094
2026-06-15 07:00:00+00:00,75.07449
2026-06-15 08:00:00+00:00,54.25329
2026-06-15 09:00:00+00:00,46.766773
2026-06-15 10:00:00+00:00,42.224724
2026-06-15 11:00:00+00:00,41.327316
2026-06-15 12:00:00+00:00,40.689304
2026-06-15 13:00:00+00:00,45.04173
2026-06-15 14:00:00+00:00,55.369076
2026-06-15 15:00:00+00:00,70.027596
2026-06-15 16:00:00+00:00,93.64172
2026-06-15 17:00:00+00:00,131.61005
2026-06-15 18:00:00+00:00,155.76451
2026-06-15 19:00:00+00:00,141.31906
2026-06-15 20:00:00+00:00,121.24023
2026-06-15 21:00:00+00:00,113.72606
2026-06-15 22:00:00+00:00,109.816216
2026-06-15 23:00:00+00:00,103.62145
2026-06-16 00:00:00+00:00,108.62024
2026-06-16 01:00:00+00:00,110.78247
2026-06-16 02:00:00+00:00,116.263504
2026-06-16 03:00:00+00:00,130.21953
2026-06-16 04:00:00+00:00,147.88693
2026-06-16 05:00:00+00:00,153.45291
2026-06-16 06:00:00+00:00,138.6895
2026-06-16 07:00:00+00:00,109.28657
2026-06-16 08:00:00+00:00,84.88639
2026-06-16 09:00:00+00:00,70.66936
2026-06-16 10:00:00+00:00,62.565643
2026-06-16 11:00:00+00:00,58.88391
2026-06-16 12:00:00+00:00,60.660706
2026-06-16 13:00:00+00:00,68.58649
2026-06-16 14:00:00+00:00,88.3026
2026-06-16 15:00:00+00:00,117.79782
2026-06-16 16:00:00+00:00,148.87494
2026-06-16 17:00:00+00:00,181.24963
2026-06-16 18:00:00+00:00,187.2982
2026-06-16 19:00:00+00:00,166.8736
2026-06-16 20:00:00+00:00,146.06453
2026-06-16 21:00:00+00:00,136.43935
2026-06-16 22:00:00+00:00,130.33769
2026-06-16 23:00:00+00:00,121.38182
2026-06-17 00:00:00+00:00,133.95651
2026-06-17 01:00:00+00:00,133.26813
2026-06-17 02:00:00+00:00,135.68787
2026-06-17 03:00:00+00:00,145.45578
2026-06-17 04:00:00+00:00,158.9664
2026-06-17 05:00:00+00:00,162.51326
2026-06-17 06:00:00+00:00,146.66083
2026-06-17 07:00:00+00:00,120.66026
2026-06-17 08:00:00+00:00,99.39241
2026-06-17 09:00:00+00:00,87.392166
2026-06-17 10:00:00+00:00,80.52727
2026-06-17 11:00:00+00:00,75.8936
2026-06-17 12:00:00+00:00,74.73875
2026-06-17 13:00:00+00:00,81.45938
2026-06-17 14:00:00+00:00,97.55431
2026-06-17 15:00:00+00:00,117.14801
2026-06-17 16:00:00+00:00,140.03156
2026-06-17 17:00:00+00:00,166.11075
2026-06-17 18:00:00+00:00,178.11517
2026-06-17 19:00:00+00:00,168.31168
2026-06-17 20:00:00+00:00,154.17487
2026-06-17 21:00:00+00:00,144.20789
2026-06-17 22:00:00+00:00,137.72844
2026-06-17 23:00:00+00:00,129.48222
2026-06-18 00:00:00+00:00,124.963585
2026-06-18 01:00:00+00:00,124.714066
2026-06-18 02:00:00+00:00,127.36424
2026-06-18 03:00:00+00:00,136.43411
2026-06-18 04:00:00+00:00,147.52774
2026-06-18 05:00:00+00:00,149.16663
2026-06-18 06:00:00+00:00,134.81216
2026-06-18 07:00:00+00:00,111.581085
2026-06-18 08:00:00+00:00,92.56678
2026-06-18 09:00:00+00:00,81.55368
2026-06-18 10:00:00+00:00,74.4911
2026-06-18 11:00:00+00:00,70.756454
2026-06-18 12:00:00+00:00,71.64589
2026-06-18 13:00:00+00:00,80.28932
2026-06-18 14:00:00+00:00,97.57165
2026-06-18 15:00:00+00:00,117.27802
2026-06-18 16:00:00+00:00,141.60483
2026-06-18 17:00:00+00:00,167.93004
2026-06-18 18:00:00+00:00,178.58237
2026-06-18 19:00:00+00:00,166.08739
2026-06-18 20:00:00+00:00,150.21706
2026-06-18 21:00:00+00:00,139.7914
2026-06-18 22:00:00+00:00,133.71295
2026-06-18 23:00:00+00:00,125.565025
2026-06-19 00:00:00+00:00,133.33269
2026-06-19 01:00:00+00:00,131.83969
2026-06-19 02:00:00+00:00,126.26101
2026-06-19 03:00:00+00:00,133.72804
2026-06-19 04:00:00+00:00,144.62646
2026-06-19 05:00:00+00:00,139.57542
2026-06-19 06:00:00+00:00,125.03875
2026-06-19 07:00:00+00:00,88.50114
2026-06-19 08:00:00+00:00,50.41941
2026-06-19 09:00:00+00:00,44.715843
2026-06-19 10:00:00+00:00,39.546112
2026-06-19 11:00:00+00:00,36.818504
2026-06-19 12:00:00+00:00,34.933723
2026-06-19 13:00:00+00:00,29.332531
2026-06-19 14:00:00+00:00,42.20439
2026-06-19 15:00:00+00:00,79.70975
2026-06-19 16:00:00+00:00,167.24905
2026-06-19 17:00:00+00:00,275.22116
2026-06-19 18:00:00+00:00,331.22635
2026-06-19 19:00:00+00:00,278.748
2026-06-19 20:00:00+00:00,186.27042
2026-06-19 21:00:00+00:00,128.65492
2026-06-19 22:00:00+00:00,118.25531
2026-06-19 23:00:00+00:00,98.28071
2026-06-20 00:00:00+00:00,124.33656
2026-06-20 01:00:00+00:00,122.3775
2026-06-20 02:00:00+00:00,121.52969
2026-06-20 03:00:00+00:00,119.22167
2026-06-20 04:00:00+00:00,110.63716
2026-06-20 05:00:00+00:00,97.23298
2026-06-20 06:00:00+00:00,75.97873
2026-06-20 07:00:00+00:00,49.399452
2026-06-20 08:00:00+00:00,24.837185
2026-06-20 09:00:00+00:00,10.44129
2026-06-20 10:00:00+00:00,-1.2071608
2026-06-20 11:00:00+00:00,-8.639069
2026-06-20 12:00:00+00:00,-5.385952
2026-06-20 13:00:00+00:00,11.901325
2026-06-20 14:00:00+00:00,48.310074
2026-06-20 15:00:00+00:00,87.59239
2026-06-20 16:00:00+00:00,124.55699
2026-06-20 17:00:00+00:00,155.47716
2026-06-20 18:00:00+00:00,173.64383
2026-06-20 19:00:00+00:00,166.9327
2026-06-20 20:00:00+00:00,151.0524
2026-06-20 21:00:00+00:00,141.3416
2026-06-20 22:00:00+00:00,134.3294
2026-06-20 23:00:00+00:00,125.82677
2026-06-21 00:00:00+00:00,127.762794
2026-06-21 01:00:00+00:00,125.769684
2026-06-21 02:00:00+00:00,124.5134
2026-06-21 03:00:00+00:00,119.98977
2026-06-21 04:00:00+00:00,107.07654
2026-06-21 05:00:00+00:00,88.34915
2026-06-21 06:00:00+00:00,61.938385
2026-06-21 07:00:00+00:00,32.640594
2026-06-21 08:00:00+00:00,7.770212
2026-06-21 09:00:00+00:00,-2.9928434
2026-06-21 10:00:00+00:00,-13.366564
2026-06-21 11:00:00+00:00,-20.689922
2026-06-21 12:00:00+00:00,-18.770115
2026-06-21 13:00:00+00:00,-2.8115902
2026-06-21 14:00:00+00:00,35.00019
2026-06-21 15:00:00+00:00,76.78024
2026-06-21 16:00:00+00:00,114.865326
2026-06-21 17:00:00+00:00,146.03374
2026-06-21 18:00:00+00:00,164.47488
2026-06-21 19:00:00+00:00,161.86258
2026-06-21 20:00:00+00:00,148.46873
2026-06-21 21:00:00+00:00,137.95482
2026-06-21 22:00:00+00:00,129.33987
2026-06-21 23:00:00+00:00,120.7564
2026-06-22 00:00:00+00:00,117.54886
2026-06-22 01:00:00+00:00,118.7054
2026-06-22 02:00:00+00:00,123.304886
2026-06-22 03:00:00+00:00,138.05667
2026-06-22 04:00:00+00:00,157.84195
2026-06-22 05:00:00+00:00,163.24951
2026-06-22 06:00:00+00:00,143.5169
2026-06-22 07:00:00+00:00,111.76959
2026-06-22 08:00:00+00:00,89.25662
2026-06-22 09:00:00+00:00,77.63104
2026-06-22 10:00:00+00:00,69.82357
2026-06-22 11:00:00+00:00,68.21814
2026-06-22 12:00:00+00:00,69.73843
2026-06-22 13:00:00+00:00,78.44418
2026-06-22 14:00:00+00:00,98.22573
2026-06-22 15:00:00+00:00,124.26135
2026-06-22 16:00:00+00:00,160.45839
2026-06-22 17:00:00+00:00,198.88953
2026-06-22 18:00:00+00:00,200.73479
2026-06-22 19:00:00+00:00,170.1583
2026-06-22 20:00:00+00:00,146.1672
2026-06-22 21:00:00+00:00,134.26321
2026-06-22 22:00:00+00:00,127.29726
2026-06-22 23:00:00+00:00,120.11153
2026-06-23 00:00:00+00:00,136.85947
2026-06-23 01:00:00+00:00,137.6005
2026-06-23 02:00:00+00:00,140.75386
2026-06-23 03:00:00+00:00,154.63718
2026-06-23 04:00:00+00:00,173.45879
2026-06-23 05:00:00+00:00,176.31612
2026-06-23 06:00:00+00:00,151.14507
2026-06-23 07:00:00+00:00,114.84103
2026-06-23 08:00:00+00:00,86.578964
2026-06-23 09:00:00+00:00,73.804
2026-06-23 10:00:00+00:00,69.04038
2026-06-23 11:00:00+00:00,68.03938
2026-06-23 12:00:00+00:00,70.56971
2026-06-23 13:00:00+00:00,77.67715
2026-06-23 14:00:00+00:00,101.714325
2026-06-23 15:00:00+00:00,133.13264
2026-06-23 16:00:00+00:00,180.25058
2026-06-23 17:00:00+00:00,234.28856
2026-06-23 18:00:00+00:00,250.51695
2026-06-23 19:00:00+00:00,217.57372
2026-06-23 20:00:00+00:00,180.74574
2026-06-23 21:00:00+00:00,160.17715
2026-06-23 22:00:00+00:00,151.04227
2026-06-23 23:00:00+00:00,139.2471
2026-06-24 00:00:00+00:00,163.84758
2026-06-24 01:00:00+00:00,162.3655
2026-06-24 02:00:00+00:00,154.30792
2026-06-24 03:00:00+00:00,162.15231
2026-06-24 04:00:00+00:00,171.1204
2026-06-24 05:00:00+00:00,153.17238
2026-06-24 06:00:00+00:00,128.18575
2026-06-24 07:00:00+00:00,81.53818
2026-06-24 08:00:00+00:00,39.22113
2026-06-24 09:00:00+00:00,41.645454
2026-06-24 10:00:00+00:00,41.959335
2026-06-24 11:00:00+00:00,42.136387
2026-06-24 12:00:00+00:00,40.78613
2026-06-24 13:00:00+00:00,30.418335
2026-06-24 14:00:00+00:00,41.69279
2026-06-24 15:00:00+00:00,95.127975
2026-06-24 16:00:00+00:00,227.73721
2026-06-24 17:00:00+00:00,390.7258
2026-06-24 18:00:00+00:00,475.9453
2026-06-24 19:00:00+00:00,401.52725
2026-06-24 20:00:00+00:00,269.50867
2026-06-24 21:00:00+00:00,185.32219
2026-06-24 22:00:00+00:00,172.45761
2026-06-24 23:00:00+00:00,141.87947
2026-06-25 00:00:00+00:00,171.2363
2026-06-25 01:00:00+00:00,162.05418
2026-06-25 02:00:00+00:00,144.90552
2026-06-25 03:00:00+00:00,140.9112
2026-06-25 04:00:00+00:00,133.99886
2026-06-25 05:00:00+00:00,105.3289
2026-06-25 06:00:00+00:00,83.52736
2026-06-25 07:00:00+00:00,29.702408
2026-06-25 08:00:00+00:00,-12.51968
2026-06-25 09:00:00+00:00,4.004959
2026-06-25 10:00:00+00:00,7.83613
2026-06-25 11:00:00+00:00,17.726871
2026-06-25 12:00:00+00:00,17.013733
2026-06-25 13:00:00+00:00,-5.346838
2026-06-25 14:00:00+00:00,-23.911959
2026-06-25 15:00:00+00:00,-1.0224643
2026-06-25 16:00:00+00:00,136.04324
2026-06-25 17:00:00+00:00,343.96356
2026-06-25 18:00:00+00:00,463.94153
2026-06-25 19:00:00+00:00,390.6374
2026-06-25 20:00:00+00:00,242.03671
2026-06-25 21:00:00+00:00,148.2437
2026-06-25 22:00:00+00:00,145.54713
2026-06-25 23:00:00+00:00,117.6166
2026-06-26 00:00:00+00:00,130.51117
2026-06-26 01:00:00+00:00,131.26051
2026-06-26 02:00:00+00:00,134.21584
2026-06-26 03:00:00+00:00,148.66122
2026-06-26 04:00:00+00:00,167.34749
2026-06-26 05:00:00+00:00,166.80759
2026-06-26 06:00:00+00:00,140.39679
2026-06-26 07:00:00+00:00,105.56912
2026-06-26 08:00:00+00:00,80.01956
2026-06-26 09:00:00+00:00,68.50419
2026-06-26 10:00:00+00:00,63.247684
2026-06-26 11:00:00+00:00,61.383636
2026-06-26 12:00:00+00:00,65.00182
2026-06-26 13:00:00+00:00,72.16875
2026-06-26 14:00:00+00:00,95.854324
2026-06-26 15:00:00+00:00,127.87106
2026-06-26 16:00:00+00:00,177.40233
2026-06-26 17:00:00+00:00,232.55655
2026-06-26 18:00:00+00:00,247.73999
2026-06-26 19:00:00+00:00,210.59943
2026-06-26 20:00:00+00:00,169.98215
2026-06-26 21:00:00+00:00,146.48969
2026-06-26 22:00:00+00:00,136.94482
2026-06-26 23:00:00+00:00,124.53029
2026-06-27 00:00:00+00:00,129.08502
2026-06-27 01:00:00+00:00,126.271484
2026-06-27 02:00:00+00:00,121.68025
2026-06-27 03:00:00+00:00,117.38403
2026-06-27 04:00:00+00:00,108.89554
2026-06-27 05:00:00+00:00,92.33453
2026-06-27 06:00:00+00:00,69.4895
2026-06-27 07:00:00+00:00,43.597065
2026-06-27 08:00:00+00:00,20.857603
2026-06-27 09:00:00+00:00,14.98321
2026-06-27 10:00:00+00:00,9.584183
2026-06-27 11:00:00+00:00,7.007416
2026-06-27 12:00:00+00:00,11.811474
2026-06-27 13:00:00+00:00,21.714571
2026-06-27 14:00:00+00:00,49.066013
2026-06-27 15:00:00+00:00,89.06383
2026-06-27 16:00:00+00:00,154.76001
2026-06-27 17:00:00+00:00,223.7287
2026-06-27 18:00:00+00:00,257.75183
2026-06-27 19:00:00+00:00,227.75905
2026-06-27 20:00:00+00:00,178.72807
2026-06-27 21:00:00+00:00,151.3216
2026-06-27 22:00:00+00:00,143.2782
2026-06-27 23:00:00+00:00,131.45235
2026-06-28 00:00:00+00:00,124.72453
2026-06-28 01:00:00+00:00,122.978264
2026-06-28 02:00:00+00:00,121.74878
2026-06-28 03:00:00+00:00,119.772194
2026-06-28 04:00:00+00:00,112.44299
2026-06-28 05:00:00+00:00,99.73605
2026-06-28 06:00:00+00:00,77.628845
2026-06-28 07:00:00+00:00,50.21061
2026-06-28 08:00:00+00:00,25.894457
2026-06-28 09:00:00+00:00,15.301386
2026-06-28 10:00:00+00:00,6.7056866
2026-06-28 11:00:00+00:00,1.3241006
2026-06-28 12:00:00+00:00,4.07065
2026-06-28 13:00:00+00:00,18.330431
2026-06-28 14:00:00+00:00,52.89118
2026-06-28 15:00:00+00:00,92.63013
2026-06-28 16:00:00+00:00,136.75037
2026-06-28 17:00:00+00:00,176.47041
2026-06-28 18:00:00+00:00,197.46548
2026-06-28 19:00:00+00:00,185.71754
2026-06-28 20:00:00+00:00,162.14737
2026-06-28 21:00:00+00:00,147.72867
2026-06-28 22:00:00+00:00,138.80498
2026-06-28 23:00:00+00:00,129.59447
2026-06-29 00:00:00+00:00,111.33817
2026-06-29 01:00:00+00:00,112.187
2026-06-29 02:00:00+00:00,116.77646
2026-06-29 03:00:00+00:00,132.7037
2026-06-29 04:00:00+00:00,155.62518
2026-06-29 05:00:00+00:00,164.31578
2026-06-29 06:00:00+00:00,149.12083
2026-06-29 07:00:00+00:00,122.78628
2026-06-29 08:00:00+00:00,105.35947
2026-06-29 09:00:00+00:00,96.365074
2026-06-29 10:00:00+00:00,90.606094
2026-06-29 11:00:00+00:00,88.48248
2026-06-29 12:00:00+00:00,90.49974
2026-06-29 13:00:00+00:00,95.70109
2026-06-29 14:00:00+00:00,110.45612
2026-06-29 15:00:00+00:00,130.79204
2026-06-29 16:00:00+00:00,161.54333
2026-06-29 17:00:00+00:00,193.95784
2026-06-29 18:00:00+00:00,195.34628
2026-06-29 19:00:00+00:00,172.34265
2026-06-29 20:00:00+00:00,153.629
2026-06-29 21:00:00+00:00,141.5893
2026-06-29 22:00:00+00:00,133.5343
2026-06-29 23:00:00+00:00,126.11621
