,forecast_eur_mwh
2026-01-04 00:00:00+00:00,82.50436
2026-01-04 01:00:00+00:00,78.64577
2026-01-04 02:00:00+00:00,76.124275
2026-01-04 03:00:00+00:00,76.62468
2026-01-04 04:00:00+00:00,79.15495
2026-01-04 05:00:00+00:00,83.12838
2026-01-04 06:00:00+00:00,87.68291
2026-01-04 07:00:00+00:00,93.23323
2026-01-04 08:00:00+00:00,87.19718
2026-01-04 09:00:00+00:00,80.33134
2026-01-04 10:00:00+00:00,75.937256
2026-01-04 11:00:00+00:00,76.67015
2026-01-04 12:00:00+00:00,76.29062
2026-01-04 13:00:00+00:00,80.13484
2026-01-04 14:00:00+00:00,89.07399
2026-01-04 15:00:00+00:00,103.66594
2026-01-04 16:00:00+00:00,121.02821
2026-01-04 17:00:00+00:00,133.38654
2026-01-04 18:00:00+00:00,131.38766
2026-01-04 19:00:00+00:00,116.61565
2026-01-04 20:00:00+00:00,107.802925
2026-01-04 21:00:00+00:00,107.12659
2026-01-04 22:00:00+00:00,104.32943
2026-01-04 23:00:00+00:00,102.716545
2026-01-05 00:00:00+00:00,86.06385
2026-01-05 01:00:00+00:00,82.96373
2026-01-05 02:00:00+00:00,78.58011
2026-01-05 03:00:00+00:00,78.07869
2026-01-05 04:00:00+00:00,85.19389
2026-01-05 05:00:00+00:00,101.339035
2026-01-05 06:00:00+00:00,117.40811
2026-01-05 07:00:00+00:00,122.52552
2026-01-05 08:00:00+00:00,108.215836
2026-01-05 09:00:00+00:00,95.25527
2026-01-05 10:00:00+00:00,87.59282
2026-01-05 11:00:00+00:00,87.08263
2026-01-05 12:00:00+00:00,86.88888
2026-01-05 13:00:00+00:00,90.89131
2026-01-05 14:00:00+00:00,101.57795
2026-01-05 15:00:00+00:00,117.3779
2026-01-05 16:00:00+00:00,141.61407
2026-01-05 17:00:00+00:00,161.88446
2026-01-05 18:00:00+00:00,158.01384
2026-01-05 19:00:00+00:00,135.22151
2026-01-05 20:00:00+00:00,117.84328
2026-01-05 21:00:00+00:00,107.63456
2026-01-05 22:00:00+00:00,99.946686
2026-01-05 23:00:00+00:00,96.79108
2026-01-06 00:00:00+00:00,106.02579
2026-01-06 01:00:00+00:00,100.88595
2026-01-06 02:00:00+00:00,94.25398
2026-01-06 03:00:00+00:00,91.4837
2026-01-06 04:00:00+00:00,98.051704
2026-01-06 05:00:00+00:00,125.38104
2026-01-06 06:00:00+00:00,158.22995
2026-01-06 07:00:00+00:00,171.99675
2026-01-06 08:00:00+00:00,155.92288
2026-01-06 09:00:00+00:00,138.64806
2026-01-06 10:00:00+00:00,127.179214
2026-01-06 11:00:00+00:00,121.536316
2026-01-06 12:00:00+00:00,114.53633
2026-01-06 13:00:00+00:00,114.167336
2026-01-06 14:00:00+00:00,125.54831
2026-01-06 15:00:00+00:00,147.93466
2026-01-06 16:00:00+00:00,175.63574
2026-01-06 17:00:00+00:00,191.365
2026-01-06 18:00:00+00:00,175.42055
2026-01-06 19:00:00+00:00,145.31999
2026-01-06 20:00:00+00:00,124.747696
2026-01-06 21:00:00+00:00,116.289474
2026-01-06 22:00:00+00:00,106.51904
2026-01-06 23:00:00+00:00,102.9131
2026-01-07 00:00:00+00:00,90.07831
2026-01-07 01:00:00+00:00,83.91837
2026-01-07 02:00:00+00:00,77.0781
2026-01-07 03:00:00+00:00,73.07507
2026-01-07 04:00:00+00:00,66.00741
2026-01-07 05:00:00+00:00,72.85769
2026-01-07 06:00:00+00:00,91.07828
2026-01-07 07:00:00+00:00,102.79291
2026-01-07 08:00:00+00:00,101.68588
2026-01-07 09:00:00+00:00,97.29323
2026-01-07 10:00:00+00:00,94.75724
2026-01-07 11:00:00+00:00,95.49132
2026-01-07 12:00:00+00:00,90.72085
2026-01-07 13:00:00+00:00,88.9096
2026-01-07 14:00:00+00:00,88.31026
2026-01-07 15:00:00+00:00,95.196945
2026-01-07 16:00:00+00:00,110.91686
2026-01-07 17:00:00+00:00,121.21574
2026-01-07 18:00:00+00:00,119.81745
2026-01-07 19:00:00+00:00,111.252686
2026-01-07 20:00:00+00:00,104.01944
2026-01-07 21:00:00+00:00,101.37607
2026-01-07 22:00:00+00:00,96.96475
2026-01-07 23:00:00+00:00,94.0732
2026-01-08 00:00:00+00:00,78.35317
2026-01-08 01:00:00+00:00,76.45775
2026-01-08 02:00:00+00:00,74.868484
2026-01-08 03:00:00+00:00,73.18636
2026-01-08 04:00:00+00:00,72.5703
2026-01-08 05:00:00+00:00,80.96554
2026-01-08 06:00:00+00:00,103.765366
2026-01-08 07:00:00+00:00,109.642654
2026-01-08 08:00:00+00:00,105.30647
2026-01-08 09:00:00+00:00,97.39514
2026-01-08 10:00:00+00:00,92.13898
2026-01-08 11:00:00+00:00,91.488144
2026-01-08 12:00:00+00:00,89.77987
2026-01-08 13:00:00+00:00,89.38578
2026-01-08 14:00:00+00:00,83.38841
2026-01-08 15:00:00+00:00,82.55293
2026-01-08 16:00:00+00:00,88.285126
2026-01-08 17:00:00+00:00,96.3185
2026-01-08 18:00:00+00:00,91.69797
2026-01-08 19:00:00+00:00,76.70297
2026-01-08 20:00:00+00:00,65.1429
2026-01-08 21:00:00+00:00,62.714985
2026-01-08 22:00:00+00:00,59.810493
2026-01-08 23:00:00+00:00,63.139824
2026-01-09 00:00:00+00:00,49.829754
2026-01-09 01:00:00+00:00,47.9329
2026-01-09 02:00:00+00:00,44.92658
2026-01-09 03:00:00+00:00,42.78828
2026-01-09 04:00:00+00:00,33.491966
2026-01-09 05:00:00+00:00,31.090425
2026-01-09 06:00:00+00:00,35.046463
2026-01-09 07:00:00+00:00,43.17435
2026-01-09 08:00:00+00:00,46.824596
2026-01-09 09:00:00+00:00,50.207344
2026-01-09 10:00:00+00:00,56.0306
2026-01-09 11:00:00+00:00,57.766296
2026-01-09 12:00:00+00:00,54.83761
2026-01-09 13:00:00+00:00,49.57567
2026-01-09 14:00:00+00:00,46.57077
2026-01-09 15:00:00+00:00,49.482162
2026-01-09 16:00:00+00:00,60.70308
2026-01-09 17:00:00+00:00,72.22853
2026-01-09 18:00:00+00:00,70.02774
2026-01-09 19:00:00+00:00,64.03876
2026-01-09 20:00:00+00:00,57.36651
2026-01-09 21:00:00+00:00,54.46983
2026-01-09 22:00:00+00:00,53.30031
2026-01-09 23:00:00+00:00,53.297714
2026-01-10 00:00:00+00:00,62.74291
2026-01-10 01:00:00+00:00,61.665733
2026-01-10 02:00:00+00:00,60.798813
2026-01-10 03:00:00+00:00,64.027145
2026-01-10 04:00:00+00:00,70.0761
2026-01-10 05:00:00+00:00,80.7977
2026-01-10 06:00:00+00:00,94.042564
2026-01-10 07:00:00+00:00,96.2933
2026-01-10 08:00:00+00:00,90.468414
2026-01-10 09:00:00+00:00,84.42848
2026-01-10 10:00:00+00:00,81.42426
2026-01-10 11:00:00+00:00,87.25801
2026-01-10 12:00:00+00:00,90.13992
2026-01-10 13:00:00+00:00,97.11072
2026-01-10 14:00:00+00:00,110.65434
2026-01-10 15:00:00+00:00,130.33662
2026-01-10 16:00:00+00:00,149.91557
2026-01-10 17:00:00+00:00,161.05325
2026-01-10 18:00:00+00:00,159.1885
2026-01-10 19:00:00+00:00,154.78662
2026-01-10 20:00:00+00:00,156.06416
2026-01-10 21:00:00+00:00,152.39294
2026-01-10 22:00:00+00:00,152.94727
2026-01-10 23:00:00+00:00,153.5136
2026-01-11 00:00:00+00:00,87.4827
2026-01-11 01:00:00+00:00,84.530594
2026-01-11 02:00:00+00:00,80.72149
2026-01-11 03:00:00+00:00,81.12149
2026-01-11 04:00:00+00:00,85.443596
2026-01-11 05:00:00+00:00,95.55696
2026-01-11 06:00:00+00:00,108.21356
2026-01-11 07:00:00+00:00,107.05952
2026-01-11 08:00:00+00:00,96.42192
2026-01-11 09:00:00+00:00,89.414734
2026-01-11 10:00:00+00:00,87.23436
2026-01-11 11:00:00+00:00,82.891266
2026-01-11 12:00:00+00:00,77.00999
2026-01-11 13:00:00+00:00,75.31503
2026-01-11 14:00:00+00:00,74.55887
2026-01-11 15:00:00+00:00,82.48944
2026-01-11 16:00:00+00:00,94.40582
2026-01-11 17:00:00+00:00,99.96516
2026-01-11 18:00:00+00:00,96.07577
2026-01-11 19:00:00+00:00,84.018196
2026-01-11 20:00:00+00:00,73.177376
2026-01-11 21:00:00+00:00,65.11366
2026-01-11 22:00:00+00:00,60.79002
2026-01-11 23:00:00+00:00,58.969418
2026-01-12 00:00:00+00:00,72.77539
2026-01-12 01:00:00+00:00,70.19471
2026-01-12 02:00:00+00:00,65.90362
2026-01-12 03:00:00+00:00,63.56536
2026-01-12 04:00:00+00:00,59.30505
2026-01-12 05:00:00+00:00,62.051613
2026-01-12 06:00:00+00:00,65.459694
2026-01-12 07:00:00+00:00,63.579502
2026-01-12 08:00:00+00:00,57.127228
2026-01-12 09:00:00+00:00,53.4937
2026-01-12 10:00:00+00:00,53.294266
2026-01-12 11:00:00+00:00,53.89887
2026-01-12 12:00:00+00:00,50.782433
2026-01-12 13:00:00+00:00,49.83456
2026-01-12 14:00:00+00:00,54.5475
2026-01-12 15:00:00+00:00,67.86224
2026-01-12 16:00:00+00:00,87.991684
2026-01-12 17:00:00+00:00,104.67013
2026-01-12 18:00:00+00:00,104.16415
2026-01-12 19:00:00+00:00,94.7431
2026-01-12 20:00:00+00:00,85.41412
2026-01-12 21:00:00+00:00,84.337975
2026-01-12 22:00:00+00:00,82.26356
2026-01-12 23:00:00+00:00,82.18198
2026-01-13 00:00:00+00:00,76.2484
2026-01-13 01:00:00+00:00,74.131935
2026-01-13 02:00:00+00:00,71.81339
2026-01-13 03:00:00+00:00,74.30208
2026-01-13 04:00:00+00:00,80.7818
2026-01-13 05:00:00+00:00,95.693306
2026-01-13 06:00:00+00:00,111.73942
2026-01-13 07:00:00+00:00,112.86648
2026-01-13 08:00:00+00:00,101.11103
2026-01-13 09:00:00+00:00,91.80708
2026-01-13 10:00:00+00:00,85.73121
2026-01-13 11:00:00+00:00,83.30071
2026-01-13 12:00:00+00:00,81.64486
2026-01-13 13:00:00+00:00,82.458084
2026-01-13 14:00:00+00:00,86.42653
2026-01-13 15:00:00+00:00,96.15083
2026-01-13 16:00:00+00:00,106.95146
2026-01-13 17:00:00+00:00,113.936615
2026-01-13 18:00:00+00:00,109.80263
2026-01-13 19:00:00+00:00,98.29826
2026-01-13 20:00:00+00:00,87.33176
2026-01-13 21:00:00+00:00,83.231575
2026-01-13 22:00:00+00:00,79.882256
2026-01-13 23:00:00+00:00,79.934784
2026-01-14 00:00:00+00:00,91.29809
2026-01-14 01:00:00+00:00,90.25676
2026-01-14 02:00:00+00:00,88.47225
2026-01-14 03:00:00+00:00,91.01462
2026-01-14 04:00:00+00:00,95.83827
2026-01-14 05:00:00+00:00,105.732834
2026-01-14 06:00:00+00:00,117.853035
2026-01-14 07:00:00+00:00,121.75521
2026-01-14 08:00:00+00:00,111.38245
2026-01-14 09:00:00+00:00,103.52256
2026-01-14 10:00:00+00:00,98.795845
2026-01-14 11:00:00+00:00,97.041985
2026-01-14 12:00:00+00:00,93.98072
2026-01-14 13:00:00+00:00,94.90146
2026-01-14 14:00:00+00:00,100.07546
2026-01-14 15:00:00+00:00,107.957214
2026-01-14 16:00:00+00:00,117.375565
2026-01-14 17:00:00+00:00,123.63188
2026-01-14 18:00:00+00:00,119.97603
2026-01-14 19:00:00+00:00,109.06388
2026-01-14 20:00:00+00:00,99.22919
2026-01-14 21:00:00+00:00,96.32752
2026-01-14 22:00:00+00:00,91.73306
2026-01-14 23:00:00+00:00,90.97988
2026-01-15 00:00:00+00:00,93.85849
2026-01-15 01:00:00+00:00,90.85028
2026-01-15 02:00:00+00:00,88.034775
2026-01-15 03:00:00+00:00,88.2206
2026-01-15 04:00:00+00:00,89.81358
2026-01-15 05:00:00+00:00,98.66328
2026-01-15 06:00:00+00:00,110.633125
2026-01-15 07:00:00+00:00,114.717094
2026-01-15 08:00:00+00:00,106.76945
2026-01-15 09:00:00+00:00,98.5904
2026-01-15 10:00:00+00:00,93.42515
2026-01-15 11:00:00+00:00,90.65779
2026-01-15 12:00:00+00:00,87.734924
2026-01-15 13:00:00+00:00,88.940125
2026-01-15 14:00:00+00:00,90.33452
2026-01-15 15:00:00+00:00,96.526146
2026-01-15 16:00:00+00:00,106.50219
2026-01-15 17:00:00+00:00,113.996994
2026-01-15 18:00:00+00:00,112.987816
2026-01-15 19:00:00+00:00,99.17226
2026-01-15 20:00:00+00:00,87.13875
2026-01-15 21:00:00+00:00,82.995056
2026-01-15 22:00:00+00:00,81.62941
2026-01-15 23:00:00+00:00,81.71208
2026-01-16 00:00:00+00:00,83.36411
2026-01-16 01:00:00+00:00,82.96498
2026-01-16 02:00:00+00:00,81.3683
2026-01-16 03:00:00+00:00,82.65967
2026-01-16 04:00:00+00:00,90.18039
2026-01-16 05:00:00+00:00,106.82472
2026-01-16 06:00:00+00:00,120.97548
2026-01-16 07:00:00+00:00,117.33906
2026-01-16 08:00:00+00:00,103.85593
2026-01-16 09:00:00+00:00,94.60442
2026-01-16 10:00:00+00:00,89.16568
2026-01-16 11:00:00+00:00,89.2265
2026-01-16 12:00:00+00:00,88.87024
2026-01-16 13:00:00+00:00,93.24245
2026-01-16 14:00:00+00:00,100.64093
2026-01-16 15:00:00+00:00,108.870026
2026-01-16 16:00:00+00:00,119.54979
2026-01-16 17:00:00+00:00,127.84988
2026-01-16 18:00:00+00:00,125.00292
2026-01-16 19:00:00+00:00,115.290665
2026-01-16 20:00:00+00:00,108.42634
2026-01-16 21:00:00+00:00,104.28075
2026-01-16 22:00:00+00:00,99.77109
2026-01-16 23:00:00+00:00,101.51269
2026-01-17 00:00:00+00:00,98.99687
2026-01-17 01:00:00+00:00,95.00694
2026-01-17 02:00:00+00:00,91.63575
2026-01-17 03:00:00+00:00,92.75074
2026-01-17 04:00:00+00:00,96.911156
2026-01-17 05:00:00+00:00,103.296936
2026-01-17 06:00:00+00:00,110.53867
2026-01-17 07:00:00+00:00,118.09303
2026-01-17 08:00:00+00:00,118.14135
2026-01-17 09:00:00+00:00,116.66308
2026-01-17 10:00:00+00:00,116.11759
2026-01-17 11:00:00+00:00,113.363914
2026-01-17 12:00:00+00:00,107.89563
2026-01-17 13:00:00+00:00,105.77234
2026-01-17 14:00:00+00:00,107.159035
2026-01-17 15:00:00+00:00,116.02355
2026-01-17 16:00:00+00:00,127.89871
2026-01-17 17:00:00+00:00,135.55533
2026-01-17 18:00:00+00:00,131.90254
2026-01-17 19:00:00+00:00,121.02319
2026-01-17 20:00:00+00:00,111.070305
2026-01-17 21:00:00+00:00,106.006676
2026-01-17 22:00:00+00:00,100.161415
2026-01-17 23:00:00+00:00,97.813774
2026-01-18 00:00:00+00:00,109.06579
2026-01-18 01:00:00+00:00,105.9828
2026-01-18 02:00:00+00:00,102.4785
2026-01-18 03:00:00+00:00,101.293884
2026-01-18 04:00:00+00:00,100.117546
2026-01-18 05:00:00+00:00,99.01024
2026-01-18 06:00:00+00:00,96.92607
2026-01-18 07:00:00+00:00,99.42423
2026-01-18 08:00:00+00:00,100.40009
2026-01-18 09:00:00+00:00,100.495636
2026-01-18 10:00:00+00:00,100.65848
2026-01-18 11:00:00+00:00,101.77387
2026-01-18 12:00:00+00:00,99.385376
2026-01-18 13:00:00+00:00,99.32916
2026-01-18 14:00:00+00:00,100.821075
2026-01-18 15:00:00+00:00,109.525734
2026-01-18 16:00:00+00:00,127.224655
2026-01-18 17:00:00+00:00,142.56186
2026-01-18 18:00:00+00:00,141.53947
2026-01-18 19:00:00+00:00,130.42804
2026-01-18 20:00:00+00:00,121.14953
2026-01-18 21:00:00+00:00,118.45726
2026-01-18 22:00:00+00:00,115.340775
2026-01-18 23:00:00+00:00,113.39633
2026-01-19 00:00:00+00:00,99.67839
2026-01-19 01:00:00+00:00,96.46588
2026-01-19 02:00:00+00:00,92.56145
2026-01-19 03:00:00+00:00,93.56601
2026-01-19 04:00:00+00:00,104.10621
2026-01-19 05:00:00+00:00,125.57313
2026-01-19 06:00:00+00:00,145.69164
2026-01-19 07:00:00+00:00,151.38193
2026-01-19 08:00:00+00:00,140.6797
2026-01-19 09:00:00+00:00,130.29655
2026-01-19 10:00:00+00:00,123.82292
2026-01-19 11:00:00+00:00,121.64082
2026-01-19 12:00:00+00:00,120.02833
2026-01-19 13:00:00+00:00,119.673
2026-01-19 14:00:00+00:00,121.919876
2026-01-19 15:00:00+00:00,129.75322
2026-01-19 16:00:00+00:00,145.98206
2026-01-19 17:00:00+00:00,159.92572
2026-01-19 18:00:00+00:00,155.80263
2026-01-19 19:00:00+00:00,136.793
2026-01-19 20:00:00+00:00,124.15188
2026-01-19 21:00:00+00:00,118.11229
2026-01-19 22:00:00+00:00,109.94987
2026-01-19 23:00:00+00:00,106.88563
2026-01-20 00:00:00+00:00,104.41252
2026-01-20 01:00:00+00:00,100.554375
2026-01-20 02:00:00+00:00,97.02905
2026-01-20 03:00:00+00:00,98.057144
2026-01-20 04:00:00+00:00,105.7829
2026-01-20 05:00:00+00:00,123.6224
2026-01-20 06:00:00+00:00,143.82927
2026-01-20 07:00:00+00:00,148.50787
2026-01-20 08:00:00+00:00,135.29018
2026-01-20 09:00:00+00:00,122.856224
2026-01-20 10:00:00+00:00,114.74881
2026-01-20 11:00:00+00:00,110.08803
2026-01-20 12:00:00+00:00,104.68306
2026-01-20 13:00:00+00:00,104.18565
2026-01-20 14:00:00+00:00,105.71436
2026-01-20 15:00:00+00:00,112.708565
2026-01-20 16:00:00+00:00,126.03703
2026-01-20 17:00:00+00:00,137.3158
2026-01-20 18:00:00+00:00,132.81023
2026-01-20 19:00:00+00:00,113.75075
2026-01-20 20:00:00+00:00,100.32317
2026-01-20 21:00:00+00:00,95.02189
2026-01-20 22:00:00+00:00,89.84366
2026-01-20 23:00:00+00:00,86.97365
2026-01-21 00:00:00+00:00,80.34849
2026-01-21 01:00:00+00:00,77.17053
2026-01-21 02:00:00+00:00,73.29629
2026-01-21 03:00:00+00:00,71.390335
2026-01-21 04:00:00+00:00,68.17772
2026-01-21 05:00:00+00:00,74.05182
2026-01-21 06:00:00+00:00,84.54831
2026-01-21 07:00:00+00:00,88.73341
2026-01-21 08:00:00+00:00,82.51077
2026-01-21 09:00:00+00:00,77.6967
2026-01-21 10:00:00+00:00,76.227615
2026-01-21 11:00:00+00:00,74.076065
2026-01-21 12:00:00+00:00,70.33859
2026-01-21 13:00:00+00:00,68.91007
2026-01-21 14:00:00+00:00,67.12211
2026-01-21 15:00:00+00:00,70.890915
2026-01-21 16:00:00+00:00,82.13223
2026-01-21 17:00:00+00:00,94.09686
2026-01-21 18:00:00+00:00,94.96034
2026-01-21 19:00:00+00:00,85.07657
2026-01-21 20:00:00+00:00,76.155914
2026-01-21 21:00:00+00:00,74.139305
2026-01-21 22:00:00+00:00,72.829666
2026-01-21 23:00:00+00:00,72.81342
2026-01-22 00:00:00+00:00,29.191914
2026-01-22 01:00:00+00:00,29.159472
2026-01-22 02:00:00+00:00,30.431065
2026-01-22 03:00:00+00:00,40.447796
2026-01-22 04:00:00+00:00,64.905
2026-01-22 05:00:00+00:00,95.73645
2026-01-22 06:00:00+00:00,123.613846
2026-01-22 07:00:00+00:00,129.08159
2026-01-22 08:00:00+00:00,116.161514
2026-01-22 09:00:00+00:00,105.34918
2026-01-22 10:00:00+00:00,97.43971
2026-01-22 11:00:00+00:00,96.44683
2026-01-22 12:00:00+00:00,94.72996
2026-01-22 13:00:00+00:00,98.00853
2026-01-22 14:00:00+00:00,106.85794
2026-01-22 15:00:00+00:00,121.96817
2026-01-22 16:00:00+00:00,143.57008
2026-01-22 17:00:00+00:00,157.15723
2026-01-22 18:00:00+00:00,153.56871
2026-01-22 19:00:00+00:00,141.84846
2026-01-22 20:00:00+00:00,132.44518
2026-01-22 21:00:00+00:00,121.614876
2026-01-22 22:00:00+00:00,112.96417
2026-01-22 23:00:00+00:00,107.80719
2026-01-23 00:00:00+00:00,81.96379
2026-01-23 01:00:00+00:00,76.8155
2026-01-23 02:00:00+00:00,71.36274
2026-01-23 03:00:00+00:00,69.6788
2026-01-23 04:00:00+00:00,71.22361
2026-01-23 05:00:00+00:00,84.19934
2026-01-23 06:00:00+00:00,99.60738
2026-01-23 07:00:00+00:00,103.17992
2026-01-23 08:00:00+00:00,94.855286
2026-01-23 09:00:00+00:00,87.96153
2026-01-23 10:00:00+00:00,84.11389
2026-01-23 11:00:00+00:00,81.3106
2026-01-23 12:00:00+00:00,78.28114
2026-01-23 13:00:00+00:00,76.090355
2026-01-23 14:00:00+00:00,77.29547
2026-01-23 15:00:00+00:00,85.81647
2026-01-23 16:00:00+00:00,97.921486
2026-01-23 17:00:00+00:00,109.84541
2026-01-23 18:00:00+00:00,112.82633
2026-01-23 19:00:00+00:00,104.624344
2026-01-23 20:00:00+00:00,95.05408
2026-01-23 21:00:00+00:00,90.76447
2026-01-23 22:00:00+00:00,85.53345
2026-01-23 23:00:00+00:00,83.533516
2026-01-24 00:00:00+00:00,93.64554
2026-01-24 01:00:00+00:00,90.15489
2026-01-24 02:00:00+00:00,87.59709
2026-01-24 03:00:00+00:00,88.60776
2026-01-24 04:00:00+00:00,91.19896
2026-01-24 05:00:00+00:00,98.90048
2026-01-24 06:00:00+00:00,109.3721
2026-01-24 07:00:00+00:00,115.62956
2026-01-24 08:00:00+00:00,110.816124
2026-01-24 09:00:00+00:00,106.890144
2026-01-24 10:00:00+00:00,103.17921
2026-01-24 11:00:00+00:00,99.496635
2026-01-24 12:00:00+00:00,94.68419
2026-01-24 13:00:00+00:00,94.2746
2026-01-24 14:00:00+00:00,97.44922
2026-01-24 15:00:00+00:00,108.47966
2026-01-24 16:00:00+00:00,121.75935
2026-01-24 17:00:00+00:00,128.0767
2026-01-24 18:00:00+00:00,123.41189
2026-01-24 19:00:00+00:00,116.467964
2026-01-24 20:00:00+00:00,109.2072
2026-01-24 21:00:00+00:00,106.57813
2026-01-24 22:00:00+00:00,103.24974
2026-01-24 23:00:00+00:00,102.75962
2026-01-25 00:00:00+00:00,89.42235
2026-01-25 01:00:00+00:00,86.27425
2026-01-25 02:00:00+00:00,82.765686
2026-01-25 03:00:00+00:00,81.540375
2026-01-25 04:00:00+00:00,80.70571
2026-01-25 05:00:00+00:00,82.9427
2026-01-25 06:00:00+00:00,85.9647
2026-01-25 07:00:00+00:00,90.742645
2026-01-25 08:00:00+00:00,91.381805
2026-01-25 09:00:00+00:00,89.83583
2026-01-25 10:00:00+00:00,89.73501
2026-01-25 11:00:00+00:00,91.622536
2026-01-25 12:00:00+00:00,90.00901
2026-01-25 13:00:00+00:00,90.12955
2026-01-25 14:00:00+00:00,93.28441
2026-01-25 15:00:00+00:00,105.966965
2026-01-25 16:00:00+00:00,126.88699
2026-01-25 17:00:00+00:00,142.6275
2026-01-25 18:00:00+00:00,144.15196
2026-01-25 19:00:00+00:00,137.15454
2026-01-25 20:00:00+00:00,129.29353
2026-01-25 21:00:00+00:00,125.85489
2026-01-25 22:00:00+00:00,122.64467
2026-01-25 23:00:00+00:00,120.30439
2026-01-26 00:00:00+00:00,100.72983
2026-01-26 01:00:00+00:00,97.80275
2026-01-26 02:00:00+00:00,92.67461
2026-01-26 03:00:00+00:00,93.44795
2026-01-26 04:00:00+00:00,104.53204
2026-01-26 05:00:00+00:00,122.75157
2026-01-26 06:00:00+00:00,141.9307
2026-01-26 07:00:00+00:00,146.34628
2026-01-26 08:00:00+00:00,133.22433
2026-01-26 09:00:00+00:00,122.45518
2026-01-26 10:00:00+00:00,115.50188
2026-01-26 11:00:00+00:00,113.35307
2026-01-26 12:00:00+00:00,109.961624
2026-01-26 13:00:00+00:00,109.19533
2026-01-26 14:00:00+00:00,113.40959
2026-01-26 15:00:00+00:00,122.1414
2026-01-26 16:00:00+00:00,140.56845
2026-01-26 17:00:00+00:00,156.64929
2026-01-26 18:00:00+00:00,152.42369
2026-01-26 19:00:00+00:00,130.44125
2026-01-26 20:00:00+00:00,113.694275
2026-01-26 21:00:00+00:00,102.69876
2026-01-26 22:00:00+00:00,92.99311
2026-01-26 23:00:00+00:00,88.04473
2026-01-27 00:00:00+00:00,70.72299
2026-01-27 01:00:00+00:00,64.9644
2026-01-27 02:00:00+00:00,58.722256
2026-01-27 03:00:00+00:00,55.43109
2026-01-27 04:00:00+00:00,52.228844
2026-01-27 05:00:00+00:00,64.255554
2026-01-27 06:00:00+00:00,83.97223
2026-01-27 07:00:00+00:00,94.4538
2026-01-27 08:00:00+00:00,91.244965
2026-01-27 09:00:00+00:00,87.04704
2026-01-27 10:00:00+00:00,87.1776
2026-01-27 11:00:00+00:00,88.01005
2026-01-27 12:00:00+00:00,83.95644
2026-01-27 13:00:00+00:00,79.90396
2026-01-27 14:00:00+00:00,76.52605
2026-01-27 15:00:00+00:00,83.23455
2026-01-27 16:00:00+00:00,98.10119
2026-01-27 17:00:00+00:00,111.34484
2026-01-27 18:00:00+00:00,110.1309
2026-01-27 19:00:00+00:00,102.18457
2026-01-27 20:00:00+00:00,96.768814
2026-01-27 21:00:00+00:00,94.41296
2026-01-27 22:00:00+00:00,90.75699
2026-01-27 23:00:00+00:00,89.45674
2026-01-28 00:00:00+00:00,94.2412
2026-01-28 01:00:00+00:00,91.19063
2026-01-28 02:00:00+00:00,87.32795
2026-01-28 03:00:00+00:00,88.00641
2026-01-28 04:00:00+00:00,101.984314
2026-01-28 05:00:00+00:00,133.25903
2026-01-28 06:00:00+00:00,164.40591
2026-01-28 07:00:00+00:00,172.82397
2026-01-28 08:00:00+00:00,157.80467
2026-01-28 09:00:00+00:00,143.94258
2026-01-28 10:00:00+00:00,135.45868
2026-01-28 11:00:00+00:00,133.18674
2026-01-28 12:00:00+00:00,131.36087
2026-01-28 13:00:00+00:00,130.46744
2026-01-28 14:00:00+00:00,136.88498
2026-01-28 15:00:00+00:00,150.89366
2026-01-28 16:00:00+00:00,167.39658
2026-01-28 17:00:00+00:00,179.52936
2026-01-28 18:00:00+00:00,173.5877
2026-01-28 19:00:00+00:00,151.67674
2026-01-28 20:00:00+00:00,133.85388
2026-01-28 21:00:00+00:00,125.39164
2026-01-28 22:00:00+00:00,115.95537
2026-01-28 23:00:00+00:00,113.83124
2026-01-29 00:00:00+00:00,107.81584
2026-01-29 01:00:00+00:00,103.96306
2026-01-29 02:00:00+00:00,99.875984
2026-01-29 03:00:00+00:00,99.906654
2026-01-29 04:00:00+00:00,106.95254
2026-01-29 05:00:00+00:00,124.53949
2026-01-29 06:00:00+00:00,143.98125
2026-01-29 07:00:00+00:00,151.69112
2026-01-29 08:00:00+00:00,141.25484
2026-01-29 09:00:00+00:00,130.47917
2026-01-29 10:00:00+00:00,123.3915
2026-01-29 11:00:00+00:00,118.0479
2026-01-29 12:00:00+00:00,111.45884
2026-01-29 13:00:00+00:00,107.12703
2026-01-29 14:00:00+00:00,108.309845
2026-01-29 15:00:00+00:00,120.959854
2026-01-29 16:00:00+00:00,139.66774
2026-01-29 17:00:00+00:00,152.35812
2026-01-29 18:00:00+00:00,145.31268
2026-01-29 19:00:00+00:00,126.90429
2026-01-29 20:00:00+00:00,112.89605
2026-01-29 21:00:00+00:00,107.6568
2026-01-29 22:00:00+00:00,100.263756
2026-01-29 23:00:00+00:00,96.963745
2026-01-30 00:00:00+00:00,104.38274
2026-01-30 01:00:00+00:00,100.752754
2026-01-30 02:00:00+00:00,97.29429
2026-01-30 03:00:00+00:00,96.57908
2026-01-30 04:00:00+00:00,92.98095
2026-01-30 05:00:00+00:00,95.784615
2026-01-30 06:00:00+00:00,103.435165
2026-01-30 07:00:00+00:00,109.290474
2026-01-30 08:00:00+00:00,104.92256
2026-01-30 09:00:00+00:00,101.22394
2026-01-30 10:00:00+00:00,99.45867
2026-01-30 11:00:00+00:00,96.21912
2026-01-30 12:00:00+00:00,93.37983
2026-01-30 13:00:00+00:00,92.79482
2026-01-30 14:00:00+00:00,92.6935
2026-01-30 15:00:00+00:00,99.19282
2026-01-30 16:00:00+00:00,109.29088
2026-01-30 17:00:00+00:00,118.37379
2026-01-30 18:00:00+00:00,118.29028
2026-01-30 19:00:00+00:00,110.49667
2026-01-30 20:00:00+00:00,102.481445
2026-01-30 21:00:00+00:00,100.96208
2026-01-30 22:00:00+00:00,100.10282
2026-01-30 23:00:00+00:00,100.38256
2026-01-31 00:00:00+00:00,93.05325
2026-01-31 01:00:00+00:00,91.13721
2026-01-31 02:00:00+00:00,90.05487
2026-01-31 03:00:00+00:00,91.45054
2026-01-31 04:00:00+00:00,94.880356
2026-01-31 05:00:00+00:00,102.72101
2026-01-31 06:00:00+00:00,112.19772
2026-01-31 07:00:00+00:00,119.17873
2026-01-31 08:00:00+00:00,115.168144
2026-01-31 09:00:00+00:00,111.207306
2026-01-31 10:00:00+00:00,108.02842
2026-01-31 11:00:00+00:00,104.43233
2026-01-31 12:00:00+00:00,98.49431
2026-01-31 13:00:00+00:00,98.240654
2026-01-31 14:00:00+00:00,104.19478
2026-01-31 15:00:00+00:00,117.66853
2026-01-31 16:00:00+00:00,135.94919
2026-01-31 17:00:00+00:00,145.04356
2026-01-31 18:00:00+00:00,141.82274
2026-01-31 19:00:00+00:00,134.39706
2026-01-31 20:00:00+00:00,125.39622
2026-01-31 21:00:00+00:00,120.63814
2026-01-31 22:00:00+00:00,114.94044
2026-01-31 23:00:00+00:00,113.823944
2026-02-01 00:00:00+00:00,100.84128
2026-02-01 01:00:00+00:00,96.52714
2026-02-01 02:00:00+00:00,92.44615
2026-02-01 03:00:00+00:00,91.98412
2026-02-01 04:00:00+00:00,93.34671
2026-02-01 05:00:00+00:00,94.95884
2026-02-01 06:00:00+00:00,95.95497
2026-02-01 07:00:00+00:00,100.67784
2026-02-01 08:00:00+00:00,106.64374
2026-02-01 09:00:00+00:00,110.44092
2026-02-01 10:00:00+00:00,112.56931
2026-02-01 11:00:00+00:00,115.174805
2026-02-01 12:00:00+00:00,112.44287
2026-02-01 13:00:00+00:00,108.796875
2026-02-01 14:00:00+00:00,105.22847
2026-02-01 15:00:00+00:00,107.499176
2026-02-01 16:00:00+00:00,120.02941
2026-02-01 17:00:00+00:00,131.49866
2026-02-01 18:00:00+00:00,128.27394
2026-02-01 19:00:00+00:00,119.727974
2026-02-01 20:00:00+00:00,114.3038
2026-02-01 21:00:00+00:00,112.2847
2026-02-01 22:00:00+00:00,108.00201
2026-02-01 23:00:00+00:00,105.49384
2026-02-02 00:00:00+00:00,99.56827
2026-02-02 01:00:00+00:00,96.48563
2026-02-02 02:00:00+00:00,92.28488
2026-02-02 03:00:00+00:00,95.48008
2026-02-02 04:00:00+00:00,106.66123
2026-02-02 05:00:00+00:00,124.385925
2026-02-02 06:00:00+00:00,139.18306
2026-02-02 07:00:00+00:00,140.76726
2026-02-02 08:00:00+00:00,129.02676
2026-02-02 09:00:00+00:00,119.446365
2026-02-02 10:00:00+00:00,114.20279
2026-02-02 11:00:00+00:00,110.45284
2026-02-02 12:00:00+00:00,105.86719
2026-02-02 13:00:00+00:00,104.48236
2026-02-02 14:00:00+00:00,103.51213
2026-02-02 15:00:00+00:00,109.01967
2026-02-02 16:00:00+00:00,122.054184
2026-02-02 17:00:00+00:00,133.68481
2026-02-02 18:00:00+00:00,132.05357
2026-02-02 19:00:00+00:00,120.18422
2026-02-02 20:00:00+00:00,107.928925
2026-02-02 21:00:00+00:00,100.37
2026-02-02 22:00:00+00:00,94.03615
2026-02-02 23:00:00+00:00,91.28685
2026-02-03 00:00:00+00:00,57.911537
2026-02-03 01:00:00+00:00,54.469078
2026-02-03 02:00:00+00:00,51.912167
2026-02-03 03:00:00+00:00,54.279522
2026-02-03 04:00:00+00:00,61.21737
2026-02-03 05:00:00+00:00,75.898994
2026-02-03 06:00:00+00:00,92.698395
2026-02-03 07:00:00+00:00,97.79703
2026-02-03 08:00:00+00:00,88.513306
2026-02-03 09:00:00+00:00,79.048935
2026-02-03 10:00:00+00:00,73.204666
2026-02-03 11:00:00+00:00,68.24161
2026-02-03 12:00:00+00:00,65.03238
2026-02-03 13:00:00+00:00,65.28905
2026-02-03 14:00:00+00:00,69.681595
2026-02-03 15:00:00+00:00,84.607376
2026-02-03 16:00:00+00:00,104.536285
2026-02-03 17:00:00+00:00,119.94339
2026-02-03 18:00:00+00:00,121.65287
2026-02-03 19:00:00+00:00,111.85641
2026-02-03 20:00:00+00:00,101.83919
2026-02-03 21:00:00+00:00,95.838524
2026-02-03 22:00:00+00:00,89.844505
2026-02-03 23:00:00+00:00,85.06541
2026-02-04 00:00:00+00:00,70.72655
2026-02-04 01:00:00+00:00,67.25223
2026-02-04 02:00:00+00:00,64.42864
2026-02-04 03:00:00+00:00,66.66517
2026-02-04 04:00:00+00:00,75.02005
2026-02-04 05:00:00+00:00,92.30626
2026-02-04 06:00:00+00:00,110.369896
2026-02-04 07:00:00+00:00,113.27548
2026-02-04 08:00:00+00:00,102.82536
2026-02-04 09:00:00+00:00,93.8345
2026-02-04 10:00:00+00:00,85.97526
2026-02-04 11:00:00+00:00,80.968605
2026-02-04 12:00:00+00:00,77.16891
2026-02-04 13:00:00+00:00,76.20103
2026-02-04 14:00:00+00:00,77.6989
2026-02-04 15:00:00+00:00,86.082565
2026-02-04 16:00:00+00:00,99.3208
2026-02-04 17:00:00+00:00,107.982
2026-02-04 18:00:00+00:00,103.86182
2026-02-04 19:00:00+00:00,90.3023
2026-02-04 20:00:00+00:00,78.80115
2026-02-04 21:00:00+00:00,72.30564
2026-02-04 22:00:00+00:00,65.60364
2026-02-04 23:00:00+00:00,62.1223
2026-02-05 00:00:00+00:00,53.268707
2026-02-05 01:00:00+00:00,51.266228
2026-02-05 02:00:00+00:00,49.48259
2026-02-05 03:00:00+00:00,51.751553
2026-02-05 04:00:00+00:00,57.71538
2026-02-05 05:00:00+00:00,69.34277
2026-02-05 06:00:00+00:00,82.39264
2026-02-05 07:00:00+00:00,87.18297
2026-02-05 08:00:00+00:00,81.052315
2026-02-05 09:00:00+00:00,75.50305
2026-02-05 10:00:00+00:00,71.20025
2026-02-05 11:00:00+00:00,67.63515
2026-02-05 12:00:00+00:00,64.07039
2026-02-05 13:00:00+00:00,63.53426
2026-02-05 14:00:00+00:00,66.40315
2026-02-05 15:00:00+00:00,75.25318
2026-02-05 16:00:00+00:00,87.90743
2026-02-05 17:00:00+00:00,97.76465
2026-02-05 18:00:00+00:00,96.397835
2026-02-05 19:00:00+00:00,88.5381
2026-02-05 20:00:00+00:00,79.15396
2026-02-05 21:00:00+00:00,73.890076
2026-02-05 22:00:00+00:00,68.28646
2026-02-05 23:00:00+00:00,65.757935
2026-02-06 00:00:00+00:00,60.816326
2026-02-06 01:00:00+00:00,58.070454
2026-02-06 02:00:00+00:00,55.14028
2026-02-06 03:00:00+00:00,56.0201
2026-02-06 04:00:00+00:00,62.169777
2026-02-06 05:00:00+00:00,76.70385
2026-02-06 06:00:00+00:00,89.84718
2026-02-06 07:00:00+00:00,90.02785
2026-02-06 08:00:00+00:00,78.63039
2026-02-06 09:00:00+00:00,71.26704
2026-02-06 10:00:00+00:00,65.671425
2026-02-06 11:00:00+00:00,61.252853
2026-02-06 12:00:00+00:00,57.40748
2026-02-06 13:00:00+00:00,56.25343
2026-02-06 14:00:00+00:00,58.49183
2026-02-06 15:00:00+00:00,68.55849
2026-02-06 16:00:00+00:00,83.06458
2026-02-06 17:00:00+00:00,97.15769
2026-02-06 18:00:00+00:00,100.05555
2026-02-06 19:00:00+00:00,89.811035
2026-02-06 20:00:00+00:00,78.47333
2026-02-06 21:00:00+00:00,74.60592
2026-02-06 22:00:00+00:00,70.03153
2026-02-06 23:00:00+00:00,67.632675
2026-02-07 00:00:00+00:00,66.20675
2026-02-07 01:00:00+00:00,61.821445
2026-02-07 02:00:00+00:00,57.789093
2026-02-07 03:00:00+00:00,55.720066
2026-02-07 04:00:00+00:00,54.965416
2026-02-07 05:00:00+00:00,62.215324
2026-02-07 06:00:00+00:00,73.82462
2026-02-07 07:00:00+00:00,77.20659
2026-02-07 08:00:00+00:00,68.804375
2026-02-07 09:00:00+00:00,61.65696
2026-02-07 10:00:00+00:00,55.91671
2026-02-07 11:00:00+00:00,50.129562
2026-02-07 12:00:00+00:00,47.055832
2026-02-07 13:00:00+00:00,49.432682
2026-02-07 14:00:00+00:00,56.536827
2026-02-07 15:00:00+00:00,73.63649
2026-02-07 16:00:00+00:00,93.29308
2026-02-07 17:00:00+00:00,106.54236
2026-02-07 18:00:00+00:00,107.44106
2026-02-07 19:00:00+00:00,99.556404
2026-02-07 20:00:00+00:00,92.60326
2026-02-07 21:00:00+00:00,89.35966
2026-02-07 22:00:00+00:00,84.61345
2026-02-07 23:00:00+00:00,81.414566
2026-02-08 00:00:00+00:00,78.83008
2026-02-08 01:00:00+00:00,75.82547
2026-02-08 02:00:00+00:00,73.71051
2026-02-08 03:00:00+00:00,73.84036
2026-02-08 04:00:00+00:00,77.487495
2026-02-08 05:00:00+00:00,91.16888
2026-02-08 06:00:00+00:00,107.03338
2026-02-08 07:00:00+00:00,108.85492
2026-02-08 08:00:00+00:00,92.47218
2026-02-08 09:00:00+00:00,78.422195
2026-02-08 10:00:00+00:00,68.25624
2026-02-08 11:00:00+00:00,61.869476
2026-02-08 12:00:00+00:00,59.891453
2026-02-08 13:00:00+00:00,64.43567
2026-02-08 14:00:00+00:00,74.746376
2026-02-08 15:00:00+00:00,94.87581
2026-02-08 16:00:00+00:00,120.187454
2026-02-08 17:00:00+00:00,137.66522
2026-02-08 18:00:00+00:00,134.84378
2026-02-08 19:00:00+00:00,118.55918
2026-02-08 20:00:00+00:00,106.45268
2026-02-08 21:00:00+00:00,101.58549
2026-02-08 22:00:00+00:00,95.34078
2026-02-08 23:00:00+00:00,91.771484
2026-02-09 00:00:00+00:00,70.50847
2026-02-09 01:00:00+00:00,67.37492
2026-02-09 02:00:00+00:00,63.395535
2026-02-09 03:00:00+00:00,66.341225
2026-02-09 04:00:00+00:00,76.6796
2026-02-09 05:00:00+00:00,93.67312
2026-02-09 06:00:00+00:00,110.66104
2026-02-09 07:00:00+00:00,112.352036
2026-02-09 08:00:00+00:00,97.57184
2026-02-09 09:00:00+00:00,84.63512
2026-02-09 10:00:00+00:00,75.31227
2026-02-09 11:00:00+00:00,71.70688
2026-02-09 12:00:00+00:00,67.87295
2026-02-09 13:00:00+00:00,68.10727
2026-02-09 14:00:00+00:00,70.38161
2026-02-09 15:00:00+00:00,77.387955
2026-02-09 16:00:00+00:00,93.53119
2026-02-09 17:00:00+00:00,109.34552
2026-02-09 18:00:00+00:00,108.81178
2026-02-09 19:00:00+00:00,93.77012
2026-02-09 20:00:00+00:00,78.19781
2026-02-09 21:00:00+00:00,65.27744
2026-02-09 22:00:00+00:00,56.502266
2026-02-09 23:00:00+00:00,53.333332
2026-02-10 00:00:00+00:00,23.850685
2026-02-10 01:00:00+00:00,22.377039
2026-02-10 02:00:00+00:00,22.368097
2026-02-10 03:00:00+00:00,26.815113
2026-02-10 04:00:00+00:00,39.440735
2026-02-10 05:00:00+00:00,56.550056
2026-02-10 06:00:00+00:00,73.8029
2026-02-10 07:00:00+00:00,79.9354
2026-02-10 08:00:00+00:00,76.28769
2026-02-10 09:00:00+00:00,71.3014
2026-02-10 10:00:00+00:00,63.87976
2026-02-10 11:00:00+00:00,60.003136
2026-02-10 12:00:00+00:00,56.332962
2026-02-10 13:00:00+00:00,55.191765
2026-02-10 14:00:00+00:00,56.162666
2026-02-10 15:00:00+00:00,62.108284
2026-02-10 16:00:00+00:00,72.90025
2026-02-10 17:00:00+00:00,80.77669
2026-02-10 18:00:00+00:00,71.78009
2026-02-10 19:00:00+00:00,53.927307
2026-02-10 20:00:00+00:00,40.005825
2026-02-10 21:00:00+00:00,31.753637
2026-02-10 22:00:00+00:00,23.48728
2026-02-10 23:00:00+00:00,20.067808
2026-02-11 00:00:00+00:00,8.836891
2026-02-11 01:00:00+00:00,7.3916345
2026-02-11 02:00:00+00:00,5.729651
2026-02-11 03:00:00+00:00,5.6912446
2026-02-11 04:00:00+00:00,5.8061585
2026-02-11 05:00:00+00:00,11.942631
2026-02-11 06:00:00+00:00,21.16174
2026-02-11 07:00:00+00:00,27.385893
2026-02-11 08:00:00+00:00,25.575953
2026-02-11 09:00:00+00:00,23.91177
2026-02-11 10:00:00+00:00,22.249765
2026-02-11 11:00:00+00:00,21.614048
2026-02-11 12:00:00+00:00,22.449873
2026-02-11 13:00:00+00:00,22.829098
2026-02-11 14:00:00+00:00,26.068525
2026-02-11 15:00:00+00:00,29.49894
2026-02-11 16:00:00+00:00,39.012753
2026-02-11 17:00:00+00:00,45.703285
2026-02-11 18:00:00+00:00,42.50148
2026-02-11 19:00:00+00:00,32.394806
2026-02-11 20:00:00+00:00,23.481754
2026-02-11 21:00:00+00:00,17.698692
2026-02-11 22:00:00+00:00,14.0288925
2026-02-11 23:00:00+00:00,11.678829
2026-02-12 00:00:00+00:00,6.8463426
2026-02-12 01:00:00+00:00,5.6990685
2026-02-12 02:00:00+00:00,4.9240136
2026-02-12 03:00:00+00:00,3.9037633
2026-02-12 04:00:00+00:00,2.9430509
2026-02-12 05:00:00+00:00,14.237507
2026-02-12 06:00:00+00:00,27.667849
2026-02-12 07:00:00+00:00,29.203959
2026-02-12 08:00:00+00:00,18.34048
2026-02-12 09:00:00+00:00,12.624784
2026-02-12 10:00:00+00:00,8.324648
2026-02-12 11:00:00+00:00,6.0639863
2026-02-12 12:00:00+00:00,6.0874753
2026-02-12 13:00:00+00:00,4.3758683
2026-02-12 14:00:00+00:00,7.4605846
2026-02-12 15:00:00+00:00,14.702192
2026-02-12 16:00:00+00:00,26.822548
2026-02-12 17:00:00+00:00,34.264267
2026-02-12 18:00:00+00:00,37.249645
2026-02-12 19:00:00+00:00,34.067116
2026-02-12 20:00:00+00:00,26.776426
2026-02-12 21:00:00+00:00,23.974026
2026-02-12 22:00:00+00:00,22.642632
2026-02-12 23:00:00+00:00,22.16408
2026-02-13 00:00:00+00:00,11.803133
2026-02-13 01:00:00+00:00,12.129885
2026-02-13 02:00:00+00:00,13.8769245
2026-02-13 03:00:00+00:00,24.170845
2026-02-13 04:00:00+00:00,45.235516
2026-02-13 05:00:00+00:00,73.26939
2026-02-13 06:00:00+00:00,87.21931
2026-02-13 07:00:00+00:00,82.94885
2026-02-13 08:00:00+00:00,66.309586
2026-02-13 09:00:00+00:00,56.35801
2026-02-13 10:00:00+00:00,52.90467
2026-02-13 11:00:00+00:00,54.788223
2026-02-13 12:00:00+00:00,56.961334
2026-02-13 13:00:00+00:00,65.21716
2026-02-13 14:00:00+00:00,80.59059
2026-02-13 15:00:00+00:00,101.84805
2026-02-13 16:00:00+00:00,124.72498
2026-02-13 17:00:00+00:00,131.0876
2026-02-13 18:00:00+00:00,114.3463
2026-02-13 19:00:00+00:00,99.176
2026-02-13 20:00:00+00:00,93.78345
2026-02-13 21:00:00+00:00,90.49884
2026-02-13 22:00:00+00:00,84.88496
2026-02-13 23:00:00+00:00,79.90593
2026-02-14 00:00:00+00:00,19.990406
2026-02-14 01:00:00+00:00,16.031359
2026-02-14 02:00:00+00:00,13.549805
2026-02-14 03:00:00+00:00,11.876219
2026-02-14 04:00:00+00:00,7.9740505
2026-02-14 05:00:00+00:00,10.341326
2026-02-14 06:00:00+00:00,10.975729
2026-02-14 07:00:00+00:00,8.840046
2026-02-14 08:00:00+00:00,14.057835
2026-02-14 09:00:00+00:00,16.932215
2026-02-14 10:00:00+00:00,21.533548
2026-02-14 11:00:00+00:00,21.331432
2026-02-14 12:00:00+00:00,21.026728
2026-02-14 13:00:00+00:00,17.564787
2026-02-14 14:00:00+00:00,12.021397
2026-02-14 15:00:00+00:00,19.686453
2026-02-14 16:00:00+00:00,38.825325
2026-02-14 17:00:00+00:00,57.49779
2026-02-14 18:00:00+00:00,55.273205
2026-02-14 19:00:00+00:00,46.825226
2026-02-14 20:00:00+00:00,39.403374
2026-02-14 21:00:00+00:00,35.819942
2026-02-14 22:00:00+00:00,35.705666
2026-02-14 23:00:00+00:00,34.774326
2026-02-15 00:00:00+00:00,40.99736
2026-02-15 01:00:00+00:00,38.487545
2026-02-15 02:00:00+00:00,36.387466
2026-02-15 03:00:00+00:00,33.761673
2026-02-15 04:00:00+00:00,33.624817
2026-02-15 05:00:00+00:00,42.24808
2026-02-15 06:00:00+00:00,52.75259
2026-02-15 07:00:00+00:00,51.049973
2026-02-15 08:00:00+00:00,42.49305
2026-02-15 09:00:00+00:00,35.013588
2026-02-15 10:00:00+00:00,28.754639
2026-02-15 11:00:00+00:00,26.920977
2026-02-15 12:00:00+00:00,25.75027
2026-02-15 13:00:00+00:00,21.620007
2026-02-15 14:00:00+00:00,16.172873
2026-02-15 15:00:00+00:00,16.206818
2026-02-15 16:00:00+00:00,27.215254
2026-02-15 17:00:00+00:00,37.43719
2026-02-15 18:00:00+00:00,38.540516
2026-02-15 19:00:00+00:00,30.867134
2026-02-15 20:00:00+00:00,21.778276
2026-02-15 21:00:00+00:00,16.17633
2026-02-15 22:00:00+00:00,9.515837
2026-02-15 23:00:00+00:00,8.820265
2026-02-16 00:00:00+00:00,-3.6943088
2026-02-16 01:00:00+00:00,-2.56323
2026-02-16 02:00:00+00:00,-3.0749068
2026-02-16 03:00:00+00:00,-3.5577064
2026-02-16 04:00:00+00:00,-5.054403
2026-02-16 05:00:00+00:00,-4.476217
2026-02-16 06:00:00+00:00,-6.045053
2026-02-16 07:00:00+00:00,-10.491003
2026-02-16 08:00:00+00:00,-12.159681
2026-02-16 09:00:00+00:00,-8.171804
2026-02-16 10:00:00+00:00,-5.7598605
2026-02-16 11:00:00+00:00,-3.808166
2026-02-16 12:00:00+00:00,-4.205314
2026-02-16 13:00:00+00:00,-3.424644
2026-02-16 14:00:00+00:00,-2.607431
2026-02-16 15:00:00+00:00,3.7035642
2026-02-16 16:00:00+00:00,21.398497
2026-02-16 17:00:00+00:00,35.499176
2026-02-16 18:00:00+00:00,29.921038
2026-02-16 19:00:00+00:00,19.95341
2026-02-16 20:00:00+00:00,9.942951
2026-02-16 21:00:00+00:00,7.7509503
2026-02-16 22:00:00+00:00,7.4570656
2026-02-16 23:00:00+00:00,6.779309
2026-02-17 00:00:00+00:00,9.813274
2026-02-17 01:00:00+00:00,11.286413
2026-02-17 02:00:00+00:00,12.114483
2026-02-17 03:00:00+00:00,18.4317
2026-02-17 04:00:00+00:00,30.861214
2026-02-17 05:00:00+00:00,49.401535
2026-02-17 06:00:00+00:00,65.02705
2026-02-17 07:00:00+00:00,63.01083
2026-02-17 08:00:00+00:00,50.376423
2026-02-17 09:00:00+00:00,40.705276
2026-02-17 10:00:00+00:00,35.192825
2026-02-17 11:00:00+00:00,36.534508
2026-02-17 12:00:00+00:00,40.677326
2026-02-17 13:00:00+00:00,49.3649
2026-02-17 14:00:00+00:00,62.9807
2026-02-17 15:00:00+00:00,87.187256
2026-02-17 16:00:00+00:00,119.082825
2026-02-17 17:00:00+00:00,145.54391
2026-02-17 18:00:00+00:00,145.46054
2026-02-17 19:00:00+00:00,122.99365
2026-02-17 20:00:00+00:00,109.04443
2026-02-17 21:00:00+00:00,100.50925
2026-02-17 22:00:00+00:00,94.95016
2026-02-17 23:00:00+00:00,91.322
2026-02-18 00:00:00+00:00,37.570354
2026-02-18 01:00:00+00:00,34.89768
2026-02-18 02:00:00+00:00,31.686728
2026-02-18 03:00:00+00:00,29.52191
2026-02-18 04:00:00+00:00,29.696323
2026-02-18 05:00:00+00:00,43.392105
2026-02-18 06:00:00+00:00,61.76892
2026-02-18 07:00:00+00:00,63.811913
2026-02-18 08:00:00+00:00,51.796432
2026-02-18 09:00:00+00:00,40.626637
2026-02-18 10:00:00+00:00,32.501183
2026-02-18 11:00:00+00:00,29.443161
2026-02-18 12:00:00+00:00,25.43529
2026-02-18 13:00:00+00:00,22.087147
2026-02-18 14:00:00+00:00,20.940798
2026-02-18 15:00:00+00:00,25.827826
2026-02-18 16:00:00+00:00,39.031357
2026-02-18 17:00:00+00:00,51.08951
2026-02-18 18:00:00+00:00,55.176872
2026-02-18 19:00:00+00:00,44.86228
2026-02-18 20:00:00+00:00,33.890434
2026-02-18 21:00:00+00:00,28.86213
2026-02-18 22:00:00+00:00,23.424047
2026-02-18 23:00:00+00:00,22.472336
2026-02-19 00:00:00+00:00,5.2815976
2026-02-19 01:00:00+00:00,4.6230016
2026-02-19 02:00:00+00:00,3.559485
2026-02-19 03:00:00+00:00,5.4148984
2026-02-19 04:00:00+00:00,9.203018
2026-02-19 05:00:00+00:00,20.422064
2026-02-19 06:00:00+00:00,34.309654
2026-02-19 07:00:00+00:00,37.306953
2026-02-19 08:00:00+00:00,30.114212
2026-02-19 09:00:00+00:00,26.338661
2026-02-19 10:00:00+00:00,21.937057
2026-02-19 11:00:00+00:00,21.181534
2026-02-19 12:00:00+00:00,20.802916
2026-02-19 13:00:00+00:00,22.625376
2026-02-19 14:00:00+00:00,27.824963
2026-02-19 15:00:00+00:00,38.780327
2026-02-19 16:00:00+00:00,54.439117
2026-02-19 17:00:00+00:00,64.65083
2026-02-19 18:00:00+00:00,63.27968
2026-02-19 19:00:00+00:00,57.483532
2026-02-19 20:00:00+00:00,49.49382
2026-02-19 21:00:00+00:00,46.757866
2026-02-19 22:00:00+00:00,44.406693
2026-02-19 23:00:00+00:00,42.999817
2026-02-20 00:00:00+00:00,21.37901
2026-02-20 01:00:00+00:00,19.195372
2026-02-20 02:00:00+00:00,18.180529
2026-02-20 03:00:00+00:00,24.98551
2026-02-20 04:00:00+00:00,40.931686
2026-02-20 05:00:00+00:00,59.28654
2026-02-20 06:00:00+00:00,73.466965
2026-02-20 07:00:00+00:00,70.16771
2026-02-20 08:00:00+00:00,57.79713
2026-02-20 09:00:00+00:00,48.924103
2026-02-20 10:00:00+00:00,42.59929
2026-02-20 11:00:00+00:00,39.152107
2026-02-20 12:00:00+00:00,35.12391
2026-02-20 13:00:00+00:00,32.603073
2026-02-20 14:00:00+00:00,34.67431
2026-02-20 15:00:00+00:00,41.965923
2026-02-20 16:00:00+00:00,57.304142
2026-02-20 17:00:00+00:00,69.33147
2026-02-20 18:00:00+00:00,68.550674
2026-02-20 19:00:00+00:00,55.48415
2026-02-20 20:00:00+00:00,40.746853
2026-02-20 21:00:00+00:00,31.123404
2026-02-20 22:00:00+00:00,23.310528
2026-02-20 23:00:00+00:00,18.24409
2026-02-21 00:00:00+00:00,18.20386
2026-02-21 01:00:00+00:00,15.984055
2026-02-21 02:00:00+00:00,13.016598
2026-02-21 03:00:00+00:00,10.626528
2026-02-21 04:00:00+00:00,8.622787
2026-02-21 05:00:00+00:00,9.144487
2026-02-21 06:00:00+00:00,12.169161
2026-02-21 07:00:00+00:00,14.87295
2026-02-21 08:00:00+00:00,14.578899
2026-02-21 09:00:00+00:00,16.316654
2026-02-21 10:00:00+00:00,15.827429
2026-02-21 11:00:00+00:00,15.329002
2026-02-21 12:00:00+00:00,14.852726
2026-02-21 13:00:00+00:00,15.623632
2026-02-21 14:00:00+00:00,20.078924
2026-02-21 15:00:00+00:00,29.158627
2026-02-21 16:00:00+00:00,43.478935
2026-02-21 17:00:00+00:00,52.62986
2026-02-21 18:00:00+00:00,54.073746
2026-02-21 19:00:00+00:00,50.655518
2026-02-21 20:00:00+00:00,46.382374
2026-02-21 21:00:00+00:00,42.818954
2026-02-21 22:00:00+00:00,39.26936
2026-02-21 23:00:00+00:00,37.36064
2026-02-22 00:00:00+00:00,0.20795487
2026-02-22 01:00:00+00:00,-0.6456809
2026-02-22 02:00:00+00:00,-2.4417205
2026-02-22 03:00:00+00:00,-2.0442348
2026-02-22 04:00:00+00:00,1.4355664
2026-02-22 05:00:00+00:00,8.394243
2026-02-22 06:00:00+00:00,13.783442
2026-02-22 07:00:00+00:00,9.752573
2026-02-22 08:00:00+00:00,3.374535
2026-02-22 09:00:00+00:00,2.8444734
2026-02-22 10:00:00+00:00,2.751738
2026-02-22 11:00:00+00:00,6.7164445
2026-02-22 12:00:00+00:00,9.229614
2026-02-22 13:00:00+00:00,7.9598923
2026-02-22 14:00:00+00:00,9.12915
2026-02-22 15:00:00+00:00,15.179638
2026-02-22 16:00:00+00:00,31.881378
2026-02-22 17:00:00+00:00,43.68828
2026-02-22 18:00:00+00:00,45.61852
2026-02-22 19:00:00+00:00,38.01925
2026-02-22 20:00:00+00:00,30.686968
2026-02-22 21:00:00+00:00,31.688324
2026-02-22 22:00:00+00:00,29.772715
2026-02-22 23:00:00+00:00,28.967138
2026-02-23 00:00:00+00:00,10.205244
2026-02-23 01:00:00+00:00,8.517754
2026-02-23 02:00:00+00:00,7.4950776
2026-02-23 03:00:00+00:00,11.064753
2026-02-23 04:00:00+00:00,19.011675
2026-02-23 05:00:00+00:00,30.427195
2026-02-23 06:00:00+00:00,36.86577
2026-02-23 07:00:00+00:00,30.824978
2026-02-23 08:00:00+00:00,18.19365
2026-02-23 09:00:00+00:00,12.460831
2026-02-23 10:00:00+00:00,8.237175
2026-02-23 11:00:00+00:00,6.127482
2026-02-23 12:00:00+00:00,4.506684
2026-02-23 13:00:00+00:00,5.5796914
2026-02-23 14:00:00+00:00,9.500587
2026-02-23 15:00:00+00:00,18.233122
2026-02-23 16:00:00+00:00,35.186348
2026-02-23 17:00:00+00:00,54.259598
2026-02-23 18:00:00+00:00,61.85867
2026-02-23 19:00:00+00:00,50.4789
2026-02-23 20:00:00+00:00,36.72458
2026-02-23 21:00:00+00:00,31.60603
2026-02-23 22:00:00+00:00,28.713787
2026-02-23 23:00:00+00:00,26.341879
2026-02-24 00:00:00+00:00,21.977345
2026-02-24 01:00:00+00:00,21.510761
2026-02-24 02:00:00+00:00,21.395401
2026-02-24 03:00:00+00:00,29.326773
2026-02-24 04:00:00+00:00,46.138306
2026-02-24 05:00:00+00:00,67.0305
2026-02-24 06:00:00+00:00,85.68795
2026-02-24 07:00:00+00:00,78.20762
2026-02-24 08:00:00+00:00,54.06227
2026-02-24 09:00:00+00:00,38.001877
2026-02-24 10:00:00+00:00,28.18687
2026-02-24 11:00:00+00:00,23.662027
2026-02-24 12:00:00+00:00,20.959229
2026-02-24 13:00:00+00:00,24.271738
2026-02-24 14:00:00+00:00,30.590084
2026-02-24 15:00:00+00:00,48.18654
2026-02-24 16:00:00+00:00,77.93111
2026-02-24 17:00:00+00:00,109.6207
2026-02-24 18:00:00+00:00,116.576836
2026-02-24 19:00:00+00:00,93.35872
2026-02-24 20:00:00+00:00,70.44331
2026-02-24 21:00:00+00:00,61.745674
2026-02-24 22:00:00+00:00,56.19269
2026-02-24 23:00:00+00:00,51.322006
2026-02-25 00:00:00+00:00,15.992266
2026-02-25 01:00:00+00:00,13.630571
2026-02-25 02:00:00+00:00,11.274206
2026-02-25 03:00:00+00:00,13.818924
2026-02-25 04:00:00+00:00,22.603079
2026-02-25 05:00:00+00:00,33.759254
2026-02-25 06:00:00+00:00,40.561966
2026-02-25 07:00:00+00:00,31.322271
2026-02-25 08:00:00+00:00,15.12652
2026-02-25 09:00:00+00:00,6.385641
2026-02-25 10:00:00+00:00,0.6128564
2026-02-25 11:00:00+00:00,-2.0431094
2026-02-25 12:00:00+00:00,-4.973644
2026-02-25 13:00:00+00:00,-4.390592
2026-02-25 14:00:00+00:00,-1.6603541
2026-02-25 15:00:00+00:00,8.78413
2026-02-25 16:00:00+00:00,28.720194
2026-02-25 17:00:00+00:00,51.209785
2026-02-25 18:00:00+00:00,61.324516
2026-02-25 19:00:00+00:00,49.402412
2026-02-25 20:00:00+00:00,33.52696
2026-02-25 21:00:00+00:00,28.635044
2026-02-25 22:00:00+00:00,24.023516
2026-02-25 23:00:00+00:00,21.510618
2026-02-26 00:00:00+00:00,25.786469
2026-02-26 01:00:00+00:00,23.784998
2026-02-26 02:00:00+00:00,22.250862
2026-02-26 03:00:00+00:00,26.275349
2026-02-26 04:00:00+00:00,36.493916
2026-02-26 05:00:00+00:00,49.835934
2026-02-26 06:00:00+00:00,58.66348
2026-02-26 07:00:00+00:00,48.15144
2026-02-26 08:00:00+00:00,29.50152
2026-02-26 09:00:00+00:00,18.851078
2026-02-26 10:00:00+00:00,11.400032
2026-02-26 11:00:00+00:00,7.2790318
2026-02-26 12:00:00+00:00,4.0758367
2026-02-26 13:00:00+00:00,5.1474843
2026-02-26 14:00:00+00:00,8.6548
2026-02-26 15:00:00+00:00,19.781433
2026-02-26 16:00:00+00:00,37.369102
2026-02-26 17:00:00+00:00,57.11277
2026-02-26 18:00:00+00:00,66.166115
2026-02-26 19:00:00+00:00,50.928562
2026-02-26 20:00:00+00:00,32.204247
2026-02-26 21:00:00+00:00,26.118502
2026-02-26 22:00:00+00:00,19.844133
2026-02-26 23:00:00+00:00,16.425396
2026-02-27 00:00:00+00:00,6.8463216
2026-02-27 01:00:00+00:00,4.228741
2026-02-27 02:00:00+00:00,1.5148263
2026-02-27 03:00:00+00:00,0.7132573
2026-02-27 04:00:00+00:00,2.702622
2026-02-27 05:00:00+00:00,9.550858
2026-02-27 06:00:00+00:00,13.907192
2026-02-27 07:00:00+00:00,8.081352
2026-02-27 08:00:00+00:00,-2.5175033
2026-02-27 09:00:00+00:00,-6.246839
2026-02-27 10:00:00+00:00,-9.204742
2026-02-27 11:00:00+00:00,-11.737852
2026-02-27 12:00:00+00:00,-15.418598
2026-02-27 13:00:00+00:00,-18.640047
2026-02-27 14:00:00+00:00,-18.302351
2026-02-27 15:00:00+00:00,-11.302294
2026-02-27 16:00:00+00:00,4.7561154
2026-02-27 17:00:00+00:00,20.194996
2026-02-27 18:00:00+00:00,28.589813
2026-02-27 19:00:00+00:00,23.54685
2026-02-27 20:00:00+00:00,12.884819
2026-02-27 21:00:00+00:00,9.573593
2026-02-27 22:00:00+00:00,5.795651
2026-02-27 23:00:00+00:00,3.4738622
2026-02-28 00:00:00+00:00,10.136402
2026-02-28 01:00:00+00:00,7.8850384
2026-02-28 02:00:00+00:00,6.197922
2026-02-28 03:00:00+00:00,4.3709245
2026-02-28 04:00:00+00:00,3.3833299
2026-02-28 05:00:00+00:00,8.268652
2026-02-28 06:00:00+00:00,10.967005
2026-02-28 07:00:00+00:00,6.1786923
2026-02-28 08:00:00+00:00,2.5417504
2026-02-28 09:00:00+00:00,0.8772645
2026-02-28 10:00:00+00:00,-1.1893153
2026-02-28 11:00:00+00:00,-0.07636024
2026-02-28 12:00:00+00:00,0.94595957
2026-02-28 13:00:00+00:00,2.2525125
2026-02-28 14:00:00+00:00,5.890843
2026-02-28 15:00:00+00:00,18.293556
2026-02-28 16:00:00+00:00,39.56656
2026-02-28 17:00:00+00:00,54.994576
2026-02-28 18:00:00+00:00,57.940254
2026-02-28 19:00:00+00:00,54.912964
2026-02-28 20:00:00+00:00,49.25257
2026-02-28 21:00:00+00:00,47.99198
2026-02-28 22:00:00+00:00,48.4208
2026-02-28 23:00:00+00:00,48.675964
2026-03-01 00:00:00+00:00,28.342749
2026-03-01 01:00:00+00:00,24.588575
2026-03-01 02:00:00+00:00,21.230076
2026-03-01 03:00:00+00:00,19.853294
2026-03-01 04:00:00+00:00,22.740894
2026-03-01 05:00:00+00:00,30.299755
2026-03-01 06:00:00+00:00,36.014236
2026-03-01 07:00:00+00:00,31.143448
2026-03-01 08:00:00+00:00,26.121096
2026-03-01 09:00:00+00:00,24.693937
2026-03-01 10:00:00+00:00,22.659805
2026-03-01 11:00:00+00:00,23.931797
2026-03-01 12:00:00+00:00,21.181725
2026-03-01 13:00:00+00:00,19.425919
2026-03-01 14:00:00+00:00,18.738878
2026-03-01 15:00:00+00:00,22.377876
2026-03-01 16:00:00+00:00,40.12153
2026-03-01 17:00:00+00:00,58.85289
2026-03-01 18:00:00+00:00,66.297775
2026-03-01 19:00:00+00:00,60.507225
2026-03-01 20:00:00+00:00,50.03898
2026-03-01 21:00:00+00:00,46.313335
2026-03-01 22:00:00+00:00,41.746395
2026-03-01 23:00:00+00:00,37.85775
2026-03-02 00:00:00+00:00,10.538681
2026-03-02 01:00:00+00:00,8.366564
2026-03-02 02:00:00+00:00,6.524096
2026-03-02 03:00:00+00:00,9.010338
2026-03-02 04:00:00+00:00,18.51598
2026-03-02 05:00:00+00:00,35.355324
2026-03-02 06:00:00+00:00,42.0635
2026-03-02 07:00:00+00:00,29.641228
2026-03-02 08:00:00+00:00,13.761765
2026-03-02 09:00:00+00:00,7.336209
2026-03-02 10:00:00+00:00,4.848412
2026-03-02 11:00:00+00:00,2.0153317
2026-03-02 12:00:00+00:00,-2.0111327
2026-03-02 13:00:00+00:00,-4.4424777
2026-03-02 14:00:00+00:00,-0.68416166
2026-03-02 15:00:00+00:00,11.695417
2026-03-02 16:00:00+00:00,33.090523
2026-03-02 17:00:00+00:00,57.646355
2026-03-02 18:00:00+00:00,65.84527
2026-03-02 19:00:00+00:00,55.87308
2026-03-02 20:00:00+00:00,47.30604
2026-03-02 21:00:00+00:00,44.07466
2026-03-02 22:00:00+00:00,39.105762
2026-03-02 23:00:00+00:00,37.129124
2026-03-03 00:00:00+00:00,38.597866
2026-03-03 01:00:00+00:00,37.631676
2026-03-03 02:00:00+00:00,37.620728
2026-03-03 03:00:00+00:00,43.44112
2026-03-03 04:00:00+00:00,58.09607
2026-03-03 05:00:00+00:00,77.80913
2026-03-03 06:00:00+00:00,90.66702
2026-03-03 07:00:00+00:00,77.80618
2026-03-03 08:00:00+00:00,51.846584
2026-03-03 09:00:00+00:00,34.196457
2026-03-03 10:00:00+00:00,22.662828
2026-03-03 11:00:00+00:00,17.20051
2026-03-03 12:00:00+00:00,14.824175
2026-03-03 13:00:00+00:00,17.463665
2026-03-03 14:00:00+00:00,25.285332
2026-03-03 15:00:00+00:00,44.524975
2026-03-03 16:00:00+00:00,74.48701
2026-03-03 17:00:00+00:00,104.86717
2026-03-03 18:00:00+00:00,109.92337
2026-03-03 19:00:00+00:00,84.785255
2026-03-03 20:00:00+00:00,63.37124
2026-03-03 21:00:00+00:00,58.677002
2026-03-03 22:00:00+00:00,53.733894
2026-03-03 23:00:00+00:00,50.765236
2026-03-04 00:00:00+00:00,57.775482
2026-03-04 01:00:00+00:00,55.667477
2026-03-04 02:00:00+00:00,53.741356
2026-03-04 03:00:00+00:00,56.88501
2026-03-04 04:00:00+00:00,69.03573
2026-03-04 05:00:00+00:00,87.686516
2026-03-04 06:00:00+00:00,96.639366
2026-03-04 07:00:00+00:00,78.817474
2026-03-04 08:00:00+00:00,47.985836
2026-03-04 09:00:00+00:00,28.82636
2026-03-04 10:00:00+00:00,17.372993
2026-03-04 11:00:00+00:00,11.489544
2026-03-04 12:00:00+00:00,8.368908
2026-03-04 13:00:00+00:00,11.33255
2026-03-04 14:00:00+00:00,21.17712
2026-03-04 15:00:00+00:00,40.964256
2026-03-04 16:00:00+00:00,65.17817
2026-03-04 17:00:00+00:00,90.18812
2026-03-04 18:00:00+00:00,99.501045
2026-03-04 19:00:00+00:00,79.575485
2026-03-04 20:00:00+00:00,57.518562
2026-03-04 21:00:00+00:00,51.615326
2026-03-04 22:00:00+00:00,46.3814
2026-03-04 23:00:00+00:00,44.514275
2026-03-05 00:00:00+00:00,86.82417
2026-03-05 01:00:00+00:00,84.428375
2026-03-05 02:00:00+00:00,81.01767
2026-03-05 03:00:00+00:00,83.159966
2026-03-05 04:00:00+00:00,94.09983
2026-03-05 05:00:00+00:00,121.48637
2026-03-05 06:00:00+00:00,140.22787
2026-03-05 07:00:00+00:00,120.88817
2026-03-05 08:00:00+00:00,76.905785
2026-03-05 09:00:00+00:00,49.042908
2026-03-05 10:00:00+00:00,33.698906
2026-03-05 11:00:00+00:00,25.380142
2026-03-05 12:00:00+00:00,23.214546
2026-03-05 13:00:00+00:00,27.757023
2026-03-05 14:00:00+00:00,42.597557
2026-03-05 15:00:00+00:00,67.887985
2026-03-05 16:00:00+00:00,100.85013
2026-03-05 17:00:00+00:00,137.1853
2026-03-05 18:00:00+00:00,152.84924
2026-03-05 19:00:00+00:00,129.64444
2026-03-05 20:00:00+00:00,103.713905
2026-03-05 21:00:00+00:00,97.513596
2026-03-05 22:00:00+00:00,90.409065
2026-03-05 23:00:00+00:00,87.42792
2026-03-06 00:00:00+00:00,56.39663
2026-03-06 01:00:00+00:00,54.240307
2026-03-06 02:00:00+00:00,52.785667
2026-03-06 03:00:00+00:00,56.38671
2026-03-06 04:00:00+00:00,69.66195
2026-03-06 05:00:00+00:00,93.9713
2026-03-06 06:00:00+00:00,115.48049
2026-03-06 07:00:00+00:00,109.74507
2026-03-06 08:00:00+00:00,83.14145
2026-03-06 09:00:00+00:00,61.63181
2026-03-06 10:00:00+00:00,45.69251
2026-03-06 11:00:00+00:00,37.41803
2026-03-06 12:00:00+00:00,36.532154
2026-03-06 13:00:00+00:00,44.340946
2026-03-06 14:00:00+00:00,58.086998
2026-03-06 15:00:00+00:00,83.48078
2026-03-06 16:00:00+00:00,115.200905
2026-03-06 17:00:00+00:00,141.9306
2026-03-06 18:00:00+00:00,147.93538
2026-03-06 19:00:00+00:00,128.98645
2026-03-06 20:00:00+00:00,109.035736
2026-03-06 21:00:00+00:00,100.81058
2026-03-06 22:00:00+00:00,94.74806
2026-03-06 23:00:00+00:00,89.45389
2026-03-07 00:00:00+00:00,66.347595
2026-03-07 01:00:00+00:00,62.515774
2026-03-07 02:00:00+00:00,60.151497
2026-03-07 03:00:00+00:00,60.007477
2026-03-07 04:00:00+00:00,61.75823
2026-03-07 05:00:00+00:00,68.85216
2026-03-07 06:00:00+00:00,73.34565
2026-03-07 07:00:00+00:00,69.52338
2026-03-07 08:00:00+00:00,56.44288
2026-03-07 09:00:00+00:00,47.072403
2026-03-07 10:00:00+00:00,40.447453
2026-03-07 11:00:00+00:00,34.60952
2026-03-07 12:00:00+00:00,31.795147
2026-03-07 13:00:00+00:00,33.581406
2026-03-07 14:00:00+00:00,38.408455
2026-03-07 15:00:00+00:00,50.585274
2026-03-07 16:00:00+00:00,69.14299
2026-03-07 17:00:00+00:00,89.39343
2026-03-07 18:00:00+00:00,98.95671
2026-03-07 19:00:00+00:00,92.872604
2026-03-07 20:00:00+00:00,85.02675
2026-03-07 21:00:00+00:00,83.39768
2026-03-07 22:00:00+00:00,79.20389
2026-03-07 23:00:00+00:00,75.06776
2026-03-08 00:00:00+00:00,98.71446
2026-03-08 01:00:00+00:00,95.09631
2026-03-08 02:00:00+00:00,92.3062
2026-03-08 03:00:00+00:00,90.321655
2026-03-08 04:00:00+00:00,90.13521
2026-03-08 05:00:00+00:00,96.68425
2026-03-08 06:00:00+00:00,98.35306
2026-03-08 07:00:00+00:00,85.75573
2026-03-08 08:00:00+00:00,58.706173
2026-03-08 09:00:00+00:00,40.19017
2026-03-08 10:00:00+00:00,29.338354
2026-03-08 11:00:00+00:00,21.87731
2026-03-08 12:00:00+00:00,20.058779
2026-03-08 13:00:00+00:00,27.20021
2026-03-08 14:00:00+00:00,42.250046
2026-03-08 15:00:00+00:00,64.23171
2026-03-08 16:00:00+00:00,94.89421
2026-03-08 17:00:00+00:00,128.79276
2026-03-08 18:00:00+00:00,143.13657
2026-03-08 19:00:00+00:00,127.39458
2026-03-08 20:00:00+00:00,108.69279
2026-03-08 21:00:00+00:00,103.69691
2026-03-08 22:00:00+00:00,98.62538
2026-03-08 23:00:00+00:00,93.87815
2026-03-09 00:00:00+00:00,110.033
2026-03-09 01:00:00+00:00,106.80764
2026-03-09 02:00:00+00:00,103.26733
2026-03-09 03:00:00+00:00,104.34732
2026-03-09 04:00:00+00:00,113.80478
2026-03-09 05:00:00+00:00,142.45844
2026-03-09 06:00:00+00:00,165.52019
2026-03-09 07:00:00+00:00,155.90775
2026-03-09 08:00:00+00:00,120.971306
2026-03-09 09:00:00+00:00,94.537674
2026-03-09 10:00:00+00:00,80.32941
2026-03-09 11:00:00+00:00,71.72029
2026-03-09 12:00:00+00:00,67.67882
2026-03-09 13:00:00+00:00,69.44486
2026-03-09 14:00:00+00:00,80.966354
2026-03-09 15:00:00+00:00,101.42235
2026-03-09 16:00:00+00:00,137.87108
2026-03-09 17:00:00+00:00,177.78976
2026-03-09 18:00:00+00:00,190.84554
2026-03-09 19:00:00+00:00,163.7378
2026-03-09 20:00:00+00:00,138.8203
2026-03-09 21:00:00+00:00,129.29811
2026-03-09 22:00:00+00:00,120.15422
2026-03-09 23:00:00+00:00,114.09064
2026-03-10 00:00:00+00:00,137.01984
2026-03-10 01:00:00+00:00,132.28357
2026-03-10 02:00:00+00:00,127.75707
2026-03-10 03:00:00+00:00,127.72832
2026-03-10 04:00:00+00:00,138.03099
2026-03-10 05:00:00+00:00,164.91653
2026-03-10 06:00:00+00:00,187.42151
2026-03-10 07:00:00+00:00,180.74547
2026-03-10 08:00:00+00:00,151.66652
2026-03-10 09:00:00+00:00,129.6248
2026-03-10 10:00:00+00:00,116.82625
2026-03-10 11:00:00+00:00,108.345
2026-03-10 12:00:00+00:00,101.46514
2026-03-10 13:00:00+00:00,98.12153
2026-03-10 14:00:00+00:00,102.51983
2026-03-10 15:00:00+00:00,116.865486
2026-03-10 16:00:00+00:00,143.80418
2026-03-10 17:00:00+00:00,174.6694
2026-03-10 18:00:00+00:00,183.96423
2026-03-10 19:00:00+00:00,156.5107
2026-03-10 20:00:00+00:00,131.46428
2026-03-10 21:00:00+00:00,121.615906
2026-03-10 22:00:00+00:00,112.747025
2026-03-10 23:00:00+00:00,105.79475
2026-03-11 00:00:00+00:00,4.148556
2026-03-11 01:00:00+00:00,-2.9971175
2026-03-11 02:00:00+00:00,-7.301199
2026-03-11 03:00:00+00:00,-6.841017
2026-03-11 04:00:00+00:00,-1.7680869
2026-03-11 05:00:00+00:00,10.34247
2026-03-11 06:00:00+00:00,23.980305
2026-03-11 07:00:00+00:00,30.047962
2026-03-11 08:00:00+00:00,24.82578
2026-03-11 09:00:00+00:00,14.40797
2026-03-11 10:00:00+00:00,8.480986
2026-03-11 11:00:00+00:00,-0.6783271
2026-03-11 12:00:00+00:00,-1.0065207
2026-03-11 13:00:00+00:00,4.3985085
2026-03-11 14:00:00+00:00,13.951832
2026-03-11 15:00:00+00:00,28.691221
2026-03-11 16:00:00+00:00,52.185646
2026-03-11 17:00:00+00:00,86.9039
2026-03-11 18:00:00+00:00,103.72844
2026-03-11 19:00:00+00:00,98.64549
2026-03-11 20:00:00+00:00,93.82381
2026-03-11 21:00:00+00:00,82.723206
2026-03-11 22:00:00+00:00,73.65279
2026-03-11 23:00:00+00:00,62.915924
2026-03-12 00:00:00+00:00,61.69462
2026-03-12 01:00:00+00:00,58.257256
2026-03-12 02:00:00+00:00,54.33427
2026-03-12 03:00:00+00:00,58.294655
2026-03-12 04:00:00+00:00,75.25658
2026-03-12 05:00:00+00:00,103.30947
2026-03-12 06:00:00+00:00,129.30807
2026-03-12 07:00:00+00:00,119.12189
2026-03-12 08:00:00+00:00,91.28317
2026-03-12 09:00:00+00:00,71.86266
2026-03-12 10:00:00+00:00,57.75095
2026-03-12 11:00:00+00:00,49.231003
2026-03-12 12:00:00+00:00,43.462326
2026-03-12 13:00:00+00:00,41.673206
2026-03-12 14:00:00+00:00,44.01837
2026-03-12 15:00:00+00:00,55.374767
2026-03-12 16:00:00+00:00,76.73364
2026-03-12 17:00:00+00:00,95.18498
2026-03-12 18:00:00+00:00,99.53853
2026-03-12 19:00:00+00:00,79.231735
2026-03-12 20:00:00+00:00,57.80357
2026-03-12 21:00:00+00:00,45.45908
2026-03-12 22:00:00+00:00,35.09198
2026-03-12 23:00:00+00:00,28.664425
2026-03-13 00:00:00+00:00,1.624249
2026-03-13 01:00:00+00:00,-0.23185301
2026-03-13 02:00:00+00:00,-3.4277873
2026-03-13 03:00:00+00:00,-1.3280139
2026-03-13 04:00:00+00:00,8.250399
2026-03-13 05:00:00+00:00,24.681606
2026-03-13 06:00:00+00:00,34.658222
2026-03-13 07:00:00+00:00,23.731434
2026-03-13 08:00:00+00:00,4.3125653
2026-03-13 09:00:00+00:00,-4.624334
2026-03-13 10:00:00+00:00,-4.9708915
2026-03-13 11:00:00+00:00,-3.1870532
2026-03-13 12:00:00+00:00,-3.7303615
2026-03-13 13:00:00+00:00,-1.2695518
2026-03-13 14:00:00+00:00,4.861309
2026-03-13 15:00:00+00:00,21.424944
2026-03-13 16:00:00+00:00,54.630108
2026-03-13 17:00:00+00:00,94.20676
2026-03-13 18:00:00+00:00,114.52119
2026-03-13 19:00:00+00:00,104.19838
2026-03-13 20:00:00+00:00,90.833626
2026-03-13 21:00:00+00:00,83.61398
2026-03-13 22:00:00+00:00,80.79599
2026-03-13 23:00:00+00:00,77.070366
2026-03-14 00:00:00+00:00,101.48725
2026-03-14 01:00:00+00:00,97.02288
2026-03-14 02:00:00+00:00,92.51477
2026-03-14 03:00:00+00:00,90.133316
2026-03-14 04:00:00+00:00,93.701065
2026-03-14 05:00:00+00:00,107.7123
2026-03-14 06:00:00+00:00,119.2753
2026-03-14 07:00:00+00:00,108.42044
2026-03-14 08:00:00+00:00,78.83319
2026-03-14 09:00:00+00:00,60.677444
2026-03-14 10:00:00+00:00,49.161884
2026-03-14 11:00:00+00:00,43.103325
2026-03-14 12:00:00+00:00,38.56505
2026-03-14 13:00:00+00:00,40.944717
2026-03-14 14:00:00+00:00,54.507652
2026-03-14 15:00:00+00:00,76.85032
2026-03-14 16:00:00+00:00,107.68703
2026-03-14 17:00:00+00:00,144.85588
2026-03-14 18:00:00+00:00,165.73026
2026-03-14 19:00:00+00:00,149.12492
2026-03-14 20:00:00+00:00,126.35484
2026-03-14 21:00:00+00:00,120.09012
2026-03-14 22:00:00+00:00,115.542015
2026-03-14 23:00:00+00:00,111.44745
2026-03-15 00:00:00+00:00,131.47136
2026-03-15 01:00:00+00:00,127.332794
2026-03-15 02:00:00+00:00,123.79394
2026-03-15 03:00:00+00:00,124.60665
2026-03-15 04:00:00+00:00,132.25815
2026-03-15 05:00:00+00:00,146.8021
2026-03-15 06:00:00+00:00,153.6843
2026-03-15 07:00:00+00:00,142.73943
2026-03-15 08:00:00+00:00,118.060135
2026-03-15 09:00:00+00:00,103.31948
2026-03-15 10:00:00+00:00,95.31751
2026-03-15 11:00:00+00:00,88.8641
2026-03-15 12:00:00+00:00,84.78531
2026-03-15 13:00:00+00:00,83.67764
2026-03-15 14:00:00+00:00,90.60302
2026-03-15 15:00:00+00:00,105.760956
2026-03-15 16:00:00+00:00,129.02896
2026-03-15 17:00:00+00:00,145.66115
2026-03-15 18:00:00+00:00,148.44734
2026-03-15 19:00:00+00:00,133.77863
2026-03-15 20:00:00+00:00,115.97851
2026-03-15 21:00:00+00:00,106.72941
2026-03-15 22:00:00+00:00,99.81768
2026-03-15 23:00:00+00:00,94.518684
2026-03-16 00:00:00+00:00,12.784611
2026-03-16 01:00:00+00:00,12.530647
2026-03-16 02:00:00+00:00,12.706533
2026-03-16 03:00:00+00:00,21.739742
2026-03-16 04:00:00+00:00,41.70426
2026-03-16 05:00:00+00:00,67.224396
2026-03-16 06:00:00+00:00,80.3078
2026-03-16 07:00:00+00:00,69.11222
2026-03-16 08:00:00+00:00,46.64518
2026-03-16 09:00:00+00:00,31.607424
2026-03-16 10:00:00+00:00,23.257523
2026-03-16 11:00:00+00:00,18.611206
2026-03-16 12:00:00+00:00,16.451464
2026-03-16 13:00:00+00:00,23.155619
2026-03-16 14:00:00+00:00,38.46204
2026-03-16 15:00:00+00:00,66.9807
2026-03-16 16:00:00+00:00,106.89011
2026-03-16 17:00:00+00:00,146.36307
2026-03-16 18:00:00+00:00,156.23532
2026-03-16 19:00:00+00:00,138.40488
2026-03-16 20:00:00+00:00,121.61983
2026-03-16 21:00:00+00:00,111.116486
2026-03-16 22:00:00+00:00,105.56101
2026-03-16 23:00:00+00:00,101.17069
2026-03-17 00:00:00+00:00,91.6725
2026-03-17 01:00:00+00:00,88.154396
2026-03-17 02:00:00+00:00,84.37987
2026-03-17 03:00:00+00:00,89.607834
2026-03-17 04:00:00+00:00,110.778
2026-03-17 05:00:00+00:00,141.16638
2026-03-17 06:00:00+00:00,157.34547
2026-03-17 07:00:00+00:00,130.4329
2026-03-17 08:00:00+00:00,85.10948
2026-03-17 09:00:00+00:00,56.857216
2026-03-17 10:00:00+00:00,42.067146
2026-03-17 11:00:00+00:00,33.199074
2026-03-17 12:00:00+00:00,26.477535
2026-03-17 13:00:00+00:00,26.601227
2026-03-17 14:00:00+00:00,39.41923
2026-03-17 15:00:00+00:00,66.83824
2026-03-17 16:00:00+00:00,101.041176
2026-03-17 17:00:00+00:00,133.54082
2026-03-17 18:00:00+00:00,142.75943
2026-03-17 19:00:00+00:00,116.8188
2026-03-17 20:00:00+00:00,85.70091
2026-03-17 21:00:00+00:00,72.31648
2026-03-17 22:00:00+00:00,62.00014
2026-03-17 23:00:00+00:00,55.96415
2026-03-18 00:00:00+00:00,36.091896
2026-03-18 01:00:00+00:00,34.405365
2026-03-18 02:00:00+00:00,33.018555
2026-03-18 03:00:00+00:00,31.987978
2026-03-18 04:00:00+00:00,32.83347
2026-03-18 05:00:00+00:00,34.91366
2026-03-18 06:00:00+00:00,31.305336
2026-03-18 07:00:00+00:00,18.466976
2026-03-18 08:00:00+00:00,0.068975925
2026-03-18 09:00:00+00:00,-9.777922
2026-03-18 10:00:00+00:00,-13.214321
2026-03-18 11:00:00+00:00,-15.739073
2026-03-18 12:00:00+00:00,-16.024662
2026-03-18 13:00:00+00:00,-17.990408
2026-03-18 14:00:00+00:00,-12.350546
2026-03-18 15:00:00+00:00,-2.3089728
2026-03-18 16:00:00+00:00,17.941786
2026-03-18 17:00:00+00:00,41.291214
2026-03-18 18:00:00+00:00,58.715023
2026-03-18 19:00:00+00:00,56.733795
2026-03-18 20:00:00+00:00,45.150463
2026-03-18 21:00:00+00:00,40.388744
2026-03-18 22:00:00+00:00,39.446747
2026-03-18 23:00:00+00:00,38.85193
2026-03-19 00:00:00+00:00,26.812971
2026-03-19 01:00:00+00:00,28.00928
2026-03-19 02:00:00+00:00,28.407717
2026-03-19 03:00:00+00:00,32.982162
2026-03-19 04:00:00+00:00,48.964123
2026-03-19 05:00:00+00:00,66.974556
2026-03-19 06:00:00+00:00,60.855278
2026-03-19 07:00:00+00:00,28.448648
2026-03-19 08:00:00+00:00,-0.9358078
2026-03-19 09:00:00+00:00,-11.0251045
2026-03-19 10:00:00+00:00,-12.1064625
2026-03-19 11:00:00+00:00,-9.928436
2026-03-19 12:00:00+00:00,-12.959902
2026-03-19 13:00:00+00:00,-14.094889
2026-03-19 14:00:00+00:00,-11.382038
2026-03-19 15:00:00+00:00,1.5295911
2026-03-19 16:00:00+00:00,31.218344
2026-03-19 17:00:00+00:00,64.84735
2026-03-19 18:00:00+00:00,84.239395
2026-03-19 19:00:00+00:00,78.79451
2026-03-19 20:00:00+00:00,64.89193
2026-03-19 21:00:00+00:00,66.060715
2026-03-19 22:00:00+00:00,68.89217
2026-03-19 23:00:00+00:00,69.33194
2026-03-20 00:00:00+00:00,48.666496
2026-03-20 01:00:00+00:00,47.495792
2026-03-20 02:00:00+00:00,47.756462
2026-03-20 03:00:00+00:00,53.349808
2026-03-20 04:00:00+00:00,69.60702
2026-03-20 05:00:00+00:00,85.63537
2026-03-20 06:00:00+00:00,79.02133
2026-03-20 07:00:00+00:00,48.503426
2026-03-20 08:00:00+00:00,17.541483
2026-03-20 09:00:00+00:00,1.6563458
2026-03-20 10:00:00+00:00,-6.4421096
2026-03-20 11:00:00+00:00,-10.270414
2026-03-20 12:00:00+00:00,-12.803307
2026-03-20 13:00:00+00:00,-12.828873
2026-03-20 14:00:00+00:00,-4.5572257
2026-03-20 15:00:00+00:00,13.643539
2026-03-20 16:00:00+00:00,42.208973
2026-03-20 17:00:00+00:00,76.94406
2026-03-20 18:00:00+00:00,95.90057
2026-03-20 19:00:00+00:00,84.664185
2026-03-20 20:00:00+00:00,65.58406
2026-03-20 21:00:00+00:00,61.76288
2026-03-20 22:00:00+00:00,57.472565
2026-03-20 23:00:00+00:00,55.46276
2026-03-21 00:00:00+00:00,48.527634
2026-03-21 01:00:00+00:00,45.714108
2026-03-21 02:00:00+00:00,44.239605
2026-03-21 03:00:00+00:00,45.10594
2026-03-21 04:00:00+00:00,52.16787
2026-03-21 05:00:00+00:00,59.855904
2026-03-21 06:00:00+00:00,52.65007
2026-03-21 07:00:00+00:00,30.744707
2026-03-21 08:00:00+00:00,4.6015873
2026-03-21 09:00:00+00:00,-10.190826
2026-03-21 10:00:00+00:00,-19.146818
2026-03-21 11:00:00+00:00,-21.508877
2026-03-21 12:00:00+00:00,-18.787474
2026-03-21 13:00:00+00:00,-13.480873
2026-03-21 14:00:00+00:00,-0.7664162
2026-03-21 15:00:00+00:00,21.930134
2026-03-21 16:00:00+00:00,51.201897
2026-03-21 17:00:00+00:00,78.78502
2026-03-21 18:00:00+00:00,91.03754
2026-03-21 19:00:00+00:00,79.53955
2026-03-21 20:00:00+00:00,65.46576
2026-03-21 21:00:00+00:00,64.545975
2026-03-21 22:00:00+00:00,60.995224
2026-03-21 23:00:00+00:00,58.275345
2026-03-22 00:00:00+00:00,62.052246
2026-03-22 01:00:00+00:00,59.06697
2026-03-22 02:00:00+00:00,57.3917
2026-03-22 03:00:00+00:00,59.168427
2026-03-22 04:00:00+00:00,65.69151
2026-03-22 05:00:00+00:00,72.152214
2026-03-22 06:00:00+00:00,62.83455
2026-03-22 07:00:00+00:00,40.41286
2026-03-22 08:00:00+00:00,18.852383
2026-03-22 09:00:00+00:00,9.898767
2026-03-22 10:00:00+00:00,5.767073
2026-03-22 11:00:00+00:00,3.874352
2026-03-22 12:00:00+00:00,3.335341
2026-03-22 13:00:00+00:00,4.268374
2026-03-22 14:00:00+00:00,10.98708
2026-03-22 15:00:00+00:00,25.268019
2026-03-22 16:00:00+00:00,52.458866
2026-03-22 17:00:00+00:00,84.16013
2026-03-22 18:00:00+00:00,98.17284
2026-03-22 19:00:00+00:00,90.48875
2026-03-22 20:00:00+00:00,75.9
2026-03-22 21:00:00+00:00,73.8852
2026-03-22 22:00:00+00:00,71.97891
2026-03-22 23:00:00+00:00,69.72881
2026-03-23 00:00:00+00:00,48.582195
2026-03-23 01:00:00+00:00,46.965263
2026-03-23 02:00:00+00:00,46.13273
2026-03-23 03:00:00+00:00,51.985725
2026-03-23 04:00:00+00:00,69.20918
2026-03-23 05:00:00+00:00,89.83346
2026-03-23 06:00:00+00:00,90.42097
2026-03-23 07:00:00+00:00,63.517864
2026-03-23 08:00:00+00:00,32.51782
2026-03-23 09:00:00+00:00,16.816683
2026-03-23 10:00:00+00:00,9.610376
2026-03-23 11:00:00+00:00,5.1686807
2026-03-23 12:00:00+00:00,2.1932645
2026-03-23 13:00:00+00:00,0.82085085
2026-03-23 14:00:00+00:00,7.015263
2026-03-23 15:00:00+00:00,24.715866
2026-03-23 16:00:00+00:00,60.912277
2026-03-23 17:00:00+00:00,109.7175
2026-03-23 18:00:00+00:00,131.02661
2026-03-23 19:00:00+00:00,111.59386
2026-03-23 20:00:00+00:00,86.74786
2026-03-23 21:00:00+00:00,78.84947
2026-03-23 22:00:00+00:00,72.424484
2026-03-23 23:00:00+00:00,67.60286
2026-03-24 00:00:00+00:00,72.81847
2026-03-24 01:00:00+00:00,70.648254
2026-03-24 02:00:00+00:00,68.21059
2026-03-24 03:00:00+00:00,71.46496
2026-03-24 04:00:00+00:00,85.364716
2026-03-24 05:00:00+00:00,106.164444
2026-03-24 06:00:00+00:00,115.39671
2026-03-24 07:00:00+00:00,94.540085
2026-03-24 08:00:00+00:00,60.287262
2026-03-24 09:00:00+00:00,37.61223
2026-03-24 10:00:00+00:00,26.221855
2026-03-24 11:00:00+00:00,20.926558
2026-03-24 12:00:00+00:00,13.810923
2026-03-24 13:00:00+00:00,12.294428
2026-03-24 14:00:00+00:00,20.620901
2026-03-24 15:00:00+00:00,32.29939
2026-03-24 16:00:00+00:00,50.60206
2026-03-24 17:00:00+00:00,73.77726
2026-03-24 18:00:00+00:00,85.54415
2026-03-24 19:00:00+00:00,72.91853
2026-03-24 20:00:00+00:00,53.437878
2026-03-24 21:00:00+00:00,42.666306
2026-03-24 22:00:00+00:00,38.400616
2026-03-24 23:00:00+00:00,33.513535
2026-03-25 00:00:00+00:00,6.627316
2026-03-25 01:00:00+00:00,3.5713887
2026-03-25 02:00:00+00:00,1.1653352
2026-03-25 03:00:00+00:00,0.77203226
2026-03-25 04:00:00+00:00,5.8616166
2026-03-25 05:00:00+00:00,16.397142
2026-03-25 06:00:00+00:00,19.718592
2026-03-25 07:00:00+00:00,9.871756
2026-03-25 08:00:00+00:00,0.036488056
2026-03-25 09:00:00+00:00,-0.9639754
2026-03-25 10:00:00+00:00,0.6102853
2026-03-25 11:00:00+00:00,0.8474927
2026-03-25 12:00:00+00:00,1.1810575
2026-03-25 13:00:00+00:00,-6.4166026
2026-03-25 14:00:00+00:00,-10.93446
2026-03-25 15:00:00+00:00,-7.4721847
2026-03-25 16:00:00+00:00,11.921661
2026-03-25 17:00:00+00:00,31.492117
2026-03-25 18:00:00+00:00,34.1099
2026-03-25 19:00:00+00:00,26.15514
2026-03-25 20:00:00+00:00,17.357277
2026-03-25 21:00:00+00:00,16.584984
2026-03-25 22:00:00+00:00,14.99674
2026-03-25 23:00:00+00:00,14.220617
2026-03-26 00:00:00+00:00,48.180367
2026-03-26 01:00:00+00:00,46.58445
2026-03-26 02:00:00+00:00,44.265224
2026-03-26 03:00:00+00:00,44.372963
2026-03-26 04:00:00+00:00,52.99497
2026-03-26 05:00:00+00:00,69.6942
2026-03-26 06:00:00+00:00,75.97441
2026-03-26 07:00:00+00:00,66.914345
2026-03-26 08:00:00+00:00,51.2327
2026-03-26 09:00:00+00:00,44.266777
2026-03-26 10:00:00+00:00,39.28339
2026-03-26 11:00:00+00:00,35.56772
2026-03-26 12:00:00+00:00,34.95263
2026-03-26 13:00:00+00:00,38.079506
2026-03-26 14:00:00+00:00,39.75322
2026-03-26 15:00:00+00:00,46.876534
2026-03-26 16:00:00+00:00,64.37083
2026-03-26 17:00:00+00:00,80.62834
2026-03-26 18:00:00+00:00,86.40876
2026-03-26 19:00:00+00:00,79.66764
2026-03-26 20:00:00+00:00,71.21878
2026-03-26 21:00:00+00:00,69.56806
2026-03-26 22:00:00+00:00,67.00166
2026-03-26 23:00:00+00:00,64.6594
2026-03-27 00:00:00+00:00,111.287994
2026-03-27 01:00:00+00:00,110.855606
2026-03-27 02:00:00+00:00,106.029495
2026-03-27 03:00:00+00:00,105.13052
2026-03-27 04:00:00+00:00,118.71455
2026-03-27 05:00:00+00:00,145.1435
2026-03-27 06:00:00+00:00,162.4055
2026-03-27 07:00:00+00:00,140.8994
2026-03-27 08:00:00+00:00,111.42882
2026-03-27 09:00:00+00:00,91.131065
2026-03-27 10:00:00+00:00,82.27765
2026-03-27 11:00:00+00:00,75.636986
2026-03-27 12:00:00+00:00,68.52503
2026-03-27 13:00:00+00:00,71.4153
2026-03-27 14:00:00+00:00,77.117294
2026-03-27 15:00:00+00:00,80.93284
2026-03-27 16:00:00+00:00,96.543144
2026-03-27 17:00:00+00:00,125.88427
2026-03-27 18:00:00+00:00,143.29086
2026-03-27 19:00:00+00:00,134.52531
2026-03-27 20:00:00+00:00,117.14895
2026-03-27 21:00:00+00:00,111.96452
2026-03-27 22:00:00+00:00,106.09996
2026-03-27 23:00:00+00:00,102.583305
2026-03-28 00:00:00+00:00,93.781715
2026-03-28 01:00:00+00:00,91.11766
2026-03-28 02:00:00+00:00,87.017685
2026-03-28 03:00:00+00:00,83.95543
2026-03-28 04:00:00+00:00,81.8118
2026-03-28 05:00:00+00:00,84.220856
2026-03-28 06:00:00+00:00,89.28696
2026-03-28 07:00:00+00:00,83.11125
2026-03-28 08:00:00+00:00,73.35068
2026-03-28 09:00:00+00:00,67.20314
2026-03-28 10:00:00+00:00,63.357952
2026-03-28 11:00:00+00:00,61.09372
2026-03-28 12:00:00+00:00,59.735363
2026-03-28 13:00:00+00:00,63.18627
2026-03-28 14:00:00+00:00,67.691696
2026-03-28 15:00:00+00:00,74.285355
2026-03-28 16:00:00+00:00,86.7585
2026-03-28 17:00:00+00:00,101.954445
2026-03-28 18:00:00+00:00,106.73416
2026-03-28 19:00:00+00:00,98.65907
2026-03-28 20:00:00+00:00,93.16014
2026-03-28 21:00:00+00:00,86.72852
2026-03-28 22:00:00+00:00,83.07333
2026-03-28 23:00:00+00:00,79.10141
2026-03-29 00:00:00+00:00,81.84184
2026-03-29 01:00:00+00:00,79.496925
2026-03-29 02:00:00+00:00,74.35695
2026-03-29 03:00:00+00:00,75.046524
2026-03-29 04:00:00+00:00,79.063576
2026-03-29 05:00:00+00:00,83.45472
2026-03-29 06:00:00+00:00,88.51079
2026-03-29 07:00:00+00:00,80.55146
2026-03-29 08:00:00+00:00,65.29227
2026-03-29 09:00:00+00:00,59.497746
2026-03-29 10:00:00+00:00,55.948708
2026-03-29 11:00:00+00:00,47.687035
2026-03-29 12:00:00+00:00,40.27916
2026-03-29 13:00:00+00:00,40.829052
2026-03-29 14:00:00+00:00,47.166794
2026-03-29 15:00:00+00:00,55.937283
2026-03-29 16:00:00+00:00,84.25922
2026-03-29 17:00:00+00:00,122.98604
2026-03-29 18:00:00+00:00,139.89006
2026-03-29 19:00:00+00:00,125.96638
2026-03-29 20:00:00+00:00,105.80456
2026-03-29 21:00:00+00:00,94.62038
2026-03-29 22:00:00+00:00,89.488785
2026-03-29 23:00:00+00:00,81.93436
2026-03-30 00:00:00+00:00,0.7487817
2026-03-30 01:00:00+00:00,2.121035
2026-03-30 02:00:00+00:00,4.3338017
2026-03-30 03:00:00+00:00,11.101515
2026-03-30 04:00:00+00:00,29.652298
2026-03-30 05:00:00+00:00,47.66199
2026-03-30 06:00:00+00:00,50.8367
2026-03-30 07:00:00+00:00,28.46148
2026-03-30 08:00:00+00:00,9.169327
2026-03-30 09:00:00+00:00,0.90857553
2026-03-30 10:00:00+00:00,-6.351639
2026-03-30 11:00:00+00:00,-11.375004
2026-03-30 12:00:00+00:00,-13.85166
2026-03-30 13:00:00+00:00,-5.570116
2026-03-30 14:00:00+00:00,2.9925523
2026-03-30 15:00:00+00:00,13.770525
2026-03-30 16:00:00+00:00,36.376682
2026-03-30 17:00:00+00:00,57.746014
2026-03-30 18:00:00+00:00,58.65239
2026-03-30 19:00:00+00:00,56.377014
2026-03-30 20:00:00+00:00,52.799286
2026-03-30 21:00:00+00:00,46.20931
2026-03-30 22:00:00+00:00,46.715523
2026-03-30 23:00:00+00:00,46.97303
2026-03-31 00:00:00+00:00,82.45622
2026-03-31 01:00:00+00:00,81.64043
2026-03-31 02:00:00+00:00,80.48408
2026-03-31 03:00:00+00:00,83.51286
2026-03-31 04:00:00+00:00,100.37183
2026-03-31 05:00:00+00:00,122.711296
2026-03-31 06:00:00+00:00,131.77812
2026-03-31 07:00:00+00:00,110.99574
2026-03-31 08:00:00+00:00,88.572266
2026-03-31 09:00:00+00:00,75.51423
2026-03-31 10:00:00+00:00,67.20314
2026-03-31 11:00:00+00:00,59.066116
2026-03-31 12:00:00+00:00,55.06034
2026-03-31 13:00:00+00:00,59.49172
2026-03-31 14:00:00+00:00,64.45427
2026-03-31 15:00:00+00:00,73.503204
2026-03-31 16:00:00+00:00,91.356155
2026-03-31 17:00:00+00:00,114.4338
2026-03-31 18:00:00+00:00,119.4835
2026-03-31 19:00:00+00:00,108.7963
2026-03-31 20:00:00+00:00,99.4567
2026-03-31 21:00:00+00:00,97.18268
2026-03-31 22:00:00+00:00,91.618515
2026-03-31 23:00:00+00:00,87.42336
2026-04-01 00:00:00+00:00,120.19175
2026-04-01 01:00:00+00:00,117.76304
2026-04-01 02:00:00+00:00,118.18986
2026-04-01 03:00:00+00:00,128.00125
2026-04-01 04:00:00+00:00,152.1282
2026-04-01 05:00:00+00:00,178.46368
2026-04-01 06:00:00+00:00,178.85338
2026-04-01 07:00:00+00:00,149.21162
2026-04-01 08:00:00+00:00,111.61188
2026-04-01 09:00:00+00:00,87.462395
2026-04-01 10:00:00+00:00,72.97445
2026-04-01 11:00:00+00:00,59.753162
2026-04-01 12:00:00+00:00,50.780975
2026-04-01 13:00:00+00:00,54.553238
2026-04-01 14:00:00+00:00,72.88028
2026-04-01 15:00:00+00:00,106.113594
2026-04-01 16:00:00+00:00,141.82962
2026-04-01 17:00:00+00:00,170.72653
2026-04-01 18:00:00+00:00,172.48322
2026-04-01 19:00:00+00:00,157.898
2026-04-01 20:00:00+00:00,144.50941
2026-04-01 21:00:00+00:00,138.80435
2026-04-01 22:00:00+00:00,134.0568
2026-04-01 23:00:00+00:00,128.98685
2026-04-02 00:00:00+00:00,118.663445
2026-04-02 01:00:00+00:00,115.83922
2026-04-02 02:00:00+00:00,115.76702
2026-04-02 03:00:00+00:00,122.68707
2026-04-02 04:00:00+00:00,141.98299
2026-04-02 05:00:00+00:00,169.42426
2026-04-02 06:00:00+00:00,176.92862
2026-04-02 07:00:00+00:00,159.37422
2026-04-02 08:00:00+00:00,132.09264
2026-04-02 09:00:00+00:00,115.3747
2026-04-02 10:00:00+00:00,102.468025
2026-04-02 11:00:00+00:00,93.09648
2026-04-02 12:00:00+00:00,88.6134
2026-04-02 13:00:00+00:00,87.8432
2026-04-02 14:00:00+00:00,94.12934
2026-04-02 15:00:00+00:00,112.08731
2026-04-02 16:00:00+00:00,140.58401
2026-04-02 17:00:00+00:00,166.62062
2026-04-02 18:00:00+00:00,171.39662
2026-04-02 19:00:00+00:00,156.22668
2026-04-02 20:00:00+00:00,139.44295
2026-04-02 21:00:00+00:00,132.7597
2026-04-02 22:00:00+00:00,126.58392
2026-04-02 23:00:00+00:00,123.47304
2026-04-03 00:00:00+00:00,121.17909
2026-04-03 01:00:00+00:00,118.702965
2026-04-03 02:00:00+00:00,119.521545
2026-04-03 03:00:00+00:00,125.73589
2026-04-03 04:00:00+00:00,138.96228
2026-04-03 05:00:00+00:00,153.67383
2026-04-03 06:00:00+00:00,150.44661
2026-04-03 07:00:00+00:00,129.16042
2026-04-03 08:00:00+00:00,104.286125
2026-04-03 09:00:00+00:00,89.97278
2026-04-03 10:00:00+00:00,79.70624
2026-04-03 11:00:00+00:00,72.19711
2026-04-03 12:00:00+00:00,68.94812
2026-04-03 13:00:00+00:00,70.99452
2026-04-03 14:00:00+00:00,79.34285
2026-04-03 15:00:00+00:00,91.46897
2026-04-03 16:00:00+00:00,107.789665
2026-04-03 17:00:00+00:00,120.99994
2026-04-03 18:00:00+00:00,123.93999
2026-04-03 19:00:00+00:00,116.77427
2026-04-03 20:00:00+00:00,105.74146
2026-04-03 21:00:00+00:00,98.122475
2026-04-03 22:00:00+00:00,92.232086
2026-04-03 23:00:00+00:00,89.25114
2026-04-04 00:00:00+00:00,21.180243
2026-04-04 01:00:00+00:00,20.281595
2026-04-04 02:00:00+00:00,20.618418
2026-04-04 03:00:00+00:00,24.376114
2026-04-04 04:00:00+00:00,36.108032
2026-04-04 05:00:00+00:00,43.766716
2026-04-04 06:00:00+00:00,39.921986
2026-04-04 07:00:00+00:00,26.668867
2026-04-04 08:00:00+00:00,16.920977
2026-04-04 09:00:00+00:00,9.603071
2026-04-04 10:00:00+00:00,5.872313
2026-04-04 11:00:00+00:00,3.158421
2026-04-04 12:00:00+00:00,2.8739533
2026-04-04 13:00:00+00:00,5.155686
2026-04-04 14:00:00+00:00,16.823505
2026-04-04 15:00:00+00:00,38.550644
2026-04-04 16:00:00+00:00,64.35044
2026-04-04 17:00:00+00:00,74.59127
2026-04-04 18:00:00+00:00,66.30014
2026-04-04 19:00:00+00:00,53.94474
2026-04-04 20:00:00+00:00,44.18424
2026-04-04 21:00:00+00:00,37.92221
2026-04-04 22:00:00+00:00,30.726593
2026-04-04 23:00:00+00:00,24.946217
2026-04-05 00:00:00+00:00,-8.217403
2026-04-05 01:00:00+00:00,-8.376875
2026-04-05 02:00:00+00:00,-9.446442
2026-04-05 03:00:00+00:00,-9.062429
2026-04-05 04:00:00+00:00,-5.7836323
2026-04-05 05:00:00+00:00,-1.4547954
2026-04-05 06:00:00+00:00,-2.866054
2026-04-05 07:00:00+00:00,-14.553085
2026-04-05 08:00:00+00:00,-21.875647
2026-04-05 09:00:00+00:00,-24.689318
2026-04-05 10:00:00+00:00,-26.58127
2026-04-05 11:00:00+00:00,-29.528004
2026-04-05 12:00:00+00:00,-29.809414
2026-04-05 13:00:00+00:00,-24.999702
2026-04-05 14:00:00+00:00,-15.988501
2026-04-05 15:00:00+00:00,-2.3281474
2026-04-05 16:00:00+00:00,17.77704
2026-04-05 17:00:00+00:00,42.368202
2026-04-05 18:00:00+00:00,56.562576
2026-04-05 19:00:00+00:00,59.02737
2026-04-05 20:00:00+00:00,55.293755
2026-04-05 21:00:00+00:00,52.903473
2026-04-05 22:00:00+00:00,49.799088
2026-04-05 23:00:00+00:00,48.005318
2026-04-06 00:00:00+00:00,30.447664
2026-04-06 01:00:00+00:00,29.575624
2026-04-06 02:00:00+00:00,30.630066
2026-04-06 03:00:00+00:00,37.921734
2026-04-06 04:00:00+00:00,52.133816
2026-04-06 05:00:00+00:00,56.892593
2026-04-06 06:00:00+00:00,45.769974
2026-04-06 07:00:00+00:00,18.591509
2026-04-06 08:00:00+00:00,-5.9741035
2026-04-06 09:00:00+00:00,-18.146475
2026-04-06 10:00:00+00:00,-24.490547
2026-04-06 11:00:00+00:00,-29.92617
2026-04-06 12:00:00+00:00,-32.057507
2026-04-06 13:00:00+00:00,-25.645353
2026-04-06 14:00:00+00:00,-10.148403
2026-04-06 15:00:00+00:00,10.726969
2026-04-06 16:00:00+00:00,33.350067
2026-04-06 17:00:00+00:00,57.791447
2026-04-06 18:00:00+00:00,70.3913
2026-04-06 19:00:00+00:00,63.45762
2026-04-06 20:00:00+00:00,47.30258
2026-04-06 21:00:00+00:00,38.774883
2026-04-06 22:00:00+00:00,30.583061
2026-04-06 23:00:00+00:00,23.368788
2026-04-07 00:00:00+00:00,21.235224
2026-04-07 01:00:00+00:00,21.685173
2026-04-07 02:00:00+00:00,22.995327
2026-04-07 03:00:00+00:00,31.603125
2026-04-07 04:00:00+00:00,43.86531
2026-04-07 05:00:00+00:00,49.290802
2026-04-07 06:00:00+00:00,35.839638
2026-04-07 07:00:00+00:00,3.824646
2026-04-07 08:00:00+00:00,-23.9678
2026-04-07 09:00:00+00:00,-37.470135
2026-04-07 10:00:00+00:00,-44.015835
2026-04-07 11:00:00+00:00,-47.043724
2026-04-07 12:00:00+00:00,-46.436855
2026-04-07 13:00:00+00:00,-39.558746
2026-04-07 14:00:00+00:00,-23.131506
2026-04-07 15:00:00+00:00,0.87060964
2026-04-07 16:00:00+00:00,26.352478
2026-04-07 17:00:00+00:00,56.601994
2026-04-07 18:00:00+00:00,70.558716
2026-04-07 19:00:00+00:00,62.397152
2026-04-07 20:00:00+00:00,45.69626
2026-04-07 21:00:00+00:00,38.021217
2026-04-07 22:00:00+00:00,31.313404
2026-04-07 23:00:00+00:00,27.808355
2026-04-08 00:00:00+00:00,57.11494
2026-04-08 01:00:00+00:00,57.45198
2026-04-08 02:00:00+00:00,60.408836
2026-04-08 03:00:00+00:00,71.56814
2026-04-08 04:00:00+00:00,92.03548
2026-04-08 05:00:00+00:00,105.3242
2026-04-08 06:00:00+00:00,85.262
2026-04-08 07:00:00+00:00,42.747063
2026-04-08 08:00:00+00:00,8.329676
2026-04-08 09:00:00+00:00,-3.6203933
2026-04-08 10:00:00+00:00,-10.399929
2026-04-08 11:00:00+00:00,-11.866381
2026-04-08 12:00:00+00:00,-12.198139
2026-04-08 13:00:00+00:00,-11.296555
2026-04-08 14:00:00+00:00,-0.650352
2026-04-08 15:00:00+00:00,17.879704
2026-04-08 16:00:00+00:00,45.049103
2026-04-08 17:00:00+00:00,85.60928
2026-04-08 18:00:00+00:00,113.154785
2026-04-08 19:00:00+00:00,110.02602
2026-04-08 20:00:00+00:00,90.88867
2026-04-08 21:00:00+00:00,84.55756
2026-04-08 22:00:00+00:00,80.20108
2026-04-08 23:00:00+00:00,75.02907
2026-04-09 00:00:00+00:00,90.74039
2026-04-09 01:00:00+00:00,90.947754
2026-04-09 02:00:00+00:00,92.48436
2026-04-09 03:00:00+00:00,101.98039
2026-04-09 04:00:00+00:00,120.12479
2026-04-09 05:00:00+00:00,130.43352
2026-04-09 06:00:00+00:00,112.41475
2026-04-09 07:00:00+00:00,65.79861
2026-04-09 08:00:00+00:00,23.67089
2026-04-09 09:00:00+00:00,3.009356
2026-04-09 10:00:00+00:00,-9.854824
2026-04-09 11:00:00+00:00,-14.312931
2026-04-09 12:00:00+00:00,-15.973553
2026-04-09 13:00:00+00:00,-9.666094
2026-04-09 14:00:00+00:00,11.033985
2026-04-09 15:00:00+00:00,35.76779
2026-04-09 16:00:00+00:00,59.16263
2026-04-09 17:00:00+00:00,84.72155
2026-04-09 18:00:00+00:00,101.63893
2026-04-09 19:00:00+00:00,96.21706
2026-04-09 20:00:00+00:00,76.08316
2026-04-09 21:00:00+00:00,66.06685
2026-04-09 22:00:00+00:00,58.31002
2026-04-09 23:00:00+00:00,51.64058
2026-04-10 00:00:00+00:00,11.867535
2026-04-10 01:00:00+00:00,13.35232
2026-04-10 02:00:00+00:00,18.099878
2026-04-10 03:00:00+00:00,34.16212
2026-04-10 04:00:00+00:00,62.414326
2026-04-10 05:00:00+00:00,80.18974
2026-04-10 06:00:00+00:00,72.45906
2026-04-10 07:00:00+00:00,42.127876
2026-04-10 08:00:00+00:00,18.171034
2026-04-10 09:00:00+00:00,8.255331
2026-04-10 10:00:00+00:00,1.8207593
2026-04-10 11:00:00+00:00,-2.3558745
2026-04-10 12:00:00+00:00,-3.3856044
2026-04-10 13:00:00+00:00,-0.22986174
2026-04-10 14:00:00+00:00,9.301071
2026-04-10 15:00:00+00:00,31.476797
2026-04-10 16:00:00+00:00,60.456123
2026-04-10 17:00:00+00:00,88.83509
2026-04-10 18:00:00+00:00,95.23062
2026-04-10 19:00:00+00:00,84.04532
2026-04-10 20:00:00+00:00,66.51002
2026-04-10 21:00:00+00:00,56.134346
2026-04-10 22:00:00+00:00,48.7577
2026-04-10 23:00:00+00:00,42.351868
2026-04-11 00:00:00+00:00,16.416265
2026-04-11 01:00:00+00:00,12.903263
2026-04-11 02:00:00+00:00,12.405043
2026-04-11 03:00:00+00:00,14.235031
2026-04-11 04:00:00+00:00,19.134094
2026-04-11 05:00:00+00:00,20.982855
2026-04-11 06:00:00+00:00,13.255739
2026-04-11 07:00:00+00:00,-2.851438
2026-04-11 08:00:00+00:00,-16.574366
2026-04-11 09:00:00+00:00,-20.816923
2026-04-11 10:00:00+00:00,-24.635069
2026-04-11 11:00:00+00:00,-27.62294
2026-04-11 12:00:00+00:00,-26.715183
2026-04-11 13:00:00+00:00,-25.593393
2026-04-11 14:00:00+00:00,-19.129145
2026-04-11 15:00:00+00:00,-6.632393
2026-04-11 16:00:00+00:00,11.539795
2026-04-11 17:00:00+00:00,34.64766
2026-04-11 18:00:00+00:00,51.615005
2026-04-11 19:00:00+00:00,55.29541
2026-04-11 20:00:00+00:00,50.072063
2026-04-11 21:00:00+00:00,44.496376
2026-04-11 22:00:00+00:00,39.67029
2026-04-11 23:00:00+00:00,33.434944
2026-04-12 00:00:00+00:00,6.258616
2026-04-12 01:00:00+00:00,5.2006993
2026-04-12 02:00:00+00:00,4.361773
2026-04-12 03:00:00+00:00,5.0510297
2026-04-12 04:00:00+00:00,10.531811
2026-04-12 05:00:00+00:00,17.67405
2026-04-12 06:00:00+00:00,17.857023
2026-04-12 07:00:00+00:00,9.2813835
2026-04-12 08:00:00+00:00,2.519053
2026-04-12 09:00:00+00:00,0.9018674
2026-04-12 10:00:00+00:00,-2.194385
2026-04-12 11:00:00+00:00,-4.5711703
2026-04-12 12:00:00+00:00,-3.483684
2026-04-12 13:00:00+00:00,1.1987844
2026-04-12 14:00:00+00:00,9.513004
2026-04-12 15:00:00+00:00,24.163538
2026-04-12 16:00:00+00:00,45.03392
2026-04-12 17:00:00+00:00,63.718002
2026-04-12 18:00:00+00:00,68.76012
2026-04-12 19:00:00+00:00,65.70505
2026-04-12 20:00:00+00:00,58.117554
2026-04-12 21:00:00+00:00,51.900524
2026-04-12 22:00:00+00:00,48.577618
2026-04-12 23:00:00+00:00,44.637024
2026-04-13 00:00:00+00:00,101.32169
2026-04-13 01:00:00+00:00,98.73303
2026-04-13 02:00:00+00:00,98.66394
2026-04-13 03:00:00+00:00,107.66221
2026-04-13 04:00:00+00:00,129.18964
2026-04-13 05:00:00+00:00,155.90524
2026-04-13 06:00:00+00:00,164.20676
2026-04-13 07:00:00+00:00,146.08325
2026-04-13 08:00:00+00:00,116.58178
2026-04-13 09:00:00+00:00,103.24384
2026-04-13 10:00:00+00:00,91.97367
2026-04-13 11:00:00+00:00,83.80921
2026-04-13 12:00:00+00:00,77.49624
2026-04-13 13:00:00+00:00,72.53386
2026-04-13 14:00:00+00:00,79.526886
2026-04-13 15:00:00+00:00,97.01727
2026-04-13 16:00:00+00:00,128.83263
2026-04-13 17:00:00+00:00,164.44641
2026-04-13 18:00:00+00:00,176.98232
2026-04-13 19:00:00+00:00,160.15715
2026-04-13 20:00:00+00:00,141.40346
2026-04-13 21:00:00+00:00,131.43752
2026-04-13 22:00:00+00:00,120.94059
2026-04-13 23:00:00+00:00,114.59009
2026-04-14 00:00:00+00:00,113.96922
2026-04-14 01:00:00+00:00,110.59918
2026-04-14 02:00:00+00:00,110.0578
2026-04-14 03:00:00+00:00,114.61797
2026-04-14 04:00:00+00:00,128.71791
2026-04-14 05:00:00+00:00,148.3399
2026-04-14 06:00:00+00:00,149.68521
2026-04-14 07:00:00+00:00,131.71986
2026-04-14 08:00:00+00:00,109.80373
2026-04-14 09:00:00+00:00,98.58002
2026-04-14 10:00:00+00:00,90.01796
2026-04-14 11:00:00+00:00,82.31203
2026-04-14 12:00:00+00:00,78.32028
2026-04-14 13:00:00+00:00,75.65534
2026-04-14 14:00:00+00:00,80.85011
2026-04-14 15:00:00+00:00,95.22575
2026-04-14 16:00:00+00:00,121.73212
2026-04-14 17:00:00+00:00,146.71838
2026-04-14 18:00:00+00:00,150.33029
2026-04-14 19:00:00+00:00,137.85526
2026-04-14 20:00:00+00:00,124.57596
2026-04-14 21:00:00+00:00,118.8112
2026-04-14 22:00:00+00:00,110.10718
2026-04-14 23:00:00+00:00,105.72555
2026-04-15 00:00:00+00:00,90.87204
2026-04-15 01:00:00+00:00,89.5311
2026-04-15 02:00:00+00:00,90.23523
2026-04-15 03:00:00+00:00,95.262054
2026-04-15 04:00:00+00:00,106.075386
2026-04-15 05:00:00+00:00,114.907265
2026-04-15 06:00:00+00:00,103.26113
2026-04-15 07:00:00+00:00,72.18435
2026-04-15 08:00:00+00:00,40.897026
2026-04-15 09:00:00+00:00,23.402863
2026-04-15 10:00:00+00:00,12.352301
2026-04-15 11:00:00+00:00,6.524763
2026-04-15 12:00:00+00:00,5.106425
2026-04-15 13:00:00+00:00,10.002659
2026-04-15 14:00:00+00:00,26.26965
2026-04-15 15:00:00+00:00,50.882267
2026-04-15 16:00:00+00:00,79.73249
2026-04-15 17:00:00+00:00,109.89984
2026-04-15 18:00:00+00:00,123.554886
2026-04-15 19:00:00+00:00,115.707306
2026-04-15 20:00:00+00:00,103.257904
2026-04-15 21:00:00+00:00,99.3587
2026-04-15 22:00:00+00:00,93.72238
2026-04-15 23:00:00+00:00,89.50218
2026-04-16 00:00:00+00:00,83.72131
2026-04-16 01:00:00+00:00,83.531944
2026-04-16 02:00:00+00:00,85.07159
2026-04-16 03:00:00+00:00,94.00994
2026-04-16 04:00:00+00:00,113.868835
2026-04-16 05:00:00+00:00,133.20624
2026-04-16 06:00:00+00:00,124.95961
2026-04-16 07:00:00+00:00,85.90279
2026-04-16 08:00:00+00:00,44.894833
2026-04-16 09:00:00+00:00,24.565422
2026-04-16 10:00:00+00:00,14.105698
2026-04-16 11:00:00+00:00,8.235176
2026-04-16 12:00:00+00:00,4.2887635
2026-04-16 13:00:00+00:00,6.3641148
2026-04-16 14:00:00+00:00,23.823832
2026-04-16 15:00:00+00:00,50.703293
2026-04-16 16:00:00+00:00,82.62416
2026-04-16 17:00:00+00:00,124.34683
2026-04-16 18:00:00+00:00,145.36208
2026-04-16 19:00:00+00:00,134.56813
2026-04-16 20:00:00+00:00,115.28189
2026-04-16 21:00:00+00:00,108.36961
2026-04-16 22:00:00+00:00,101.64005
2026-04-16 23:00:00+00:00,95.71071
2026-04-17 00:00:00+00:00,107.74366
2026-04-17 01:00:00+00:00,106.67569
2026-04-17 02:00:00+00:00,108.18547
2026-04-17 03:00:00+00:00,116.187515
2026-04-17 04:00:00+00:00,132.54715
2026-04-17 05:00:00+00:00,147.7224
2026-04-17 06:00:00+00:00,135.8207
2026-04-17 07:00:00+00:00,96.19971
2026-04-17 08:00:00+00:00,53.556507
2026-04-17 09:00:00+00:00,29.495733
2026-04-17 10:00:00+00:00,14.967529
2026-04-17 11:00:00+00:00,7.155216
2026-04-17 12:00:00+00:00,5.292107
2026-04-17 13:00:00+00:00,12.760727
2026-04-17 14:00:00+00:00,37.451233
2026-04-17 15:00:00+00:00,67.74463
2026-04-17 16:00:00+00:00,99.088
2026-04-17 17:00:00+00:00,133.66002
2026-04-17 18:00:00+00:00,148.41522
2026-04-17 19:00:00+00:00,137.23895
2026-04-17 20:00:00+00:00,120.94554
2026-04-17 21:00:00+00:00,115.24038
2026-04-17 22:00:00+00:00,106.95048
2026-04-17 23:00:00+00:00,100.680176
2026-04-18 00:00:00+00:00,90.791855
2026-04-18 01:00:00+00:00,87.52729
2026-04-18 02:00:00+00:00,86.341125
2026-04-18 03:00:00+00:00,86.30791
2026-04-18 04:00:00+00:00,84.13849
2026-04-18 05:00:00+00:00,75.540085
2026-04-18 06:00:00+00:00,54.223476
2026-04-18 07:00:00+00:00,23.573706
2026-04-18 08:00:00+00:00,-6.7811985
2026-04-18 09:00:00+00:00,-21.669453
2026-04-18 10:00:00+00:00,-33.33575
2026-04-18 11:00:00+00:00,-40.24345
2026-04-18 12:00:00+00:00,-40.070377
2026-04-18 13:00:00+00:00,-30.474072
2026-04-18 14:00:00+00:00,-5.283901
2026-04-18 15:00:00+00:00,25.807476
2026-04-18 16:00:00+00:00,54.183617
2026-04-18 17:00:00+00:00,79.16054
2026-04-18 18:00:00+00:00,94.86658
2026-04-18 19:00:00+00:00,97.23439
2026-04-18 20:00:00+00:00,87.988045
2026-04-18 21:00:00+00:00,82.31418
2026-04-18 22:00:00+00:00,76.04047
2026-04-18 23:00:00+00:00,69.11041
2026-04-19 00:00:00+00:00,54.471214
2026-04-19 01:00:00+00:00,51.9962
2026-04-19 02:00:00+00:00,51.7191
2026-04-19 03:00:00+00:00,53.06507
2026-04-19 04:00:00+00:00,52.050465
2026-04-19 05:00:00+00:00,43.043053
2026-04-19 06:00:00+00:00,22.978645
2026-04-19 07:00:00+00:00,-0.9187218
2026-04-19 08:00:00+00:00,-17.46255
2026-04-19 09:00:00+00:00,-21.511705
2026-04-19 10:00:00+00:00,-26.605375
2026-04-19 11:00:00+00:00,-30.177258
2026-04-19 12:00:00+00:00,-30.556553
2026-04-19 13:00:00+00:00,-25.238745
2026-04-19 14:00:00+00:00,-11.862772
2026-04-19 15:00:00+00:00,4.0502286
2026-04-19 16:00:00+00:00,21.547226
2026-04-19 17:00:00+00:00,44.499172
2026-04-19 18:00:00+00:00,63.73906
2026-04-19 19:00:00+00:00,72.6496
2026-04-19 20:00:00+00:00,68.99713
2026-04-19 21:00:00+00:00,63.20598
2026-04-19 22:00:00+00:00,57.28376
2026-04-19 23:00:00+00:00,51.761288
2026-04-20 00:00:00+00:00,18.506987
2026-04-20 01:00:00+00:00,18.313232
2026-04-20 02:00:00+00:00,20.001907
2026-04-20 03:00:00+00:00,30.427994
2026-04-20 04:00:00+00:00,48.149994
2026-04-20 05:00:00+00:00,57.305733
2026-04-20 06:00:00+00:00,48.482353
2026-04-20 07:00:00+00:00,24.49161
2026-04-20 08:00:00+00:00,6.787075
2026-04-20 09:00:00+00:00,1.8324018
2026-04-20 10:00:00+00:00,-1.9772658
2026-04-20 11:00:00+00:00,-5.685123
2026-04-20 12:00:00+00:00,-8.270737
2026-04-20 13:00:00+00:00,-10.046101
2026-04-20 14:00:00+00:00,-7.7324886
2026-04-20 15:00:00+00:00,1.5061078
2026-04-20 16:00:00+00:00,20.884354
2026-04-20 17:00:00+00:00,46.536503
2026-04-20 18:00:00+00:00,61.717037
2026-04-20 19:00:00+00:00,57.10806
2026-04-20 20:00:00+00:00,42.226006
2026-04-20 21:00:00+00:00,32.141212
2026-04-20 22:00:00+00:00,23.096985
2026-04-20 23:00:00+00:00,18.85138
2026-04-21 00:00:00+00:00,13.483692
2026-04-21 01:00:00+00:00,12.544516
2026-04-21 02:00:00+00:00,13.808813
2026-04-21 03:00:00+00:00,19.468067
2026-04-21 04:00:00+00:00,30.347504
2026-04-21 05:00:00+00:00,37.497787
2026-04-21 06:00:00+00:00,31.159267
2026-04-21 07:00:00+00:00,13.326094
2026-04-21 08:00:00+00:00,3.0122457
2026-04-21 09:00:00+00:00,0.99500895
2026-04-21 10:00:00+00:00,-1.6362987
2026-04-21 11:00:00+00:00,-3.280334
2026-04-21 12:00:00+00:00,-2.466024
2026-04-21 13:00:00+00:00,-2.8012252
2026-04-21 14:00:00+00:00,-1.5421252
2026-04-21 15:00:00+00:00,3.6945195
2026-04-21 16:00:00+00:00,14.043774
2026-04-21 17:00:00+00:00,26.032007
2026-04-21 18:00:00+00:00,32.69925
2026-04-21 19:00:00+00:00,31.596287
2026-04-21 20:00:00+00:00,22.434282
2026-04-21 21:00:00+00:00,15.636076
2026-04-21 22:00:00+00:00,9.784878
2026-04-21 23:00:00+00:00,6.675013
2026-04-22 00:00:00+00:00,5.409676
2026-04-22 01:00:00+00:00,5.0005307
2026-04-22 02:00:00+00:00,6.621821
2026-04-22 03:00:00+00:00,12.252985
2026-04-22 04:00:00+00:00,22.415424
2026-04-22 05:00:00+00:00,30.964811
2026-04-22 06:00:00+00:00,26.186216
2026-04-22 07:00:00+00:00,11.347292
2026-04-22 08:00:00+00:00,1.74371
2026-04-22 09:00:00+00:00,0.36681795
2026-04-22 10:00:00+00:00,-0.44604254
2026-04-22 11:00:00+00:00,-3.087253
2026-04-22 12:00:00+00:00,-2.8371005
2026-04-22 13:00:00+00:00,-4.2240214
2026-04-22 14:00:00+00:00,-3.1723342
2026-04-22 15:00:00+00:00,1.9643521
2026-04-22 16:00:00+00:00,12.546509
2026-04-22 17:00:00+00:00,22.813189
2026-04-22 18:00:00+00:00,30.527882
2026-04-22 19:00:00+00:00,31.926075
2026-04-22 20:00:00+00:00,24.450222
2026-04-22 21:00:00+00:00,21.408974
2026-04-22 22:00:00+00:00,18.054201
2026-04-22 23:00:00+00:00,15.362675
2026-04-23 00:00:00+00:00,36.48362
2026-04-23 01:00:00+00:00,36.46009
2026-04-23 02:00:00+00:00,38.55247
2026-04-23 03:00:00+00:00,46.40282
2026-04-23 04:00:00+00:00,59.077736
2026-04-23 05:00:00+00:00,64.78065
2026-04-23 06:00:00+00:00,52.441467
2026-04-23 07:00:00+00:00,26.789186
2026-04-23 08:00:00+00:00,6.6064854
2026-04-23 09:00:00+00:00,0.9226136
2026-04-23 10:00:00+00:00,-3.1489387
2026-04-23 11:00:00+00:00,-5.6863112
2026-04-23 12:00:00+00:00,-8.151762
2026-04-23 13:00:00+00:00,-7.643282
2026-04-23 14:00:00+00:00,-1.978128
2026-04-23 15:00:00+00:00,7.9940968
2026-04-23 16:00:00+00:00,21.503986
2026-04-23 17:00:00+00:00,39.520092
2026-04-23 18:00:00+00:00,57.113678
2026-04-23 19:00:00+00:00,59.59996
2026-04-23 20:00:00+00:00,48.4481
2026-04-23 21:00:00+00:00,45.73018
2026-04-23 22:00:00+00:00,43.62832
2026-04-23 23:00:00+00:00,39.74668
2026-04-24 00:00:00+00:00,16.21306
2026-04-24 01:00:00+00:00,17.788273
2026-04-24 02:00:00+00:00,21.160753
2026-04-24 03:00:00+00:00,31.541183
2026-04-24 04:00:00+00:00,48.60516
2026-04-24 05:00:00+00:00,58.948254
2026-04-24 06:00:00+00:00,44.949345
2026-04-24 07:00:00+00:00,13.599922
2026-04-24 08:00:00+00:00,-9.999689
2026-04-24 09:00:00+00:00,-18.95553
2026-04-24 10:00:00+00:00,-24.753532
2026-04-24 11:00:00+00:00,-26.656805
2026-04-24 12:00:00+00:00,-25.614883
2026-04-24 13:00:00+00:00,-20.348904
2026-04-24 14:00:00+00:00,-8.378677
2026-04-24 15:00:00+00:00,10.80057
2026-04-24 16:00:00+00:00,30.36792
2026-04-24 17:00:00+00:00,55.29023
2026-04-24 18:00:00+00:00,74.34211
2026-04-24 19:00:00+00:00,75.662
2026-04-24 20:00:00+00:00,63.06744
2026-04-24 21:00:00+00:00,58.669575
2026-04-24 22:00:00+00:00,55.58952
2026-04-24 23:00:00+00:00,51.547443
2026-04-25 00:00:00+00:00,50.47701
2026-04-25 01:00:00+00:00,48.78904
2026-04-25 02:00:00+00:00,49.21881
2026-04-25 03:00:00+00:00,50.98262
2026-04-25 04:00:00+00:00,52.125416
2026-04-25 05:00:00+00:00,46.513973
2026-04-25 06:00:00+00:00,28.754528
2026-04-25 07:00:00+00:00,3.5797544
2026-04-25 08:00:00+00:00,-18.091665
2026-04-25 09:00:00+00:00,-26.914213
2026-04-25 10:00:00+00:00,-35.658382
2026-04-25 11:00:00+00:00,-41.176525
2026-04-25 12:00:00+00:00,-40.973114
2026-04-25 13:00:00+00:00,-29.994358
2026-04-25 14:00:00+00:00,-9.919823
2026-04-25 15:00:00+00:00,11.891212
2026-04-25 16:00:00+00:00,27.449432
2026-04-25 17:00:00+00:00,45.663383
2026-04-25 18:00:00+00:00,60.853497
2026-04-25 19:00:00+00:00,66.599945
2026-04-25 20:00:00+00:00,59.762978
2026-04-25 21:00:00+00:00,55.196114
2026-04-25 22:00:00+00:00,49.899563
2026-04-25 23:00:00+00:00,44.925236
2026-04-26 00:00:00+00:00,21.090342
2026-04-26 01:00:00+00:00,18.307337
2026-04-26 02:00:00+00:00,17.567518
2026-04-26 03:00:00+00:00,15.258398
2026-04-26 04:00:00+00:00,7.422102
2026-04-26 05:00:00+00:00,-3.4888835
2026-04-26 06:00:00+00:00,-20.537333
2026-04-26 07:00:00+00:00,-51.545216
2026-04-26 08:00:00+00:00,-87.88431
2026-04-26 09:00:00+00:00,-112.22596
2026-04-26 10:00:00+00:00,-131.0803
2026-04-26 11:00:00+00:00,-142.7586
2026-04-26 12:00:00+00:00,-138.89633
2026-04-26 13:00:00+00:00,-114.739914
2026-04-26 14:00:00+00:00,-71.51259
2026-04-26 15:00:00+00:00,-22.04647
2026-04-26 16:00:00+00:00,11.572828
2026-04-26 17:00:00+00:00,40.63704
2026-04-26 18:00:00+00:00,61.982414
2026-04-26 19:00:00+00:00,70.52039
2026-04-26 20:00:00+00:00,71.125046
2026-04-26 21:00:00+00:00,67.64393
2026-04-26 22:00:00+00:00,59.433556
2026-04-26 23:00:00+00:00,54.23237
2026-04-27 00:00:00+00:00,28.342827
2026-04-27 01:00:00+00:00,33.34163
2026-04-27 02:00:00+00:00,46.073837
2026-04-27 03:00:00+00:00,77.37961
2026-04-27 04:00:00+00:00,109.18318
2026-04-27 05:00:00+00:00,131.31528
2026-04-27 06:00:00+00:00,131.10927
2026-04-27 07:00:00+00:00,89.52897
2026-04-27 08:00:00+00:00,35.516804
2026-04-27 09:00:00+00:00,-4.6266975
2026-04-27 10:00:00+00:00,-35.904175
2026-04-27 11:00:00+00:00,-52.809425
2026-04-27 12:00:00+00:00,-51.353718
2026-04-27 13:00:00+00:00,-27.479097
2026-04-27 14:00:00+00:00,21.344318
2026-04-27 15:00:00+00:00,69.86313
2026-04-27 16:00:00+00:00,100.13726
2026-04-27 17:00:00+00:00,128.89903
2026-04-27 18:00:00+00:00,132.7316
2026-04-27 19:00:00+00:00,115.57678
2026-04-27 20:00:00+00:00,96.49015
2026-04-27 21:00:00+00:00,83.179184
2026-04-27 22:00:00+00:00,71.01111
2026-04-27 23:00:00+00:00,64.66178
2026-04-28 00:00:00+00:00,30.861622
2026-04-28 01:00:00+00:00,29.631655
2026-04-28 02:00:00+00:00,31.571129
2026-04-28 03:00:00+00:00,40.162415
2026-04-28 04:00:00+00:00,53.78563
2026-04-28 05:00:00+00:00,58.709873
2026-04-28 06:00:00+00:00,46.32052
2026-04-28 07:00:00+00:00,21.461573
2026-04-28 08:00:00+00:00,6.3501916
2026-04-28 09:00:00+00:00,1.5776486
2026-04-28 10:00:00+00:00,-2.9713206
2026-04-28 11:00:00+00:00,-5.2473636
2026-04-28 12:00:00+00:00,-4.623758
2026-04-28 13:00:00+00:00,-0.2552638
2026-04-28 14:00:00+00:00,7.847859
2026-04-28 15:00:00+00:00,20.571371
2026-04-28 16:00:00+00:00,36.05324
2026-04-28 17:00:00+00:00,50.93494
2026-04-28 18:00:00+00:00,56.42777
2026-04-28 19:00:00+00:00,52.39256
2026-04-28 20:00:00+00:00,40.839157
2026-04-28 21:00:00+00:00,32.02533
2026-04-28 22:00:00+00:00,25.692131
2026-04-28 23:00:00+00:00,19.826643
2026-04-29 00:00:00+00:00,13.036072
2026-04-29 01:00:00+00:00,12.089802
2026-04-29 02:00:00+00:00,12.29981
2026-04-29 03:00:00+00:00,15.068054
2026-04-29 04:00:00+00:00,19.056557
2026-04-29 05:00:00+00:00,20.334248
2026-04-29 06:00:00+00:00,12.359907
2026-04-29 07:00:00+00:00,-2.2145286
2026-04-29 08:00:00+00:00,-12.977358
2026-04-29 09:00:00+00:00,-14.899448
2026-04-29 10:00:00+00:00,-16.551409
2026-04-29 11:00:00+00:00,-18.800129
2026-04-29 12:00:00+00:00,-18.089037
2026-04-29 13:00:00+00:00,-15.723774
2026-04-29 14:00:00+00:00,-9.914707
2026-04-29 15:00:00+00:00,-2.5503287
2026-04-29 16:00:00+00:00,6.34504
2026-04-29 17:00:00+00:00,14.032782
2026-04-29 18:00:00+00:00,20.512491
2026-04-29 19:00:00+00:00,23.046488
2026-04-29 20:00:00+00:00,16.888638
2026-04-29 21:00:00+00:00,12.488247
2026-04-29 22:00:00+00:00,8.748766
2026-04-29 23:00:00+00:00,6.5439725
2026-04-30 00:00:00+00:00,8.581217
2026-04-30 01:00:00+00:00,9.11105
2026-04-30 02:00:00+00:00,11.914587
2026-04-30 03:00:00+00:00,19.859703
2026-04-30 04:00:00+00:00,31.823168
2026-04-30 05:00:00+00:00,39.760876
2026-04-30 06:00:00+00:00,31.935303
2026-04-30 07:00:00+00:00,12.666454
2026-04-30 08:00:00+00:00,-2.5443244
2026-04-30 09:00:00+00:00,-5.875713
2026-04-30 10:00:00+00:00,-7.075786
2026-04-30 11:00:00+00:00,-7.9333305
2026-04-30 12:00:00+00:00,-5.760452
2026-04-30 13:00:00+00:00,-3.0226836
2026-04-30 14:00:00+00:00,2.68076
2026-04-30 15:00:00+00:00,13.768305
2026-04-30 16:00:00+00:00,28.212475
2026-04-30 17:00:00+00:00,43.19452
2026-04-30 18:00:00+00:00,56.261166
2026-04-30 19:00:00+00:00,58.4087
2026-04-30 20:00:00+00:00,49.589977
2026-04-30 21:00:00+00:00,45.53442
2026-04-30 22:00:00+00:00,43.106335
2026-04-30 23:00:00+00:00,37.990658
2026-05-01 00:00:00+00:00,32.35301
2026-05-01 01:00:00+00:00,32.00432
2026-05-01 02:00:00+00:00,33.82377
2026-05-01 03:00:00+00:00,35.42824
2026-05-01 04:00:00+00:00,36.063732
2026-05-01 05:00:00+00:00,32.41172
2026-05-01 06:00:00+00:00,20.65265
2026-05-01 07:00:00+00:00,1.215281
2026-05-01 08:00:00+00:00,-12.687733
2026-05-01 09:00:00+00:00,-18.168291
2026-05-01 10:00:00+00:00,-24.572855
2026-05-01 11:00:00+00:00,-29.244442
2026-05-01 12:00:00+00:00,-28.191322
2026-05-01 13:00:00+00:00,-18.779531
2026-05-01 14:00:00+00:00,-2.7582088
2026-05-01 15:00:00+00:00,15.919167
2026-05-01 16:00:00+00:00,32.843163
2026-05-01 17:00:00+00:00,49.938156
2026-05-01 18:00:00+00:00,66.10567
2026-05-01 19:00:00+00:00,76.20849
2026-05-01 20:00:00+00:00,70.597115
2026-05-01 21:00:00+00:00,65.22189
2026-05-01 22:00:00+00:00,64.11967
2026-05-01 23:00:00+00:00,59.241455
2026-05-02 00:00:00+00:00,69.23284
2026-05-02 01:00:00+00:00,68.036835
2026-05-02 02:00:00+00:00,75.4804
2026-05-02 03:00:00+00:00,95.50558
2026-05-02 04:00:00+00:00,106.57622
2026-05-02 05:00:00+00:00,106.58023
2026-05-02 06:00:00+00:00,97.22503
2026-05-02 07:00:00+00:00,62.587532
2026-05-02 08:00:00+00:00,22.434135
2026-05-02 09:00:00+00:00,-24.748478
2026-05-02 10:00:00+00:00,-80.24341
2026-05-02 11:00:00+00:00,-116.94604
2026-05-02 12:00:00+00:00,-112.192116
2026-05-02 13:00:00+00:00,-66.76881
2026-05-02 14:00:00+00:00,12.146514
2026-05-02 15:00:00+00:00,76.64984
2026-05-02 16:00:00+00:00,86.846664
2026-05-02 17:00:00+00:00,92.01877
2026-05-02 18:00:00+00:00,113.6421
2026-05-02 19:00:00+00:00,125.27743
2026-05-02 20:00:00+00:00,123.583824
2026-05-02 21:00:00+00:00,103.0182
2026-05-02 22:00:00+00:00,82.34942
2026-05-02 23:00:00+00:00,75.77998
2026-05-03 00:00:00+00:00,34.255703
2026-05-03 01:00:00+00:00,30.773396
2026-05-03 02:00:00+00:00,27.82357
2026-05-03 03:00:00+00:00,23.444025
2026-05-03 04:00:00+00:00,17.562952
2026-05-03 05:00:00+00:00,8.576868
2026-05-03 06:00:00+00:00,-6.5255527
2026-05-03 07:00:00+00:00,-30.428102
2026-05-03 08:00:00+00:00,-51.440865
2026-05-03 09:00:00+00:00,-59.117386
2026-05-03 10:00:00+00:00,-68.98421
2026-05-03 11:00:00+00:00,-74.122116
2026-05-03 12:00:00+00:00,-73.916214
2026-05-03 13:00:00+00:00,-61.06688
2026-05-03 14:00:00+00:00,-35.067245
2026-05-03 15:00:00+00:00,-2.5260963
2026-05-03 16:00:00+00:00,26.634481
2026-05-03 17:00:00+00:00,57.65728
2026-05-03 18:00:00+00:00,86.92922
2026-05-03 19:00:00+00:00,105.04009
2026-05-03 20:00:00+00:00,106.03309
2026-05-03 21:00:00+00:00,97.16822
2026-05-03 22:00:00+00:00,90.54124
2026-05-03 23:00:00+00:00,83.95294
2026-05-04 00:00:00+00:00,97.59304
2026-05-04 01:00:00+00:00,95.66795
2026-05-04 02:00:00+00:00,97.35594
2026-05-04 03:00:00+00:00,105.65303
2026-05-04 04:00:00+00:00,120.78729
2026-05-04 05:00:00+00:00,139.00371
2026-05-04 06:00:00+00:00,143.77579
2026-05-04 07:00:00+00:00,125.96698
2026-05-04 08:00:00+00:00,101.787766
2026-05-04 09:00:00+00:00,92.07368
2026-05-04 10:00:00+00:00,83.33615
2026-05-04 11:00:00+00:00,77.87568
2026-05-04 12:00:00+00:00,72.415146
2026-05-04 13:00:00+00:00,70.18941
2026-05-04 14:00:00+00:00,74.204315
2026-05-04 15:00:00+00:00,85.499466
2026-05-04 16:00:00+00:00,111.54777
2026-05-04 17:00:00+00:00,143.06247
2026-05-04 18:00:00+00:00,156.3336
2026-05-04 19:00:00+00:00,145.44795
2026-05-04 20:00:00+00:00,129.51224
2026-05-04 21:00:00+00:00,122.22991
2026-05-04 22:00:00+00:00,115.224365
2026-05-04 23:00:00+00:00,107.09621
2026-05-05 00:00:00+00:00,101.065384
2026-05-05 01:00:00+00:00,97.36182
2026-05-05 02:00:00+00:00,97.17513
2026-05-05 03:00:00+00:00,102.031906
2026-05-05 04:00:00+00:00,112.3047
2026-05-05 05:00:00+00:00,123.50894
2026-05-05 06:00:00+00:00,124.561966
2026-05-05 07:00:00+00:00,113.06726
2026-05-05 08:00:00+00:00,101.479324
2026-05-05 09:00:00+00:00,97.31006
2026-05-05 10:00:00+00:00,90.73569
2026-05-05 11:00:00+00:00,84.7473
2026-05-05 12:00:00+00:00,79.68225
2026-05-05 13:00:00+00:00,74.16019
2026-05-05 14:00:00+00:00,70.9732
2026-05-05 15:00:00+00:00,74.45727
2026-05-05 16:00:00+00:00,88.29054
2026-05-05 17:00:00+00:00,107.19925
2026-05-05 18:00:00+00:00,119.356606
2026-05-05 19:00:00+00:00,119.6152
2026-05-05 20:00:00+00:00,112.23693
2026-05-05 21:00:00+00:00,103.17725
2026-05-05 22:00:00+00:00,95.01213
2026-05-05 23:00:00+00:00,87.5207
2026-05-06 00:00:00+00:00,102.47075
2026-05-06 01:00:00+00:00,98.86794
2026-05-06 02:00:00+00:00,99.35649
2026-05-06 03:00:00+00:00,105.84234
2026-05-06 04:00:00+00:00,119.30859
2026-05-06 05:00:00+00:00,132.52054
2026-05-06 06:00:00+00:00,130.33832
2026-05-06 07:00:00+00:00,115.193634
2026-05-06 08:00:00+00:00,97.05874
2026-05-06 09:00:00+00:00,86.40301
2026-05-06 10:00:00+00:00,78.353065
2026-05-06 11:00:00+00:00,70.776665
2026-05-06 12:00:00+00:00,68.23991
2026-05-06 13:00:00+00:00,69.11515
2026-05-06 14:00:00+00:00,77.78607
2026-05-06 15:00:00+00:00,93.590096
2026-05-06 16:00:00+00:00,115.03085
2026-05-06 17:00:00+00:00,138.01521
2026-05-06 18:00:00+00:00,145.9114
2026-05-06 19:00:00+00:00,140.13551
2026-05-06 20:00:00+00:00,131.34479
2026-05-06 21:00:00+00:00,126.14412
2026-05-06 22:00:00+00:00,118.76539
2026-05-06 23:00:00+00:00,113.38409
2026-05-07 00:00:00+00:00,114.3638
2026-05-07 01:00:00+00:00,112.79241
2026-05-07 02:00:00+00:00,115.433945
2026-05-07 03:00:00+00:00,126.69745
2026-05-07 04:00:00+00:00,147.53607
2026-05-07 05:00:00+00:00,162.8
2026-05-07 06:00:00+00:00,155.51978
2026-05-07 07:00:00+00:00,134.89996
2026-05-07 08:00:00+00:00,115.57041
2026-05-07 09:00:00+00:00,107.51901
2026-05-07 10:00:00+00:00,99.232254
2026-05-07 11:00:00+00:00,94.26146
2026-05-07 12:00:00+00:00,91.81422
2026-05-07 13:00:00+00:00,89.67033
2026-05-07 14:00:00+00:00,94.20148
2026-05-07 15:00:00+00:00,104.700066
2026-05-07 16:00:00+00:00,126.46167
2026-05-07 17:00:00+00:00,151.9725
2026-05-07 18:00:00+00:00,162.84213
2026-05-07 19:00:00+00:00,156.48668
2026-05-07 20:00:00+00:00,142.61984
2026-05-07 21:00:00+00:00,134.39165
2026-05-07 22:00:00+00:00,127.54635
2026-05-07 23:00:00+00:00,121.02808
2026-05-08 00:00:00+00:00,110.71689
2026-05-08 01:00:00+00:00,106.56941
2026-05-08 02:00:00+00:00,104.446625
2026-05-08 03:00:00+00:00,101.32704
2026-05-08 04:00:00+00:00,95.65839
2026-05-08 05:00:00+00:00,87.27745
2026-05-08 06:00:00+00:00,69.46724
2026-05-08 07:00:00+00:00,46.041256
2026-05-08 08:00:00+00:00,22.396349
2026-05-08 09:00:00+00:00,10.210136
2026-05-08 10:00:00+00:00,-1.5782733
2026-05-08 11:00:00+00:00,-10.444059
2026-05-08 12:00:00+00:00,-10.220703
2026-05-08 13:00:00+00:00,0.94517374
2026-05-08 14:00:00+00:00,25.654413
2026-05-08 15:00:00+00:00,54.95944
2026-05-08 16:00:00+00:00,82.13292
2026-05-08 17:00:00+00:00,105.65578
2026-05-08 18:00:00+00:00,117.89224
2026-05-08 19:00:00+00:00,118.17438
2026-05-08 20:00:00+00:00,110.7599
2026-05-08 21:00:00+00:00,103.47884
2026-05-08 22:00:00+00:00,93.56131
2026-05-08 23:00:00+00:00,84.33651
2026-05-09 00:00:00+00:00,51.71261
2026-05-09 01:00:00+00:00,48.990986
2026-05-09 02:00:00+00:00,49.42398
2026-05-09 03:00:00+00:00,52.370136
2026-05-09 04:00:00+00:00,53.941505
2026-05-09 05:00:00+00:00,47.694824
2026-05-09 06:00:00+00:00,29.433477
2026-05-09 07:00:00+00:00,4.90894
2026-05-09 08:00:00+00:00,-14.53492
2026-05-09 09:00:00+00:00,-21.94421
2026-05-09 10:00:00+00:00,-30.839546
2026-05-09 11:00:00+00:00,-37.01894
2026-05-09 12:00:00+00:00,-36.02913
2026-05-09 13:00:00+00:00,-27.257652
2026-05-09 14:00:00+00:00,-7.921076
2026-05-09 15:00:00+00:00,15.649277
2026-05-09 16:00:00+00:00,39.826195
2026-05-09 17:00:00+00:00,67.268196
2026-05-09 18:00:00+00:00,84.35916
2026-05-09 19:00:00+00:00,87.634796
2026-05-09 20:00:00+00:00,79.69013
2026-05-09 21:00:00+00:00,71.15727
2026-05-09 22:00:00+00:00,63.13051
2026-05-09 23:00:00+00:00,55.65593
2026-05-10 00:00:00+00:00,28.6572
2026-05-10 01:00:00+00:00,25.858786
2026-05-10 02:00:00+00:00,25.707193
2026-05-10 03:00:00+00:00,29.083733
2026-05-10 04:00:00+00:00,32.96016
2026-05-10 05:00:00+00:00,29.646336
2026-05-10 06:00:00+00:00,19.321075
2026-05-10 07:00:00+00:00,6.707205
2026-05-10 08:00:00+00:00,-0.9072776
2026-05-10 09:00:00+00:00,-0.09908056
2026-05-10 10:00:00+00:00,-3.1344314
2026-05-10 11:00:00+00:00,-6.999973
2026-05-10 12:00:00+00:00,-9.075857
2026-05-10 13:00:00+00:00,-7.4983044
2026-05-10 14:00:00+00:00,-3.1423678
2026-05-10 15:00:00+00:00,6.634974
2026-05-10 16:00:00+00:00,22.695805
2026-05-10 17:00:00+00:00,43.6537
2026-05-10 18:00:00+00:00,58.633904
2026-05-10 19:00:00+00:00,64.884125
2026-05-10 20:00:00+00:00,60.099693
2026-05-10 21:00:00+00:00,51.3266
2026-05-10 22:00:00+00:00,44.799328
2026-05-10 23:00:00+00:00,38.173115
2026-05-11 00:00:00+00:00,19.417145
2026-05-11 01:00:00+00:00,17.905973
2026-05-11 02:00:00+00:00,18.094666
2026-05-11 03:00:00+00:00,25.664415
2026-05-11 04:00:00+00:00,41.51831
2026-05-11 05:00:00+00:00,53.3988
2026-05-11 06:00:00+00:00,47.652065
2026-05-11 07:00:00+00:00,26.919863
2026-05-11 08:00:00+00:00,9.871393
2026-05-11 09:00:00+00:00,6.608212
2026-05-11 10:00:00+00:00,4.11319
2026-05-11 11:00:00+00:00,-0.32337713
2026-05-11 12:00:00+00:00,-4.3482776
2026-05-11 13:00:00+00:00,-7.221403
2026-05-11 14:00:00+00:00,-4.479011
2026-05-11 15:00:00+00:00,5.548718
2026-05-11 16:00:00+00:00,24.8928
2026-05-11 17:00:00+00:00,54.665977
2026-05-11 18:00:00+00:00,78.02841
2026-05-11 19:00:00+00:00,81.67981
2026-05-11 20:00:00+00:00,74.73063
2026-05-11 21:00:00+00:00,67.549095
2026-05-11 22:00:00+00:00,59.650978
2026-05-11 23:00:00+00:00,53.521164
2026-05-12 00:00:00+00:00,71.224945
2026-05-12 01:00:00+00:00,69.62718
2026-05-12 02:00:00+00:00,71.658516
2026-05-12 03:00:00+00:00,82.006195
2026-05-12 04:00:00+00:00,100.46759
2026-05-12 05:00:00+00:00,110.46626
2026-05-12 06:00:00+00:00,97.47644
2026-05-12 07:00:00+00:00,65.537575
2026-05-12 08:00:00+00:00,38.52069
2026-05-12 09:00:00+00:00,28.443348
2026-05-12 10:00:00+00:00,21.198282
2026-05-12 11:00:00+00:00,16.732986
2026-05-12 12:00:00+00:00,13.259459
2026-05-12 13:00:00+00:00,14.625006
2026-05-12 14:00:00+00:00,24.24123
2026-05-12 15:00:00+00:00,40.243557
2026-05-12 16:00:00+00:00,64.06153
2026-05-12 17:00:00+00:00,98.19157
2026-05-12 18:00:00+00:00,120.6838
2026-05-12 19:00:00+00:00,114.78339
2026-05-12 20:00:00+00:00,96.53761
2026-05-12 21:00:00+00:00,86.0229
2026-05-12 22:00:00+00:00,77.65256
2026-05-12 23:00:00+00:00,69.18974
2026-05-13 00:00:00+00:00,71.38351
2026-05-13 01:00:00+00:00,68.6747
2026-05-13 02:00:00+00:00,67.82747
2026-05-13 03:00:00+00:00,69.471016
2026-05-13 04:00:00+00:00,72.525566
2026-05-13 05:00:00+00:00,72.12949
2026-05-13 06:00:00+00:00,55.86177
2026-05-13 07:00:00+00:00,29.509148
2026-05-13 08:00:00+00:00,4.6564465
2026-05-13 09:00:00+00:00,-6.6338024
2026-05-13 10:00:00+00:00,-13.057917
2026-05-13 11:00:00+00:00,-19.532887
2026-05-13 12:00:00+00:00,-21.904654
2026-05-13 13:00:00+00:00,-19.402998
2026-05-13 14:00:00+00:00,-9.122864
2026-05-13 15:00:00+00:00,6.002501
2026-05-13 16:00:00+00:00,24.777555
2026-05-13 17:00:00+00:00,46.18139
2026-05-13 18:00:00+00:00,66.75399
2026-05-13 19:00:00+00:00,73.51195
2026-05-13 20:00:00+00:00,66.91909
2026-05-13 21:00:00+00:00,58.69327
2026-05-13 22:00:00+00:00,52.89182
2026-05-13 23:00:00+00:00,48.68196
2026-05-14 00:00:00+00:00,6.6029935
2026-05-14 01:00:00+00:00,6.291743
2026-05-14 02:00:00+00:00,7.9829693
2026-05-14 03:00:00+00:00,14.062683
2026-05-14 04:00:00+00:00,27.999205
2026-05-14 05:00:00+00:00,36.730278
2026-05-14 06:00:00+00:00,31.094856
2026-05-14 07:00:00+00:00,14.116669
2026-05-14 08:00:00+00:00,4.9284177
2026-05-14 09:00:00+00:00,2.774012
2026-05-14 10:00:00+00:00,1.5448442
2026-05-14 11:00:00+00:00,1.8504395
2026-05-14 12:00:00+00:00,2.3574967
2026-05-14 13:00:00+00:00,5.4926915
2026-05-14 14:00:00+00:00,11.5702
2026-05-14 15:00:00+00:00,27.235882
2026-05-14 16:00:00+00:00,49.7591
2026-05-14 17:00:00+00:00,74.74051
2026-05-14 18:00:00+00:00,95.5387
2026-05-14 19:00:00+00:00,100.30509
2026-05-14 20:00:00+00:00,89.90931
2026-05-14 21:00:00+00:00,80.00616
2026-05-14 22:00:00+00:00,75.97185
2026-05-14 23:00:00+00:00,69.79622
2026-05-15 00:00:00+00:00,59.882286
2026-05-15 01:00:00+00:00,58.342224
2026-05-15 02:00:00+00:00,59.268665
2026-05-15 03:00:00+00:00,64.14202
2026-05-15 04:00:00+00:00,74.934906
2026-05-15 05:00:00+00:00,82.65525
2026-05-15 06:00:00+00:00,74.33502
2026-05-15 07:00:00+00:00,51.511883
2026-05-15 08:00:00+00:00,33.915527
2026-05-15 09:00:00+00:00,30.513292
2026-05-15 10:00:00+00:00,26.378948
2026-05-15 11:00:00+00:00,22.699041
2026-05-15 12:00:00+00:00,16.971285
2026-05-15 13:00:00+00:00,13.794205
2026-05-15 14:00:00+00:00,15.709547
2026-05-15 15:00:00+00:00,21.183935
2026-05-15 16:00:00+00:00,32.777157
2026-05-15 17:00:00+00:00,62.441887
2026-05-15 18:00:00+00:00,95.22599
2026-05-15 19:00:00+00:00,103.88234
2026-05-15 20:00:00+00:00,92.02129
2026-05-15 21:00:00+00:00,84.16957
2026-05-15 22:00:00+00:00,78.07591
2026-05-15 23:00:00+00:00,73.24156
2026-05-16 00:00:00+00:00,78.89359
2026-05-16 01:00:00+00:00,76.6812
2026-05-16 02:00:00+00:00,76.59102
2026-05-16 03:00:00+00:00,77.43488
2026-05-16 04:00:00+00:00,75.47376
2026-05-16 05:00:00+00:00,66.61409
2026-05-16 06:00:00+00:00,48.418564
2026-05-16 07:00:00+00:00,26.541773
2026-05-16 08:00:00+00:00,10.334742
2026-05-16 09:00:00+00:00,6.0038915
2026-05-16 10:00:00+00:00,1.4906774
2026-05-16 11:00:00+00:00,-2.2814593
2026-05-16 12:00:00+00:00,-5.240585
2026-05-16 13:00:00+00:00,-1.4446216
2026-05-16 14:00:00+00:00,9.984125
2026-05-16 15:00:00+00:00,22.744967
2026-05-16 16:00:00+00:00,33.49693
2026-05-16 17:00:00+00:00,53.829624
2026-05-16 18:00:00+00:00,75.73579
2026-05-16 19:00:00+00:00,87.109924
2026-05-16 20:00:00+00:00,83.88022
2026-05-16 21:00:00+00:00,78.56711
2026-05-16 22:00:00+00:00,73.47937
2026-05-16 23:00:00+00:00,67.81961
2026-05-17 00:00:00+00:00,76.63201
2026-05-17 01:00:00+00:00,74.03334
2026-05-17 02:00:00+00:00,72.767555
2026-05-17 03:00:00+00:00,70.0279
2026-05-17 04:00:00+00:00,64.346436
2026-05-17 05:00:00+00:00,54.557774
2026-05-17 06:00:00+00:00,35.40291
2026-05-17 07:00:00+00:00,9.621105
2026-05-17 08:00:00+00:00,-12.57626
2026-05-17 09:00:00+00:00,-18.76009
2026-05-17 10:00:00+00:00,-26.112717
2026-05-17 11:00:00+00:00,-31.72752
2026-05-17 12:00:00+00:00,-34.820698
2026-05-17 13:00:00+00:00,-27.826574
2026-05-17 14:00:00+00:00,-9.27721
2026-05-17 15:00:00+00:00,12.081478
2026-05-17 16:00:00+00:00,32.97723
2026-05-17 17:00:00+00:00,63.847824
2026-05-17 18:00:00+00:00,93.056274
2026-05-17 19:00:00+00:00,106.01667
2026-05-17 20:00:00+00:00,102.204185
2026-05-17 21:00:00+00:00,95.71751
2026-05-17 22:00:00+00:00,89.59964
2026-05-17 23:00:00+00:00,83.70693
2026-05-18 00:00:00+00:00,78.93835
2026-05-18 01:00:00+00:00,77.05625
2026-05-18 02:00:00+00:00,78.80687
2026-05-18 03:00:00+00:00,88.2061
2026-05-18 04:00:00+00:00,103.49186
2026-05-18 05:00:00+00:00,111.98655
2026-05-18 06:00:00+00:00,101.46781
2026-05-18 07:00:00+00:00,78.7754
2026-05-18 08:00:00+00:00,60.57949
2026-05-18 09:00:00+00:00,53.4599
2026-05-18 10:00:00+00:00,45.99434
2026-05-18 11:00:00+00:00,41.419098
2026-05-18 12:00:00+00:00,38.9818
2026-05-18 13:00:00+00:00,40.748962
2026-05-18 14:00:00+00:00,48.757595
2026-05-18 15:00:00+00:00,61.39377
2026-05-18 16:00:00+00:00,85.20847
2026-05-18 17:00:00+00:00,116.01219
2026-05-18 18:00:00+00:00,132.04288
2026-05-18 19:00:00+00:00,125.79987
2026-05-18 20:00:00+00:00,112.81252
2026-05-18 21:00:00+00:00,103.12269
2026-05-18 22:00:00+00:00,93.06987
2026-05-18 23:00:00+00:00,86.49013
2026-05-19 00:00:00+00:00,63.84626
2026-05-19 01:00:00+00:00,59.69664
2026-05-19 02:00:00+00:00,58.46765
2026-05-19 03:00:00+00:00,59.80379
2026-05-19 04:00:00+00:00,64.363976
2026-05-19 05:00:00+00:00,67.688446
2026-05-19 06:00:00+00:00,61.536312
2026-05-19 07:00:00+00:00,44.228924
2026-05-19 08:00:00+00:00,28.04192
2026-05-19 09:00:00+00:00,19.818523
2026-05-19 10:00:00+00:00,12.064995
2026-05-19 11:00:00+00:00,3.7235837
2026-05-19 12:00:00+00:00,-0.41235495
2026-05-19 13:00:00+00:00,-0.3237586
2026-05-19 14:00:00+00:00,4.2550225
2026-05-19 15:00:00+00:00,18.886122
2026-05-19 16:00:00+00:00,41.98764
2026-05-19 17:00:00+00:00,66.129395
2026-05-19 18:00:00+00:00,83.00849
2026-05-19 19:00:00+00:00,86.032745
2026-05-19 20:00:00+00:00,80.73262
2026-05-19 21:00:00+00:00,71.92613
2026-05-19 22:00:00+00:00,61.55813
2026-05-19 23:00:00+00:00,54.723095
2026-05-20 00:00:00+00:00,51.686928
2026-05-20 01:00:00+00:00,49.678883
2026-05-20 02:00:00+00:00,50.831566
2026-05-20 03:00:00+00:00,56.552544
2026-05-20 04:00:00+00:00,65.85267
2026-05-20 05:00:00+00:00,70.69132
2026-05-20 06:00:00+00:00,60.484608
2026-05-20 07:00:00+00:00,39.60392
2026-05-20 08:00:00+00:00,23.637808
2026-05-20 09:00:00+00:00,18.312098
2026-05-20 10:00:00+00:00,13.855274
2026-05-20 11:00:00+00:00,11.346821
2026-05-20 12:00:00+00:00,10.937805
2026-05-20 13:00:00+00:00,13.648214
2026-05-20 14:00:00+00:00,21.819769
2026-05-20 15:00:00+00:00,35.95238
2026-05-20 16:00:00+00:00,52.46043
2026-05-20 17:00:00+00:00,78.43603
2026-05-20 18:00:00+00:00,103.325424
2026-05-20 19:00:00+00:00,111.520805
2026-05-20 20:00:00+00:00,103.15602
2026-05-20 21:00:00+00:00,97.1145
2026-05-20 22:00:00+00:00,92.06925
2026-05-20 23:00:00+00:00,85.562546
2026-05-21 00:00:00+00:00,85.056656
2026-05-21 01:00:00+00:00,84.91676
2026-05-21 02:00:00+00:00,87.87694
2026-05-21 03:00:00+00:00,97.60639
2026-05-21 04:00:00+00:00,114.3942
2026-05-21 05:00:00+00:00,121.16582
2026-05-21 06:00:00+00:00,102.48614
2026-05-21 07:00:00+00:00,65.70203
2026-05-21 08:00:00+00:00,37.537792
2026-05-21 09:00:00+00:00,30.416883
2026-05-21 10:00:00+00:00,24.605934
2026-05-21 11:00:00+00:00,23.778275
2026-05-21 12:00:00+00:00,19.904524
2026-05-21 13:00:00+00:00,21.317127
2026-05-21 14:00:00+00:00,30.721237
2026-05-21 15:00:00+00:00,47.334843
2026-05-21 16:00:00+00:00,69.35999
2026-05-21 17:00:00+00:00,105.54899
2026-05-21 18:00:00+00:00,134.74263
2026-05-21 19:00:00+00:00,136.72868
2026-05-21 20:00:00+00:00,119.16434
2026-05-21 21:00:00+00:00,109.09172
2026-05-21 22:00:00+00:00,104.114685
2026-05-21 23:00:00+00:00,95.45325
2026-05-22 00:00:00+00:00,85.501915
2026-05-22 01:00:00+00:00,84.73537
2026-05-22 02:00:00+00:00,86.22566
2026-05-22 03:00:00+00:00,92.86546
2026-05-22 04:00:00+00:00,99.701744
2026-05-22 05:00:00+00:00,94.918465
2026-05-22 06:00:00+00:00,69.311485
2026-05-22 07:00:00+00:00,30.891937
2026-05-22 08:00:00+00:00,2.732226
2026-05-22 09:00:00+00:00,-6.2498813
2026-05-22 10:00:00+00:00,-15.078695
2026-05-22 11:00:00+00:00,-16.55754
2026-05-22 12:00:00+00:00,-19.444807
2026-05-22 13:00:00+00:00,-12.730917
2026-05-22 14:00:00+00:00,3.7911496
2026-05-22 15:00:00+00:00,26.666563
2026-05-22 16:00:00+00:00,50.139668
2026-05-22 17:00:00+00:00,89.61685
2026-05-22 18:00:00+00:00,120.88925
2026-05-22 19:00:00+00:00,123.01304
2026-05-22 20:00:00+00:00,106.9049
2026-05-22 21:00:00+00:00,97.615875
2026-05-22 22:00:00+00:00,93.16531
2026-05-22 23:00:00+00:00,85.26344
2026-05-23 00:00:00+00:00,73.04984
2026-05-23 01:00:00+00:00,70.13272
2026-05-23 02:00:00+00:00,69.451096
2026-05-23 03:00:00+00:00,66.36839
2026-05-23 04:00:00+00:00,55.27575
2026-05-23 05:00:00+00:00,32.67787
2026-05-23 06:00:00+00:00,1.7401946
2026-05-23 07:00:00+00:00,-27.972338
2026-05-23 08:00:00+00:00,-45.98003
2026-05-23 09:00:00+00:00,-48.020638
2026-05-23 10:00:00+00:00,-53.978394
2026-05-23 11:00:00+00:00,-58.872982
2026-05-23 12:00:00+00:00,-59.38411
2026-05-23 13:00:00+00:00,-50.721905
2026-05-23 14:00:00+00:00,-30.71702
2026-05-23 15:00:00+00:00,-8.355495
2026-05-23 16:00:00+00:00,12.028519
2026-05-23 17:00:00+00:00,42.392014
2026-05-23 18:00:00+00:00,75.08203
2026-05-23 19:00:00+00:00,96.83795
2026-05-23 20:00:00+00:00,95.762665
2026-05-23 21:00:00+00:00,87.904434
2026-05-23 22:00:00+00:00,82.12644
2026-05-23 23:00:00+00:00,73.63214
2026-05-24 00:00:00+00:00,38.5701
2026-05-24 01:00:00+00:00,36.653053
2026-05-24 02:00:00+00:00,36.878464
2026-05-24 03:00:00+00:00,38.996986
2026-05-24 04:00:00+00:00,37.211918
2026-05-24 05:00:00+00:00,20.58011
2026-05-24 06:00:00+00:00,-3.7271
2026-05-24 07:00:00+00:00,-27.208755
2026-05-24 08:00:00+00:00,-38.867165
2026-05-24 09:00:00+00:00,-35.711197
2026-05-24 10:00:00+00:00,-37.21212
2026-05-24 11:00:00+00:00,-37.085037
2026-05-24 12:00:00+00:00,-36.81503
2026-05-24 13:00:00+00:00,-33.011734
2026-05-24 14:00:00+00:00,-25.41548
2026-05-24 15:00:00+00:00,-13.555384
2026-05-24 16:00:00+00:00,-0.5790669
2026-05-24 17:00:00+00:00,26.986404
2026-05-24 18:00:00+00:00,58.13415
2026-05-24 19:00:00+00:00,78.91383
2026-05-24 20:00:00+00:00,80.08786
2026-05-24 21:00:00+00:00,69.66659
2026-05-24 22:00:00+00:00,62.065136
2026-05-24 23:00:00+00:00,53.922382
2026-05-25 00:00:00+00:00,27.729456
2026-05-25 01:00:00+00:00,26.35568
2026-05-25 02:00:00+00:00,27.179869
2026-05-25 03:00:00+00:00,32.885952
2026-05-25 04:00:00+00:00,38.402058
2026-05-25 05:00:00+00:00,27.877804
2026-05-25 06:00:00+00:00,5.0719433
2026-05-25 07:00:00+00:00,-21.394293
2026-05-25 08:00:00+00:00,-37.224895
2026-05-25 09:00:00+00:00,-37.80081
2026-05-25 10:00:00+00:00,-40.53477
2026-05-25 11:00:00+00:00,-40.470932
2026-05-25 12:00:00+00:00,-41.33089
2026-05-25 13:00:00+00:00,-36.43779
2026-05-25 14:00:00+00:00,-26.195139
2026-05-25 15:00:00+00:00,-9.49292
2026-05-25 16:00:00+00:00,6.107298
2026-05-25 17:00:00+00:00,37.128876
2026-05-25 18:00:00+00:00,70.36691
2026-05-25 19:00:00+00:00,87.75977
2026-05-25 20:00:00+00:00,82.921906
2026-05-25 21:00:00+00:00,71.25299
2026-05-25 22:00:00+00:00,64.429596
2026-05-25 23:00:00+00:00,56.898342
2026-05-26 00:00:00+00:00,77.79312
2026-05-26 01:00:00+00:00,77.34538
2026-05-26 02:00:00+00:00,79.6605
2026-05-26 03:00:00+00:00,87.48833
2026-05-26 04:00:00+00:00,98.278435
2026-05-26 05:00:00+00:00,101.400215
2026-05-26 06:00:00+00:00,84.13967
2026-05-26 07:00:00+00:00,52.398106
2026-05-26 08:00:00+00:00,26.486486
2026-05-26 09:00:00+00:00,20.503277
2026-05-26 10:00:00+00:00,10.538321
2026-05-26 11:00:00+00:00,9.998188
2026-05-26 12:00:00+00:00,5.697762
2026-05-26 13:00:00+00:00,8.920078
2026-05-26 14:00:00+00:00,18.08535
2026-05-26 15:00:00+00:00,35.394535
2026-05-26 16:00:00+00:00,56.364796
2026-05-26 17:00:00+00:00,100.60156
2026-05-26 18:00:00+00:00,137.58023
2026-05-26 19:00:00+00:00,136.51659
2026-05-26 20:00:00+00:00,114.80646
2026-05-26 21:00:00+00:00,101.797455
2026-05-26 22:00:00+00:00,97.495514
2026-05-26 23:00:00+00:00,89.830795
2026-05-27 00:00:00+00:00,110.51038
2026-05-27 01:00:00+00:00,109.5927
2026-05-27 02:00:00+00:00,111.649055
2026-05-27 03:00:00+00:00,117.95442
2026-05-27 04:00:00+00:00,125.31012
2026-05-27 05:00:00+00:00,125.33481
2026-05-27 06:00:00+00:00,104.79179
2026-05-27 07:00:00+00:00,64.76596
2026-05-27 08:00:00+00:00,30.523102
2026-05-27 09:00:00+00:00,14.818073
2026-05-27 10:00:00+00:00,1.2228875
2026-05-27 11:00:00+00:00,-4.352609
2026-05-27 12:00:00+00:00,-8.514912
2026-05-27 13:00:00+00:00,1.6480964
2026-05-27 14:00:00+00:00,24.693947
2026-05-27 15:00:00+00:00,54.91714
2026-05-27 16:00:00+00:00,82.255226
2026-05-27 17:00:00+00:00,115.66167
2026-05-27 18:00:00+00:00,137.54616
2026-05-27 19:00:00+00:00,134.29268
2026-05-27 20:00:00+00:00,116.32776
2026-05-27 21:00:00+00:00,107.01308
2026-05-27 22:00:00+00:00,101.13112
2026-05-27 23:00:00+00:00,91.71507
2026-05-28 00:00:00+00:00,98.668045
2026-05-28 01:00:00+00:00,98.24865
2026-05-28 02:00:00+00:00,100.37691
2026-05-28 03:00:00+00:00,107.79259
2026-05-28 04:00:00+00:00,117.894165
2026-05-28 05:00:00+00:00,119.99361
2026-05-28 06:00:00+00:00,99.09888
2026-05-28 07:00:00+00:00,63.167454
2026-05-28 08:00:00+00:00,31.611465
2026-05-28 09:00:00+00:00,15.192419
2026-05-28 10:00:00+00:00,4.671576
2026-05-28 11:00:00+00:00,0.4479661
2026-05-28 12:00:00+00:00,0.9923444
2026-05-28 13:00:00+00:00,11.4211235
2026-05-28 14:00:00+00:00,34.64569
2026-05-28 15:00:00+00:00,63.075348
2026-05-28 16:00:00+00:00,91.23074
2026-05-28 17:00:00+00:00,122.61449
2026-05-28 18:00:00+00:00,137.91478
2026-05-28 19:00:00+00:00,132.2875
2026-05-28 20:00:00+00:00,119.9894
2026-05-28 21:00:00+00:00,114.65528
2026-05-28 22:00:00+00:00,108.92995
2026-05-28 23:00:00+00:00,102.56363
2026-05-29 00:00:00+00:00,118.86964
2026-05-29 01:00:00+00:00,118.45847
2026-05-29 02:00:00+00:00,121.648926
2026-05-29 03:00:00+00:00,131.12411
2026-05-29 04:00:00+00:00,144.46577
2026-05-29 05:00:00+00:00,147.75523
2026-05-29 06:00:00+00:00,124.17715
2026-05-29 07:00:00+00:00,85.71534
2026-05-29 08:00:00+00:00,51.21367
2026-05-29 09:00:00+00:00,32.04538
2026-05-29 10:00:00+00:00,19.34592
2026-05-29 11:00:00+00:00,13.778843
2026-05-29 12:00:00+00:00,15.279848
2026-05-29 13:00:00+00:00,27.832783
2026-05-29 14:00:00+00:00,56.333298
2026-05-29 15:00:00+00:00,89.52509
2026-05-29 16:00:00+00:00,120.61957
2026-05-29 17:00:00+00:00,151.38272
2026-05-29 18:00:00+00:00,162.75299
2026-05-29 19:00:00+00:00,154.20401
2026-05-29 20:00:00+00:00,140.77539
2026-05-29 21:00:00+00:00,135.05666
2026-05-29 22:00:00+00:00,127.75479
2026-05-29 23:00:00+00:00,120.08353
2026-05-30 00:00:00+00:00,107.42666
2026-05-30 01:00:00+00:00,104.2011
2026-05-30 02:00:00+00:00,102.974335
2026-05-30 03:00:00+00:00,100.128975
2026-05-30 04:00:00+00:00,91.75864
2026-05-30 05:00:00+00:00,76.20831
2026-05-30 06:00:00+00:00,48.90934
2026-05-30 07:00:00+00:00,16.325594
2026-05-30 08:00:00+00:00,-13.633957
2026-05-30 09:00:00+00:00,-27.646458
2026-05-30 10:00:00+00:00,-41.551476
2026-05-30 11:00:00+00:00,-49.979374
2026-05-30 12:00:00+00:00,-49.56934
2026-05-30 13:00:00+00:00,-34.6172
2026-05-30 14:00:00+00:00,-1.7008665
2026-05-30 15:00:00+00:00,37.5124
2026-05-30 16:00:00+00:00,69.45896
2026-05-30 17:00:00+00:00,101.345695
2026-05-30 18:00:00+00:00,126.1046
2026-05-30 19:00:00+00:00,138.25327
2026-05-30 20:00:00+00:00,133.52144
2026-05-30 21:00:00+00:00,126.06524
2026-05-30 22:00:00+00:00,117.46286
2026-05-30 23:00:00+00:00,107.92995
2026-05-31 00:00:00+00:00,86.59437
2026-05-31 01:00:00+00:00,83.36082
2026-05-31 02:00:00+00:00,82.27253
2026-05-31 03:00:00+00:00,79.99516
2026-05-31 04:00:00+00:00,70.51403
2026-05-31 05:00:00+00:00,52.153645
2026-05-31 06:00:00+00:00,26.955017
2026-05-31 07:00:00+00:00,3.3709664
2026-05-31 08:00:00+00:00,-13.274834
2026-05-31 09:00:00+00:00,-17.373375
2026-05-31 10:00:00+00:00,-23.449142
2026-05-31 11:00:00+00:00,-30.699505
2026-05-31 12:00:00+00:00,-34.4021
2026-05-31 13:00:00+00:00,-27.621342
2026-05-31 14:00:00+00:00,-10.842716
2026-05-31 15:00:00+00:00,9.464912
2026-05-31 16:00:00+00:00,25.142633
2026-05-31 17:00:00+00:00,48.951397
2026-05-31 18:00:00+00:00,78.038025
2026-05-31 19:00:00+00:00,100.66673
2026-05-31 20:00:00+00:00,104.800095
2026-05-31 21:00:00+00:00,100.11574
2026-05-31 22:00:00+00:00,94.99783
2026-05-31 23:00:00+00:00,89.06642
2026-06-01 00:00:00+00:00,44.86068
2026-06-01 01:00:00+00:00,44.779427
2026-06-01 02:00:00+00:00,47.03024
2026-06-01 03:00:00+00:00,57.697765
2026-06-01 04:00:00+00:00,76.09516
2026-06-01 05:00:00+00:00,85.93291
2026-06-01 06:00:00+00:00,77.737175
2026-06-01 07:00:00+00:00,55.26359
2026-06-01 08:00:00+00:00,38.16269
2026-06-01 09:00:00+00:00,35.0231
2026-06-01 10:00:00+00:00,30.836725
2026-06-01 11:00:00+00:00,27.859522
2026-06-01 12:00:00+00:00,23.267712
2026-06-01 13:00:00+00:00,21.910479
2026-06-01 14:00:00+00:00,25.092932
2026-06-01 15:00:00+00:00,35.721046
2026-06-01 16:00:00+00:00,54.96259
2026-06-01 17:00:00+00:00,85.69968
2026-06-01 18:00:00+00:00,111.48116
2026-06-01 19:00:00+00:00,113.591515
2026-06-01 20:00:00+00:00,99.66758
2026-06-01 21:00:00+00:00,89.455414
2026-06-01 22:00:00+00:00,82.02416
2026-06-01 23:00:00+00:00,75.08806
2026-06-02 00:00:00+00:00,40.093044
2026-06-02 01:00:00+00:00,36.149956
2026-06-02 02:00:00+00:00,34.95427
2026-06-02 03:00:00+00:00,38.62689
2026-06-02 04:00:00+00:00,46.973602
2026-06-02 05:00:00+00:00,49.951374
2026-06-02 06:00:00+00:00,38.56892
2026-06-02 07:00:00+00:00,13.905613
2026-06-02 08:00:00+00:00,-4.918504
2026-06-02 09:00:00+00:00,-11.867327
2026-06-02 10:00:00+00:00,-17.127945
2026-06-02 11:00:00+00:00,-22.447262
2026-06-02 12:00:00+00:00,-25.996216
2026-06-02 13:00:00+00:00,-27.29508
2026-06-02 14:00:00+00:00,-24.703476
2026-06-02 15:00:00+00:00,-12.6370125
2026-06-02 16:00:00+00:00,9.797134
2026-06-02 17:00:00+00:00,38.791714
2026-06-02 18:00:00+00:00,61.252613
2026-06-02 19:00:00+00:00,68.82315
2026-06-02 20:00:00+00:00,62.117775
2026-06-02 21:00:00+00:00,47.673058
2026-06-02 22:00:00+00:00,36.524258
2026-06-02 23:00:00+00:00,27.2047
2026-06-03 00:00:00+00:00,17.139404
2026-06-03 01:00:00+00:00,16.744158
2026-06-03 02:00:00+00:00,17.469776
2026-06-03 03:00:00+00:00,20.949955
2026-06-03 04:00:00+00:00,25.98641
2026-06-03 05:00:00+00:00,29.470047
2026-06-03 06:00:00+00:00,24.853088
2026-06-03 07:00:00+00:00,11.431604
2026-06-03 08:00:00+00:00,4.6042523
2026-06-03 09:00:00+00:00,5.2450185
2026-06-03 10:00:00+00:00,5.86011
2026-06-03 11:00:00+00:00,5.1585584
2026-06-03 12:00:00+00:00,4.242457
2026-06-03 13:00:00+00:00,2.154572
2026-06-03 14:00:00+00:00,0.9795842
2026-06-03 15:00:00+00:00,4.2908654
2026-06-03 16:00:00+00:00,11.433626
2026-06-03 17:00:00+00:00,19.404867
2026-06-03 18:00:00+00:00,26.86703
2026-06-03 19:00:00+00:00,29.020712
2026-06-03 20:00:00+00:00,24.118261
2026-06-03 21:00:00+00:00,19.117298
2026-06-03 22:00:00+00:00,14.969416
2026-06-03 23:00:00+00:00,11.366007
2026-06-04 00:00:00+00:00,0.5264268
2026-06-04 01:00:00+00:00,-0.18513823
2026-06-04 02:00:00+00:00,-0.035031803
2026-06-04 03:00:00+00:00,0.9034791
2026-06-04 04:00:00+00:00,5.6193223
2026-06-04 05:00:00+00:00,12.133881
2026-06-04 06:00:00+00:00,9.526588
2026-06-04 07:00:00+00:00,0.5810437
2026-06-04 08:00:00+00:00,-5.536178
2026-06-04 09:00:00+00:00,-2.1631255
2026-06-04 10:00:00+00:00,0.039652344
2026-06-04 11:00:00+00:00,-2.8228412
2026-06-04 12:00:00+00:00,-2.427114
2026-06-04 13:00:00+00:00,-6.136026
2026-06-04 14:00:00+00:00,-8.514946
2026-06-04 15:00:00+00:00,-5.593765
2026-06-04 16:00:00+00:00,5.527596
2026-06-04 17:00:00+00:00,14.979317
2026-06-04 18:00:00+00:00,27.194727
2026-06-04 19:00:00+00:00,35.191055
2026-06-04 20:00:00+00:00,31.478537
2026-06-04 21:00:00+00:00,27.737137
2026-06-04 22:00:00+00:00,24.760885
2026-06-04 23:00:00+00:00,21.78223
2026-06-05 00:00:00+00:00,7.357056
2026-06-05 01:00:00+00:00,8.670471
2026-06-05 02:00:00+00:00,10.845646
2026-06-05 03:00:00+00:00,19.376955
2026-06-05 04:00:00+00:00,36.538437
2026-06-05 05:00:00+00:00,52.325375
2026-06-05 06:00:00+00:00,54.412407
2026-06-05 07:00:00+00:00,38.614258
2026-06-05 08:00:00+00:00,25.00543
2026-06-05 09:00:00+00:00,18.517384
2026-06-05 10:00:00+00:00,14.583973
2026-06-05 11:00:00+00:00,11.851368
2026-06-05 12:00:00+00:00,14.210005
2026-06-05 13:00:00+00:00,21.895906
2026-06-05 14:00:00+00:00,35.848366
2026-06-05 15:00:00+00:00,57.75177
2026-06-05 16:00:00+00:00,81.530876
2026-06-05 17:00:00+00:00,101.443
2026-06-05 18:00:00+00:00,112.05523
2026-06-05 19:00:00+00:00,105.72561
2026-06-05 20:00:00+00:00,90.868546
2026-06-05 21:00:00+00:00,81.94731
2026-06-05 22:00:00+00:00,74.92653
2026-06-05 23:00:00+00:00,68.406944
2026-06-06 00:00:00+00:00,14.851555
2026-06-06 01:00:00+00:00,10.45294
2026-06-06 02:00:00+00:00,8.363695
2026-06-06 03:00:00+00:00,5.7072053
2026-06-06 04:00:00+00:00,2.4881787
2026-06-06 05:00:00+00:00,-3.2114406
2026-06-06 06:00:00+00:00,-11.260344
2026-06-06 07:00:00+00:00,-22.832901
2026-06-06 08:00:00+00:00,-33.60075
2026-06-06 09:00:00+00:00,-37.73513
2026-06-06 10:00:00+00:00,-42.604877
2026-06-06 11:00:00+00:00,-48.599976
2026-06-06 12:00:00+00:00,-46.863213
2026-06-06 13:00:00+00:00,-45.000347
2026-06-06 14:00:00+00:00,-37.959755
2026-06-06 15:00:00+00:00,-26.242847
2026-06-06 16:00:00+00:00,-9.852932
2026-06-06 17:00:00+00:00,11.381178
2026-06-06 18:00:00+00:00,31.187353
2026-06-06 19:00:00+00:00,44.84317
2026-06-06 20:00:00+00:00,47.242256
2026-06-06 21:00:00+00:00,38.847805
2026-06-06 22:00:00+00:00,31.882463
2026-06-06 23:00:00+00:00,23.679525
2026-06-07 00:00:00+00:00,7.002148
2026-06-07 01:00:00+00:00,6.146643
2026-06-07 02:00:00+00:00,7.0626683
2026-06-07 03:00:00+00:00,12.419245
2026-06-07 04:00:00+00:00,20.007326
2026-06-07 05:00:00+00:00,19.751528
2026-06-07 06:00:00+00:00,12.944912
2026-06-07 07:00:00+00:00,1.231091
2026-06-07 08:00:00+00:00,-0.79433966
2026-06-07 09:00:00+00:00,0.07799767
2026-06-07 10:00:00+00:00,-2.410564
2026-06-07 11:00:00+00:00,-4.681808
2026-06-07 12:00:00+00:00,-3.7215896
2026-06-07 13:00:00+00:00,1.6676908
2026-06-07 14:00:00+00:00,11.274984
2026-06-07 15:00:00+00:00,28.036186
2026-06-07 16:00:00+00:00,49.35379
2026-06-07 17:00:00+00:00,70.77253
2026-06-07 18:00:00+00:00,88.56903
2026-06-07 19:00:00+00:00,95.691895
2026-06-07 20:00:00+00:00,81.93671
2026-06-07 21:00:00+00:00,69.09625
2026-06-07 22:00:00+00:00,60.009216
2026-06-07 23:00:00+00:00,52.08901
2026-06-08 00:00:00+00:00,19.16187
2026-06-08 01:00:00+00:00,16.368149
2026-06-08 02:00:00+00:00,17.30363
2026-06-08 03:00:00+00:00,27.877853
2026-06-08 04:00:00+00:00,42.761353
2026-06-08 05:00:00+00:00,47.24551
2026-06-08 06:00:00+00:00,36.563065
2026-06-08 07:00:00+00:00,13.080973
2026-06-08 08:00:00+00:00,-3.1817946
2026-06-08 09:00:00+00:00,-7.739977
2026-06-08 10:00:00+00:00,-13.190878
2026-06-08 11:00:00+00:00,-22.039082
2026-06-08 12:00:00+00:00,-30.787523
2026-06-08 13:00:00+00:00,-34.305214
2026-06-08 14:00:00+00:00,-32.604652
2026-06-08 15:00:00+00:00,-19.966784
2026-06-08 16:00:00+00:00,-4.585563
2026-06-08 17:00:00+00:00,22.520452
2026-06-08 18:00:00+00:00,50.766308
2026-06-08 19:00:00+00:00,65.31619
2026-06-08 20:00:00+00:00,62.66323
2026-06-08 21:00:00+00:00,48.38243
2026-06-08 22:00:00+00:00,37.245537
2026-06-08 23:00:00+00:00,28.547508
2026-06-09 00:00:00+00:00,34.23605
2026-06-09 01:00:00+00:00,32.771114
2026-06-09 02:00:00+00:00,33.68329
2026-06-09 03:00:00+00:00,39.08729
2026-06-09 04:00:00+00:00,47.90199
2026-06-09 05:00:00+00:00,56.306164
2026-06-09 06:00:00+00:00,54.82855
2026-06-09 07:00:00+00:00,41.516415
2026-06-09 08:00:00+00:00,28.508894
2026-06-09 09:00:00+00:00,22.310236
2026-06-09 10:00:00+00:00,17.107975
2026-06-09 11:00:00+00:00,12.032488
2026-06-09 12:00:00+00:00,11.915401
2026-06-09 13:00:00+00:00,14.974232
2026-06-09 14:00:00+00:00,21.645813
2026-06-09 15:00:00+00:00,33.828213
2026-06-09 16:00:00+00:00,47.078808
2026-06-09 17:00:00+00:00,62.990078
2026-06-09 18:00:00+00:00,76.02846
2026-06-09 19:00:00+00:00,77.77678
2026-06-09 20:00:00+00:00,69.092224
2026-06-09 21:00:00+00:00,63.78029
2026-06-09 22:00:00+00:00,57.6004
2026-06-09 23:00:00+00:00,51.743458
2026-06-10 00:00:00+00:00,66.293526
2026-06-10 01:00:00+00:00,64.88308
2026-06-10 02:00:00+00:00,66.17128
2026-06-10 03:00:00+00:00,71.54843
2026-06-10 04:00:00+00:00,79.594955
2026-06-10 05:00:00+00:00,79.561035
2026-06-10 06:00:00+00:00,64.09571
2026-06-10 07:00:00+00:00,39.896854
2026-06-10 08:00:00+00:00,24.643211
2026-06-10 09:00:00+00:00,22.559406
2026-06-10 10:00:00+00:00,19.329931
2026-06-10 11:00:00+00:00,17.332037
2026-06-10 12:00:00+00:00,12.298992
2026-06-10 13:00:00+00:00,9.865231
2026-06-10 14:00:00+00:00,10.987143
2026-06-10 15:00:00+00:00,15.257986
2026-06-10 16:00:00+00:00,24.047598
2026-06-10 17:00:00+00:00,48.150562
2026-06-10 18:00:00+00:00,78.4939
2026-06-10 19:00:00+00:00,92.19617
2026-06-10 20:00:00+00:00,86.435455
2026-06-10 21:00:00+00:00,79.25422
2026-06-10 22:00:00+00:00,75.68119
2026-06-10 23:00:00+00:00,69.894
2026-06-11 00:00:00+00:00,3.8930898
2026-06-11 01:00:00+00:00,3.330111
2026-06-11 02:00:00+00:00,5.6765065
2026-06-11 03:00:00+00:00,14.878981
2026-06-11 04:00:00+00:00,29.271255
2026-06-11 05:00:00+00:00,30.51629
2026-06-11 06:00:00+00:00,15.907097
2026-06-11 07:00:00+00:00,-5.944059
2026-06-11 08:00:00+00:00,-13.801353
2026-06-11 09:00:00+00:00,-13.660122
2026-06-11 10:00:00+00:00,-15.075331
2026-06-11 11:00:00+00:00,-18.175238
2026-06-11 12:00:00+00:00,-21.556273
2026-06-11 13:00:00+00:00,-24.460999
2026-06-11 14:00:00+00:00,-24.373926
2026-06-11 15:00:00+00:00,-15.102676
2026-06-11 16:00:00+00:00,-0.5598217
2026-06-11 17:00:00+00:00,19.403677
2026-06-11 18:00:00+00:00,39.830647
2026-06-11 19:00:00+00:00,49.6549
2026-06-11 20:00:00+00:00,43.665035
2026-06-11 21:00:00+00:00,31.746847
2026-06-11 22:00:00+00:00,23.44897
2026-06-11 23:00:00+00:00,15.197029
2026-06-12 00:00:00+00:00,13.9152775
2026-06-12 01:00:00+00:00,12.771584
2026-06-12 02:00:00+00:00,12.575348
2026-06-12 03:00:00+00:00,15.41753
2026-06-12 04:00:00+00:00,18.43633
2026-06-12 05:00:00+00:00,18.90786
2026-06-12 06:00:00+00:00,11.986696
2026-06-12 07:00:00+00:00,-2.8492923
2026-06-12 08:00:00+00:00,-12.004021
2026-06-12 09:00:00+00:00,-12.811806
2026-06-12 10:00:00+00:00,-16.002882
2026-06-12 11:00:00+00:00,-19.386284
2026-06-12 12:00:00+00:00,-21.686956
2026-06-12 13:00:00+00:00,-20.817022
2026-06-12 14:00:00+00:00,-17.812632
2026-06-12 15:00:00+00:00,-8.383949
2026-06-12 16:00:00+00:00,2.4864335
2026-06-12 17:00:00+00:00,17.73123
2026-06-12 18:00:00+00:00,36.964954
2026-06-12 19:00:00+00:00,45.04409
2026-06-12 20:00:00+00:00,39.944283
2026-06-12 21:00:00+00:00,33.807266
2026-06-12 22:00:00+00:00,28.756163
2026-06-12 23:00:00+00:00,23.042265
2026-06-13 00:00:00+00:00,57.289078
2026-06-13 01:00:00+00:00,56.144264
2026-06-13 02:00:00+00:00,58.46415
2026-06-13 03:00:00+00:00,62.292957
2026-06-13 04:00:00+00:00,64.63747
2026-06-13 05:00:00+00:00,55.051323
2026-06-13 06:00:00+00:00,36.12738
2026-06-13 07:00:00+00:00,18.269783
2026-06-13 08:00:00+00:00,10.946173
2026-06-13 09:00:00+00:00,13.663071
2026-06-13 10:00:00+00:00,13.22238
2026-06-13 11:00:00+00:00,11.721136
2026-06-13 12:00:00+00:00,10.096703
2026-06-13 13:00:00+00:00,11.742739
2026-06-13 14:00:00+00:00,16.616003
2026-06-13 15:00:00+00:00,23.887064
2026-06-13 16:00:00+00:00,32.54875
2026-06-13 17:00:00+00:00,53.6465
2026-06-13 18:00:00+00:00,84.24537
2026-06-13 19:00:00+00:00,104.884026
2026-06-13 20:00:00+00:00,101.61374
2026-06-13 21:00:00+00:00,92.20693
2026-06-13 22:00:00+00:00,87.20526
2026-06-13 23:00:00+00:00,79.57912
2026-06-14 00:00:00+00:00,42.13745
2026-06-14 01:00:00+00:00,40.19832
2026-06-14 02:00:00+00:00,41.230286
2026-06-14 03:00:00+00:00,42.32949
2026-06-14 04:00:00+00:00,38.918358
2026-06-14 05:00:00+00:00,20.232393
2026-06-14 06:00:00+00:00,-6.190542
2026-06-14 07:00:00+00:00,-30.017454
2026-06-14 08:00:00+00:00,-40.93154
2026-06-14 09:00:00+00:00,-38.953987
2026-06-14 10:00:00+00:00,-39.65126
2026-06-14 11:00:00+00:00,-42.017303
2026-06-14 12:00:00+00:00,-44.432278
2026-06-14 13:00:00+00:00,-39.653
2026-06-14 14:00:00+00:00,-30.0461
2026-06-14 15:00:00+00:00,-15.537748
2026-06-14 16:00:00+00:00,-3.0832953
2026-06-14 17:00:00+00:00,27.939579
2026-06-14 18:00:00+00:00,67.675865
2026-06-14 19:00:00+00:00,96.00307
2026-06-14 20:00:00+00:00,99.80402
2026-06-14 21:00:00+00:00,89.66922
2026-06-14 22:00:00+00:00,83.722046
2026-06-14 23:00:00+00:00,75.923904
2026-06-15 00:00:00+00:00,80.66371
2026-06-15 01:00:00+00:00,80.88216
2026-06-15 02:00:00+00:00,84.232216
2026-06-15 03:00:00+00:00,95.04729
2026-06-15 04:00:00+00:00,108.53349
2026-06-15 05:00:00+00:00,110.52982
2026-06-15 06:00:00+00:00,95.30333
2026-06-15 07:00:00+00:00,64.883934
2026-06-15 08:00:00+00:00,37.48027
2026-06-15 09:00:00+00:00,31.880098
2026-06-15 10:00:00+00:00,23.372562
2026-06-15 11:00:00+00:00,22.95769
2026-06-15 12:00:00+00:00,19.111736
2026-06-15 13:00:00+00:00,21.863209
2026-06-15 14:00:00+00:00,30.97691
2026-06-15 15:00:00+00:00,49.574455
2026-06-15 16:00:00+00:00,70.52411
2026-06-15 17:00:00+00:00,105.82238
2026-06-15 18:00:00+00:00,132.72903
2026-06-15 19:00:00+00:00,129.78006
2026-06-15 20:00:00+00:00,112.82681
2026-06-15 21:00:00+00:00,99.68089
2026-06-15 22:00:00+00:00,94.32811
2026-06-15 23:00:00+00:00,86.42719
2026-06-16 00:00:00+00:00,107.16173
2026-06-16 01:00:00+00:00,105.36532
2026-06-16 02:00:00+00:00,107.7159
2026-06-16 03:00:00+00:00,115.31897
2026-06-16 04:00:00+00:00,127.540565
2026-06-16 05:00:00+00:00,133.31978
2026-06-16 06:00:00+00:00,114.706
2026-06-16 07:00:00+00:00,81.47154
2026-06-16 08:00:00+00:00,51.297916
2026-06-16 09:00:00+00:00,34.87923
2026-06-16 10:00:00+00:00,23.41773
2026-06-16 11:00:00+00:00,16.881006
2026-06-16 12:00:00+00:00,16.37423
2026-06-16 13:00:00+00:00,24.241758
2026-06-16 14:00:00+00:00,45.196426
2026-06-16 15:00:00+00:00,71.37553
2026-06-16 16:00:00+00:00,96.93639
2026-06-16 17:00:00+00:00,126.40781
2026-06-16 18:00:00+00:00,146.8023
2026-06-16 19:00:00+00:00,148.1222
2026-06-16 20:00:00+00:00,138.44275
2026-06-16 21:00:00+00:00,132.38809
2026-06-16 22:00:00+00:00,123.91087
2026-06-16 23:00:00+00:00,116.06725
2026-06-17 00:00:00+00:00,119.6414
2026-06-17 01:00:00+00:00,118.34251
2026-06-17 02:00:00+00:00,121.07364
2026-06-17 03:00:00+00:00,129.73952
2026-06-17 04:00:00+00:00,143.23184
2026-06-17 05:00:00+00:00,150.21542
2026-06-17 06:00:00+00:00,133.82307
2026-06-17 07:00:00+00:00,105.01696
2026-06-17 08:00:00+00:00,79.16946
2026-06-17 09:00:00+00:00,64.77816
2026-06-17 10:00:00+00:00,54.290565
2026-06-17 11:00:00+00:00,48.59112
2026-06-17 12:00:00+00:00,48.66821
2026-06-17 13:00:00+00:00,55.74797
2026-06-17 14:00:00+00:00,74.81648
2026-06-17 15:00:00+00:00,97.485146
2026-06-17 16:00:00+00:00,120.41097
2026-06-17 17:00:00+00:00,144.94691
2026-06-17 18:00:00+00:00,159.15826
2026-06-17 19:00:00+00:00,158.83725
2026-06-17 20:00:00+00:00,149.31818
2026-06-17 21:00:00+00:00,141.8562
2026-06-17 22:00:00+00:00,133.55902
2026-06-17 23:00:00+00:00,126.080284
2026-06-18 00:00:00+00:00,111.49773
2026-06-18 01:00:00+00:00,110.01209
2026-06-18 02:00:00+00:00,111.82377
2026-06-18 03:00:00+00:00,118.0317
2026-06-18 04:00:00+00:00,126.99077
2026-06-18 05:00:00+00:00,129.72383
2026-06-18 06:00:00+00:00,114.31622
2026-06-18 07:00:00+00:00,90.03654
2026-06-18 08:00:00+00:00,68.83001
2026-06-18 09:00:00+00:00,56.269115
2026-06-18 10:00:00+00:00,46.89919
2026-06-18 11:00:00+00:00,41.128384
2026-06-18 12:00:00+00:00,43.502464
2026-06-18 13:00:00+00:00,52.290176
2026-06-18 14:00:00+00:00,70.14651
2026-06-18 15:00:00+00:00,92.03748
2026-06-18 16:00:00+00:00,115.063255
2026-06-18 17:00:00+00:00,136.63423
2026-06-18 18:00:00+00:00,144.45721
2026-06-18 19:00:00+00:00,141.73262
2026-06-18 20:00:00+00:00,133.60698
2026-06-18 21:00:00+00:00,126.414154
2026-06-18 22:00:00+00:00,118.4318
2026-06-18 23:00:00+00:00,111.569214
2026-06-19 00:00:00+00:00,111.81912
2026-06-19 01:00:00+00:00,110.05901
2026-06-19 02:00:00+00:00,111.60718
2026-06-19 03:00:00+00:00,116.67114
2026-06-19 04:00:00+00:00,124.39604
2026-06-19 05:00:00+00:00,128.84827
2026-06-19 06:00:00+00:00,115.83488
2026-06-19 07:00:00+00:00,92.02167
2026-06-19 08:00:00+00:00,69.232346
2026-06-19 09:00:00+00:00,54.85054
2026-06-19 10:00:00+00:00,44.183517
2026-06-19 11:00:00+00:00,37.463974
2026-06-19 12:00:00+00:00,39.706177
2026-06-19 13:00:00+00:00,49.44806
2026-06-19 14:00:00+00:00,67.7844
2026-06-19 15:00:00+00:00,89.31233
2026-06-19 16:00:00+00:00,107.93843
2026-06-19 17:00:00+00:00,126.56421
2026-06-19 18:00:00+00:00,137.99493
2026-06-19 19:00:00+00:00,139.57416
2026-06-19 20:00:00+00:00,133.49838
2026-06-19 21:00:00+00:00,128.54541
2026-06-19 22:00:00+00:00,121.60704
2026-06-19 23:00:00+00:00,115.715744
2026-06-20 00:00:00+00:00,112.990746
2026-06-20 01:00:00+00:00,110.928696
2026-06-20 02:00:00+00:00,111.36632
2026-06-20 03:00:00+00:00,111.7682
2026-06-20 04:00:00+00:00,108.71764
2026-06-20 05:00:00+00:00,97.530106
2026-06-20 06:00:00+00:00,73.19507
2026-06-20 07:00:00+00:00,42.894356
2026-06-20 08:00:00+00:00,15.087271
2026-06-20 09:00:00+00:00,-0.72885275
2026-06-20 10:00:00+00:00,-13.509113
2026-06-20 11:00:00+00:00,-22.726896
2026-06-20 12:00:00+00:00,-22.254326
2026-06-20 13:00:00+00:00,-6.7685814
2026-06-20 14:00:00+00:00,24.468338
2026-06-20 15:00:00+00:00,58.715237
2026-06-20 16:00:00+00:00,83.566574
2026-06-20 17:00:00+00:00,109.7234
2026-06-20 18:00:00+00:00,130.87007
2026-06-20 19:00:00+00:00,140.36646
2026-06-20 20:00:00+00:00,134.16519
2026-06-20 21:00:00+00:00,127.13567
2026-06-20 22:00:00+00:00,118.90252
2026-06-20 23:00:00+00:00,110.620636
2026-06-21 00:00:00+00:00,107.04181
2026-06-21 01:00:00+00:00,104.31747
2026-06-21 02:00:00+00:00,102.537224
2026-06-21 03:00:00+00:00,100.041855
2026-06-21 04:00:00+00:00,93.07437
2026-06-21 05:00:00+00:00,80.31244
2026-06-21 06:00:00+00:00,55.75656
2026-06-21 07:00:00+00:00,24.316036
2026-06-21 08:00:00+00:00,-3.5930934
2026-06-21 09:00:00+00:00,-17.544357
2026-06-21 10:00:00+00:00,-30.639168
2026-06-21 11:00:00+00:00,-39.201077
2026-06-21 12:00:00+00:00,-39.26761
2026-06-21 13:00:00+00:00,-22.447863
2026-06-21 14:00:00+00:00,10.751535
2026-06-21 15:00:00+00:00,49.921555
2026-06-21 16:00:00+00:00,77.86287
2026-06-21 17:00:00+00:00,101.76759
2026-06-21 18:00:00+00:00,118.71552
2026-06-21 19:00:00+00:00,128.01097
2026-06-21 20:00:00+00:00,123.218376
2026-06-21 21:00:00+00:00,115.31457
2026-06-21 22:00:00+00:00,107.791534
2026-06-21 23:00:00+00:00,100.27013
2026-06-22 00:00:00+00:00,109.263214
2026-06-22 01:00:00+00:00,108.07047
2026-06-22 02:00:00+00:00,110.676476
2026-06-22 03:00:00+00:00,119.68982
2026-06-22 04:00:00+00:00,132.3592
2026-06-22 05:00:00+00:00,138.8328
2026-06-22 06:00:00+00:00,122.82553
2026-06-22 07:00:00+00:00,98.17501
2026-06-22 08:00:00+00:00,76.58519
2026-06-22 09:00:00+00:00,67.91293
2026-06-22 10:00:00+00:00,59.736603
2026-06-22 11:00:00+00:00,55.78615
2026-06-22 12:00:00+00:00,58.463028
2026-06-22 13:00:00+00:00,65.36866
2026-06-22 14:00:00+00:00,81.33989
2026-06-22 15:00:00+00:00,104.03588
2026-06-22 16:00:00+00:00,133.14456
2026-06-22 17:00:00+00:00,163.26097
2026-06-22 18:00:00+00:00,167.87698
2026-06-22 19:00:00+00:00,153.46432
2026-06-22 20:00:00+00:00,137.43759
2026-06-22 21:00:00+00:00,128.04358
2026-06-22 22:00:00+00:00,119.4205
2026-06-22 23:00:00+00:00,112.58394
2026-06-23 00:00:00+00:00,123.09236
2026-06-23 01:00:00+00:00,121.99352
2026-06-23 02:00:00+00:00,125.133194
2026-06-23 03:00:00+00:00,134.53609
2026-06-23 04:00:00+00:00,148.10017
2026-06-23 05:00:00+00:00,156.36752
2026-06-23 06:00:00+00:00,141.33862
2026-06-23 07:00:00+00:00,115.5885
2026-06-23 08:00:00+00:00,91.316505
2026-06-23 09:00:00+00:00,79.12511
2026-06-23 10:00:00+00:00,70.87068
2026-06-23 11:00:00+00:00,66.66799
2026-06-23 12:00:00+00:00,70.72547
2026-06-23 13:00:00+00:00,79.14206
2026-06-23 14:00:00+00:00,96.988335
2026-06-23 15:00:00+00:00,121.257324
2026-06-23 16:00:00+00:00,150.48938
2026-06-23 17:00:00+00:00,175.87837
2026-06-23 18:00:00+00:00,181.06445
2026-06-23 19:00:00+00:00,169.74538
2026-06-23 20:00:00+00:00,154.34299
2026-06-23 21:00:00+00:00,145.43741
2026-06-23 22:00:00+00:00,136.4411
2026-06-23 23:00:00+00:00,128.66466
2026-06-24 00:00:00+00:00,139.87688
2026-06-24 01:00:00+00:00,138.49808
2026-06-24 02:00:00+00:00,141.03267
2026-06-24 03:00:00+00:00,151.91707
2026-06-24 04:00:00+00:00,167.22438
2026-06-24 05:00:00+00:00,174.22649
2026-06-24 06:00:00+00:00,156.85168
2026-06-24 07:00:00+00:00,132.01607
2026-06-24 08:00:00+00:00,109.396324
2026-06-24 09:00:00+00:00,99.88599
2026-06-24 10:00:00+00:00,93.2695
2026-06-24 11:00:00+00:00,90.31696
2026-06-24 12:00:00+00:00,93.87634
2026-06-24 13:00:00+00:00,99.535034
2026-06-24 14:00:00+00:00,116.47402
2026-06-24 15:00:00+00:00,143.20761
2026-06-24 16:00:00+00:00,181.97807
2026-06-24 17:00:00+00:00,217.89587
2026-06-24 18:00:00+00:00,224.56873
2026-06-24 19:00:00+00:00,205.86305
2026-06-24 20:00:00+00:00,182.65271
2026-06-24 21:00:00+00:00,168.47968
2026-06-24 22:00:00+00:00,158.37967
2026-06-24 23:00:00+00:00,148.41339
2026-06-25 00:00:00+00:00,130.66757
2026-06-25 01:00:00+00:00,127.57242
2026-06-25 02:00:00+00:00,127.90856
2026-06-25 03:00:00+00:00,138.62006
2026-06-25 04:00:00+00:00,157.7216
2026-06-25 05:00:00+00:00,164.88039
2026-06-25 06:00:00+00:00,146.44638
2026-06-25 07:00:00+00:00,119.57938
2026-06-25 08:00:00+00:00,96.05
2026-06-25 09:00:00+00:00,87.51584
2026-06-25 10:00:00+00:00,79.39213
2026-06-25 11:00:00+00:00,74.7844
2026-06-25 12:00:00+00:00,74.97945
2026-06-25 13:00:00+00:00,78.8255
2026-06-25 14:00:00+00:00,95.61989
2026-06-25 15:00:00+00:00,129.59303
2026-06-25 16:00:00+00:00,178.48819
2026-06-25 17:00:00+00:00,219.20868
2026-06-25 18:00:00+00:00,230.256
2026-06-25 19:00:00+00:00,214.36688
2026-06-25 20:00:00+00:00,189.0105
2026-06-25 21:00:00+00:00,168.45668
2026-06-25 22:00:00+00:00,155.32764
2026-06-25 23:00:00+00:00,141.50256
2026-06-26 00:00:00+00:00,114.95225
2026-06-26 01:00:00+00:00,114.11403
2026-06-26 02:00:00+00:00,116.700584
2026-06-26 03:00:00+00:00,126.178055
2026-06-26 04:00:00+00:00,139.52222
2026-06-26 05:00:00+00:00,148.4147
2026-06-26 06:00:00+00:00,136.64561
2026-06-26 07:00:00+00:00,116.68724
2026-06-26 08:00:00+00:00,97.344315
2026-06-26 09:00:00+00:00,86.38805
2026-06-26 10:00:00+00:00,79.0328
2026-06-26 11:00:00+00:00,75.96231
2026-06-26 12:00:00+00:00,79.909706
2026-06-26 13:00:00+00:00,86.42328
2026-06-26 14:00:00+00:00,100.837944
2026-06-26 15:00:00+00:00,120.00036
2026-06-26 16:00:00+00:00,147.38223
2026-06-26 17:00:00+00:00,174.19167
2026-06-26 18:00:00+00:00,178.66206
2026-06-26 19:00:00+00:00,164.6217
2026-06-26 20:00:00+00:00,148.47028
2026-06-26 21:00:00+00:00,139.87347
2026-06-26 22:00:00+00:00,133.04704
2026-06-26 23:00:00+00:00,126.8441
2026-06-27 00:00:00+00:00,123.47832
2026-06-27 01:00:00+00:00,120.38208
2026-06-27 02:00:00+00:00,119.55126
2026-06-27 03:00:00+00:00,120.68562
2026-06-27 04:00:00+00:00,121.14905
2026-06-27 05:00:00+00:00,112.50833
2026-06-27 06:00:00+00:00,90.58733
2026-06-27 07:00:00+00:00,67.85904
2026-06-27 08:00:00+00:00,48.15308
2026-06-27 09:00:00+00:00,41.424393
2026-06-27 10:00:00+00:00,33.443043
2026-06-27 11:00:00+00:00,27.744986
2026-06-27 12:00:00+00:00,27.474987
2026-06-27 13:00:00+00:00,35.301666
2026-06-27 14:00:00+00:00,53.046574
2026-06-27 15:00:00+00:00,79.98073
2026-06-27 16:00:00+00:00,112.97275
2026-06-27 17:00:00+00:00,149.39113
2026-06-27 18:00:00+00:00,175.95758
2026-06-27 19:00:00+00:00,180.806
2026-06-27 20:00:00+00:00,167.16594
2026-06-27 21:00:00+00:00,155.27153
2026-06-27 22:00:00+00:00,146.9279
2026-06-27 23:00:00+00:00,136.5956
2026-06-28 00:00:00+00:00,117.58334
2026-06-28 01:00:00+00:00,114.67993
2026-06-28 02:00:00+00:00,114.108765
2026-06-28 03:00:00+00:00,112.495636
2026-06-28 04:00:00+00:00,107.394325
2026-06-28 05:00:00+00:00,96.23193
2026-06-28 06:00:00+00:00,74.2529
2026-06-28 07:00:00+00:00,48.98169
2026-06-28 08:00:00+00:00,26.467237
2026-06-28 09:00:00+00:00,13.43845
2026-06-28 10:00:00+00:00,2.2230458
2026-06-28 11:00:00+00:00,-7.0101204
2026-06-28 12:00:00+00:00,-6.2342777
2026-06-28 13:00:00+00:00,8.190155
2026-06-28 14:00:00+00:00,36.652657
2026-06-28 15:00:00+00:00,68.828636
2026-06-28 16:00:00+00:00,92.54656
2026-06-28 17:00:00+00:00,112.954155
2026-06-28 18:00:00+00:00,127.6299
2026-06-28 19:00:00+00:00,136.47519
2026-06-28 20:00:00+00:00,132.71442
2026-06-28 21:00:00+00:00,125.38341
2026-06-28 22:00:00+00:00,116.70156
2026-06-28 23:00:00+00:00,108.987755
2026-06-29 00:00:00+00:00,108.01242
2026-06-29 01:00:00+00:00,106.33318
2026-06-29 02:00:00+00:00,108.28117
2026-06-29 03:00:00+00:00,117.12964
2026-06-29 04:00:00+00:00,130.8103
2026-06-29 05:00:00+00:00,139.16753
2026-06-29 06:00:00+00:00,125.33905
2026-06-29 07:00:00+00:00,99.74208
2026-06-29 08:00:00+00:00,77.196014
2026-06-29 09:00:00+00:00,64.94142
2026-06-29 10:00:00+00:00,55.945107
2026-06-29 11:00:00+00:00,51.16128
2026-06-29 12:00:00+00:00,51.44797
2026-06-29 13:00:00+00:00,57.967876
2026-06-29 14:00:00+00:00,74.030464
2026-06-29 15:00:00+00:00,96.14639
2026-06-29 16:00:00+00:00,121.93335
2026-06-29 17:00:00+00:00,147.2615
2026-06-29 18:00:00+00:00,153.1841
2026-06-29 19:00:00+00:00,144.58209
2026-06-29 20:00:00+00:00,134.41907
2026-06-29 21:00:00+00:00,127.962494
2026-06-29 22:00:00+00:00,120.456764
2026-06-29 23:00:00+00:00,114.27071
